aid,vid,sample,label
1020,29857," ★☆★☆★☆轻小说文库(Www.WenKu8.com)☆★☆★☆★ 

  第一卷 序章 一个人在月之海  
     网译版 转自 轻之国度 

 

    翻译：minami 

 

    如果，把你绑架到了月球，那我—— 

 

    1 

 

    我是全世界最可爱的人。 

 

    从懂事开始，我对于自己的容姿胜于他人一事，就已经有了自觉，至于机关算尽让自己的言行在他人眼中如何显眼，我也胸有成竹。 

 

    在当时所上的闪光幼儿园里，我是超级人气者。只要表现得稍微亲切一点，老师和其他家长就会表扬道“藤林家的美由纪真是可爱又乖巧”。同在spica班的小朋友们每天也总是争相吵着“美由跟我一起玩！”、“不，要跟我一起玩！” 

 

    对这些应该去喜欢却又笨笨的朋友们，我像花一样轻轻微笑着说： 

 

    “吶，大家相亲相爱一起玩吧。” 

 

    我那温柔的语言，在spica班拥有绝对的控制力。大家都乖乖地服从，以我为中心形成一个圆，一起唱歌，一起游戏。 

 

    当时的我如果知道“恍惚”这个词的话，大概一定会毫不犹豫地把那个时候自己所感受到的东西冠上这个名字。——这就是陶醉啊！ 

 

    我的人生正处于高峰期。每天都很充实。 

 

    虽然总是把经营蔬果店的家里属于自己的那个空间搞得乱糟糟（没有自己的房间什么的），导致每天都被父母责骂。 

 

    “啊！矢岛…理世。” 

 

    理世转学来是在升到中班，十月的时候。 

 

    第一次有转学生，小朋友们一片焦躁不安，spica班教室里的空气变得与平日不同。表面上我落落大方地对新成员表示欢迎，内心里则高度注意地观察着她。和她一起来的还有美貌到简直不能认为跟我爸妈是同一生物的母亲（后来才知道，是一位曾经有相当知名度的女演员）。",
1021,29936," ★☆★☆★☆轻小说文库(Www.WenKu8.com)☆★☆★☆★ 

  第一卷 彩图  
     网译版 翻译 无尽的旅行者、Triple-K@轻之国度 

 

    4、 

 

    大侦探时代—— 

 

    持有不可思议的能力TOYS的「怪盗」与「侦探」喧嚣于世的时代 

 

    目指未来的名侦探的4位少女结成的侦探小队 

 

    ——milky homes 

 

    5、 

 

    「去解开谜团吧！」 

 

    夏洛 

 

    夏洛克·雪莉福特 

 

    持有让物体漂浮的“念动力”的TOYS的女孩。开朗活泼、是活跃milky homes气氛的存在。容易惊慌失措是其少有的缺点。 

 

    （捏他出处：夏洛克福尔摩斯+柯南道尔在给福尔摩斯起名之前用的假名Shellinford） 

 

    6、 

 

    「……不要！」 

 

    艾莉 

 

    赫尔克林·伯顿 

 

    与其端庄稳重的性格相反，持有能使出强大力量的「怪力」的TOYS。只是，由于容易害羞并非常认生，并不想让别人看到自己使用能力。 

 

    （捏他出处：Phyllis Dorothy James的「An Unsuitable Job for a Woman」「The Skull Beneath the Skin」中登场的22岁女侦探Cordelia Gray） 

 

    7、 

 

    「嘛、反正也感觉挺有趣的」 

 

    妮洛 

 

    让崎 妮洛 

 

    使用生物电直接操纵电子器械的「电子机器操作」的能力者。对动物们的心情变化也很敏感，也有因感情代入过度而暴走的时候…… 

 

    （捏他出处：美国作家Rex Stout系列",
1091,32943," ★☆★☆★☆轻小说文库(Www.WenKu8.com)☆★☆★☆★ 

  第一卷 人物介绍  
     台版 转自 绚辻词、℡(零の忆希 _@SOSG 论坛 

 

    501st JOINT FIGHTER WING 

 

    ""STRIKE WITCHES"" 

 

    MUSTER ROLL 

 

    宫藤芳佳 

 

    YOSHIKA MIYAFUJI 

 

    隶　　属：扶桑皇国 

 

    海军遣欧舰队第24航空战队288航空队 

 

    阶　　级：中士 

 

    身　　高：150cm 

 

    生　　日：8月18日 

 

    年　　龄：14岁 

 

    使用机体：A6M3a 

 

    使用武器：99式2号2型改13mm几枪 

 

    M712修涅弗毛瑟手枪 

 

    坂本美绪 

 

    MIO SAKAMOTO 

 

    隶　　属：扶桑皇国 

 

    海军遣欧舰队第24航空战队288航空队 

 

    阶　　级：少校 

 

    身　　高：165cm 

 

    生　　日：8月26日 

 

    年　　龄：19岁 

 

    使用机体：A6M3a 

 

    使用武器：99式2号2型改13mm几枪 

 

    日本刀 

 

    米娜·迪特琳德·威尔克 

 

    MINNA-DIETLINDE WILCKE 

 

    隶　　属：卡尔斯兰 

 

    空军JG3航空团司令 

 

    阶　　级：中校 

 

    身　　高：165cm 

 

    生　　日：3月11日 

 

    年　　龄：18岁 

 

    使用机体：Bf",
1091,34133," ★☆★☆★☆轻小说文库(Www.WenKu8.com)☆★☆★☆★ 

  第二卷 序章  
     台版 转自 绚辻词、℡(零の忆希_、深珀の瞳@SOSG论坛 

 

    １９３９年。 

 

    那个东西在毫无前兆的状况下，出现在我们人类的眼前。 

 

    我们称它涅洛伊。 

 

    没有任何人知道涅洛伊从何而来，又有什么目的，唯一可以确定的是在它们的攻击之下，人们被迫逃离土生土长的城镇以及国家。 

 

    决定对涅洛伊展开彻底抗战的人类，开发对涅洛伊专用的新兵器。 

 

    战斗脚。 

 

    可以强化对抗涅洛伊的魔力，还能藉由魔力飞行，可说是新的魔法扫把。 

 

    拥有强大力量的魔女装备战斗脚，为了作战而从世界各国集结。 

 

    对涅洛伊专用编制的菁英部队，联合军第５０１统合战斗航空团。 

 

    人们称她们为强袭魔女！   

  第二卷 第一章 好快·好大·好软——又称仲夏夜的怪谈  
     「叮、叮叮～～！」 

 

    咚咯啦咚磅，哗锵～～！ 

 

    「喵呀啊啊啊啊啊啊啊啊啊啊！」 

 

    这里是第５０１统合战斗航空团的机库。 

 

    某个平静夏天的黄昏时刻，这个时间应该没人在里面，但是不知为何传来一阵倒塌的声音，还有某人有如野猫的犀利怪叫声。 

 

    接着—— 

 

    「哎呀呀……这、这、怎么办！咦，这个零件该装哪里？这里？到底是哪边啊……？」 

 

    可以听到少女的声音。 

 

    这时刚好几名整备兵经过机库附近，听到这阵诡异的声音。 

 

    「……叶、叶格上尉等人呢？」 

 

    「应该早就和宫藤中士一起出去了吧？」 

 

    「有看到是谁进去了吗？」 

 

  ",
1091,35467," ★☆★☆★☆轻小说文库(Www.WenKu8.com)☆★☆★☆★ 

  第三卷 序章  
     台版 转自 千木咲音@SOSG论坛 

 

    1939年。 

 

    那个东西在毫无前兆的状况下，出现在我们人类的眼前。 

 

    我们称它涅洛伊。 

 

    没有任何人知道涅洛伊从何而来，又有什么目的，唯一可以确定的是在它们的攻击之下，人们被迫逃离土生土长的城镇以及国家。 

 

    决定对涅洛伊展开彻底抗战的人类，开发对涅洛伊专用的新兵器。 

 

    战斗脚。 

 

    可以强化对抗涅洛伊的魔力，还能借由魔力飞行，可说是新的魔法扫把。 

 

    拥有强大力量的魔女装备战斗脚，为了作战而从世界各国集结。 

 

    对涅洛伊专用编制的菁英部队，联合军第501统合战斗航空团。 

 

    人们称她们为强袭魔女！   

  第三卷 插曲 小美的不可能任务  
     新学期刚开始没几天的横须贺第四女子中学（前横须贺第二高等小学）。 

 

    「因此，纪贯之在这首歌里隐含的想法……」 

 

    二年级的教室里正在上着无聊的国文课。 

 

    绰号小美的山川美千子坐在光线良好的窗边，不过老师的声音完全传不进她的耳里。 

 

    桌子底下，白皙有弹性的大腿上放着一张信纸，她的眼睛与心全都在这张信纸上。 

 

    「芳佳……」 

 

    小美已经反复看过这封信上百次。 

 

    这是来自最重要的朋友—— 

 

    目前身在遥远的不列颠尼亚，宫藤芳佳寄来的信。 

 

    敬启 

 

    小美，最近好吗？ 

 

    不久前，我以魔女的身分正式隶属于第501统合战斗航空团，成为强袭魔女的一员。 

 

    队长是米娜",
1091,40035," ★☆★☆★☆轻小说文库(Www.WenKu8.com)☆★☆★☆★ 

  剧场版 重返渴望的天空 序章 异型  
     网译版 翻译 wuling@轻之国度 

 

    云层沉重，强风呼啸，波涛翻动。 

 

    在这次预想之内的恶劣天气之中，人类决定向支配着欧洲的异型军进行一次大规模的反击作战行动。 

 

    舞台在已经是一片荒凉的高卢诺曼底海岸（译注：高卢即法国）。 

 

    数之不尽的舰队布满翻滚起伏的无尽漆黑之海，无数飞机以及身穿强袭飞行脚的少女们则遮盖了整个没有月色的天空。 

 

    驱逐舰的炮口一起喷着火舌，手拿步枪的士兵们纷纷从登陆用的船只上飞身而下，踏碎波浪直奔海岸。 

 

    紧接着，反坦克炮以及坦克也纷纷被安置着陆。 

 

    最先抢上沙滩的一个士兵，找到一个视野开阔之处，举起望远镜望向内陆。 

 

    望远镜中出现的是无数在往这边接近中的异型的身姿。 

 

    那些酷似坦克形态的异型丝毫没有顾忌炮火攻击，不断地放着BEAM（译注：SW世界中异型军的攻击手段之一，粒子流，具体不明，反正脑补成高达的光线炮就没错了），屠杀着人类的士兵。 

 

    另一边，从浓厚的云层掩护中的输送机上，无数降落伞如花瓣一样从空中飘落，空降部队也开始着陆。 

 

    但是，就靠这些的话人类并不能打败异型，重新踏上欧洲的土地。 

 

    空投部队的降落伞很多被异型的BEAM所撕裂，纷纷跌落在地。这些士兵有的因为降下时机的失误而跌入漆黑的大海，还有的则掉落在异型弄出来的沼泽地中，挣扎着走向死亡。 

 

    “我，我该怎么办啊” 

 

    降落伞挂在村里的钟楼之上，整个人悬在半空之中的一名二等兵自言自语道。这可是他第一次走上战场。 

 

    在这种状态下他是不能",
1115,33933," ★☆★☆★☆轻小说文库(Www.WenKu8.com)☆★☆★☆★ 

  上卷 登场人物  
     网译版 翻译 小残@轻之国度 

 

    晓美焰 

 

    转学到小圆所上的初中的少女。 

 

    容貌端庄，成绩优秀，运动万能。性格冷淡。 

 

    好像是魔法少女，言行神秘。 

 

    丘比 

 

    可以为少女现实任何一个愿望的魔法使者。 

 

    鹿目圆 

 

    无比平凡的初中二年级学生。 

 

    有着为朋友着想的温柔性格。 

 

    是个对自己稍微有点没自信的女孩子。 

 

    巴麻美 

 

    小圆她们所上的初中的三年级学生。 

 

    是个照顾着她们的好姐姐。 

 

    还是和丘比契约了的现役魔法少女。 

 

    美树沙耶加 

 

    小圆的同班同学。性格活泼，总是很精神，与小圆非常要好。 

 

    佐仓杏子 

 

    盯上了麻美的地盘，从别的城市过来的魔法少女。 

 

    总是在吃着东西。 

 

    是个不顾及周围受害者的利己主义者。   

  上卷 第一章 好像在梦里见过……  
     我有真正的朋友吗？ 

 

    刚升入初中的时候，我时常会去想这样的问题—— 

 

    放学后一起去购物中心的人就是朋友吗？一起准备考试，一起谈论同学的八卦，一起分享喜欢哪个男孩子的秘密的人就是朋友吗？想了很多还是觉得不对，最后也不能做个定论。这大概是因为，我还不知道要互相了解到什么程度才能称为朋友吧。所以到头来，我到底有没有可以称为真正的朋友的人呢，心里还是没底。 

 

    但是我想，要是我真把这话说出来了，沙耶加酱肯定会生气的说“什么？这也太见外的了吧？你是想闹哪样？”而仁美酱",
1115,33942," ★☆★☆★☆轻小说文库(Www.WenKu8.com)☆★☆★☆★ 

  下卷 第七章 你能面对自己真实的心情吗？  
     ——小圆，你要成为有所作为的人哦。 

 

    每当我气馁沮丧的时候，妈妈总是这么对我说—— 

 

    就算是我，只要经过不懈努力，也能实现许许多多的梦想吧——我虽然这么想着。 

 

    可是，梦想之所以被称为梦想，正是因为它不易实现…… 

 

    我大概也会带着没有实现的梦想就草草结束掉一生吧…… 

 

    为了实现梦想有时必须做出牺牲，这个我也是知道的——可是，决定去实现它之前就应该知道自己要做出什么样牺牲。回头才发现作为梦想的代价有什么东西被夺走了——这种事情太过分了我不能接受。 

 

    “你们总是这样。” 

 

    闪亮着红眼睛的丘比说道。 

 

    “把事实原原本本的告诉你们，就一定是这样的反应。真是莫名其妙，为什么人类就是对灵魂的存在方式这么的执着呢？” 

 

    丘比一副满不在乎的样子淡淡说出的这些话，一字一句都像针尖一样刺向我的胸口。简直就像是年长的大人对含泪欲哭的小孩子说的话。 

 

    沙耶加酱的身体在我怀里渐渐变冷，越来越沉—— 

 

    我却只是泪流不止。 

 

    “好过分……这种事情，太过分了啊……” 

 

    在不可抑止的悲伤面前，我只能说出这样小孩子哭闹般的话。 

 

    不想让沙耶加酱再受伤害。 

 

    不想让沙耶加酱继续难过。 

 

    我只是希望这样而已——所以才把沙耶加酱的灵魂宝石扔向了夜幕中的高速公路。我却把沙耶加酱的命给扔掉了。 

 

    “……沙耶加酱……对不起……对不起……” 

 

    我抱着沙耶加酱的脑袋，把鼻子埋到她的头发里哭喊时。 

 

  ",
1156,35334," ★☆★☆★☆轻小说文库(Www.WenKu8.com)☆★☆★☆★ 

  第一卷 春天是个忙碌的季节  
     台版 转自 zbszsr@轻之国度 

 

    对我而言，那只是再平常不过的生活剪影。 

 

    没有任何特别的事发生，「熟悉」的场景一再重演。 

 

    乏善可陈的每一天。但也因为如此，每一天才能过得如此充实。 

 

    那就是专属于我的故事——没错，直到那时候为止…… 

 

    －－－－－－－－－－－ 

 

    四月二○日　　多云 

 

    旧校舍是栋落成即将超过六十年的二层木造建筑。裁缝社就位在一楼的里侧。 

 

    放学后，上乃原女子高中裁缝社的新社员茜夕，独自一人站在上了锁的社办前发呆，边等着其他的社员到来。 

 

    「咦？小夕，你来得好早喔。」 

 

    担任裁缝社社长的浅葱法子拉开嗓门边喊边走了过来。 

 

    「啊，社长！您辛苦啰！」 

 

    「又只有你一个人先到吗？」 

 

    「是的，看起来好像只有我一个！」 

 

    法子打开上锁的门，走进社办里面。小夕也跟着走了进去。 

 

    「最近如何？已经习惯学校了吗？」 

 

    「嗯……该怎么说呢？我大概已经可以掌握学校里面有哪些设施了。可是要移动到不同教室时，班上同学还是会一阵兵荒马乱耶！」 

 

    「那是一定的啊——像我虽然已经在这间学校待一年多了，但到现在还是会在上学途中迷路哩——嘻嘻嘻！」 

 

    「这种事一点都不好笑。」 

 

    「真不捧场耶——我可是在讲笑话喔？」 

 

    「……」 

 

    「小夕，你干嘛一句话都不说，而且还把视线移开？」 

 

    社办里顿时被沉默所填满。再也无法承受这股沉默",
1215,112296," ★☆★☆★☆轻小说文库(Www.WenKu8.com)☆★☆★☆★ 

  第七卷 S1 第一章  
     网译版 转自 轻之国度 

 

    翻译：ashmay 

 

    不知是幸运还是不幸，我从未被谁背叛过。 

 

    或许您会觉得，这怎么想都不是幸运，根本不可能是不幸。不过我前不久在阅读骗术相关的书时，遇到这么一段讲述。 

 

    『骗徒所做的事情，其本质并不是欺骗他人。而是去获得他人的信赖。』 

 

    『为了赢得信赖进行事先准备，进行投资，完成表演。在某个阶段前，他们像这样付出的努力很多时候与正经工作时付出的努力无异。』 

 

    『将欺骗与否区分开的，只有最后选择背叛还是不背叛而已。』 

 

    原来如此，我深有同感，因此不经意间就对桐香说了上述话题。 

 

    「为什么你会读那种书！」 

 

    我被骂了。圣桥桐香身体娇小到S码的校服外套都穿着松松垮垮的，但她的语气和眼神却十分锋利。 

 

    「难道你想参考一下，用在新型骗术上吗。」 

 

    「别说的这么难听嘛。我只是有点兴趣，读着看看而已。」 

 

    「真是可疑。还说什么只要最后不背叛就不是欺骗，总觉得像是将事情正当化而找的借口一样。」 

 

    「不背叛的话确实算不上欺骗吧。比如说假结婚，只要是真的结婚了就不算欺骗了。」 

 

    「你连假结婚都干过吗！」 

 

    「都说是举例啦！听我说话啊！」 

 

    我周围的人（尤其是女性）全是些根本不听我说话的家伙，当我正拼命向桐香解释的时候，另一个人从背后的门外扑了进来。 

 

    「日影学弟，你刚刚说你结婚了！？」 

 

    我还以为狭窄又昏暗的会计室突然被光芒照亮了。明亮的淡金色头发与琥珀色的眼睛，这位从头",
1215,37600," ★☆★☆★☆轻小说文库(Www.WenKu8.com)☆★☆★☆★ 

  第一卷 第一章  
     台版 转自 轻之国度 

 

    扫图：AJ 

 

    录入：夜 

 

    八亿圆。 

 

    这是我们学校的学生会预算总额。 

 

    八亿圆这笔数目可媲美中大型企业的年度预算。对我们学校状况不清楚的人，通常一开始都不愿意相信，像我姐就笑说：“你搞错几个零？” 

 

    不过，当我解释敝校是属于中高一贯(注：同时拥有国中部与高中部的高级中学，类似于台湾的“完全中学”)的大型学校，学生总数八千人，社团超过二百个，许多体育社团与艺文社团皆为全国大赛常胜军，此外校内的部分设施也端赖学生会预算来维护时，旁人反而会担心地问：“这样预算根本不够用吧？” 

 

    事实上正是如此。如果以个人眼光来看，会觉得这笔钱根本是天文数字；但是假若分配给那些多到夸张的社团及委员会活动，转眼间就花光了。 

 

    每年五月，各委员会和社团代表会带着狮子大开口的预算申请书，杀到学生会办公室，而负责考虑、考核、审查、嘲笑、无视所有申请书，迳自规划年度预算的人——很令人惊奇的，竟然是一个女孩子。 

 

    我曾经问过她：“需不需要帮忙？” 

 

    但是，她头也不回地喃喃答道： 

 

    “我自己来比较快，和脑袋不好的人讨论只是浪费时间。” 

 

    宽广得吓人的学生会办公室后方墙上有五扇门，最左边的就是她的私人办公室。昏暗的空间中充满电脑风扇的嗡嗡声响，六台荧幕散发出蓝白色光芒，阴森地映照着办公室中央抱膝坐在椅子上的娇小背影。披头散发地垂在肩上的发丝、滑落到上臂的制服外套、黑暗中响起的清脆喀哒声——她总是以左手一口接一口抓着饼干啃食，并以右手敲打膝上的键盘，连我进来了都浑然不觉。 

 

    圣桥桐",
1215,45500," ★☆★☆★☆轻小说文库(Www.WenKu8.com)☆★☆★☆★ 

  第二卷 第一章  
     台版 转自 轻之国度 

 

    扫图：AJ 

 

    录入：夜 

 

    修图：依洛丽丝 

 

    学生大会后的第一场干部会议，在六月梅雨季中一个令人心旷神怡的晴朗放学时分召开。 

 

    “那么，开始吧。各位，这是一个重要议题，我希望大家用心审核。” 

 

    这里是宽约两间教室、罗列着各式豪华家具的学生会办公室。坐在中央大桌后的学生会会长如此说着，环视众人。 

 

    说是“众人”，其实只有四个人。首先是学生会会长——天王寺狐彻，她头上高高地扎着两束黑发，眼神凶恶如狮子，以各方面来说都是令人印象深刻的女人；再来是她左边的副会长——竹内美园，宛如欧洲混血儿的琥珀色眼眸以及一头淡金色秀发，怎么看都是一位高雅的大姐姐；在她们对面座位上抱膝而坐的是会计——圣桥桐香，一条黑白相间的奇妙缎带扎着那头略带灰色的乱发，面无表情的脸蛋半遮在由两条臂章制成的项圈中。 

 

    至于坐在会长正对面的人，就是我。 

 

    “好，今天的议题不是别的，正是……” 

 

    会长瞥一眼身旁的两人，接着牢牢凝视着我。其余两人也将视线集中在我身上。 

 

    “关于接下来预定上任的牧村书记……” 

 

    我咽下唾液。这是她提出书记指定提议后的第一场会议，今天要讨论什么议题呢？她们会质疑我的资格与能力吗？还是要讨论如何获得议会的认可？ 

 

    “——他的外号。” 

 

    “你要讲的是这个喔！” 

 

    “我个人认为，只要是‘小’开头，其余两字是‘职’和‘员’的外号都好。”好个头啊！那我不就是“小职员”吗？你根本不想让我当干部嘛！ 

 

    美园学姐认真地埋头苦思，",
1215,50634," ★☆★☆★☆轻小说文库(Www.WenKu8.com)☆★☆★☆★ 

  第三卷 第一章  
     台版 转自 轻之国度 

 

    图源：肥王 

 

    扫图：xfw95 

 

    录入：xfw95 

 

    我原本以为这个世界上不会有学校将考试成绩排名贴在走廊上，因此期末考后一放完假，当我目睹教室前的走廊上围出一道人墙，不禁全身僵直，内心大喊：这是什么鬼啊！ 

 

    「平均成绩好像提高了不少耶。」 

 

    「糟糕，我排在班上成绩的后段。」 

 

    「听说有人全部满分，真的假的？」 

 

    「我看还是别转科好了。」 

 

    我拨开议论纷纷的学生们，走近布告栏。几张白纸并列在一起，纸上密密麻麻地排满学生们的名字，旁边各自记载着奇怪的三位数字。 

 

    ……不，其实它一点也不奇怪，我还是别再自欺欺人。最上排不是写得很清楚吗？期末考总分、科目总排名、班级成绩排名。该不会全年级的学生成绩都写在这儿吧？毫无保留、赤裸裸、一网打尽？这样没问题吗？真的假的？没有违反个人资料保护法吗？我实在太过震惊，因此完全没想到该寻找自己的名字。 

 

    「牧村同学，早啊！」 

 

    后面突然有人喊我的名字，我神经兮兮地回头一看，原来是叶山同学。她是我们班的班长。 

 

    「我们班的成绩表贴在那边喔，你看。」 

 

    叶山同学拉着我穿越人群，我在人潮的推挤下走向布告栏的左端。 

 

    抬头一望，一年F班的三十个名字按照座号排列在上头。 

 

    原来如此，为了方便学生搜寻自己的名字，校方特地以班别和座号顺序来排列成绩。 

 

    幸好不是用名次来排列…… 

 

    「你好厉害喔，牧村同学！你是班上第三十名、全年级第一百三十名！尾数恰",
1215,53513," ★☆★☆★☆轻小说文库(Www.WenKu8.com)☆★☆★☆★ 

  第四卷 第一章  
     台版 转自 轻之国度 

 

    扫图：xfw95 

 

    录入：xfw95 

 

    我们学校可是宽广得要死的白树台学园，校地面积是一般学校的三十倍，因此校内各种物品也是一般学校的三十倍，连音乐教室、保健室都有数十间，厕所更有两百间以上。 

 

    不用说，鬼故事的数量也不例外，每栋校舍、宿舍、设施都有两三件撞鬼体验谈或禁忌的传说，此外还有鬼影幢幢的墙壁水渍、天花板污点、打不开的门，相关传说之多，搞不好就算连开两晚鬼故事大会也说不完。 

 

    ……前面讲了一堆，其实这次的事情跟鬼没关系(我是知道几则有意思的撞鬼体验，不过下次再说吧)。在这所学园里，比鬼魂、妖怪还恐怖的东西多得是；若有人问学生们「白树台最恐怖的是什么」，我想半数人都会望向中央校舍。学生会办公室——尤其是总务执行部代表天王寺狐彻，可是媲美狮王的一大权威。 

 

    至于剩下的半数人，一定会战战兢兢地指向南方，那栋位于南侧正门旁、傲视高中部操场的简陋三层楼建筑。 

 

    它跟「显眼」两字绝对沾不上边：墙上有黑色裂痕，三楼窗户贴了胶带，雨水槽生锈、处处破裂。明明隔壁的体育科校舍比它巨大、新颖好几倍，但那栋破建筑却给人一种奇妙的压迫感。 

 

    屋顶上竖着一根高高的杆子，飘扬着一面写着「心技体」三个白色大字的红色旗帜。 

 

    那儿就是体育室。 

 

    我只造访过体育室一次，契机是上回的泳装大量弃置事件。当时正值暑假，只有一个老师值班，所以那时我并不了解为何连那个天王寺狐彻都敬畏体育室三分。毕竟平常教我们体育的老师，看起来跟一般人没什么两样。 

 

    然而，暑假结束后，九月一日一到—— 

 

    「日影",
1215,59762," ★☆★☆★☆轻小说文库(Www.WenKu8.com)☆★☆★☆★ 

  第五卷 第一章  
     台版 转自 轻之国度 

 

    扫图：xfw95 

 

    录入：xfw95 

 

    我从小就对「后来的祭典(注1)」这句俗语感到疑惑。 

 

    既然是表示不合时节、错失时机，应该写成「祭典之后」才对吧？后来的祭典，表示后面还有另一项祭典，这不是很奇怪吗？ 

 

    ……但是，其实这一点都不怪。它就是这个意思。很惭愧地，直到进入白树台学园，我才明白这个道理。 

 

    凉爽的晚风温柔地拂去战争的余温，学生会长——天王寺狐彻在运动会闭幕典礼上发表致词。 

 

    「京都的只园祭分成两次进行，『前祭』艺阁众多、热闹滚滚，『后祭』却没什么看头，所以去了也是白搭，已经来不及了——这就是『后来的祭典』的由来。」 

 

    会长打住话头，环顾运动场看台上所有的学生。夕阳柔和地照耀我们疲惫不已的身躯。 

 

    「如今运动会已经结束，想必在场一定有人心怀悔恨吧？想跑得更快、赢得更多、想战得更尽兴、更热血……但一切都已是『后来的祭典』。」 

 

    我抚摸在骑马打仗中被磨得刺痛的后颈与上臂，感受逐渐冷却的身体。坐在我右侧的桐香仍呼吸紊乱，肩头起起伏伏。 

 

    注1 后の祭り。意指错失时机，为时已晚。 

 

    「然而，我应该不必多说吧？和祇园祭不同，白树台的『后来的祭典』——各位同学，可是比运动会更盛大喔。」 

 

    会长完全没有提高音量，但她的话语却迸出火花，飞散、燃烧。看台响起数千人的欢呼。 

 

    坐在我左侧的「后祭」主导人物——园游会执行委员长神林薰，正热血沸腾地握紧拳头，面颊潮红。 

 

    * 

 

    「终于等到了。」 

 

 ",
1215,69536," ★☆★☆★☆轻小说文库(Www.WenKu8.com)☆★☆★☆★ 

  第六卷 第一章  
     网译版 转自 百度贴吧 

 

    扫图&修图&翻译：新海Makoto 

 

    校对&润色：free在远方爱你 

 

    「你觉得1+1等于几？」 

 

    微暗之中，躺在吊床上的会长如此问道。 

 

    天王寺狐彻——君临于这个学院的女王，今天少见地解开了辫子。因为平常只见过绑着两束辫子样子，所以显得更衣冠不整。 

 

    她背后刻满整墙的字母像是上万只虫子的化石一般，让黑暗中横躺着的女王那危险的美貌显得更加不祥。 

 

    「2……这肯定不是正确答案呢，你这么问的话。」 

 

    靠着门边的我慎重的回答道。 

 

    给你上一堂帝王学的课，说着把我叫进了会长室里。那肯定不是普通的答案。会长突然微笑着从吊床上跳下，像猫一样不出声响地着地。 

 

    「当然，在政治的世界里，加法不再会是简单的加法。」 

 

    会长来到我的眼前，左手支在我脸旁边。（译者：壁咚啊，我去）背后是紧闭的门，因此失去了退路。 

 

    「举个简单的例子吧。山里有个100人居住的村子，没有通电。假设设置电线一公里需要一万元……」 

 

    会长的手指在我制服的胸口处弯弯曲曲地画着曲线。 

 

    「而配电所到村子的距离有100公里，村人每人出一万元就可以拉电线了吧？」 

 

    我为了尽可能远离不断靠近的会长的脸拼命的伸直身子，然后点了点头。 

 

    「但是，由于这是个贫困的村子，很多村人不愿意出资，结果乐意得交出一万元的只有两人。那么，这两人能得到与那一万元等价的恩惠吗？」 

 

    这不是疑问而是反问，会长立即继续说道。 

 

    「当然得不到，",
124,19644," ★☆★☆★☆轻小说文库(Www.WenKu8.com)☆★☆★☆★ 

  中篇 寄宿篇  
     Phase1――渚砂的“草莓女子宿舍健康检查篇” 

 

    故事梗概： 

 

    转校不久的渚砂很快就迎来了草莓女子宿舍一年一度的健康检查。每年的这个时候，在需要一整天进行身体检查的活动中，总有一些惊爆事件发生。其原因，据说是因为所有的检查人员都是由同宿的女学生们担当而造成的！ 

 

    在健康检查之前，总是由负责宿舍日常工作的修女事先安排学生检查人员。而在过去，曾经发生过接受检查的女学生和她所憧憬的姐姐大人在如同密室一般的视力检查室里双双昏倒的事件 

 

    当然，像是昏迷这样严重的情况毕竟属于个别事件，然而借着健康检查的机会，和之前完全没有说过话的学姐加强关系，然后发展为……，这样的事例却是屡见不鲜。因此，健康检查渐渐地成为草莓宿舍的少女们每年都很期待的一项重要活动！ 

 

    而这一次，毫不知情的渚砂将会遇到什么样的惊爆事件呢！？ 

 

    序章： 

 

    她的话就像幻梦一般从远处向我袭来 

 

    用不可思议的芳香将我轻轻裹住…… 

 

    “嘘……偷笑是不可以的哦……呵呵呵～渚砂，让别人知道这件事情的话我会很困扰的啦……所以，让这件事成为我和你的小・秘・密，谁都不可以告诉的哦～” 

 

    在我被叫进去的那间洋溢着春色的房间里 

 

    静马姐姐温柔的低声嗫语在耳边轻轻地回荡 

 

    整个房间里隐约散发着玫瑰红茶的芬芳 

 

    这一切，让我不由得心跳加速…… 

 

    视线中静马姐姐的脸庞，在向我温柔地……温柔地微笑 

 

    恶作剧一般的“嘘”，还有她纤细的手指贴近嘴唇的样子 

 

    我好象能看见闪烁着洁白光芒的大粒珍珠……",
124,19645," ★☆★☆★☆轻小说文库(Www.WenKu8.com)☆★☆★☆★ 

  短篇 短篇1  
     故事梗概： 

 

    借着办理转学手续的间隙，渚砂漫步在她即将转入的圣米尔都女学园，美丽的校园轻易地俘虏了少女的心。而突然映入贪看着校园美景的渚砂的眼帘的，是潜藏在暗处的一条通往不知名地方的小路，还有顺着小路延绵而下的拱门群。好奇的女孩顺着着路走向深处，在路的尽头，渚砂遇到了一位学生打扮的美貌少女。她一边向渚砂介绍着围绕在这神秘场所的古老传说，一边还……！ 

 

    ===============================
...
…… 

 

    “因为……我终于找到理想的姐姐大人了～！” 

 

    女孩纵身跳过来的力量很大很大，身体强烈地感觉到她抱住我时的力量……一眨眼，我觉得脸“唰”地变得通红通红。周围其他的少女们望着这边，嘴里在说着什么……虽然我知道她们想说的话，可是那时……她紧紧地拥抱着我，让我……让我都没有办法想周围发生的事情了～！ 

 

    ～Fin～   

 ◆◇◆◇◆◇◆◇◆◇◆◇◆◇◆◇◆◇◆◇◆◇◆◇◆◇◆◇◆◇◆◇◆◇◆ 
更多精彩热门日本轻小说、动漫小说，轻小说文库(http://www.wenku8.com) 为你一网打尽！ ",
124,6298," ★☆★☆★☆轻小说文库(Www.WenKu8.com)☆★☆★☆★ 

  正篇 前言·欢迎来到百合的花园  
     原作：公野樱子（月刊《电击G's》连载） 

 

    前言·欢迎来到百合的花园 

 

    这里是清纯无垢的少女们所生活的美丽世界……在这里，她们的关系渐渐地超越了少女之间的友情——被称作“百合”的羁绊。 

 

    在这个完全隔绝了男性的百合世界中，发生了一系列少女和少年们都能快乐地欣赏的故事——这就是即将在这里连载的百合系列小说《惊爆草莓》。 

 

    整个故事发生在圣米尔都女学园（「聖ミアトル女学園」）、圣史彼加女学院（「聖スピカ女学院」）和圣雷利姆女学校（「聖ル·リム女学校」）这三所女子学校里。三所学校不仅结成了姐妹学校的紧密关系，而且三校还为外地来的求学者们设立了共同的女子宿舍——“草莓女子宿舍”。 

 

    人物介绍： 

 

    故事的主人公——渚砂、光莉和绊奈三位少女，各自在圣米尔都女学园、圣史彼加女学院和圣雷利姆女学校就学。在这三所不同的女校里，她们邂逅了自己的学姐、同班同学和学妹，在学校与宿舍里经历了属于自己的喜怒哀乐，少女们的心也因此渐渐走近…… 

 

    圣米尔都女学园 

 

    学校简介： 

 

    在三所姐妹校中，圣米尔都女学园可说是核心一般的存在。该校于明治年间创立，拥有悠久的历史和传统。在这里就读的学生大多具有贵族一般高雅的气质。 

 

    校规摘录： 

 

    第7条在公共场所不可露齿而笑 

 

    第9条行鞠躬礼时，上半身必须弯曲到三十度 

 

    人物介绍： 

 

    四年月组渚砂（Nagisa）——喜欢泡澡的悠闲少女 

 

    就学于历史悠久的名门女校——圣米尔都女学园的渚砂，原本是一名非常普通的、喜欢",
1255,39335," ★☆★☆★☆轻小说文库(Www.WenKu8.com)☆★☆★☆★ 

  第一卷 I 来自箱中。  
     台版 转自 负犬小说组 

 

    图源：过桥米线 

 

    录入：四季回廊 

 

    修图：勤劳的小矮人 

 

    「大小姐。」 

 

    如同深海的黒暗中，有个声音像火花般迸了出来。 

 

    是说话声。 

 

    「我说大小姐啊。」 

 

    似曾相似的，年幼少女的声音。 

 

    声音像柠檬草的香气般清新沁人，却又隐约有点懒散的感觉。 

 

    「请赶快起来。要是再这样赖床下去，您的身体会……」 

 

    「散成一堆沙子喔？」 

 

    在对方说出总是挂在嘴边的口头禅之前，我先抢着说出来。 

 

    「……您醒了吗？」 

 

    「嗯。等等，我的眼睛……」 

 

    「安静一点，慢慢来。眼皮要是破了，修理会很花时间。」 

 

    「嗯。」 

 

    睫毛一点一点地往上睁开，朦胧的景象涌进眼球的水晶体。 

 

    又过了好一会儿，焦点才终于对上。 

 

    「看得见我吗？视觉有发挥作用吗？」 

 

    「有的，艾玛·V。」 

 

    熟悉的面孔。 

 

    比黑色稍淡一点的蓝紫色头发修剪成略长的娃娃头发型，让人联想到尚未踏入社交界的贵族少年。仿佛陶瓷般的肌肤宛如沐浴于月光下似地苍白。 

 

    然而这个房间并不存在着能够导入月光的窗子。 

 

    四面都是墙壁，墙面像是用了灰泥一类的材质，看起来十分呆板。 

 

    欧芙洛希妮正横卧在其中一面墙壁上。如此形容或许有点奇怪，由于棺材是直立地靠在墙上，仰躺在棺材里的欧芙洛希妮自然只能以微微面朝斜上方的直立状态睡觉了",
1255,51028," ★☆★☆★☆轻小说文库(Www.WenKu8.com)☆★☆★☆★ 

  第二卷 Ⅳ 另一个箱子。  
     台版 转自 轻之国度 

 

    扫图：IceKIno 

 

    录入：雪风·帕尼托捏 

 

    修图：女装少年 

 

    校对：雪风·帕尼托捏 

 

    欧芙洛希妮还记得那个箱子。 

 

    自己的棺材就放在它旁边，所以先前醒来时，她曾经怀疑这个地下室是个墓场。 

 

    「这是？」 

 

    「您不知道吗？这是第六任老爷的遗作。」 

 

    艾玛从包包里拿出一个小巧的拔钉器，开始把固定棺盖的钉子卸下。 

 

    「这么说来，难道是你的妹妹？」 

 

    「不，是大小姐的。」 

 

    随着一声仿佛带着不舍的刺耳哀号卜生锈的钉子立了起来。欧芙洛希妮的右手从一旁伸来，用两根手指抓起钉子，像摘下一根小草似地把钉子拔起。 

 

    「我的……妹妹？」 

 

    当所有钉子都被取下，艾玛蹲下用双手把棺材盖子推开的刹那，欧芙洛希妮立刻理解那句话的意思。 

 

    有一瞬间，她以为棺材里放了一面镜子。 

 

    然而并非如此。 

 

    由深紫色天鹅绒铺成的棺材底部，躺着一个双手交叠在胸前的美丽少女。年纪大约十二、三岁，说不定比欧芙洛希妮还要年轻。 

 

    纤细却不觉得病态的身躯包裹在高级的丝绸里。裙子上装饰着一层又一层的摺边，裙摆缀有精致的蕾丝，黑色的低胸洋装在胸口处配上缎带与蔷薇胸花。 

 

    不，这不是黑色，该说是葡萄酒般的深红色。洋装上绣着一朵朵同色系的蔷薇，带有棘刺的藤蔓缠绕她的全身。 

 

    接近灰白色的金色长发有如流水滑过双肩，披散在棺材里。虽然戴着头饰，但是头发没有绑起来。 

 

   ",
1414,104755," ★☆★☆★☆轻小说文库(Www.WenKu8.com)☆★☆★☆★ 

  第四卷 limited 前 序幕  
     台版 转自 百度贴吧 

 

    录入：愿入二次元 

 

    即使是经历一年的教师生活变得更加强悍且厚脸皮的心，受伤还是会感到难过。这点无人例外，希当然也是。 

 

    事情发生在今天的午休时间。有学生站在楼梯平台上兴高采烈地聊天。由于通往顶楼的门上了锁，学生无法自由进出，但没有设备能够防止学生进出顶楼门口前的楼梯平台。这里与其他楼梯平台相比之下宽敞几分，因此看中这里除了有特别的事情以外，其他人几乎不会经过的特性而聚集于此的学生也不在少数。 

 

    当希为了前往下一堂的授课教室，经过这里的走廊时，从楼梯平台传来无视午休时间即将结束的放肆又刺耳的笑声。 

 

    也许她应该出声提醒一下。如此判断的希，朝通往顶楼的楼梯踏出一步。 

 

    “对了，话说回来似乎有点晚了耶？” 

 

    “不会吧？真的耶，午休时间快结束了。” 

 

    看来不需要她出声提醒了。当她正要将踏出去的脚缩回走廊上的时候—— 

 

    “下一堂是什么课？” 

 

    “不是怪物的课吗？我记得。” 

 

    “啊啊，国文课啊。” 

 

    “应该还不用交作业吧？” 

 

    “心得感想在周末前写完就行了吧。” 

 

    “麻烦死了。” 

 

    波山国中是一所私立中学。没有一位学生能够例外，都在努力跨越高中会考的难关。再怎么觉得麻烦，胆敢翘课的勇士并不常见。 

 

    她让急忙冲下楼梯、边走边哈哈大笑的两名学生先行经过。看着那两道朝教室而去的背影，她对那个发型有印象，也记得那个声音。 

 

    那两人是二年B班的学生。她就这样偷偷地以眼神追着两人的背",
1414,104765," ★☆★☆★☆轻小说文库(Www.WenKu8.com)☆★☆★☆★ 

  第五卷 limited 后 第七章 魔女们的一击  
     台版 转自 百度贴吧 

 

    ☆誓约薇汀(剩余时间十五小时二十二分钟) 

 

    少女们在深夜以惊人的速度四处奔跑、扰人清梦的捉迷藏游戏，由于从废弃工厂现身的四名魔法少女们而被迫中断。 

 

    在泡沫经济时期倒闭的废弃工厂前，共计九名少女你看我我看你地互相睥睨，也有人嘻皮笑脸地讪笑着。年久失修的路灯、早已遍布龟裂走纹的柏油路，以及扭曲歪斜的铁网等，颓圮潦倒的景色与外表光鲜亮丽的美少女们显得格格不入。 

 

    誓约薇汀看到从洞中现身的四人，不禁寒毛直竖。对方与自己截至目前为止看到的魔法少女有着决定性的不同。被忍者钉死在地板上时，她以为自己会吃苦头而颤抖不已；被兔耳追赶时，光是想到被对方逮到后的情形就觉得意志消沉。 

 

    当时也是为了掩饰这个，才会对蒂普赛柯梅大呼小叫。 

 

    一个个都是非常恐怖的魔法少女。誓约薇汀根本不是对手，即使是比誓约薇汀强的蒂普赛柯梅或转转姬一对一单挑也绝对敌不过。 

 

    然而，看到刚才现身的四个人之后，她才恍然大悟自己会错意了。她会害怕兔耳与刃心者，纯粹只是因为自己是胆小鬼。她只是对原本不需要如此恐惧的对象，产生必要以上的恐惧感而已。无论是兔耳或忍者、魔法少女，都还处于奇幻题材的延长线上，那条延长线上并没有活生生血淋淋的暴力。 

 

    眼前的四个人不同。全身上下净是散发出一股活生生血淋淋的暴力气息。光是与对方对峙，就让她只想双腿一软瘫坐在地上。不这样的话，只怕她会情不自禁地想以头叩地、向对方俯首称臣。 

 

    誓约薇汀努力撑着快瘫软的双腿。然而，即使强行压制住，但一逮到机会就想窜出来的恐惧心却在大肆暴动。她拼命安抚那颗心",
1414,108915," ★☆★☆★☆轻小说文库(Www.WenKu8.com)☆★☆★☆★ 

  短篇 白雪育成计划  
     网译版 转自 百度魔法少女育成计划吧 

 

    翻译：aeaecade 

 

    关于【白雪】这位魔法少女，因为她自身的言行导致周围的人对她既避讳又嫌恶。 

 

    她是【森林音乐家库兰贝莉】最后试验的存活者之一，也是将库兰贝莉那残酷的互相残杀试验公开出来的告发者；又是那起事件的被害者。 

 

    事件曝光后不久之后，大家将告发者视作英雄，里面也有着同情被害者的成分存在。然而她的态度是是可说是如顽固般彻底的仍当着魔法少女。 

 

    即使被崇拜者视线关注也好被同情的视线关注也罢，她彻底无视继续着魔法少女的事情。因为她如此的执着，到最后已经没有人想跟她扯上任何关系了。 

 

    然而，对【魔法王国】来说不能不跟她扯上关系。对于白雪的处置必须要明确才行，对于事件被害者给予恳切友好的态度的话，也能够防止事件后其他魔法少女所衍生的不满及不安… 

 

    我是这么想的。站在【魔法王国】所处的立场应该会这么做的。 

 

    不久之后，白雪被提名为【魔法王国】荣誉居民，这项特例中的高待遇行为像印正我所想的一样。 

 

    不管怎么看这是露骨的给小孩糖吃的行为吧。 

 

    看是要继续当魔法少女或是辞去魔法少女作为一个普通人回归世间，两者择一。 

 

    白雪选择继续当魔法少女。对【魔法王国】来说，最好是辞了魔法少女省事。 

 

    对在试验中所见白雪的性格来看，她绝对会选择辞去魔法少女才对。但是，白雪并没有这么做。 

 

    我听闻了这个消息，马上申请成为白雪的指导者的候补之一。 

 

    白雪并非是接受过正确试验及指导者的魔法少女，且又有着【魔法王国】荣誉居民的身份",
1414,108917," ★☆★☆★☆轻小说文库(Www.WenKu8.com)☆★☆★☆★ 

  第六卷 JOKERS 魔法少女募集中  
     网译版 转自 百度贴吧 

 

    翻译：姬河小雪（贴吧ID：◆Astre◆） 

 

    图源：奶油茄子炖兔 

 

    你知道魔法少女吗？ 

 

    就是从神明那得到了魔法并被授予了强大的身体能力，从街上的纷争到宇宙危机都能解决的不可思议又可爱的女孩子们哟。她们原本也是极其普通的人类（偶尔也会有例外），通过咏唱秘密的咒文，摆出pose就变身成了正义的伙伴，大家的偶像，最强女杰和魔法少女。 

 

    至今为止梦与魔法的世界一直被厚重的大门所封锁着。为了成为魔法少女，万里挑一的才能与运气是必要的。没有这些的话就不能变身为魔法少女。这是多么悲伤与凄凉的事啊！ 

 

    但是请放心。所谓技术是日新月异的，魔法少女这一存在，也会被新的技术引导至下一个阶段。跟有没有才能没有关系，只要有干劲和勇气以及爱的话就能够成为魔法少女了。 

 

    没有才能所以不能成为魔法少女，年龄不合适，没能与相关者相遇，因为这些理由而放弃成为魔法少女了吗？我们会应援这些人的。为了成为魔法少女的协助，成为之后的帮助，从一到十全都交给我们吧。在万全的支援体制下，24小时都能服务。而且，所有的服务都是完全免费的。在中途也不会要求付费，还请放心。 

 

    通往魔法世界的大门打开了。之后只需要你拿出些许的勇气就可以了。   

  第六卷 JOKERS 序章  
     人小路邸被袭击是在凌晨1点不到的时候。 

 

    别宅是在末女庚江的命令下在对一家来说过于广阔的用地的一角建造而成的。既有心血来潮就建房的财力，也有在家中再建造一栋别宅的土地，也有任凭末女的喜好为所欲为的大度。然后也没有能够阻止的人。 

 

   ",
1414,119795," ★☆★☆★☆轻小说文库(Www.WenKu8.com)☆★☆★☆★ 

  第七卷 ACES 序章  
     网译版 转自 真白萌论坛 

 

    翻译/图源：姬河小雪（贴吧ID：◆Astre◆） 

 

    护在被庚江怀疑着。感觉怀疑好像日益加重了。 

 

    鱼山护无法对人小路庚江隐瞒事情。庚江能从他人的表情中读取心理活动。从比家人还高频度地对面的护的表情中读出感情，简直不费吹灰之力，闭着眼睛也能办到。 

 

    当察觉隐瞒事情被知道的时候，至今为止的护立马就会举起白旗。因为根据经验法则知道了越是抵抗就越是白费力气。既然知道会因扛不住压力而投降的话，那还不如早点放弃。 

 

    但限于这次却不能举白旗。 

 

    早些天，贼人闯入了人小路邸的别宅。人小路庚江——魔法少女“普芙蕾”，貌似就算在魔法少女中也有着很高的地位，这是护也知道的。 

 

    贼人进入了大人物的家里，那就必然会变成要彻底搜查，但普芙蕾却感觉这里有内幕。也就是以搜查为名目来去探寻普芙蕾的秘密，有着持有这一企图的人在。 

 

    而且普芙蕾在贼人的做法中感到了不自然。看来好像不只是单纯的权力斗争的延续，想让普芙蕾落马这样。做坏事的人，特别是人小路庚江这人，在这个时候的直觉很好。 

 

    普芙蕾着手的“人造魔法少女计划”很可能是动摇“魔法王国”根基的大事，难道不是盯上了这个吗？有着从哪得知了计划的人在，而且还有干预搜查这般的权利的话，那么作为搜查资料在将其全部没收后就能悄悄地当做自己的东西了。对普芙蕾来说唯有这是非避免不可的。 

 

    普芙蕾的决断很快。 

 

    赶在搜查前把能成为亏心事的证据全都处理，并且用魔法取出所有与其相关的“自己的记忆”，作为清正廉洁的人物堂堂正正地接受了搜查。多亏了隐蔽工作坏事没有暴露才",
1414,122209," ★☆★☆★☆轻小说文库(Www.WenKu8.com)☆★☆★☆★ 

  番外 16人的日常 女骑士孤独的战斗剪辑版  
     网译版 转自 百度贴吧 

 

    翻译：kakuge 

 

    1 

 

    圣少女 

 

    在一个月之前，圣少女开始致力于精神锻炼。 

 

    圣少女以突破自己极限的程度进行深呼吸。在魔法少女活动的时间带到来之前、也就是白雪到来十分钟前，登上铁塔并在钢架上打坐，沉入自己的精神世界。色即是空、空即是色、色即是空、空即是色——心无杂念地持续吟诵着。 

 

    使圣少女需要全心集中精神的理由是白雪。 

 

    白雪能使用【听见有困难的人的心声】的魔法。像耳朵鼓膜听见意想不到的声音一样，白雪的魔法能将有困难的人的心声毫无遗漏地读取。这个魔法不单只对人，对魔法少女也有作用。 

 

    圣少女是作为中学生男子的岸部飒太变身后的姿态。然而所谓的中学生男子，这种人类生物对性的意识比较微妙。不管是品行方正的学级委员，还是爽朗的网球部员、以最高学府作为目标而努力的人，心中多少会萌生邪念而陷入桃色的漩涡之中……自己不能有半点邪念，一定不会有错，飒太非常确信。 

 

    要是和白雪见面时，偶尔一瞬产生邪念……那种想法如果被白雪的魔法读取……只有这个情况绝对无论如何都得回避。 

 

    飒太在观看魔法少女动画的时候并没有察觉到有什么大问题，然而基本上魔法少女全部露出度都是非一般的高。 

 

    平时一起进行活动的白雪也一样。不论跳起还是跳跃的时候，怎么看裙子也太短了。肉眼的视线被长筒皮靴与裙子之间露出的肌肤所吸引。 

 

    和白雪以外的魔法少女一起的时候也是，她们全员的警戒心都太稀薄了。飒太听说过在女子学校的大部分女生，由于没有男性的目光，经常做出毫无防备的大胆行为",
1414,122955," ★☆★☆★☆轻小说文库(Www.WenKu8.com)☆★☆★☆★ 

  第八卷 QUEENS 序章  
     网译版 转自 真白萌论坛 

 

    翻译：Alice·Astre、暗黑甜心（贴吧ID：125653154） 

 

    布可·布克麾下的魔法少女们正不见终日地忙碌着。有一群人在道场反复实战形式的扭打，有一群人在播音室进行合唱的练习，有一群人扛运着数个轮胎，有一群人拆解了电视在那摆弄，到处响应着此时不努力何时努力的号召。 

 

    身着五彩缤纷的华丽服装的魔法少女们，被要求做枯燥乏味的无华工作，却是没有对此抱怨不满的人。和同辈互相抱怨自不用说，就是暗地里独自嘀咕的人也没有，岂止如此，怕是连心中也不曾抱有吧。能为了布可·布克这一伟大的指导者而拼命工作。这对她们而言并非劳苦而是喜悦。 

 

    有从仓库运出货物的魔法少女们。 

 

    木箱里堆积的物品既有贵重的美术品也有稀少的魔法物品，这些都是在单纯的价值之上的，充满了与布可·布克的回忆的无可替代之物。并排于前庭的大型卡车上正堆积着木箱，有人对着美丽白砂上所印的车辙哀叹，有人含着泪空虚地望着打开的仓库，有人在卡车驾驶席上靠着把手咬着嘴唇。 

 

    这个宅邸对她们而言充斥着所有的记忆。因魔法少女动画而和朋友吵架，然后第二天和好，战斗训练上取得了难得一见的好成绩而受到大家的赞赏，观赏世界树的同时在庭院进行篝火和烧烤，将烤串塞满了脸颊，布可·布克大人太过可爱而不小心看呆时，被对方搭话而行为可疑地着急，这些日子的记忆，皆因非常事态侵蚀宅邸而将崩毁。明知感伤仍会涌现的东西当然会有。 

 

    然而她们没有沉浸于感伤中而是持续着工作。被同辈鼓励，被上司拍背，又或是脑海里浮想出布可·布克的身影，不管现在有多辛苦，在布可派目的达成之时，沉溺于往日的艰辛，笑谈道“那时候真是",
1414,123397," ★☆★☆★☆轻小说文库(Www.WenKu8.com)☆★☆★☆★ 

  第九卷 黑（BLACK） 魔法少女学级级规  
     网译版 转自 百度贴吧魔法少女育成计划吧 

 

    翻译：奶油茄子炖兔、暗黑甜心 

 

    【前言】 

 

    魔法少女学级是为魔法少女的进步与发展而设立的。爱与勇气、温柔与坚强、优雅的举止与顽强的生命力，最重要的是培养你对于魔法少女活动的深刻理解，我们的目标是培育勇于超越自我并肯为魔法王国服务的优秀人才。 

 

    【规则】 

 

    规则绝不是束缚你的存在。规则是帮助你作为一名魔法少女成长的指针。请抱持身为魔法少女的自觉，以更加优良的校园生活作为目标。 

 

    【礼貌】 

 

    不论拥有多么强大的魔法，不知礼节的人将不会受到尊重。 

 

    ·要精神饱满地打招呼。 

 

    ·对长辈要有敬意，态度要礼貌。 

 

    ·要与朋友和睦相处，不可以吵架。 

 

    【服装】 

 

    对魔法少女来说，服装等同于自己的灵魂。 

 

    ·不变身时请穿着指定的校服或体操服。 

 

    ·变身为魔法少女后请穿着登记的魔法装束。 

 

    ·服装的更改、装备与装饰品的添加需向班主任提出申请。 

 

    ·请随身携带魔法终端。 

 

    ·禁止携带个人手机及其他通讯设备。 

 

    ·吉祥物的援助仅允许在校外进行。禁止吉祥物陪同至校内或使用某种手段与校内取得联系。 

 

    【到校】 

 

    遵守时间是你成为优秀魔法少女的第一步。 

 

    ·请在预备铃响前使用“门”到达学校，在规定的放学时间请按时回家。 

 

    ·如因生病或其他不可避免的原因缺席，必须联系班主任。 

",
1414,46255," ★☆★☆★☆轻小说文库(Www.WenKu8.com)☆★☆★☆★ 

  第一卷 人物简介  
     网译版 转自 轻之国度 

 

    翻译：Leous，绅士，卡卡，kazane，灵晴，冰0，白兔 

 

    白雪<SnowWhite> 

 

    可以听到有困难之人的心声哦。 

 

    波纹<Ripple> 

 

    只要投出手里剑就百发百中哦。 

 

    灾厄玛丽<Calamity·Mary> 

 

    可以让所持武器威力提升哦。 

 

    王权<Ruler> 

 

    可以对面前的对象发出任何命令哦。 

 

    小玉 

 

    可以在各种物体上迅速地开洞哦。 

 

    眠眠 

 

    可以进入他人的梦境哦。 

 

    最高速<TopSpeed> 

 

    使用在空中超高速飞行的魔法扫帚哦。 

 

    哈德格尔·爱丽丝<Hardgore·Alice> 

 

    无论什么伤都可以一下子治好哦。 

 

    圣少女<La Pucelle> 

 

    可以自由改变剑的大小哦。 

 

    泳泳<SwimSwim> 

 

    可以像游泳一样潜入任何物体中哦。 

 

    森林音乐家库兰贝莉<Cramberry> 

 

    可以自由自在的操纵声音哦。 

 

    优奈儿 

 

    可以随心所欲地变身成任何生物哦。 

 

    米奈儿 

 

    可以随心所欲地变身成生物之外的任何东西哦。 

 

    两个人一起就是Peaky·Angels！ 

 

    维斯·寒冬牢狱<Vess·WinterPrison> 

 

    可以在空无一物的地方做出墙壁哦。 

 ",
1414,71258," ★☆★☆★☆轻小说文库(Www.WenKu8.com)☆★☆★☆★ 

  第二卷 restart 前 何谓魔法少女育成计画？  
     台版 转自 轻之国度 

 

    扫图： 雪倩君 

 

    录入： 雪倩君 

 

    ☆具备即使是初学者也能轻松入门的浅度&资深老手永不厌倦的深度！ 

 

    ★透过魔法同步追踪系统带来与现实没有两样的操作感！ 

 

    ☆达到极致真实境界的超美丽视觉效果！ 

 

    ★无限扩充的道具引爆玩家的收藏欲望！ 

 

    ☆任由玩家免费玩到饱！不需支付任何费用！ 

 

    致各位魔法少女，欢迎来到剑与幻想的世界！ 

 

    「魔法少女育成计画」脱胎换骨，重生为专属于魔法少女的社交游戏。 

 

    加深与伙伴之间的羁绊、同心协力迎战强敌；强大与温柔；智慧与勇气。如果不具备一切条件的话，便无法在这个世界里存活下来。 

 

    请一边解开封锁区域，一路向前迈进吧！打倒潜伏在最深处的魔王、游戏破关之际，也能实际以魔法少女的身分成长。此游戏为兼具教育与训练虚拟机功能的强大RPG。 

 

    与十五位伙伴并肩合作，讨伐魔王，为世界带来和平吧。 

 

    游戏目的……讨伐魔王。 

 

    破关报酬……一百亿圆。但是，仅限打倒魔王的玩家。 

 

    封锁区域解锁报酬……一百万圆。但是，仅限解锁该区域的玩家。  

 

    参加奖……十万圆。即使Game Over也会支付。   

  第二卷 restart 前 序章  
     「黛西！就是那间仓库！」 

 

    从挂在腰间的小提包中探出头的巴雷特大喊。它所指的前方，是与周围的大楼 相较之下，显得格外低矮、老旧，似乎有些蹊跷的仓库。对于深知里面是怎么一回事的魔女黛西而言，",
1414,72715," ★☆★☆★☆轻小说文库(Www.WenKu8.com)☆★☆★☆★ 

  短篇集 episodes 眠眠铃的冒险  
     台版 转自 轻之国度 

 

    扫图： 雪倩君 

 

    录入： 雪倩君 

 

    这是发生在『魔法少女育成计画』魔法糖果争夺战刚开始不久的故事。 

 

    没有人能够阻止怪兽的攻击。警察、自卫队、美军、法律、伦理、人情等，一切的约束力都无法阻止怪兽。手枪或机关枪不用说，就连战车大炮或导弹的攻击，也无法在它的皮肤上造成任何一块污渍。只见它毫不留情地将一边哭天喊地一边四处逃窜，想来应该是老弱妇孺的人们踩得稀巴烂。 

 

    对宛如暴力与冲动聚合物的怪兽而言，被矮小的人类们打造起来、挤得水泄不通的精致小巧建筑物，只会令它的破坏欲大发。它扫出关节隆起、黑不溜丢的强壮前脚破坏国会议事堂，再尾巴一甩，将晴空塔拦腰折断。从那有一口锐利獠牙并散发光芒的嘴里发射出来的炽热光束，一击便将都厅炸得四分五裂。 

 

    少年从建筑物的顶楼看向怪兽。 

 

    他的膝盖颤抖到连站都站不稳，只能死命地攀住用来防止跳楼自杀事件的铁网。对于那随心所欲地进行破坏活动的黑色生物，他只觉得恐惧到无以复加。 

 

    怪兽因为大肆破坏的喜悦而忘情地大声咆哮，大楼的玻璃也为之震动。像是高涨的情绪无法只透过远吠而平息般，它以那涨满着激动之情的赤红双瞳来回巡视四周，最后与在大楼顶楼颤抖不已的少年四目相接。 

 

    怪兽的体型目测至少超过五十公尺。没有人知道，为何拥有如此巨大身躯的怪兽，会与身高甚至不满一公尺的少年对望。然而，他们的视线的确对上了彼此。 

 

    怪兽狰狞的嘴角一歪，露出獠牙。它是在笑吧？ 

 

    一边发出窸窣、窸窣的声响在街道烙下脚印，一边朝少年的方向靠近。少年虽然心生逃跑的念头，",
143,6832," ★☆★☆★☆轻小说文库(Www.WenKu8.com)☆★☆★☆★ 

  第一卷 女神真难为 登场人物介绍  
     从现实世界跃入诸神世界的人们 

 

    水岛晶 

 

    私立秋蓧学园学生会会长。充满男子气概的绝色美少女。在好友樱罗子的道场学习剑道，身手不凡。无端卷入诸神的世界的困扰中。 

 

    姬野樱罗子 

 

    让偶像相形失色的黑发绝世美少女。热衷剑道与游泳，运动神经出众。和晶入诸神的世界，与晶一起奋斗中。 

 

    白石宙良 

 

    晶的表兄弟。拥有四分之一俄国人血统，是个俊俏的帅哥。就读市立户飞田高中，却和晶、樱罗子一起陷入诸神的世界。 

 

    槙原璃李 

 

    市立户飞田高中学生会会长（也是宙良的女友），与晶水火不容。卷入诸神的世界后，不幸被恶质的瓦利神附身 

 

    月馆絽贵 

 

    市立户飞田高中学生会副会长，也被卷入诸神的世界，正设法营救被瓦利神附身的璃李。是个与眼镜十分相衬的美男子。 

 

    诸神世界的居民 

 

    威达尔神 

 

    身材高大、气宇轩昂的神，悉心看护着在跃入诸神的世界时失去意识的宙良。似乎很中意宙良宙良同学，你要怎么办！？ 

 

    芙莉迦女神 

 

    侍奉威达尔神，是拥有猫耳＆女仆装、栗色鬈发的童颜女神。有着与外表不相衬的强大战斗力，在旅程中不时为晶与樱罗子提供建议。 

 

    芙莉德女神 

 

    前女神，青肤、银发，有着妖精般的美貌。在与絽贵的战斗中败北，丧失神力及领地领民，最后以当部下为条件向絽贵饶才幸免不死。 

 

    世界树的女神 

 

    统辖巨大圣木的世界树精灵，金发、雪肤，拥有碧绿双眸。曾给予建言，协助晶和樱罗子返回原本的世界。 

 

 ",
149,12765," ★☆★☆★☆轻小说文库(Www.WenKu8.com)☆★☆★☆★ 

  第五卷 序章  
     台版 转自 Ozzie@轻之国度 

 

    1 

 

    瑟齐提亚高原出现凶恶的强盗。这样的传闻逐渐传开了。 

 

    最初的受害者……应该说受害商队出现在五天前，该商队遭遇强盗袭击，好不容易才捡回性命，虽然没有出入命是不幸中的大幸，不过他们携带的货物以及至今的收入全部都被抢走了。 

 

    从那之后，每天都会在高原某处发生商人或旅人被抢的事件。 

 

    位于瑟比利＝安堤都市同盟统治区内的瑟齐提亚高原，算是一个治安比较好的地方，这件事情众所皆知，因此商队遭受强盗袭击的消息，使得各地的商人十分震惊。 

 

    由于瑟齐提亚高原是都市同盟的统治区，因此如果是一般的状况，受害的商队将会马上进入邻近的都市，提出赔偿损失的要求，然而以本次事件的状况来说，却包含了相当微妙的要素。 

 

    第一个问题，在于高原虽然是都市同盟的统治区，不过其他国家并没有明确认同这里是同盟各都市的统治区，高原是同盟各都市的居民能够自由活动的场所，周边各国只不过是默认这一点而已。 

 

    另外还有一个很麻烦的事实，那就是商队遭受袭击的地点位于瑟比利＝安堤都市同盟底下两座都市之间的中心点附近，这个世界没有明显区分出国境，因此如果是两座都市的中心点，就无法判定要将责任归属到哪一边。 

 

    若是商队负责人即使如此还是不肯罢休，依然会前往距离受害地点最近的都市，提出补偿损失的要求。 

 

    然而面临商队要求的都市，总是将责任相互推托到对方身上藉以逃避责任，商队负责人在两座都市间来回奔波之后，从两边都市得到的答案都是「不承认该地区属于本都市的统治区」，结果只能忿恨不平地离开这个地方。 

 

    如果事件只有这样，或许",
149,13629," ★☆★☆★☆轻小说文库(Www.WenKu8.com)☆★☆★☆★ 

  第六卷 序章  
     台版 转自 七夜@轻之国度 

 

    1 

 

    钢铁白兔骑士团的干部专用露天温泉，建造于古尔·麦约鲁主城后山的斜坡上。这次的故事也是从这里开始的，敬请见谅。 

 

    这座露天温泉位于可以俯瞰克塞库斯盆地的位置，如果是天气晴朗湿度又低的日子，别说是盆地，甚至还能够远眺围绕盆地矮山后方连绵不绝的高峰，夸称拥有绝佳的景观。到了晚上，城镇中的万家灯火浮现在漆黑盆地正中央的模样，就像是从遥远的高空俯瞰海面小船的渔火，足以令人沉浸在心胸开阔的情绪之中。 

 

    如今，白兔骑士团的干部们绝大多数都齐聚在这座露天温泉。 

 

    天气是多云，季节即将进入秋天，或许是这个地区特有的短期雨季即将来临，因此湿度偏高视野不佳。盆地周围的山群有些朦胧，不过麦约·路卡镇还是在眼底清晰可见。 

 

    正泡在浴池里的人物如下。 

 

    代理团长列芙莲希雅。 

 

    代理副团长兼庶务分队队长玛克图茜。 

 

    急救分队队长雅娜。 

 

    第三队队长暨首席部队长克修希卡。 

 

    警备巡逻队暨特务分队队长蕾欧诺拉。 

 

    在之前，列芙莲希雅曾经在这里遭受黑猫部队的袭击，因此周围理所当然地部署了相当多的警卫。 

 

    此时，第二队队长瑶子来了。 

 

    脱下衣服而全裸的瑶子，就这么以左手提着爱刀来到浴池旁边。瑶子将背脊挺得笔直，暂时改以右手持刀，然后朝着泡在浴池里的干部们弯腰低下头。 

 

    “抱歉，我来晚了。” 

 

    由于瑶子部队负责防守的堡垒距离主城比较远，所以比其他的干部晚到。 

 

    列芙莲希雅从浴池里开口回答。 

 

   ",
149,20210," ★☆★☆★☆轻小说文库(Www.WenKu8.com)☆★☆★☆★ 

  第七卷 序章  
     台版 转自 七夜@轻之国度 

 

    在高原都市瑟比利诺，正在进行一名勇敢少女的葬礼。 

 

    挺身而出保护瑟比利诺国王卡修斯，成功击退袭击而来的刺客，自己却死于凶刃，她就是国王的侧室姬恩·吉扬。 

 

    虽然只是侧室的葬礼，不过这个事件原本是针对卡修斯本人而来，加上她是拯救国王性命的恩人，因此由卡修斯国王主办的这场葬礼当然极为盛大。 

 

    这个事件所引发的影响也意外地广大，除了高原的同盟都市之外，与瑟比利诺有邦交的周边各国，纷纷派遣以君主或重臣带领的使节团前来参加葬礼。 

 

    来到瑟比利诺之后，迎接这些君主与重臣的，是高挂在市区城墙上的巨大肖像画。 

 

    长二亚路特，宽一亚路特（大约是长5.5公尺，宽3公尺左右）的这块画布上，画着一名勇敢少女的上半身。 

 

    头戴白色兔耳帽子的姬恩，脸上浮现着甜美的笑容，就像满足于自己完成了应尽的任务。 

 

    来访的各国使节团成员们在城门前方停下脚步，有人低下头来，有人仰望着肖像画，为少女完成的伟业表达敬意。 

 

    葬礼本身华丽庄严，令人肃然起敬，不过基于出席者所拥有的身份，因此直到葬礼的前一天，不对，即使是在葬礼当天，各处都设置了外交宴席。 

 

    无论是失去心爱少女的瑟比利诺国王卡修斯，或是姬恩曾经所属的钢铁白兔骑士团代理团长列芙莲希雅，都努力前往各个外交宴席露面，与各国君主或重臣进行会谈。 

 

    既然列芙莲希雅有所行动，游击小队当然也有随行。 

 

    游击小队的九名成员，有时负责保护列芙莲希雅，有时担任使者在各处奔走，有时协助葬礼的准备工作，有时以代理团长直属游击小队队员的身份向使节团问候。 

 ",
149,26295," ★☆★☆★☆轻小说文库(Www.WenKu8.com)☆★☆★☆★ 

  第八卷 序章  
     台版 转自 七夜@轻之国度 

 

    位于温泉区的游击小队，结果也只能返回科菱图斯了。 

 

    游击小队是白兔骑士团的团员，并不是达塔纽斯的部下，也不是贝提斯的士兵。 

 

    不过事情没有这么简单。 

 

    列芙莲希雅特地派遣她们随行担任副外务卿的护卫。即使是突发事态，也不能把最重要的达塔纽斯丢下来逃走，至于他采取的行动是否正确就另当别论了。 

 

    加布莉艾拉等人从各种角度分析现状以及展望未来，不过到最后，她们唯一的选择就只有回城，这是她们做出的结论。 

 

    「不过本小姐认为别管那个任性乱来的哥哥，赶快从这里逃走比较好。」 

 

    虽然朵伊燕妮直到最后都在抱怨表达不满，不过除了玛琪米莉耶以外的小队队员们，都提出了正确的论点说服她。 

 

    游击小队的队员们，原本已经拆下全身的装备泡在温泉里，享受着从国王那里接收的这座温泉，不过由于欧托劳司赶来通报消息，因此她们再度穿上装备，现在是所有人都身穿白银铠甲的造型。 

 

    「要是现在把达塔纽斯先生丢在这里逃走，不知道列芙莲希雅小姐会用多么恐怖的方式修理我们。」 

 

    榭莉诺丝说出可怕的威胁，诺艾儿娜德马上搭话： 

 

    「如果只有修理就能了事倒还好，以最坏的状况来说，可能会因为违反命令被处刑吧?」 

 

    「而且啊，要是我们丢下达塔纽斯先生逃走，白兔骑士团与贝提斯之间的关系可能会出现裂痕，我认为这么一来实在不太妙。」 

 

    加布莉艾拉以这番话落井下石之后，朵伊燕妮也只能心甘情愿举起白旗了。 

 

    「嗯，是啊，说得也是，本小姐知道的。如果贝提斯的副外务卿不是哥哥，本小姐在这次的任务也",
149,30340," ★☆★☆★☆轻小说文库(Www.WenKu8.com)☆★☆★☆★ 

  第九卷 序章  
     台版 转自 桜の舞う青空@轻之国度 

 

    1 

 

    游击小队的十名队员在离开科菱图斯之后，就以玛纳堤欧斯为目的地，行走在大平原的道路上。 

 

    由于是时间宽裕——两旬日，合计二十天——的休假之旅，因此众人不慌不忙，放松心情悠闲骑马前进。 

 

    众人先是抵达这条道路与尤古诺斯街道的交叉点，之后决定更改方向，沿着尤古诺斯街道北上前进，她们在之前就达成共识，要前往中央湖那里看看。 

 

    「说到这附近风光明媚的地方，应该就只有中央湖了吧？」 

 

    当时取出导览手册的黛列依提出这样的意见，而且几乎所有人都赞成。 

 

    「而且那里也有温泉。」 

 

    爱芬蕾雅补充这一点。 

 

    「说到温泉，之前在马多尔森林不是已经泡过很多次了吗？」 

 

    朵伊燕妮说出她的意见，不过…… 

 

    「黛列依的手册上有写，湖岸好像有一座视野很好的露天温泉，到时你不想泡的话也没关系。」 

 

    「没有人说过讨厌泡温泉这种事情，本小姐只是在陈述『我们有在马多尔森林泡过温泉』这件事实而已。」 

 

    「是是是，你说得对。」 

 

    「不过话说回来，没想到距离克塞库斯盆地那么遥远的地方，居然会有钢铁白兔骑士团的领地……」 

 

    榭莉诺丝感触良多，随即她妹妹也接话： 

 

    「我们都吓了一跳，而且列芙莲希雅小姐似乎也被吓到了。」 

 

    「哎呀，连身为当事人的我们都被吓到了，所以列芙莲希雅小姐会大吃一惊也是在所难免的。」 

 

    「这个特区真是不得了。」 

 

    黛列依笑了。 

 

    「就算是特区",
149,30348," ★☆★☆★☆轻小说文库(Www.WenKu8.com)☆★☆★☆★ 

  第十卷 序章  
     台版 转自 桜の舞う青空@轻之国度 

 

    1 

 

    路亚尔·苏席耶戴王国。 

 

    这是昔日的路亚尔王国与苏席耶戴王国王室，藉由联姻的机会结合成立的王国，国内拥有好几座都市，该国位于大平原东北部，是影响力遍及周边的强国。 

 

    现任国王是巴洛斯三世·拜柏鲁斯。他五年前从父王那里继承王位，是一名未满三十五岁的年轻国王。 

 

    刚继承王位的时候，由于年纪轻轻未满三十岁，在长年效力于父王的老臣等旧势力的抵抗之下，统治的过程总是绑手绑脚，即使如此，他依然让自己的影响力确实渗透至全国各个地方。 

 

    巴洛斯三世·拜柏鲁斯在充分累积实力之后，大约在两年前以「改革」的名义，将老臣与旧势力相关的党羽进行弹劾、开除或是调离权力中枢，一鼓作气成功消灭了抵抗势力。 

 

    将效忠自己的「改革派」年轻官僚与军人收编为臣下，巴洛斯三世做好万全的准备，为了实现目标展开行动。 

 

    国王首先着手处理的，就是要结束与北方蛮族之间的长年战争，巴洛斯三世判断为此必须让步，老臣们一直反对这样的妥协做法，可是如今王宫里的反对者已经全被肃清了。 

 

    停战的妥协点很难拿捏，而且是一项需要耐心的工作，在花费将近一年之后，终于成功签下停战协定了。 

 

    断绝后顾之忧……应该说北方之忧的巴洛斯三世，随即将眼光投向南方。是的，南方正是他的目标与目的。 

 

    遥远的西南方是假想敌国贝提斯大公国，南方则是同样有另一个假想敌国希杰诺吉齐经国，两者皆是妨碍路亚尔，苏席耶戴王国取得霸权的大国。 

 

    事实上，虽然暂且处于稳定状态，但是路亚尔·苏席耶戴王国曾经与两国交战过好几次，只不过并非正面",
149,35193," ★☆★☆★☆轻小说文库(Www.WenKu8.com)☆★☆★☆★ 

  短篇集 钢铁暗黑兔骑士 1 钢铁暗黑兔骑士——加布莉艾拉·利比耶拉·森纳  
     台版 转自 桜の舞う青空@轻之国度 

 

    1 

 

    巴斯提亚大陆的艾卦洛尼地区，有一支只以女性组成的骑士团。 

 

    以绝世实力与美貌而闻名的这支骑士团，正式名称为「守护女神爱雅拉妮所恩宠的圣少女骑士团」，不过几乎没有人会使用这种正式名称。 

 

    这个地区的居民，怀着畏惧、敬畏与憧憬的心，依照她们特别的头盔外型，以这个名字称呼这支骑士团。 

 

    「钢铁白兔骑士团」。 

 

    以克塞库斯盆地当成据点，统治该盆地与周围山岳地区的钢铁白兔骑士团，请大国贝提斯大公国担任庇护国并且与其结盟，对周边各国造成无法忽视的影响力。 

 

    然而。 

 

    直到不久之前都夸称拥有上千名团员的白兔骑士团，在某个事件的影响之下，导致目前的团员人数减半。 

 

    不只如此。 

 

    连团长职位也处于空缺待补的状态。 

 

    至今都是由前任副团长列芙莲希雅·雷布罗纽·史齐皮亚诺斯，以代理团长的身分率领整个骑士团。 

 

    不过这也只到昨天为止了。 

 

    在新团长总算定案之后，如今骑士团将要朝着崭新的历史踏出第一步。 

 

    2 

 

    「打扰了，团长，团员们赠送的各种贺礼已经送达了。」 

 

    急救分队队长雅娜·海帝尔·托斯卡鲁，与抱着大篮子或大箱子的部下们一起进入团长室。 

 

    「啊，不好意思，雅娜小姐。」 

 

    雅娜露出柔和的笑容回应新团长。 

 

    「真是的，您已经是团长了，所以必须要直接叫我雅娜才行吧，加布莉艾拉团长？」 

 
",
149,7019," ★☆★☆★☆轻小说文库(Www.WenKu8.com)☆★☆★☆★ 

  第一卷 序  
     台版 转自 flywind@轻之国度 

 

    死为刹那 

 

    生为梦幻 

 

    此世为下天 

 

    他界为化天 

 

    无所畏 

 

    无所惧 

 

    无所怯 

 

    后退易 

 

    前进难 

 

    有路可迷失 

 

    停步即失机 

 

    莫受挫 

 

    莫退缩 

 

    莫踌躇 

 

    赞扬其聪颖 

 

    崇尚其功绩 

 

    夸耀其容貌 

 

    吾乃爱雅拉妮 

 

    爱好美与武勇与智慧 

 

    吾乃爱雅拉妮 

 

    憎恶丑与懦弱与懈怠 

 

    守护汝辈之女神 

 

    众神离开人界——艾斯佩利特.邬莫尔已经是很久以前的事情了，然而众神曾经存在的痕迹，依旧残留在艾斯佩利特.邬莫尔的各个角落。 

 

    占据艾斯佩利特.邬莫尔的其中一角——巴斯提亚大陆的艾卦洛尼地区东部，有一支以克塞库斯盆地作为根据地的骑士团，这是一支成立至今已有数百年历史传统，并且制度严谨的著名骑士团，特征在于成员皆为年轻清纯的少女。 

 

    这支骑士团的正式名称为“守护女神爱雅拉妮所恩宠的圣少女骑士团”，不过因为这个名字实在太长，因此几乎没有人这么称呼。依据骑士团的徽章以及她们特殊的头盔造型，一般人大都称之为“钢铁白兔骑士团”；不过喜欢把名字弄得更加简短的人们——包含骑士团员她们自己——则是如此称呼的： 

 

    “钢之白兔”。   

  第一卷 序章  
     厚重的暗灰色云层覆盖住整片天空，虽然昨晚下的雨已经停了，空气的湿度却重得像是随时会继续",
149,7020," ★☆★☆★☆轻小说文库(Www.WenKu8.com)☆★☆★☆★ 

  第二卷 序  
     台版 转自 flywind@轻之国度 

 

    至今我们一直在一起。 

 

    自从懂事的时候就一直在一起。 

 

    我以为将来也会永远在一起。 

 

    然而，现在两人之间的距离居然如此遥远。 

 

    是在哪里选错路了？ 

 

    是在哪里擦肩而过了？ 

 

    是在哪里失散了？ 

 

    我们不是应该走着相同的路、梦想着相同的未来、朝着相同的地方前进吗？ 

 

    距离如此接近，相隔却如此遥远的两人。 

 

    你有察觉到我的心意吗？ 

 

    我能理解你的愿望吗？ 

 

    这么近的距离我无法承受。 

 

    这么远的距离我无法容许。 

 

    所以，我们结束这样的关系吧。 

 

    要结束这样的关系。 

 

    什么时候会结束？ 

 

    对，就是在两人别离的时候。 

 

    分开的时候。 

 

    永远地别离。 

 

    确实地分开。 

 

    届时两人之间会有多少距离呢？ 

 

    会像从前一样接近吗？ 

 

    近得可以感受到彼此的呼吸。 

 

    抑或是变得前所未有地遥远呢？ 

 

    远到无法传递声音与心意。 

 

    这个答案迟早会出现。 

 

    不对，并非如此。 

 

    已经要出现了。   

  第二卷 序章  
     麦约·路卡镇是克塞库斯盆地中唯一的城镇。 

 

    这个世界的城镇基本都是被城墙环绕的都市，并且逐渐形成一个城邦国家，不过麦约·路卡镇是个例外。 

 

    统治这座盆地以及这个城镇的是",
149,7021," ★☆★☆★☆轻小说文库(Www.WenKu8.com)☆★☆★☆★ 

  第三卷 序  
     台版 转自 Ozzie@轻之国度 

 

    自从看见你害怕到哭泣的那一天， 

 

    我就领悟了自己应该要走的路。 

 

    自从遇见你满脸脏污、穿着邋遢， 

 

    宛如在寻觅什么似地看向我的那一天， 

 

    我就决定了自己应该去做的事。 

 

    知道吗？那是发现尚未琢磨之璞玉的兴奋。 

 

    感觉得到吗？那是得到大朵蔷薇花蕾的喜悦。 

 

    落入凡间路边的女神。 

 

    是的，我在那条凌乱的小巷里， 

 

    得到了未来的女神。 

 

    我认为能让你绽放光辉的人就是我。 

 

    我认为我一定做得到。 

 

    我认为只有我做得到。 

 

    只要是我们两人，我认为将能登上至高之处。 

 

    只要是我们两人，我认为甚至能够前往天上的乐园。 

 

    难道这是我的误解吗？ 

 

    难道这是我的错觉吗？ 

 

    难道这是我的一意孤行吗？ 

 

    要是你已经不再需要我， 

 

    要是你已经想要疏远我， 

 

    要是你已经觉得我是累赘， 

 

    只要是你，我愿意死在你的手中。 

 

    我明明是这么想的。 

 

    要是你放弃成为女神，堕落成为魔界的魔神， 

 

    我就背负着必须除掉你的使命。 

 

    因为我是发现你、提拔你的人。   

  第三卷 序章  
     希杰诺吉齐经国与路亚尔.苏席耶戴王国的先发部队已经越过山头，抵达盆地的外围区域，北国街道与马威尔街道（贝提乌斯街道往东经过麦约.路卡镇之后，就改名为马威尔街道）已经可以说是受",
149,7022," ★☆★☆★☆轻小说文库(Www.WenKu8.com)☆★☆★☆★ 

  第四卷 序  
     台版 转自 Ozzie@轻之国度 

 

    《骑着白马的公主》 

 

    在很久很久以前的某个地方，有一位年幼的王子。王子继承了父王的勇武，继承了母后的美貌， 

 

    成长为一名强健而俊美的少年。 

 

    这个王国统治得很好，父王的声望名扬四海， 

 

    众人公认王子的未来将会一片光明。 

 

    然而，这是发生在某个时候的事情。 

 

    带兵与蛮族交战的父王，在远征的战场上意外丧生。这是来得极为突然、并且充满谜团的死， 

 

    甚至有传闻指出可能是被某人谋杀。 

 

    王子的未来，真的就是从这时开始乌云密布的。 

 

    短短的几天之后，担任边境伯爵的王子叔父， 

 

    觊觎无人的王位而挑起战端。 

 

    有力的诸侯们为了看清局势而按兵不动。 

 

    只有极少数的人回应王子的号召。 

 

    不仅如此，甚至有人积极朝边境伯爵的阵营靠拢。 

 

    趁着王宫的混乱，边境伯爵的军队开始往王都进军。 

 

    正规军与反叛军重复交战了好几次， 

 

    然而反叛军每次都击溃了正规军。 

 

    最后，反叛军终于抵达王都近郊， 

 

    也就是架设在邻近大河上的蒙提·路维恩桥。 

 

    只要攻破这道桥的防线， 

 

    反叛军将会长驱直入蹂躏王都吧。 

 

    为了死守最后的堡垒， 

 

    王子率领残余的兵力前往蒙提·路维恩桥。 

 

    桥上的攻防战持续了二天三夜， 

 

    然而，由于在之前的战斗中失去身经百战的将军，受到影响的正规军变得无法维持战线。 
",
1577,52891," ★☆★☆★☆轻小说文库(Www.WenKu8.com)☆★☆★☆★ 

  第一卷 人物介绍  
     台版 转自 轻之国度 

 

    扫图：IceKIno 

 

    录入：雪风·帕尼托捏 

 

    修图：樱落如霜 

 

    校对：雪风·帕尼托捏 

 

    二校：cleverchm 

 

    妮娜 

 

    流浪少女，外表比实际年龄更年幼，12岁。 

 

    桃乐丝 

 

    私立战车队·群兔的战车长，兴趣是魔法研究。 

 

    爱尔纱 

 

    战车操纵手，心高气傲，常将贵族的荣耀挂在嘴边。 

 

    克儿 

 

    动力手，时常睡眼惺忪，有时真的在睡觉。 

 

    奇奇 

 

    接续手，拥有中性外貌的常识派。 

 

    小樱 

 

    群兔雇用的女仆，相当毒舌。 

 

    辛希雅＆莫妮卡 

 

    私立战车队，白鸽的战车长和炮手，是一对双胞胎美女。 

 

    医生 

 

    安佛列格镇的镇长，本为军医。 

 

    贝雅莉洁 

 

    医生的秘书，同时也是位优秀的魔女。 

 

    马德卡特 

 

    原兰合众国陆军上校，特A级战犯。   

  第一卷 [1]妮娜，十二岁  
     油不够了。 

 

    但，缺油的不是机器，而是人。 

 

    妮娜早已疲惫不堪，她从村子里逃出来，已经过了将近一个月的时间。 

 

    为了逃离深山里的边境村落，妮娜骑着魔动机车亡命天涯，一路冲下佛克西欧共和国边上的蜿蜒坡道。因为害怕被追兵抓到，妮娜不分昼夜地疾行，结果机车里那块相当于引擎的魔法板烧掉了。之后，妮娜只好凭着双脚不断步行。 

 

    妮娜成",
1577,62172," ★☆★☆★☆轻小说文库(Www.WenKu8.com)☆★☆★☆★ 

  第二卷 [DAY3]序章 群兔  
     台版 转自 轻之国度 

 

    图源：IceKIno 

 

    扫图：TennosAthena 

 

    录入：zbszsr 

 

    修图：阿船 

 

    有人说，艾坦市的市长是一位女神。 

 

    也有人说，她是为佛克西欧共和国带来和平的救世主。 

 

    还有其他人说，蒂欧多莱·雷贝麦亚这位年方十七就担任艾坦市市长的贵族大小姐，是世上最适合哥德萝莉风的眼罩美少女——不对、是从天国降临污秽大地的天使。 

 

    「啪啪喀啪——！」 

 

    只是，这一次她不是从天国降临。 

 

    她甩着一头象征雷贝麦亚家血统的银发，一手压住自己的裙子，从舞台中央的洞穴里蹦出来。 

 

    想必是有人从舞台内侧将她推上来的吧……由于推力势道过猛，她娇小的身体腾空近一公尺的高度，超乎预期的高度害她在空中失去平衡，还发出了焦急的声音。 

 

    「啊、看到小裤裤了。」 

 

    在舞台后方——克儿坐在贵宾席上，双眼闪闪发光。 

 

    克儿手肘支在摺叠式的桌子上，出神凝视的表情十分认真。她瞳孔散发出的光芒，活像找到了百年难得一件的人才，至于是什么样的人才暂且不是重点。 

 

    一旁的奇奇，也一脸佩服地将食指抵在下巴上。 

 

    克儿身穿轻飘飘的礼服，奇奇今天却同样穿着西装，不过，也许是夏天太热的关系，她没有系上领带，胸襟也稍微打开了一点。这个模样更加彰显出她的男性化魅力，也不晓得她是有意或无意的。 

 

    「唔嗯，看来那是经过算计，故意只让我们看到的。她伸手压住裙子的莳方，后方跟着翘了起来，单纯往上飘是不会变成那样的。」 

 ",
1577,78877," ★☆★☆★☆轻小说文库(Www.WenKu8.com)☆★☆★☆★ 

  第三卷 序章  
     台版 转自 天使动漫 

 

    扫图：村崎幽悠 

 

    修图：东云隐音 

 

    录入：村崎幽悠 

 

    校对：神剃 

 

    克儿奋力一跳，在半空中抛下身上的浴巾。 

 

    「我是第一个，喝啊！！」 

 

    前方的银色山脉，勾勒出她纤细婀娜的曲线。微卷的金发在蒸气氤氲的阳光中，闪耀着亮眼的光芒。 

 

    妮娜心想……这简直是美术馆的画作。 

 

    当前的美景，仿佛一流画家将美丽的刹那完整保留下来。荒凉岩山在一片霭霭白雪下，犹如淋上白巧克力的蛋糕。有幸目睹雪山美景和（全裸的）克儿，妮娜觉得自己到了一个非现实的空间，她以为自己到了天国。 

 

    可惜，天国一秒后就变成地狱了。 

 

    「好烫！好烫！天啊！这也太烫了吧！」 

 

    克儿天使般的跳跃动作，很快就破功了。 

 

    也许她想用全身感受温泉吧……只见她缩起身子、双手抱膝，直接跳进露天温泉里面，肩部以下的位置都泡在温热泉水中了。 

 

    水温似乎很高，克儿马上爬出浴池。为降低身上的温度，她在大理石的地板上死命翻滚磨蹭，活像穿了着火的衣服。等她撞到发愣的妮娜，这才停了下来。 

 

    「你没事吧，克儿小姐！？」 

 

    克儿雪白的肌肤，和挨了巴掌一样红肿。瞧她被煮熟的模样，妮娜终于知道天然温泉有多可怕了。比起群兔事务所的浴室，这里大了将近三十倍。四周水气弥漫，妮娜甚至看不到露天温泉的角落。 

 

    克儿难过啜泣，高温吓到了她幼小的心灵。 

 

    「我听说温泉有治病的功效，所以才勇敢尝试的，结果却是这种下场。我又不是想枪先泡温泉。」 

 

    ",
1601,54275," ★☆★☆★☆轻小说文库(Www.WenKu8.com)☆★☆★☆★ 

  第一卷 高校篇 序章 Prologue  
     网译版 转自 百度超次元游戏海王星吧 

 

    翻译：织本留姫（orimotoruki） 

 

    「驳回」 

 

    她所吐的，就跟脸上那冷酷的表情相称，冷淡的一句。 

 

    「就算一言驳回啊，学长这…」 

 

    「你的意见怎样都没所谓。我没在听。也没必要听。本来，关于这件事，我何时容许你发言？」 

 

    「不，不过哩…要是整体预算削减２０％的话，会影响到学园的运作…」 

 

    「有听我的话吗？你的发言是不被容许的！」 

 

    「请，请等下！至少也由下学期才开始…」 

 

    秘书…或是说因为要个仆人而雇用了半个年头。一直以来都以对所有事都只会说「是」的原则来管教着，看来还是太天真了。 

 

    她一边以０·１秒来计算解雇这无能秘书所需的资金，一边以自己最大的忍耐力，向秘书最后一次开口说话。 

 

    「给我记起来。我容许你的发言，理应只有一种。来，说来听听」 

 

    她睨视着秘书。 

 

    「…是丶是…」 

 

    在四目交投的一瞬间，秘书狂冒冷汗，以其嘶哑的声音回答着。因为刚才已是最后一次，她无言的慢慢点头回应。 

 

    「先，先离开了」 

 

    秘书就像乏油的机械般，以僵硬的动作退下。 

 

    她毫无感情的看着秘书走出，然后拿起了在自己桌上的一张照片。 

 

    照片里映照着一个少女。 

 

    少女那天真无邪的笑容被收纳到照片之中。那样子，让她非常生气。 

 

    她故意发出很夸张的声音来握碎那张照片，把碎片放到桌面上的烟灰缸中，咔嗒的打了个榧子。 

 
",
1609,54583," ★☆★☆★☆轻小说文库(Www.WenKu8.com)☆★☆★☆★ 

  第一卷 上 主要人物  
     网译版 转自 轻之国度 

 

    翻译：blate1991 

 

    戴安娜 

 

    是一名美少女，是艾邦的弟子，同时也是惠奈的师姐。使用蔷薇魔法的天才魔女。代替着老迈的艾邦守护着小镇。需要普通三名魔女才能封印的恶魔，她仅凭一人之力就将其封印。其实力受到了艾邦极高的评价。 

 

    艾邦 

 

    准备着奥莉爱灯女士复活之日的在日本隐居的老魔女。认为惠奈有成为奥莉爱灯女士的才能，而让她成为见习魔女教导着她。作为拥有最正统魔法知识的「萨蒂亚」之长，是现在活着的魔女之中最强的。虽然逐渐年老力衰，但是日常家事都还能用魔法轻松的完成。她的手制蛋糕非常的美味 

 

    春边里弥 

 

    小学六年级生。是惠奈的朋友。活泼的她喜欢开朗的笑话。不过因为一直都在开玩笑所以有时经常被认为她不知分寸，其实她的本性比谁都认真并且非常拥有责任心，是一个非常热心的女孩。早年亡父的她，和母亲一起生活，为了能成为母亲的助力而一直在努力着。和惠奈是邻居，在母亲工作家里空着的时候她经常受到惠奈家的照顾。 

 

    间垣樱 

 

    小学六年级生。是惠奈和里弥的朋友，是学年第一的优等生。对于惠奈市场像一个温柔的额姐姐一般对待，对里弥的玩笑时而严厉，不过在笑话失败的时候，为了不冷场，有时会故意的做出辛辣的批评，而里弥也不言而喻的故意做出表示伤心的举动，其实她们两人并没有伤害到对方。 

 

    东岛惠奈 

 

    小学六年级生。在敬老日里去艾邦的家里帮忙，以此为契机成为了见习魔女。虽然她裹上长袍成为了魔女，并经常进入「彼方」，但是她仍然以为这是一场梦。通常需要一年的魔女宝石的制作修行，她仅仅数日就完成了下一步，被",
1609,61847," ★☆★☆★☆轻小说文库(Www.WenKu8.com)☆★☆★☆★ 

  第二卷 中 第十章 新希律亚派和奥莉爱灯女士  
     网译版 转自 轻之国度 

 

    翻译：blate1991 

 

    在里弥成为戴安娜的那天的傍晚。富士山的山脚下，有一个至今五人发现的钟乳洞。 

 

    那个钟乳洞的里面，被装饰的像一个漂亮宫殿一样，天花板上的钟乳石宛如只想吊灯一样，闪闪发光，其中，慈善事业家亚历山德拉·新希律亚派的头领莎罗梅老婆婆正看着面前并排的两人。 

 

    一人是头发蓬乱的红发少女，一名是带着面具，拥有黑色长直发的白肤少女。其左右和身后，站着新希律亚派的三名干部，将两人包围。萨罗梅的身边还站着一名十多岁的少女。 

 

    萨罗梅望了两人笑了笑。 

 

    “你们就是希望入派的魔女吗。是叫做诺克缇菲利亚和马斯卡拉米莉吗。诺克缇菲利亚，宵只明星，带来夜晚之人。然后是马斯卡拉米莉，戴着面具的吸血鬼。与此名相应的，那毫无血气的白色肌肤，还有与其相对应的，那宛如滴血的红唇。并且，就算站在我面前，也毫不打算摘下的面具。真是人如其名啊” 

 

    她像是在嘲讽般的说出那些话，然后问： 

 

    “出生地是？” 

 

    红发的魔女诺克缇菲利亚先回答了。 

 

    “法国。在于瑞士接壤的一个山里” 

 

    听到这句话的莎罗梅，不爽的皱起眉来。 

 

    “法国吗。不管是革命还是共产主义还是拿破仑，这些世间的害虫都是发祥于那里的。正因为如此那些家伙自以为是一切文化的发源地。那些装腔作势的阶级之间还都必须说法语。真是的，是我世界上最讨厌的国家。然后，你呢？” 

 

    莎罗梅向黑发的魔女发问。 

 

    马斯卡拉米亚只是简单的回答道： 

 

    “……罗马近郊”",
1610,54619," ★☆★☆★☆轻小说文库(Www.WenKu8.com)☆★☆★☆★ 

  第一卷 第一章 月之一  
     网译版 转自 七面鸟汉化组 

 

    图源：钱箱 

 

    改图：小飒 

 

    翻译：觞 気合豆 为爱而暗 机车 

 

    校润：机车 为爱而暗 

 

    阳炎凝神谛视。 

 

    海面波平如镜，天气却有些阴沉——和名句“今日天气晴朗但是浪高”正是相反。不过也并非是像那场战斗中一样有什么深刻的含义。 

 

    （注：1905年日俄战争中日军于对马海峡以丁字（T字）战法大破俄国太平洋舰队。当时任第一舰队参谋长的秋山真之的一封电报“本日天気晴朗ナレドモ浪高シ（今日天气晴朗但是浪高）”以仅仅13个字就传达了今日天气晴朗主力舰可出击，但是小型船只不宜出击的意思，得到高度评价。此外旗语“皇国ノ兴廃此ノ一戦ニ在リ、各员一层奋励努力セヨ（皇国兴废在此一战，诸君当愈益奋励努力）”也是出自他的手笔。） 

 

    她确认着前方是否有敌舰的踪影。深海栖舰会突然出现，需要格外警惕，因此她们深深铭记着警戒的重要性。就在一愣神的时候出现了战舰级的敌人，一个看漏就会有16英寸舰炮从天而降。懈怠了警戒而葬身海底的例子不胜枚举。 

 

    它们的名字是深海栖舰。会从不知何处而来肆虐海面，是人类的头号敌人。 

 

    它们是从何时开始出现的也不为人知，不如说是放眼海面之时她们就在那里更贴近实际情况。深海栖舰一艘接一艘地吞食掉过往船只，将海上航路搅得七零八乱。数不清的船只化作废铁，沉入海底。 

 

    没人能够与之抗争。不，除了她们。 

 

    她们是舰娘。配备着能够对抗深海栖舰的装备奔驰在海面上，将胜利掌握在手中，是人类的守护者。 

 

    舰娘，是仅赋予被选中的少女们的光荣的名号。 

 ",
1610,61794," ★☆★☆★☆轻小说文库(Www.WenKu8.com)☆★☆★☆★ 

  第二卷 第一章 预备（Stand by）  
     台版 转自 轻之国度 

 

    扫图：前单冠湾一甲咸鱼Naztar（LKID：wdr550） 

 

    录入：现任柱岛咸鱼提督Naztar（LKID：wdr550） 

 

    修图：理子 

 

    强风配上豪雨。明明是白天，天空却一片昏暗。强风刮起巨浪，豪雨引发漩涡。激起的海水化作飞沫，形成一整面白色的窗帘阻挡视线。 

 

    现在这时间，海上正处于暴风雨的侵袭之中。气候反覆无常所产生的高气压把低气压推到东边，使得锋面变得活跃，引发了暴雨和强风。因此海浪有如台风侵袭般狂暴，平静的大海化为大批猛兽似的。 

 

    阳炎所率领的第十四驱逐队共六名舰娘，现在位于暴风的正中央。 

 

    「两舷原速前进！保持好距离，千万不要撞到了！」 

 

    位于单纵队最前头的阳炎对著无线麦克风怒吼。在这种暴风雨之中用普通音量讲话，绝对不可能被听见，所以她从刚才开始就不停吼叫著。 

 

    因为也不能回头观看。刚刚一转头就被横向吹来的强风侵袭，产生脖子好像快被扭断的错觉，只能假设大家都有跟上来并且前进了。 

 

    脚下的海面隆起。阳炎的身体被往上推高，接下来有一瞬间从重力下解放后，双脚又掉落在海面上。 

 

    她没有摔倒，舰娘一定都有装备舰娘航行安定装置（Stabilizer）。身为人类的守护者而且又投入了庞大预算的少女们，可不能因为一场暴风雨就沉没。所以就算体格跟普通女孩子没什么差别，强韧程度可是媲美军舰。 

 

    「两舷强速前进！」 

 

    阳炎再次大喊后，速力就开始提升。暴风就像在呼应这个行动般，从正面而来的风雨开始变强。 

 

    她对应",
1610,62011," ★☆★☆★☆轻小说文库(Www.WenKu8.com)☆★☆★☆★ 

  第三卷 第一章 流冰海域  
     台版 转自 轻之国度 

 

    扫图：死活斩不掉E-7的Naztar（LKID：wdr550） 

 

    录入：飞田中妈无数次的Naztar（LKID：wdr550） 

 

    修图：理子 

 

    很遗憾地，大海的支配者并不是人类。 

 

    虽然人类在过去的确曾经操控船只，纵横于世界七大洋。船只载运人们，同时搬运各种货物；将陆地上各个地点连接起来，以及使人们的生活更加富足就是它们的职责。 

 

    但那种充满田园情调的时代早已过去，现在的大海已经易主。新的主人从海底出现，往四周散布死亡与破坏，使万物之母的大海化为恐怖的故乡。那群家伙的名字叫深海栖舰。 

 

    深海栖舰是人类的敌人，是在海洋上恣意妄为却又来历不明的存在。有人说他们是机械也有人认为是生物，其中更有人主张深海栖舰是从宇宙飞来的知性生命体。总之实情就是到现在都还无法确认他们的真实身分，学术界也只是争论不休地提出好几个不统一的假设。 

 

    即使不知道真实身分，也不代表没有打倒他们的方法。受过特殊训练的人类拿起小型化的兵器，奔驰在海面上给予敌人痛击。 

 

    她们正是人类的守护者舰娘，装备著舣装的大海少女们。 

 

    舰娘以各地的镇守府作为据点，出击前往被深海栖舰压制的各个地区。她们为了让大海重回人类的怀抱而奋力作战，时而胜利时而败北。 

 

    一切都是为了和平，为了让大海恢复原本的面貌。 

 

    而此时在北方的某个海域里头，出现了隶属于横须贺镇守府的舰娘身影。 

 

    北方的寒风冷冽，每次吹起就会逐渐夺走身体的体温。但舰娘的制服不只防弹还兼具防寒效果，因此不会被冻伤。只不过温度调",
1610,74433," ★☆★☆★☆轻小说文库(Www.WenKu8.com)☆★☆★☆★ 

  第四卷 第一章 中央舵（Midship）  
     台版 转自 轻之国度 

 

    图源：裸奔男 

 

    扫图：突然斩掉E-7的Naztar（LKID：wdr550） 

 

    录入：终于拿到Iowa的Naztar（LKID：wdr550） 

 

    修图：理子 

 

    这是驱逐舰娘阳炎来到横须贺之前的故事。 

 

    吴镇守府大致上可分为两个区域。一个是为了锻炼舰娘候补生所设立的教育区，以及当成出击据点用的基地区。通常讲到「吴镇守府」都是指后者。 

 

    对舰娘来说，吴是个很熟悉的地方。志愿成为舰娘的少女会在这里接受激烈的锻炼，时而欢笑时而落泪。尤其对隶属于吴镇守府的舰娘而言，就算实际从候补生成为舰娘，大海的风景与天空的蔚蓝程度也完全没有改变，不同的只有宿舍。 

 

    阳炎也是像这样的舰娘之一。她以候补生的身分在吴接受训练，同时也直接被部属到吴，身心早已熟悉濑户内海的海风。因为至今都一直待在吴，所以未来也会在吴度过。她就是如此深信著。 

 

    这样的某一天，她在驱逐舰宿舍的房间里无所事事地发呆。 

 

    虽说自己受过严格训练而能跟深海栖舰交战，但身体还是会累积疲劳。所以军方有定下要好好休息的规则。其中特别鼓励舰娘可以外出转换心情，或是藉由运动来活动身体。否则精神疲劳到达极限时，就会对任务与人际关系产生影响。 

 

    只不过这天阳炎选择待在自己房间，因为同寝室的不知火说要留在房间里。就算留下伙伴一个人外出也很无聊，她便决定一起在房间无所事事。其实她之前有短时间地外出过，但这是因为其他理由。 

 

    驱逐舰宿舍的房间很狭窄，因此休假时，两人几乎都在双层床的上铺与下铺度过。 

 

 ",
1610,74947," ★☆★☆★☆轻小说文库(Www.WenKu8.com)☆★☆★☆★ 

  第五卷 第一章 船首（Bow）  
     台版 转自 轻之国度 

 

    图源：裸奔男 

 

    扫图：改二的驱逐比前一个帐号还多的Naztar（LKID：wdr550） 

 

    录入：然而与阳炎的婚礼仍遥遥无期的Naztar（LKID：wdr550） 

 

    修图：理子 

 

    「好冷！」 

 

    驱逐舰娘阳炎讲出今天不知道第几次的抱怨。 

 

    强风从东北方吹来，虽然只有些许但也伴随著雨滴。水珠藉由冷风凝结变硬，有时候打在身上就跟被子弹打到一样痛。天空十分阴沉，海浪也随时都很高。垂直晃动与横向晃动不断发生，感觉不抓住扶手就会滑倒。 

 

    「又在抱怨天气啦。」 

 

    声音从后头传来。傻眼地站在那边的，果然是驱逐舰娘曙： 

 

    「你埋怨季节也没有用吧。」 

 

    「但就是很冷嘛。如果定期提出陈情，我想天候先生他总有一天也会改变想法。」 

 

    「我知道他何时会改变想法喔，那就是所谓夏天的时候。」 

 

    「那不是还很久吗？」 

 

    「那你就做些现在能办到的事情吧。」 

 

    她反手指著船舱的门： 

 

    「像是进去里头之类的。」 

 

    「偶尔待在外面也不错啦。毕竟总是背著舣装在航行，这种情况反而令人新鲜。」 

 

    「随便你吧。」 

 

    曙放弃说服她，自己先穿过舱门。接著有个比普通波浪还来得大的引发强烈的横向晃动，让阳炎的身体差点滑倒。因为差点就一屁股摔倒在地上，她慌忙跑进船内避难。 

 

    大型渡轮完全不在意她们的对话，依旧以相同的速力维持原本的航线。 

 

    所属于横须贺镇守",
1610,78156," ★☆★☆★☆轻小说文库(Www.WenKu8.com)☆★☆★☆★ 

  第六卷 第一章 船首斜桅（Bowsprit）  
     台版 转自 轻之国度 

 

    图源：裸奔男 

 

    扫图：三天捞完秋刀鱼的Naztar（LKID：wdr550） 

 

    录入：刚出大伞大姊姊的Naztar（LKID：wdr550） 

 

    修图：理子 

 

    这里是横须贺镇守府的驱逐舰宿舍。 

 

    驱逐舰娘她们聚集在第一士官次室里头。 

 

    今天的晚餐已经用毕，现在是自由活动时间。想要回自己房间当然无所谓，想在这里放松休息也没问题，只不过狭窄的房间里实在很难放轻松，所以大多数驱逐舰娘都会拿著可以喝到饱的茶或是新鲜果汁，在这里热烈地谈天说地。 

 

    驱逐舰娘会以勇气与胆量为武器冲向深海栖舰发动突击，而她们也跟这种生活方式等比例地喜欢吵闹；更不用说到了自由活动时间，当然会尽情放松喧闹。 

 

    但是现在不同。 

 

    不对，这里的确还是一样吵吵闹闹，但只有在最里头的某张桌子特别安静。那里的驱逐舰娘没有任何一个人开口多说半句话，她们就那样坐在椅子上，就算有人微微动一下也跟死尸没两样，每个人都如雕像般动也不动。 

 

    她们的视线都集中在一点上。那里有驱逐舰娘阳炎，然后这张桌子有第十四驱逐队所有成员在场。 

 

    所有人都屏息等待她的发言，阳炎自己也缓缓环视每个人的脸庞。 

 

    「准备好了吗……？」 

 

    阳炎小声说著。 

 

    「那我要发表喽，就算是不好的结果，也不要受到打击喔。」 

 

    其他驱逐舰娘什么也没说。 

 

    「不可以哭也不可以大吵大闹，更不能直接昏过去，要严肃地接受事实。」 

 

    「……",
1610,80029," ★☆★☆★☆轻小说文库(Www.WenKu8.com)☆★☆★☆★ 

  第七卷 第一章 上桅帆（Topsail）  
     台版 转自 轻之国度 

 

    图源：裸奔男 

 

    扫图：带阳炎和不知火双飞的Naztar（LKID：wdr550） 

 

    录入：被宪兵麦当劳欢乐送的Naztar（LKID：wdr550） 

 

    从佐世保镇守府出发时正下著雨，虽然给人有些烦闷的感觉，好在不久后就雨过天晴。蓝天与白云令人目眩，不过想在电车里头抬头看天空就有点勉强了。 

 

    阳炎现在正跟第十四驱逐队的伙伴们一起在回横须贺镇守府的路上。 

 

    攻势作战告一段落之后，要第十四驱逐队「返回横须贺」的命令也送达。对佐世保镇守府来说，这种当作调籍的人事异动虽然需要很麻烦的手续，但命令书上已经盖满了高层官员的印章，让人无法多做抵抗。 

 

    「老实说，不管是提督还是我，都不想让阳炎你们回去横须贺呢。」 

 

    这么说的人是隶属于佐世保镇守府的那智，在阳炎来到这里之前，是由她担任秘书舰。 

 

    「能够在攻势作战里担任秘书舰的驱逐舰相当贵重，真想能长久留在身边。」 

 

    「虽然很感谢你的夸奖，但我们原本就隶属于横须贺……」 

 

    「想把这种事情蒙混过去的手段，可是要多少就有多少喔。我们家提督虽然自称离婚过三次，但其实是五次。每次新认识女性时就会自己增减次数，然后拿最能讨对方欢心的一种说法当甜言蜜语。」 

 

    「呃……我想不管怎么说，司令官的隐私跟秘书舰业务应该是要另当别论。」 

 

    「我只是想表达，这种事怎样都有办法解决而已。」 

 

    那智对于阳炎返回横须贺一事不断表达遗憾之意。 

 

    她以佐世保镇守府前任秘书舰的身分，在各方",
1642,55559," ★☆★☆★☆轻小说文库(Www.WenKu8.com)☆★☆★☆★ 

  第一卷 序  
     网译版 转自 百度天空的莉莉娅吧 

 

    翻译及校对：Tuoji  

 

    樱铃莉（百度ID：cccp1941) 

 

    协力：天空的莉莉娅吧与德国空军吧的诸位 

 

    一直幻想着，在天空中翱翔 

 

    我到底想成为什么 

 

    到底想干什么 

 

    每当心情烦恼，便会抬头仰望天空 

 

    在得到了“飞机”这双神奇的翅膀的那一刻，仿佛一下子获得了全部自由 

 

    天空毫无保留地接纳了我所有的一切，一切 

 

    我 

 

    渴望与天空成为一体 

 

    哪怕前方等待我的是 

 

    充满战火的天空 

 

    1941年6月22日清晨。 

 

    法西斯德国军队不宣而战，单方面撕毁《苏德互不侵犯条约》，跨过边界侵入了苏联的国土。 

 

    作战名称——巴巴罗萨行动。 

 

    短短几个月内，德军兵临莫斯科城下，苏维埃祖国的国土成了最激烈的战场。 

 

    首先遭受重创的是苏联的空军。 

 

    无论是飞行员的技术或是飞机的性能，都远远比不上德军，无数的苏联战机被击毁。 

 

    苏联国内抗战情绪日益高涨，握有飞行驾驶证的年轻人一个接一个地报名参加了空军。 

 

    在这一刻，苏联祖国的英雄、特级女飞行员、金星奖章获得者，玛丽娜·米哈伊洛芙娜·拉斯科娃（Марина Михайловна Раскова ）正通过广播向苏联全国人民号召：“接受过飞行训练的，并且志愿参加神圣的卫国战争的女同志们，到我身边来吧！”   

  第一卷 第一章 三叶草叶子和铁锤头  
     秋高气爽的午后，万里",
1643,55576," ★☆★☆★☆轻小说文库(Www.WenKu8.com)☆★☆★☆★ 

  第一卷 登场人物  
     台版 转自 轻之国度 

 

    扫图：不可能是路过的 

 

    录入：大瓜飞飞 

 

    修图：lanuna 

 

    坂上神乐 

 

    金发少女，拥有傀儡操纵者最崇高的『傀儡师』称号，以天赋才能操纵兔子布偶。 

 

    铃音 

 

    活了许多年的开朗黑发吸血鬼。 

 

    爱瑟莉亚 

 

    率领许多狼人的吸血鬼。 

 

    坂上和政 

 

    傀儡操纵者的本家·坂上的当家，神乐的舅舅。 

 

    葛叶翁 

 

    坂上的分家·葛叶的当家。 

 

    辰巳翁 

 

    坂上的分家·辰巳的当家。   

  第一卷 序『傀儡操纵』  
     有一种技术，叫做傀儡操纵。 

 

    傀儡操纵是一种表演项目，通常使用傀儡线，或由表演者将手放在傀儡内部，将单纯的傀儡操纵得栩栩如生。如此说明，应该能让各位有个大概的印象吧。 

 

    我要说的傀儡操纵，在根本上和前述二者一样，虽属相同派生，但是用的线和一般有些不同。 

 

    我们操纵傀儡所用的线，是以称为魔力的超凡之力所纺出的线，而透过这种线操纵的傀儡则是咒物。根据表演者的意思，傀儡甚至可做出超越物理法则的行动，那已经不仅是单纯的傀儡，而可称之为一种兵器了。 

 

    当然，我们也有不得不如此的理由。 

 

    我们是除魔者，工作是讨伐妖力极强的魔物；而在除魔者集团中，坂上是名列前六的名 门。我们为了守住这个名声，并为了提升讨伐魔物的力量，必须日以继夜地切磋琢磨，让技术跃升至更高阶段。 

 

    现在要进行的，也是其中一环。 

 

    「那么，",
1674,56782," ★☆★☆★☆轻小说文库(Www.WenKu8.com)☆★☆★☆★ 

  第一卷 侦探偶尔狮性大发 第一章 女侦探不睡觉  
     台版 转自 负犬小说组 

 

    图源：好想和全世界的御姐谈恋爱 

 

    录入：你是棒槌派来的逗b么（bdmbws） 

 

    1 

 

    这幢建筑物位在自行车赛车场不远处，呈现残破的样貌。 

 

    是一栋年代久远的钢筋水泥建筑。漆成白色的外墙受到海风侵蚀，很多地方都看得见龟裂或剥落的痕迹。如果是五层楼以上的建筑物，应该会令人感受到崩塌危机，甚至不敢靠近吧。幸好这是三层楼的低矮建筑，即使将来可能会成为断垣残壁，但还不至于危险到在这一瞬间就会砰然倒塌。 

 

    一楼看得见「潇洒豚骨」的招牌，我花了几秒才察觉这是家拉面店。感觉生意不太好，大概是因为执著于这种怪店名吧？店外完全没说明豚骨到底哪里潇洒。 

 

    另一方面，二楼有裂缝的玻璃窗，以黄色胶带贴出斗大的「CAME CFNIER」字样，以前的字样应该是「GAME CENTER」无误。我想，现在肯定没有怪胎客人会到CAME CFNIER玩乐，这间店似乎已经倒闭了。 

 

    将目光移到三楼，感觉得到一定有人住在里面。虽然是白天，却看得见窗帘半掩的窗户后方开着日光灯。 

 

    我以手上的地图确认现在位置。平塚市札场町，「海猫楼」。（注：「海猫」日文为「海鸥」之意。） 

 

    看来，这里就是狮子的栖息地。 

 

    我点了点头，踩响高跟鞋走上阶梯。 

 

    沿着阴暗狭窄阶梯一阶阶上楼的我，叫做川岛美伽。直到今年三月都在东京某企业的总务课过着朴实的粉领族生活，后来却疲于工作、和男友分手，分手前还被男友领光存款，在不景气的大环境下辞职。如今我回到故乡平塚的老家，是期望尽快回到社会职场的二",
1677,56909," ★☆★☆★☆轻小说文库(Www.WenKu8.com)☆★☆★☆★ 

  第一卷 序章 学习战车道变成万人迷吧  
     台版 转自 轻之国度 

 

    扫图：神的裁决者 

 

    录入：智花姐姐 

 

    修图：百合子 

 

    坐在旁边的好友华不禁屏息，而其他的学生们也开始互相交头接耳。 

 

    『这些都是修习战车道之后，会自然而然获得的特质！』 

 

    不过接下来的旁白，更是让我睁大眼睛盯着屏幕不放。 

 

    因为、因为影片里竟然说： 

 

    『只要学习战车道，一定能成为一位贤妻良母、或是优秀的职业妇女吧。身心健全又温柔可靠的你，一定会受到许多男士们的喜爱！』 

 

    「……！所、所以意思就是……哇喔！？」 

 

    在接下来的画面中，可以看见搭乘战车的女孩子们，被许多年轻男性热情包围着！ 

 

    男性们热情地挥着手，甚至对搭乘战车的女孩子们投以飞吻。 

 

    难道说这样可以…… 

 

    受到异性喜爱？ 

 

    会让我变成万人迷吗！？ 

 

    『那么，希望大家一定要学习战车道，成为一位身心健全的美丽女性吧~！』 

 

    看到这里，我不自觉地对于战车道产生了很大兴趣。 

 

    ……这样的话，就非选这个不可啰！ 

 

    我以我——武部沙织就凭着这股冲劲，选择了战车道为自己的必选修学科。 

 

    嗯……不过之后发生了不少事情——让我对于这个选择感到有些后悔就是了…… 

 

    大洗女子学园虽然一度以战车道闻名，不过那是很久之前的事。学校里已经有很长一段时间没有任何关于战车道的活动了。 

 

    也因此，我们的第一堂课，竟然是从找出被遗弃在各处的战车开始……这未免也太夸张了吧",
1677,56910," ★☆★☆★☆轻小说文库(Www.WenKu8.com)☆★☆★☆★ 

  第二卷 序章 第二场比赛的对手是安齐奥高中！  
     台版 转自 轻之国度 

 

    扫图：方俱灭 

 

    录入：方俱灭 

 

    修图：方俱灭&琳酱 

 

    「来了来了！是CV33和M40突击炮……还有安齐奥高中的队长车！」 

 

    秋山优花里——也就是优花花打开装填手旁边的舱门并且伸出上半身兴奋地这么说道。不过 说完后她立刻慌张地把头发乱翘的头给缩了回来。 

 

    我说优花花！战车服的白色百褶裙差一点就要掀起来了喔！ 

 

    ……我的位置刚好在装填手斜下方，视野可说是非常完美。不、不行露出内裤啦——！ 

 

    嗯、等等一定要告诫她身为少女该有的矜持。不然会不受男生欢迎喔？这点可是非常重要的！ 

 

    ——不过现在可不是说那些的时候。 

 

    我们所搭乘的四号战车里弥漫着一股紧张的气氛。 

 

    「冷泉同学，请依作战计画把战车开到预定位置。」 

 

    坐在最上面位子的就是西住美穗，我都叫她美穗穗。 

 

    干练的氛围令人觉得她真不愧是「西住流」战车道宗家的孩子。 

 

    虽然平常给人的感觉有些怯懦就是了……。不过现在可是完全不同，当她下完指示后便轻轻 地踩了一下车长座位下方的踏板。 

 

    那个踏板连接着我左边驾驶座位的椅背。当美穗穗踩下踏版后，驾驶座的椅背便跟着动起来，朝身形娇小冷泉麻子双肩敲了 一下。 

 

    这可是为了在因引擎声而吵杂不已的战车中，直接让车长能对驾驶下达指令所设计出来的装置呢。 

 

    「我知道了。」 

 

    麻子以平淡的语气答道。我和麻子从念小学的时候就认识了。 

 

    虽然麻子个头",
1683,115965," ★☆★☆★☆轻小说文库(Www.WenKu8.com)☆★☆★☆★ 

  第九卷 第一章「YOUNG岛抱月」  
     台版 转自 轻之国度 

 

    轻之国度录入组 

 

    图源：喵子 

 

    录入：工具喵 

 

    「啊，是岛村学姊。」 

 

    放学回家途中，我听到有人叫我的名字，就好奇地回过头，发现是骑著脚踏车的学妹。 

 

    一停下脚步，冬天的冷风随即刮过大腿内侧，再怎么不情愿也会意识到天气的寒冷。 

 

    「喔，学妹。」 

 

    国中时的学妹举起手，语气轻松地和我打招呼。更确切地说，是篮球社的学妹。 

 

    她的名字……呃，是叫什么？看来我好像真的很不会记别人的名字。 

 

    记得应该有个山字。山……川。有没有川好像很难说。田，或是中……先称她学妹吧。 

 

    「学姊家是往这边走吗？」 

 

    「嗯。」 

 

    只看她的制服一眼，就知道跟我是不同高中。 

 

    「学姊上高中也有打篮球吗？」 

 

    「不，完全没有。我连社团都没有参加。」 

 

    「是喔。我没有多想什么就继续打篮球了。不过也没有很认真在打就是。」 

 

    「这样啊～」 

 

    我会选篮球，是因为明明棒球跟足球没有女生社团，篮球不知道为什么有，引起了我的兴趣。虽然选排球也可以，但我在参观社团的时候看到让球在地上弹也不会被骂，就看上篮球了。一般在室内把球用力往地上丢，都会被念一顿。 

 

    可以做平常不能做的事──这一点成了我选择篮球的关键。 

 

    现在想想，这种决定方式还真奇怪。 

 

    现在就算有人告诉我做某件事情也不会怎么样，我应该也会用「我很想睡，不用了」当藉口逃跑。 

 

  ",
1683,117332," ★☆★☆★☆轻小说文库(Www.WenKu8.com)☆★☆★☆★ 

  99.9 『Chito』  
     台版 转自 深夜读书会 

 

    发布：深夜读书会 

 

    论坛：ritdon.com 

 

    不晓得我已经认识那个奇怪的生物几年了。 

 

    就算我想找出正确的起点，也只会发现自己不知道从什么时候开始就放弃计算日数了。这家伙在我眼里已经显得太过理所当然，导致我每天见到的景色逐渐缺乏变化，埋没在日常生活之中。 

 

    我们认识的时间长到足以发生这种现象。 

 

    「怎么了吗？」 

 

    那家伙明明左右两边的柔软脸颊都被捏着，却能够若无其事地对我说话。她的声音没有抑扬顿挫，仿佛不是经过喉咙跟嘴巴出声。而且她的脸颊想拉多长就有多长。 

 

    「没有、没有，没什么需要您担心的事情。」 

 

    「这样啊。」 

 

    她不顾自己被捏得变形的脸颊，直接回答我。接着脚步轻盈地走到对面。 

 

    她似乎一直到坐下来才发现不对劲，开始把变形的脸颊挤回原样。 

 

    我决定当作没看见。 

 

    我将手肘抵在竖起的腿上，放空脑袋观望周遭景象。 

 

    这里只剩下被强光挖开的风景，仿佛留下了划开漆黑的爪痕。显现悠久历史的建筑如今已经爬满仍在不断生长的植物。这一带也留下了不少残骸。众多残骸之间，只听得见我寂静的呼吸声。我的呼吸很稳定却也很微弱。我用不着看镜子，也能轻松感觉到自己非常疲累。 

 

    我四处游走，时间就这么在我忘记欣赏夕阳的时候悄悄入夜。 

 

    夜晚会促进睡意。 

 

    我撑着脸颊的手不小心滑开，顺势缩起身子。意识比身体更早开始沉淀，逐渐陷入泥淖的深渊。为什么生物会想睡觉？如果连睡觉的时间都能用来活动，我",
1683,125053," ★☆★☆★☆轻小说文库(Www.WenKu8.com)☆★☆★☆★ 

  第十卷 『Fantasy Sister』  
     台版 转自 天使动漫论坛 

 

    虚空文学旅团×天使动漫录入组 

 

    图源：书友同萌会 

 

    「看，这是手里剑嘿。」 

 

    「哇～」 

 

    穿著国中制服的大姊姊得意洋洋的。 

 

    「来～这是纸球。」 

 

    「大姊姊好厉害～」 

 

    把色纸接连摺成各种形状的大姊姊看起来自豪到了极点。 

 

    「这个头盔就送给花子吧。」 

 

    大姊姊轻轻把蓝色的头盔戴在我旁边吹著电风扇的狗狗头上。 

 

    「它叫作小刚啦。」 

 

    「哇哈哈哈哈。」 

 

    大姊姊非常有一副「大姊姊」的样子。 

 

    「……………………………………」 

 

    「哈……哈哈哈！」 

 

    大姊姊挂断电话之后，突然发出高了八度的笑声。 

 

    她好像很慌。 

 

    接著，她转过头来。 

 

    她松懈的笑容在看到我之后，又变得更没有节制了。 

 

    「哈噗！」 

 

    跟我一样回来老家的隔壁大姊姊跳来跳去的。爷爷奶奶家隔壁的大姊姊……我们以前会在同样的时期回老家，她也常常陪我玩。虽然已经过了很多年，可是大姊姊不知道该说她外表完全没有变，还是给人的印象跟以前完全相反了……她根本就没有长大吧？怎么看都像个国中生。身高也没有变。 

 

    老实说，现在要说她是「大姊姊」太勉强了。而且，她的头上不知道为什么有一个写著「实习中」的名牌，就像当成发夹来用。 

 

    十七岁这一年的新年，我们家跟往年一样来祖父母家拜年。 

 

    而我们两个大概是基于",
1683,139072," ★☆★☆★☆轻小说文库(Www.WenKu8.com)☆★☆★☆★ 

  第十一卷 『黑色夜幕里的白色星辰』  
     台版 转自 天使动漫论坛 

 

    天使动漫录入组 

 

    图源：音无 

 

    录入：kid 

 

    基于各种原因的意思就是一件事背后有各式各样导致该现象发生的成因，而这个各式各样又可以解释成是五花八门的各种因素导致安达心情七上八下地被我抓着右脚十全十美。什么十全十美啊？ 

 

    无止尽的蝉鸣声宛如喷泉，不断由下往上喷涌而出。放在柜子上的时钟指针声响听来格外清晰。连在房间里飞舞的细小灰尘都变得特别显眼。 

 

    明明五感都变得敏锐无比，却只有脑袋里面朦胧不清。 

 

    我本来要跟来我家讨论旅行计画的安达谈正事，然而我实在想不起来怎么会演变成现在这种情况。或许是这种热到彷佛被名为夏天的气泡包覆着的天气作祟，害我的常识也跟着被热出了脱水症状。 

 

    顺带一提，我们现在在玩的是「亲嘴巴以外的地方看谁能让对方脸红的游戏」。哪一边比较能让对方脸红就算谁赢。亲一般不会去亲的地方分数也会比较高。谁的脸比较红跟哪个地方分数比较高，都是依据我们个人的主观判断。目前是我大获全胜。 

 

    只是赢家能得到的，顶多就是热到快要窒息的感觉吧。 

 

    我在近距离下凝视着安达的右脚，思考接下来该换亲哪里。安达现在已经连脚底都红通通的了。平常很难有机会仔细观察别人的脚底，看得我很好奇安达是不是每次跟我见面的时候，脚底都这么红。我用手指戳了戳跟安达的身材一样纤瘦标致的脚趾，她的大腿根部就跟着弹了一下。 

 

    （插图008） 

 

    看到她这么敏感的反应，我才终于开始觉得自己好像在做什么儿童不宜的事情。 

 

    「安达你觉得呢？」 

 

    「",
1683,148767," ★☆★☆★☆轻小说文库(Www.WenKu8.com)☆★☆★☆★ 

  SS 『过去曾有黄金时代』『不晓得是第几次开始』  
     台版 转自 深夜读书会 

 

    发布：深夜读书会 

 

    论坛：ritdon.com 

 

    一直到说出口，而且离开了以后，才觉得是理所当然。 

 

    是因为想要住在一起，才会决定一起住。说出口以后，以往只像是远望着货物被人搬走的心情，就立刻变得像是把那个货物夹在自己的腋下带着走一样。可以说是自然而然变成这样。但我愈来愈能感觉到即使是自然而然，也很明确是由我自己做出的选择。 

 

    这也令我的心情愈发激动。有种我能够清楚看见不久后的未来，不禁心想「咦？原来会变成这样啊！」的一种很类似喜悦的情绪充斥着内心。我整个人静不下心来，突然很想去见安达一面。虽然就算心情很平静，我大概还是会去找她。 

 

    就好比看着月历上的远途旅行计划时，有种轻飘飘的雀跃心情，明明已经是大半夜了，踏在走廊上的步伐反倒格外轻盈。 

 

    一如往常的家，一如往常的景象，一如往常的走廊与平凡无奇的夜晚。 

 

    然而，我却能够看见一道光，告诉我未来会迎接新的开始。 

 

    「你的表情看起来像是遇到了什么好事呢。」 

 

    我和穿着浴衣的社妹擦身而过。现在已经入冬了，她还是能够在洗完澡后只穿着一件单薄的浴衣。她正开心地喝着纸盒装的苹果汁，大概是我妹买给她的。 

 

    她看起来很高兴。不过，看来我也一样很高兴。 

 

    甚至连社妹那双因为望着遥不可及的远方，而满是耀眼光芒的眼睛都能看出近在眼前的我脸上的表情变化。 

 

    「我遇到的好事可不会输给你遇到的喔。」 

 

    「那真是太好了。」 

 

    她又吸了几口果汁。我摸了摸她",
1683,159554," ★☆★☆★☆轻小说文库(Www.WenKu8.com)☆★☆★☆★ 

  第十二卷 如果安达是老师  
     网译版 转自 百合会 

 

    翻译：yyk2a 

 

    「安达拜拜」 

 

    「要叫老师」 

 

    从教室里飞奔而出的孩子们挥着小手向我道别。眼下最让人烦恼的，应该就是被叫老师的几率很低。说好听点是平易近人，可换种说法就是被小瞧了吧，我有这样的自知。 

 

    虽然还很年轻，但我成为小学老师已经两年。现在觉得差不多是该树立威信的时候了。最初走进教室时令人麻痹的紧张感，如今也已不复存在。 

 

    我现在担任小学一年级的班主任。面对一群稚气未脱，天真烂漫的孩子们。 

 

    当老师不止是要应对孩子们，虽然每天都忙得团团转，不过还好生活没有变得乱糟糟。 

 

    顺便一提，我并不是特别喜欢小孩子，老实说。 

 

    当然，孩子们的活泼、率直、奔放也会让人会心一笑。 

 

    「安达达」 

 

    像是要爬上讲台一样，出现在眼前的是一张幼小的脸。 

 

    她的声音比其他的孩子更容易听清楚，可能是错觉吧。 

 

    「怎么了？岛村同学」 

 

    带着花形发卡，与之相匹配，她是个笑容也如同花一般的女孩子。茶褐色的眼睛充满好奇心，映出了我的身影。她那双盯着我的眼睛，有时甚至让我感到炫目。 

 

    班级里的其他同学叫她小岛。她那天真烂漫的举动，作为教师来说，虽然会不时露出微笑，却也有些担心。不知她是不是太有精神了，充满了稍不注意就会冲出去的气势。 

 

    岛村同学笑眯眯的趴在讲台上。 

 

    「道别来啦」 

 

    「是吗。再见，回去的路上要当心」 

 

    「好——」 

 

    她虽然答应着，但",
1683,160185," ★☆★☆★☆轻小说文库(Www.WenKu8.com)☆★☆★☆★ 

  SS2 庭院与永远的使者  
     网译版 转自 百合会 

 

    翻译：yyk2a 

 

    并排放置的长椅上空无一人。 

 

    离公园稍微有些距离的散步道旁并排着几颗大树，每颗都开满了鲜花，枝头繁茂。我抬头仰望，像呼吸一样慢慢地回想着那花的名字。 

 

    轻轻拂去飘落在长椅上的花瓣，坐在中间偏右的位置。 

 

    似乎是等待着有什么人坐在旁边。 

 

    我坐下来环视周围的景色，发现我置身于绿色之中。也许是因为管理很到位吧，树木的高度都是一致的，脚下的草也修剪得很整齐。是将自然景观人为地布置起来，美丽而又充满矛盾的空间。 

 

    就像是个庭院。 

 

    我望着无声飘落的花瓣，眼角被微微渗出的睡意所侵蚀。无法抗拒地闭上眼睛。耳朵被缓缓塞住，意识像溶化了一般无法保持形状。 

 

    我回忆起了一些事情，随后再次入睡。我忘却了一些事情，随后略微苏醒，又再度微睡。 

 

    就这样。 

 

    安稳的，永无止境的睡眠会持续到什么时候呢。 

 

    将此打断的，是啪嗒啪嗒略显呆笨的脚步声。我微微睁开眼睛，从缝隙中看去，一个奇怪的生物正爬上身边的长椅。小小的……鲸鱼？虽然我没有自信，但那是个穿着鲸鱼玩偶服的女孩子。她哼哧哼哧地爬到长椅上，脚够不到地面，忽忽悠悠的晃着，然后抬起头来看着我。 

 

    「呼呼呼，你好」 

 

    「你好……」 

 

    她会和我说话令我感到有些惊讶，但还是对她回了礼。她那水色的头发，很奇特……感觉好像在哪里见过。她就像认识我一样和我打招呼，也许只是我忘记了吧。 

 

    鲸鱼的背上背着一个小尤克里里。可能是有些年头，大部分油漆都剥落了。 ",
1683,57157," ★☆★☆★☆轻小说文库(Www.WenKu8.com)☆★☆★☆★ 

  第一卷 制服PINPON  
     台版 转自 轻之国度 

 

    图源：Icekino 

 

    录入：zbszsr 

 

    修图：ember1010 

 

    「来打桌球吧。」一起跷课的安达如此提议，使得我们之间默默出现桌球风潮。在大窗户不能打开而有些闷热的体育馆二楼，摆放着如今很少使用的桌球桌与整组球具。 

 

    可以俯视一楼的那一侧，挂着绿色的网子。推测是这所学校还有桌球社时留下来的，以免没打到的球掉到楼下。正好觉得一直坐在网子边角和安达低声闲聊也有点腻了，所以我也赞成这个提议。 

 

    现在是十月下旬，学校已经换季，穿长袖制服却还有点热的季节。天气晴朗，天空湛蓝又清澈，体育课也都在操场进行。擅自使用体育馆的只有我们。我窥视楼下确认这里只有我们之后，开始和安达准备球桌……「你国中的时候参加过什么社团吗？」 

 

    因为不熟悉桌球网的架设方法而陷入苦战的安达如此询问。我和安达一起跷课至今约一个月，但好像没聊过社团的话题。 

 

    「打过篮球。当时有点热血，还练习投篮到很晚。」 

 

    「真意外。」安达说。大概是因为我比她矮才讲这种话吧。 

 

    「啊，那要打篮球吗？」 

 

    「我可不会对外行人使出真本事喔。」 

 

    「真敢说。」安达笑了。要是在楼下球场打篮球，老师肯定会听到声音立刻发现我们。安达也不是说真的。而且虽然理所当然，但我们都穿着制服，打篮球会导致裙摆飘扬，彼此可能都会老是在意走光。 

 

    外行人要打球，桌球这种裎度的运动恰到好处。 

 

    适合在二楼这个小小的空间偷偷玩。 

 

    安达与我是高一学生。入学至今，彼此都不太认真。我和",
1683,72353," ★☆★☆★☆轻小说文库(Www.WenKu8.com)☆★☆★☆★ 

  第二卷 岛村 前往健身房  
     台版 转自 百度贴吧 

 

    录入：zxc958298 

 

    『你会做仰卧起坐吗？』 

 

    在出门前不久我寄了一封这样的邮件，过了差不多两分钟以后便接到安达打来的电话。我边把运动背包重新背好，边接起电话。从房间里窥看走廊，还能看到母亲在走来走去，从这点来研判，距离出门距离出门应该还需要点时间。我接起电话后听见了安达的声音。 

 

    『你刚才那封邮件是什么意思？』 

 

    「咦，就是字面上的意思啊，问你会不会做仰卧起坐这样。」 

 

    我靠在门旁边的墙上问她这个问题。因为也不是什么非得要打电话问的问题，所以她打过来让我有点困扰。我没有先想好要和她说什么。要打电话给别人的时候，我都会不小心先去思考要跟对方说什么，但是曾经有人对我说过这样的想法很奇怪。这样很奇怪吗? 

 

    『仰卧起坐？嗯……』 

 

    安达的声音变得遥远，等了一小段时间后，她的声音又回到了耳边。 

 

    『成功了。』 

 

    安达如此向我报告，看来她跑去测试自己能不能做仰卧起坐了。该说她很老实，还是该说她很正经呢？ 

 

    『呃……我做到了，所以呢？』 

 

    「那还真是厉害。」 

 

    我夹起电话为她鼓掌，不过心里却想着「什么嘛，原来她会啊」对于没能找到同伴觉得很遗憾。 

 

    「其实，没有人帮我压住脚的话我做不出来耶。」 

 

    『是吗？』 

 

    「是啊。」 

 

    我隔着衣服摸起我的肚子，虽然没有赘肉，可是连带地也完全没有肌肉。 

 

    反倒觉得平常都没意识到钻入被窝睡着以后是怎么起来的这点很不可思议。顺带",
1683,72363," ★☆★☆★☆轻小说文库(Www.WenKu8.com)☆★☆★☆★ 

  第三卷 序  
     台版 转自 百度贴吧 

 

    录入：zxc958298 

 

    「今天的安达同学」 

 

    「岛村~！」我以不曾发出的大音量呼唤，从岛村身后扑向她。我在岛村扛着我的脚背我的状态下，露出笑容看向她。 

 

    岛村也露出微笑回应我。 

 

    我做了那样的梦。 

 

    「…………………………………」 

 

    我用双手捂住脸。 

 

    「…………………………………」 

 

    突然觉得好想死。   

  第三卷 第一章「请挑选一个适合我的巧克力」  
     不论谁怎么说，现在都是冬天。肌肤感受到的东西，以及云朵的模样都彻头彻尾是隆冬时期。稍微松懈下来鼻子就会冷，上课时不经意地发个呆，眼皮就会变得沉重也是……这部分或许不管是哪个季节都一样。即使如此，冬天时就是不管睡了多久，还是会特别容易打瞌睡。是身体想要冬眠吗？我觉得有办法冬眠的话，那样也不坏。 

 

    这样的二月四日，一如往常地逐渐迈向日落。 

 

    今天的课程终于结束，教室里的干涸气氛也因此松懈下来。也有人在课程结束后，为了参加社团活动而马上奔向外头。我心想「他们还真是用简单明了的方式在享受青春啊」，目送他们离去。同时走廊上的空气也蹿进教室，那温差使我稍微颤抖了一下。气温寒冷得让我实在无法冒出冲向走廊的念头。 

 

    寒假结束时跟暑假那时候一样，换过了座位。而抽签的结果，使得我的座位从教室中央变成接近后方出入口。虽然不是什么特别的事，但我很高兴能拉开和讲桌间的距离。以往曾有过只是大个哈欠就被老师训斥的状况，不过只要拉开距离，老师就不会那么严厉。相对的，只要像现在这样有人出入，就必须感受到连冬天也一同上门打",
1683,72396," ★☆★☆★☆轻小说文库(Www.WenKu8.com)☆★☆★☆★ 

  第四卷 第一章「樱与春」  
     台版 转自 天使动漫 

 

    扫图：村崎幽悠 

 

    录入：村崎幽悠 

 

    修图：Morpho.L 

 

    我偷偷望向樱同学的侧脸，而她的表情就和大家说的一样，仿佛是由冰组成的。 

 

    她那双对任何事物都不抱兴趣的眼睛，就像是只映照出眼前景色的镜子。 

 

    这是在我国中三年级时的春天所发生的事情。升上三年级后换了班级，我也刻意低调一点，结果不知道什么时候就被指派为图书委员了。正确来说应该是叫文化委员，但职务内容是负责顾图书室，所以我觉得说成图书委员也没关系。而我马上就被叫来执行我第一次的工作了。 

 

    坐在柜台的人是我，以及樱同学。 

 

    老实说，我很紧张。 

 

    我一年级时也和樱同学同班，但我们从没说过话。不过，我远远观察，也能看出她是什么样的人。她待人一点也不亲切，相当冷淡，也不常说话。 

 

    而且她的侧脸美得晶莹剔透。 

 

    我想就是因为这样，她才会被人说像冰雕一样。我现在也实际体会到这一点了。 

 

    不过，我也不能一直这样痴痴看着她的侧脸。 

 

    我在深呼吸之后，下定了决心。 

 

    「那个……」 

 

    我含蓄地小声呼唤她。樱同学原本失焦的茫然双眼恢复了光彩。 

 

    「……什么事？」 

 

    经过一小段时间，樱同学才转过头来。丝毫不感兴趣的光润双眼，在极近距离下注视着我。真的有种她完全不在乎周遭事物的感觉。我甚至觉得她愿意来顾图书室是非常难得的事情。但是，她还会再来第二次吗？ 

 

    像今天一样是在午休时过来就算了，我感觉如果时间是在放学后，她绝对不",
1683,72409," ★☆★☆★☆轻小说文库(Www.WenKu8.com)☆★☆★☆★ 

  第五卷 if「就算大家很年幼」  
     台版 转自 深夜读书会 

 

    发布：深夜读书会 

 

    论坛：ritdon.com 

 

    这个世上真的有各种不同的孩子。大家就算身高一样，各自的特色也不会因此变得不明显，一眼就能看出每个人哪里不一样。总的来说，小孩子很可爱，会让人想去保护他们，一直保护到他们这些弱小的存在变得强壮起来。这令我莫名佩服生物真是种被设计得很完美的存在。 

 

    不过，她们比我小时候还要更有个性。 

 

    另一头甚至有个水蓝色头发的女孩子。和她一起玩的孩子总是戴着帽子。真的是有很多不同特色的小孩。不对，那个发色可以用一句「很多不同特色的小孩」来解释吗？ 

 

    「小岛，等一下～」 

 

    下课时间有几个小朋友在走廊跟教室匆忙地来来去去。是大班里面最吵闹……不，是最活泼的小岛，还有老是跟在她屁股后面的小樽。 

 

    小岛会把双手伸向前面，一步步地跑着。她跑步的姿势还是一样特别。可是看着看着，就会莫名觉得温馨。小樽则是像在喊「万岁～」似的高举双手，一直跟着小岛。她也是个奇妙的孩子。不过她这样也很可爱。 

 

    虽然看着都很有活力的她们会让人心情愉快，但相对的也常出现惊险场面，一点也无法松懈下来。尤其小岛很鲁莽，她和周围的朋友们之间不会有道心灵之墙是很好啦，可是我希望她能好好注意一下建筑物的墙壁。为什么把手伸到前面跑步，还会常常撞到额头呢？ 

 

    她们两个跑过教室中间。而看着这幅景象的，不是只有我。 

 

    我哄着其他孩子往她那边看去，就看到她果然正乖乖地独自坐着。 

 

    她把玩着黏土，直盯跑在前头的小岛。 

 

    今年大班的孩子里最麻烦的问题儿",
1683,81033," ★☆★☆★☆轻小说文库(Www.WenKu8.com)☆★☆★☆★ 

  第六卷 「Bitter Sweet Memories」  
     台版 转自 轻之国度 

 

    图源：音无 

 

    录入：kid 

 

    『面对事情时，必须总是真心以对。不然，你的真心永远不会刷新喔。』 

 

    记得长什么样子，却已经不太记得名字的国中老师说过这种话，但感觉他这么说的时候早就为时已晚了。那时的我没有过去的影子，就像顺著溪水流动，受到溪水研磨的石头般圆滑，说得好听点是心灵澄澈，难听点是不会留心注意其他事物。只是让时间毫不停滞地流逝而去—— 

 

    我变成了那样的人。 

 

    其实没有什么让我变成那样的转机。只是环境从小学移到国中，在人际关系应有的样态上逞强的同学也变多了。我想我只是适应了那样的环境。 

 

    善意是从正面敲响心灵门扉的东西，恶意则是透过缝隙悄悄接近的东西。而内心天真，就会让它有接近的破绽。若毫无防备地引诱事态恶化，不会有人施以同情，也不会伸出援手。大致在受伤之前，就会理解到这个道理。 

 

    所以我在被伤害以前，就填满了所有心灵的缝隙。 

 

    这样就不会有恶意透过隙缝前来，也不会有恶意从我心中传出去。虽然感觉好像因为把门的隙缝填满，让我的好奇跟关注也跟著无法表现在外了，但不执著于任何事情不会让我感到精神疲累，反倒很轻松。我就这么以这种状态融入了整体事态的潮流当中。 

 

    我认为这没有好坏之分，它就是这种概念。 

 

    阳光变强就觉得热，接近冬天就觉得冷。 

 

    纯粹接受眼前变化的我其实就某方面而言，本性上没怎么改变。 

 

    所以我不曾对自己感到疑惑。 

 

    我想，今后的自己也一样会是这个样子吧。 

 

    我",
1683,81043," ★☆★☆★☆轻小说文库(Www.WenKu8.com)☆★☆★☆★ 

  第七卷 「如果没有在体育馆二楼相遇」  
     台版 转自 轻之国度 

 

    图源：音无 

 

    录入：kid 

 

    自从开始透过搭电车到别的地方，就觉得自己变成熟了。这不是获得成长那种带有正向意味的实感，只是觉得不论自己愿不愿意，都得踏入这个阶段。没有人能够测量出当事人究竟成熟到什么地步。用来区分的标准只有年龄。 

 

    整个社会会把我当作大人看待。而我需要配合他们的看法。 

 

    就只是这样罢了。 

 

    我搭电车前往其他县，顺著人潮走向地下铁的入口。我立刻走下楼梯，没机会见到被当作醒目会合点的金时钟。 

 

    走到地下，人工的气味就变得更强烈。那些大多是化妆品跟发雕的味道。四处一直传来侵扰耳中的声响，使我无缘得到平稳与安宁。 

 

    我搭乘电车到下一站，再次上下楼梯前去转乘。明明走的距离也不是很远，却只是一直吐出更多叹息。身体有如沾满凝结的灰尘，变得愈来愈沉重。 

 

    自从离开学校去工作，残留在脑袋一角的疲劳感就不曾消失。 

 

    在月台上等待电车抵达时，我不经意往旁边的排队队伍看去。 

 

    我的视线停留在前面数来第三个位置，一副倦怠模样的女性的侧脸上。 

 

    我心想又见到她了。 

 

    她快要长及腰际的长发掺杂著染过发的痕迹，呈现淡淡的褐色。那咖啡色的眼瞳总是充满睡意又沉重，或许就是因为这样，她的长相才比其他人更令我印象深刻。她似乎也跟我一样是上班族，早上经常在同一个时间搭车。年纪看起来也跟我差不多。而当然，她只是个陌生人。 

 

    我不知道她叫什么名字，也不相识。也不曾找她说话。 

 

    应该说，接下来要搭上的这班电车里，大概没",
1683,97801," ★☆★☆★☆轻小说文库(Www.WenKu8.com)☆★☆★☆★ 

  短篇 与岛村  
     网译版 转自 天使动漫论坛 

 

    翻译：真霄蜗牛 

 

    校对：Kirisame.Marisa 

 

    ――放在侧面的看板上是这么写的。 

 

    这是啥？我不禁嘀咕了一声，然后从上到下打量那个像是放在施工现场前面的东西。 

 

    “与岛村”。随便在大脑里把发音转换成汉字一看，可不得了，我晃了晃脑袋打消念头。和岛村有关系吗？既然是自己看着的东西，就不可能和岛村没关系。我是这么想。不过是什么关系来着？稍稍感到害羞后我又歪起头纳闷，视线和思考游移不定。 

 

    自己到底干了些什么才会变成这样，我完全想不起来，过去的记忆像是被人剪掉了一样。 

 

    不过，自己杵在街上，身上穿着校服，所以这不是在上学就是放学的路上。 

 

    今天需不需要去打工啊？我连今天是星期几都不知道。 

 

    愣着也无济于事，于是我决定往前走走看。刚一迈步，看板就突然切换成“安达与岛村”，我吓了一跳。 

 

    我停下脚，凝视看板后退一步。 

 

    “啊，变回去了……” 

 

    看板上倒退回“与岛村”。我再向前一步，又马上变成“安达与岛村”。 

 

    看来就是这么回事。 

 

    我再次从正面看去。 

 

    眼前是一片陌生的风景，而非每天经过视作背景的城镇。身旁有一座小车站建起狭窄的站台。说它窄是指那个通道，看着像是出入口，斜向带扶手，宽度勉强能让两个人并肩通过，在人流量大的时间段估计会很拥堵。出入口上方挂着不大的牌子，旁边还摆着最近已经看不到的公共电话亭。 

 

    至少，我没在这儿坐过车。 

 

    里面有一家笼罩在阴影中的售货亭，还能看到很",
1683,99285," ★☆★☆★☆轻小说文库(Www.WenKu8.com)☆★☆★☆★ 

  第八卷 「远游」  
     台版 转自 深夜读书会 

 

    发布：深夜读书会 

 

    论坛：ritdon.com 

 

    「一回家啊，我爸妈就老是在聊往事。」 

 

    「嗯。」 

 

    「我本来还在想为什么会这样，但仔细想想，好像也是理所当然。毕竟考虑到年龄的话，过去的经历一定比对未来的计划还要长。也难免聊往事的比例会比较高。」 

 

    「原来如此……」 

 

    「说不定我跟安达你之间的事情，也会变成很多以后聊回忆的话题呢。」 

 

    「嗯……」 

 

    稍做思考过后。 

 

    「那样搞不好还不赖。」 

 

    「不赖不赖。」 

 

    我一边整理行李，一边聊着这些。 

 

    安达似乎想晚上再整理剩下的行李，现在正坐在沙发上看电视。萤幕上播着像是教育节目的画面。里头有个小朋友穿着似曾相识的太空服，跟穿着白袍的男子站在一起解说着某些事情。不过穿太空服的只是在旁边一刻不得闲地扭来扭去。 

 

    我想，安达大概完全没有认真看节目在谈论什么。 

 

    五月稍嫌刺人的热气与气温，透过纱窗渗入室内。这个季节不像夏天那样潮湿，不会让人不想往前走。我对这个跟去年同样到来的时期，怀抱着大概跟去年相去不远的看法。 

 

    要是生活节奏剧烈变化到每年对于季节的感慨会不一样也是挺辛苦的，没什么太大差异也是好事。 

 

    这里是我们两个一起租的公寓。我们两个一起挑的地方，一起生活的空间。 

 

    买东西、生活用品、床铺、睡觉时的呼吸声与呼出的气息—— 

 

    大多是两人份。 

 

    而我跟安达都是二十七岁。 

 

    ",
1698,57756," ★☆★☆★☆轻小说文库(Www.WenKu8.com)☆★☆★☆★ 

  第一卷 Memory of Ligaya 序章  
     网译版 转自 轻之国度 

 

    扫图： 百合废忍 

 

    翻译：炎（简介）、Spiked Loosestrlfe（序章、第一话）、LXM（第二、三话）、当妈（第四话）、星空老湿（第五、六、七话、终章）、扇（后记） 

 

    校对：lxm、鲤鱼王 

 

    寂静的无人车站的月台。 

 

    金平糖。向日葵田。 

 

    还有，那辆废弃的电车。 

 

    这是会让人想起名为莉伽雅的不可思议的少女的四大要素。 

 

    回想起来，我的夏天就在那里开始了—— 

 

    Overture 

 

    公元二〇〇七年七月某日 

 

    我下定决心走向车站。在火一样的日光照射中，骑自行车只需7分钟的路程。但是，今天我选择了步行。 

 

    向着四周粗略的眺望了一下，我吃惊地发现，周围两脚行走的生物只有我一个。稻田。稻田。一直到另一边也尽是，稻田。 

 

    因为季节的关系，填满我视野的全都是绿色。 

 

    这里是无聊得就像画中的景色一样的乡下小村子。就连手机的信号都收不到。 

 

    崎岖不平的小路上，一晃一晃走路的女孩的背影仿佛梦游病患者。 

 

    在城市里的人看到可能觉得是壮观的景象，但对这里的居民来说，早已见怪不怪，我按下iPod的播放键。耳机中，庄严的合唱曲开始播放。 

 

    这是电影《黑暗中的舞者》的配乐音轨中的第一首曲子《OVERTURE》。顺带一提，我的iPod里面，只有这个音轨所收录全七首原生曲。 

 

    当第五首曲子《IN THE MUSICALS》结束的时候，我终于到达了目的地。",
1729,58906," ★☆★☆★☆轻小说文库(Www.WenKu8.com)☆★☆★☆★ 

  第一卷 序曲  
     台版 转自 轻之国度 

 

    扫图：c933103 

 

    录入：せんり  

 

    修图：FIREaYZH ♂james1945 

 

    校对：细菌 

 

    当时钟的指标指向深夜十二点四十分时，双手抱胸的少女猛然睁开眼睛，然后从椅子上站了起来。 

 

    「好……」 

 

    少女满足地确认时钟后，便开始实行计划。她把耳机拿在手上，悄悄离开自己的房间。为了不让地板的声音响彻整个家中，女孩慎重且迅速地走下楼梯。这个地方算是最初也是最大的难关，结果绷紧神经的她花了三分钟左右，才来到目的地——客厅。确认那里没有任何人之后，少女松了一口气。如果爸爸或妈妈还在客厅，那么今天晚上的计划就泡汤了。要是被发现这个时间还没睡觉，一定会马上被赶回房间去。 

 

    放下心来的少女首先朝电视走去，接着将耳机的端子插进插孔当中。悄悄按下电视的电源开关后，静电便随着低沉的启动音迸出。 

 

    等她戴好耳机并且调整好音量时，已经快要十二点四十五分了。 

 

    少女以睡衣的袖子擦去不知何时流出的手汗。 

 

    父母亲应该不会听见剧烈的心跳吧。 

 

    衣服摩擦的声音与电视的声音应该没有传出去吧。 

 

    不知是否受到混杂着期待与不安的心情所影响，少女对周围的一切变得特别敏感。 

 

    她拼命让高昂的情绪冷静下来，看着感觉比平时还要漫长的广告等待着。 

 

    到了引颈期盼的十二点四十五分，电视画面忽然变黑，声音也跟着消失。 

 

    紧接着聚光灯出现在黑暗中，有一名女性就伫立在光线里。位于光线中心的女性对观众提出了一个问题。 

 

    『……各",
1729,68779," ★☆★☆★☆轻小说文库(Www.WenKu8.com)☆★☆★☆★ 

  第二卷 序章  
     台版 转自 轻之国度 

 

    扫图：千里朱音 

 

    录入：千里朱音 

 

    修图：FIREaYZH 

 

    长谷川奥琳 

 

    东京都出身，血型B型，隶属于拉涅特。 

 

    请常来部落格看看我活跃的华丽姿态！还请大家多多指教(`˙&#8704;˙′) &#65417; 

 

    长谷川奥琳的官方部落格 

 

    明天起进入新学期☆ 

 

    八月也已经结束了…… 

 

    尼莱卡内让人印象最深刻的果然是夏天，就这样结束真让人觉得失落呢——(′˙ω˙`)  

 

    话虽如此，天气依然还是好热！(；&acute;Д`) 

 

    感觉应该少穿一点会比较好吧。(*’˙ω˙) 

 

    但是在季节转换的时期如果不注意保暖的话，很容易就会感冒的，我得小心才行。(`˙ω˙′) 

 

    更何况我又特别怕冷——…… 

 

    大家也要注意身体喔！(*^_°)&#65417; 

 

    －－－－－ 

 

    当时钟的指针指向晚上八点五十五分时，双手抱胸的少女猛然睁开眼睛，然后从椅子上站了起来。 

 

    「好。」 

 

    留着一头飘逸黑长发的女孩面容姣好。她的脸庞白皙、有着秀气的鼻子加上樱桃小口，但是一双锐利的大眼睛却显得炯炯有神。 

 

    至于她那纤细的身躯，则是穿着哥德罗莉风格的纯白色战斗礼服。 

 

    拉涅特股份有限公司的偶像·长谷川奥琳，为了即将开始的偶像擂台，正在休息室内等待着。 

 

    「终于让我等到这天了……属于我的传说即将开始。」 

 

    奥琳笑得肩膀发颤，继续说",
1751,59858," ★☆★☆★☆轻小说文库(Www.WenKu8.com)☆★☆★☆★ 

  第一卷 此花神乐  
     网译版 转自 轻之国度 

 

    翻译： sola_翼 

 

    扫图： zhangtn 

 

    「我想知道我是被谁杀死的」 

 

    不能互相对话。 

 

    不能对上视线。 

 

    我什么都看不到、听不到。 

 

    因此，回头是荒谬的。 

 

    没错，我现在正被人评估着。学校校区里生气勃勃的众多学生中，上乃此花究竟是不是普通的人类。 

 

    不能再重复小时候的失败。 

 

    冰冷的视线中，孤独度过颤抖的时间已经不想再有了。 

 

    我只想继续做个平凡的女生。 

 

    然而。 

 

    我无法对少年的这句话充耳不闻。 

 

    情不自禁回过头的视线前方，穿着司空见惯的月深学园高等部的制服的男生带着不符合他年纪的沉稳表情，笔直地看着我。 

 

    「谢谢你，听到了我的话」 

 

    很有可能已经不存在于这个世界的少年如此说道，莞尔一笑。 

 

    □ 

 

    故事还得追溯到一天前。 

 

    地点不变。 

 

    月深学园中等部的旧校舍。这里正是旧校舍的屋顶，从中等部的时候到进入高等部的现在，仍然是让我中意，能让心沉静下来的地方。 

 

    澄澈的空气，漂浮在天空的白云，我喜欢宽阔高远的景色。 

 

    如果可以的话，我想躺成大字型，一直感受流动的风。 

 

    可是，这个梦想不会实现。 

 

    要说为什么，只要做这种事，制服就会被尘埃染黑弄脏，尽管可以满足我这份并不值得炫耀的脾气，可是之后却会变得十分苦闷。 

 

    没错，现实是严肃的，梦想十分脆",
1819,63214," ★☆★☆★☆轻小说文库(Www.WenKu8.com)☆★☆★☆★ 

  第一卷 第一章 海洋少女  
     台版 转自 轻之国度 

 

    扫图：咸鱼提督溟夜 

 

    录入：横须贺镇守府的提督Naztar（LKID：wdr550） 

 

    修图：梦遗 

 

    1 

 

    冲之岛近海的天气，可以用「晴朗」一词道尽。 

 

    巨大的积云屹立在水平线上，背后则是一片水蓝色的天空。海洋显得无比广阔、蔚蓝，还有一阵凉爽的清风用浪潮声妆点这幅景色，紧接著── 

 

    大爆炸与眾多水柱打翻了这一切。 

 

    「Shit！敌深海棲舰还剩下五艘！一航战Sisters，妳们该不会又大意地集中攻击同一个目標了吧？」 

 

    金刚开玩笑似地喊道。她用三十节以上的高速在海面奔驰，水花隨之飞溅。 

 

    她身边还跟著另外三名舰娘。 

 

    「敌方还剩战舰二、重巡一、驱逐舰二──！我们负责拦住那些傢伙，赤城跟加贺快点准备第二波舰载机攻击──！」 

 

    「不用说我也晓得！这次的旗舰是我，不需要妳囉唆──加贺！」 

 

    「了解。第二次攻击队开始准备。」 

 

    在金刚等人后方，赤城与加贺停止移动让舰载机起飞。她们向天空射出数发箭矢──不一会儿，箭矢分裂成更多枝並变化为舰载机。为了令空袭成功，必须先让大量舰载机在空中集合，再发动联合攻击。 

 

    此时，敌方踪影出现在金刚她们的前方。某种状似鯨鱼的巨大物体高速自水面突击而来。 

 

    「……！前卫的两艘驱逐舰来袭，大概是RO级呢──！」 

 

    「这里是赤城。响、雪风，拜託了！」 

 

    「了解。响，开始与敌驱逐舰交战。」 

 

    「雪风了解！交给雪风吧！」 
",
1819,65557," ★☆★☆★☆轻小说文库(Www.WenKu8.com)☆★☆★☆★ 

  第二卷 序幕  
     台版 转自 轻之国度 

 

    扫图：甲鱼提督溟夜 

 

    录入：咸鱼提督Naztar（LKID：wdr550） 

 

    修图：梦遗 

 

    1 

 

    镇守府裹在春天的气息里。 

 

    时间是五月。在万里无云的晴空下，阳光普照，大气带著令人心旷神恰的暖意。 

 

    镇守府办公室也不例外。在柔和春阳的照耀下，搁置许久的煤油炉宛如有话要说一般，放出微弱的光芒。 

 

    ──不过，对于现在的瑞鹤来说，这种事无关紧要。 

 

    「我说啊，提督。」 

 

    「…………」 

 

    「我说提督。」 

 

    「…………」 

 

    「真是的，提──督──！」 

 

    「怎样啦，你很吵耶。」 

 

    被称作提督的青年叹气似地回应，同时将手里的棋子放到将棋盘上。 

 

    「哎呀，这是……」 

 

    坐在提督对面的翔鹤轻声赞叹。看来她似乎没料到这一手。 

 

    「呵呵……您的棋艺进步了呢，提督。」 

 

    「因为有你们锻炼我嘛。然而即使下了这一手也不见得能赢你们，这点实在令人难过就是了。」 

 

    「毕竟在我们还是军舰时，船员们经常拿将棋打发时间嘛。即使成了舰娘，那些记忆似乎依旧存在。」 

 

    「将棋的确是个非常适合锻炼精神力与判断力的游戏，还能透过棋局了解对手……」 

 

    「是的，能像这样透过将棋了解提督的为人，也让我觉得很开心。」 

 

    「而且我们还约好了，只要我赢，翔鹤就会告诉我你今天穿什么颜色的内裤呢！」 

 

    「人、人家从来没答应过这种事！",
1819,68669," ★☆★☆★☆轻小说文库(Www.WenKu8.com)☆★☆★☆★ 

  第三卷 序幕  
     台版 转自 轻之国度 

 

    扫图：夏活绝赞吃屎中的溟夜 

 

    录入：虐杀田中数万次的Naztar（LKID：wdr550） 

 

    修图：梦遗 

 

    这个房间在强烈的夕阳照耀下，染得有如火焰般赤红。 

 

    房内有众多排列整齐的书架，潮湿的空气里带著浓厚的纸张味。不过，或许是因为夏季才刚开始，因此气候还不算太热。 

 

    「……是这个吧。」 

 

    提督从书架上取出其中一本，递给背后的舰娘。 

 

    「这就是你要的资料。保险起见，希望你在这里确认一下内容。」 

 

    「……好的。」 

 

    舰娘缓缓以右手翻阅书页──她的手指显得有些颤抖。 

 

    她的表情随著窜过全身的寒意而僵住。众多舰娘对过去那场战争的证言映入眼帘。 

 

    提督看向舰娘缓缓翻阅的书页。 

 

    上头重复著几个特别的词语。 

 

    短期决战。帝都空袭。纸上演习。大意。准备不足。战力分散。索敌不周。 

 

    第一航空舰队。利根四号机。友永队。需要第二波攻击。形似航母的船舰。武装更换。混乱。上空有敌机，俯冲。 

 

    三航母受创。 

 

    飞龙反击。 

 

    机动部队毁灭。 

 

    攻势临界点。战况转捩点。末路的起点。 

 

    中途岛。 

 

    「……就是这个没错。」 

 

    「这样啊。我把房间的钥匙给你，你可以自由阅览。不过，可别让其他舰娘知道喔。」 

 

    「我明白。那个……」 

 

    「怎么？」 

 

    舰娘有些犹豫地问道： 

 

    「除",
1819,74151," ★☆★☆★☆轻小说文库(Www.WenKu8.com)☆★☆★☆★ 

  第四卷 序幕  
     台版 转自 轻之国度 

 

    扫图：春活吃屎中的三甲咸鱼溟夜 

 

    录入：死活都要拿到爱荷华的Naztar 

 

    在宛如浓醇牛奶般深邃的雾里，有数道闪光明灭。 

 

    「敌方舰队来了──素负责护卫的家伙！」 

 

    第三机动部队受命依AL/MI作战攻击AL列岛中，DH岛的敌方泊地，这声叫喊出自担任该部队旗舰的轻型航母龙骧。 

 

    在龙骧手中，飞行甲板──正确说来，应该是装饰成飞行甲板风格的巨大卷轴，已藉著猛烈的风势摊开。 

 

    「航母以外的伦开始突击！飞鹰，隼鹰，要丧喽！」 

 

    「好耶──！舰载机，开始起飞！」 

 

    「了解！这回一定要收拾他们……！」 

 

    飞鹰一边听著龙骧与隼鹰的叫喊，右手摊开飞行甲板。她的左手则发出紫色光芒，同时浮现「敕令」的字样。 

 

    前卫舰娘们也开始突击。不过，她们的身影很快就隐没在雾里，此后只能靠手边的雷达与用以识别敌我的信号灯来确认每个人的位置。 

 

    三名轻型航母在张开飞行甲板的同时，从道服袖口洒出许多飞机形状的白色纸片。 

 

    纸片好似拥有意志般在空中飞翔，成列飘向跑道。 

 

    「第一波攻击队，出击！目标素敌方护卫舰！」 

 

    纸片一张张化为式神原本的样貌──舰载机，并先后起飞。 

 

    舰载机群在眨眼间便组成编队，消失在雾里。至于攻击在这片浓雾中能否成功──如果不试试看，没人会知道。 

 

    （从前天算起，这已经是第五次冲进去了……拜托，务必要在这一战……！） 

 

    飞鹰怀著期待与不安参半的心情这么想。她的额前冒出了汗珠。 

",
1819,74187," ★☆★☆★☆轻小说文库(Www.WenKu8.com)☆★☆★☆★ 

  第五卷 序幕  
     台版 转自 轻之国度 

 

    扫图：咸鱼溟夜 

 

    录入：E7斩杀咸鱼中的Naztar（LKID：wdr550） 

 

    修图：梦遗 

 

    1 

 

    突然，黑夜中浮现数道闪光。 

 

    蓝白色火焰不停摇晃，并在放出强烈光芒的同时缓缓朝海面移动。 

 

    这些光芒，让许多敌影从漆黑世界中浮现。 

 

    数量庞大的驱逐舰集团，负责带领驱逐舰的轻巡洋舰，由侧面列队接近的多艘重巡洋舰与战舰。以及背后的巨大港湾设施──还有一艘守护设施的深海栖舰。 

 

    人们称她为──港湾栖姬。 

 

    这些，就是今晚来到葡萄酒湾那二十名舰娘的猎物。 

 

    「找到了！是目标──港湾栖姬！」 

 

    率领第二水雷战队的川内型轻巡二号舰──神通一面避开林立的水柱一面大喊。后方有五艘驱逐舰紧跟在后。 

 

    半年前改装为改二后，神通的外观和以前有了很大的差异。 

 

    身上服装换成令人联想到武士的帅气造型，成为新注册商标的护额在照明弹光芒下映出幽光，变得更大的绿色缎带随风摇曳。 

 

    「姊！」 

 

    「我知道！」 

 

    回应神通呼唤的人，则是第三水雷战队的旗舰川内。 

 

    她是川内型轻巡，号舰，也带领著五艘驱逐舰。川内和神通一样已经改二，她在黑暗中奔驰的身影，用「水上忍者」形容可说十分贴切。 

 

    两人相互颔首，分别朝敌方深海栖舰群的左右两侧前进。 

 

    敌军显得十分不知所措。因为这么一来将会远离港湾栖姬。 

 

    然而，舰娘们没有给深海栖舰群继续思考的空闲。 

 

  ",
1819,80022," ★☆★☆★☆轻小说文库(Www.WenKu8.com)☆★☆★☆★ 

  第六卷 序幕  
     台版 转自 轻之国度 

 

    扫图：咸鱼溟夜 

 

    录入：重玩一年依旧咸鱼的Naztar（LKID：wdr550） 

 

    1 

 

    镇守府窗外春意盎然──不过，办公室里的气氛正好相反。 

 

    办公桌前的提督也好，站在他身旁的秘书舰大淀也好，在当事者背后聆听的四名潜舰舰娘也好，全都受到这股气氛的影响──身体半僵住了。 

 

    「……西方诸国的状况这么严重吗？」 

 

    提督震惊地问。 

 

    「是的……」 

 

    坐在提督面前那张椅子上垂头丧气的伊号潜舰舰娘──伊八回答。 

 

    伊八湿透的泳装外披著毛巾。不久前，她才跟著伊一六八等伊号潜舰团队抵达镇守府。因此，伊一六八等人也是同样装扮。 

 

    伊八以沙哑的声音说道： 

 

    「深海栖舰的海上封锁严密，因此西方诸国严重缺乏粮食……舰娘勉强维持住海权的沿岸地区还好，但内陆地区已经为了粮食发生暴动，严重的地方甚至演变成内战……」 

 

    伊八断断续续地说著。然而，只要看那颤抖的肩膀，就能明白她情绪相当激动。 

 

    「而且，去年严重歉收，小麦、马铃薯、芜菁全部都长不好，猪、牛、鸡也是到处都遍寻不著……！」 

 

    有人倒抽了一口气──是伊四〇一。那张小麦色的脸变得苍白。 

 

    「尽管各国的舰娘……舰队还健在，却因为海上封锁而缺乏燃料和弹药，就连出击都没办法……不过，即使在这种状况下，大家还是表现得精神抖擞，让人看了就难过……！其实大家应该都很想哭才对……！」 

 

    承受不住的伊八哭了起来。背后的伊一六八等人，只能默默地在旁守望。 

 

   ",
1833,63846," ★☆★☆★☆轻小说文库(Www.WenKu8.com)☆★☆★☆★ 

  第一卷 序章  
     网译版 转自 轻之国度 

 

    扫图：flankoi 

 

    翻译：flankoi 

 

    献给友人Ｒ与他的猫咪们。 

 

    －－－－－－－－－ 

 

    自己的身体被摔烂的声音，通过骨传导回响在脑内。 

 

    并未觉得疼痛。那是因为她的身体已经来不及对疼痛这一感觉做出反应。扩散在全身的冲击力，以及从未听过的声音，侵占了她的全部感官。脂肉碎散，骨头断裂，血液流失，她就这样倾听着自己的生命一点一滴地消逝。 

 

    一切就这样结束了。 

 

    别提爬起身来了，就算想要大声呼救，也完全做不到，她只能瘫在地上，茫茫然地仰视着刚刚抛弃了自己的那片湛蓝的天空。没有痛苦，没有知觉，甚至无法眨动双眼，一点也感觉不到这副身体是属于自己的东西。简直就像是徒有鲜明的意识，却无法动弹的人偶。 

 

    ——我要死了，她漠然地想。 

 

    就好像这是与自己无关的事情一样。 

 

    既不觉得悲哀，也不觉得愤怒，她专注地仰视着天空——那片沉重得就像是要将自己吞没一般的蔚蔚夏空。万里无云的天，蓝得过于纯粹，令人难以相信这真的是天空。以至于明知自己仰面躺在地上，却依然产生了一种错觉——自己其实正漂浮在半空中，俯瞰着蓝天。 

 

    并非坠落在地面上。 

 

    而是坠落到天空中。 

 

    但错觉终归是错觉，身体依然无法移动分毫，意识也渐渐变得稀薄。近在耳边的聒噪蝉鸣，依稀变成了来自于远处的回音。映在眼中的事物一点点开始雾化模糊。 

 

    就在这残存的视觉里，她最后看到的是—— 

 

    少女的笑容。 

 

    在自己不久前所处的屋顶上，站着一位少女",
1845,64615," ★☆★☆★☆轻小说文库(Www.WenKu8.com)☆★☆★☆★ 

  第一卷 学生会骚动篇 上 第一部 开端  
     台版 转自 轻之国度 

 

    图源：小刻 

 

    录入：zbszsr 

 

    修图：黑羽 

 

    春天。 

 

    因为家里的关系，你转学进入君咲学院。 

 

    除了「在开学过后没多久这样奇怪的时间点转学」这点有些特殊之外，直到去年为止，君咲学院一直都是女校，因此除了你以外，所有学生清一色都是女生。 

 

    你的神情不免有些紧张——整理了一下过去在男校就读时所穿的制服领口后，打开了自己所属的班级·君咲学院二年A班的教室大门。 

 

    热闹的教室里，有个站在窗边的女孩子注意到你出现在门口。 

 

    「嗨，太好了，我们同一班呢。」 

 

    她的态度亲昵，脸上的笑容和蔼，往你走了过来。 

 

    那是个身材高眺的女孩子，她摇曳着柔软的棕色秀发，轻轻地朝你挥着手。她身上依学年区分的制服颜色为蓝色——二年级的颜色。 

 

    应是和你同一班的女孩子礼貌性地点了个头。 

 

    「还记得我吗？我是三波夏美，我们以前常一起玩呢。」 

 

    她有些难为情地低下了头。 

 

    这位叫做夏美的女孩子看来是你的儿时玩伴。 

 

    这么说来，隐隐约约——你对过去和她感情要好这件事好像有印象，又好像没什么印象……大概因为事情发生在很小的时候，记忆也是模糊不清。 

 

    夏美对你的事情似乎记得很清楚，模样显得兴高采烈。 

 

    「听说你回来这里的时候，我很高兴呢。不过真是吓了我一跳，没想到你真的转进我们学校了。」 

 

    她动作夸张地左右摆手，表现出内心的惊讶。那是个身材高得需要抬头仰望，动作",
1845,66108," ★☆★☆★☆轻小说文库(Www.WenKu8.com)☆★☆★☆★ 

  第二卷 学生会骚动篇 下 第五部 骚动  
     台版 转自 轻之国度 

 

    图源：zince99 

 

    录入：zbszsr 

 

    修图：米大可 

 

    「那么，接下来就开始进行定期的『运动性社团社长会议』！」 

 

    学生会长——鹤海妃麻里抬头挺胸地宣告会议开始。 

 

    她那可爱的娃娃音渗透到校园里的每一个角落，回荡在整个君咲学院里头。 

 

    「今天主要是讨论本期预算的决议，不过，任何与运动性社团有关的议题，也都可以提出来讨论……请各位把握这个机会，只要有任何意见，都可垦星无保留地提出来喔！」 

 

    学生会长身材很娇小，不小心看走眼的话，有可能会以为她是个小学生。但她身上穿的可是货真价实的三年级制服，手臂上还佩戴着闪闪发亮的学生会长臂章。她那头光泽耀人的黑色头发很长，为了避免阻挡眼前的视线，她的浏海有大致修整过一下。 

 

    这位学生会长抬头挺胸，略显自傲，却也因为青春的充实感，而让她全身微微地颤抖着。 

 

    （呼！好久没做这么像学生会长的工作了！） 

 

    接着，她望了望眼前的光景。 

 

    令天的场地是在LL教室，这间教室通常用来开这类跨社团或跨委员会的大型会议。现在正值放学后的时段，窗外有田径队的同学在跑步、放置跨栏，也有踏上返家路途的同学们在闲聊。 

 

    学生会长看着这样的光景，很满意地说着「嗯、嗯」，一边点了点头。 

 

    （啊！真是太好了——好在有『秘密读书会』，总算让我躲过被当的命运，可以好好做完我学生会长的工作啦！这都得要好好感谢『魔王』久坂彩芽！） 

 

    现在，学生会长正面临着一场苦难。 

 

    爱",
1868,124370," ★☆★☆★☆轻小说文库(Www.WenKu8.com)☆★☆★☆★ 

  第四卷 抓住机会就靠自己喽 序章 无限，忠告，糟糕  
     台版 转自 轻之国度 

 

    轻之国度录入组 

 

    图源：linpop 

 

    录入：kid 

 

    那边那个对于同样的事一再重复，打从心底厌烦没什么刺激的每一天的你。 

 

    感到无聊满满的你，就让人家──八井田风勇于向你提出忠告吧。 

 

    不该因为无聊就沉溺于眼前的快乐。 

 

    千万别以轻率的心情安装手机游戏。千万别对游戏沉迷到连睡觉时间都觉得浪费。千万别骗父母然后花钱玩游戏。一个不小心小命就会不保了。 

 

    花费的金额会不断增加，后来还会因为「无限负面螺旋」摔个倒栽葱。 

 

    「啥？无限螺旋？也太夸张了吧。」 

 

    你刚刚对人家嗤之以鼻了吧。好好好，人家知道的。所谓的人类，只要没被逼到那种危机境地，都无法听进别人的忠告。 

 

    人家也是，在花钱这件事穿帮而惹火了妈妈的时候，也没想到会有这种遭遇。 

 

    智慧型手机跟零用钱遭到没收当作惩罚，这些都还在能料想到的范围内。 

 

    因为迟到所以得在学校写悔过书，变成负责倒垃圾的人，这些归咎于运气不好也就算了。 

 

    可是，突然间遭到枪械攻击，还被强迫参加什么「黄金蛋的生存斗争（Royal Game）」这种莫名其妙的游戏，真的是完～～全出乎人家的意料啊！ 

 

    你知道所谓的蝴蝶效应吗？ 

 

    据说光只是像蝴蝶振翅那种很小很小的一点点差别，随著时间经过就会接二连三引起巨大的变化。 

 

    依这种观点思考的话，现在发生在人家面前这些糟糕透顶的事，也是只要人家不花钱玩游戏的话，说不定就不会发生了。小伊不",
1868,132065," ★☆★☆★☆轻小说文库(Www.WenKu8.com)☆★☆★☆★ 

  第五卷 来吧，像○○似的起舞吧 序章  
     台版 转自 轻书架 

 

    轻书架×天使动漫录入组 

 

    图源：轻书架录入组 

 

    录入：轻书架录入组 

 

    她重复作着重复的梦 

 

    啊，又来了呀。 

 

    在住商混合大楼的大楼间，任倾泻而下的冰雨打在我的身上，我如此自言自语。 

 

    这是一场梦。在「那起事件」发生后，我一而再、再而三重复梦见的梦。 

 

    在梦境中，我不知为何倒在路旁。 

 

    我分明想抑制阵阵作痛的脑袋，但身体却像断电一样一动也不动。说不定我的肋骨裂开了。我从刚才就觉得呼吸困难。每一次呼吸都觉得全身传来一阵剧痛，意识变得更加模糊。毫不留情的雨下得越来越大。 

 

    我完全搞不懂，为什么会变成这种状况。不过作梦的特征，就是荒谬又无法理解嘛。 

 

    制服吸水变得很沉重，身体渐渐失去温度。 

 

    宛如有看不见的麻绳将我绑在柏油路上，不管怎么做都完全没用，就算卯足了劲试图起身，我的上半身还是完全不听话。难道在我不知道的期间，多了「一动就罚钱」这条规则吗？开始作这个梦的时候，我为了想办法改变结局，做过了各式各样的尝试。然而，无论怎样拼命挣扎却总是徒劳无功。仍然无法改变结局。我立刻就放弃起身的念头，任由自己倒在路上，静待那一刻到来。虽然说了好几次，这是我重复梦见的梦。此后的情节我全都清清楚楚。 

 

    那么来倒数吧。再过十秒不到，她应该就会出现了。五、四、三、二、一…… 

 

    「羽奈！」 

 

    时机刚刚好。梦中的我窃笑着。 

 

    双马尾的天使果然来了。 

 

    拼命跑向我的她，穿着跟我相同的制服，跟",
1868,132354," ★☆★☆★☆轻小说文库(Www.WenKu8.com)☆★☆★☆★ 

  第六卷 我是脑浆炸裂Girl 序章 休戚与共直到默默死去  
     轻书架×天使动漫录入组 

 

    图源：轻书架录入组 

 

    录入：轻书架录入组 

 

    事情为什么会变成这样呢？ 

 

    即使我不断自问自答，也完全找不出答案。 

 

    我混乱的脑中只盘旋着无可奈何的焦急与后悔。想要的答案明明不是那个，然而却满脑子只浮现出【绝望】二字。我的喉咙深处一下子缩紧，无法顺畅呼吸。 

 

    完全不打算停歇的大雨打在身上，我望着自己最喜欢的她的容颜。 

 

    在我怀中的羽奈一动也不动，从她的头上涌出鲜血，无论雨水冲洗掉多少次，还是将她的额头染成了一片殷红。随着渐渐失去体温，羽奈的身体也变得苍白而失去活力。湿黏滑腻的伤口在路灯照耀下发光。 

 

    即使没有医疗知识的我也能明白。 

 

    我对这样的伤势束手无策。 

 

    就这样放任不管的话，要断气也只是时间上的问题了。她由于遭到机车撞击而失去关于我的记忆。她会就这样在连身分都不知道的女人怀抱中死去。 

 

    我绝不会让她如此空虚地死去。可是我什么都做不到。明明羽奈的生命之火似乎随时都会熄灭，但我除了望着她以外什么事都做不到。 

 

    说什么休戚与共，说什么命运共同体。 

 

    在受苦的就只有羽奈一个人啊。分明这样近在眼前，我竟然如此无力。竟然连一点忙都帮不上。 

 

    「对不起……都是我的错。」 

 

    我知道不会有人回应我。 

 

    但我还是非得向她道歉不可。我任由因雨水而湿透的浏海黏在额头上，就这么紧紧地抱住羽奈。她的身体犹如人偶一般无力且沉重。我再次质问无能又愚蠢的自己。 

 

    「",
1868,65575," ★☆★☆★☆轻小说文库(Www.WenKu8.com)☆★☆★☆★ 

  第一卷 序章 牢笼之中的牢笼  
     台版 转自 轻之国度 

 

    扫图：linpop 

 

    录入：zbszsr 

 

    修图：Mari 

 

    啊，原来如此，这就是那个吧。 

 

    是我之前在网路文章还是哪里看过的那个。 

 

    所谓的梦境是「人类心中的欲望、不安或愿望，以稍微变形扭曲的样子反射出来，像是镜子一样的东西」。从前有个伟大的心理学者好像这么说过，又好像没有。 

 

    虽然记忆暧昧，但却不经意地留在我的脑中。从网路之类的地方看来的资讯大概都是这样吧？ 

 

    「说什么会变形，根本完全一样啊。」 

 

    看着眼前的梦境，我忍不住低声吐嘈。 

 

    周遭一片漆黑，完全看不见「铁栏杆」外的任何东西。 

 

    然而这地板粗糙的触感。 

 

    还有混杂在潮湿空气中的一丝酸甜气味。 

 

    这里想必是令我又爱又恨，我所就读的高中圣阿蒂蜜丝女学院吧。 

 

    我现在被关在牢笼之中。 

 

    并不是「教室就像个牢笼」这种比喻式的说法，而是货真价实的牢笼。是四面环绕着铁栏杆，狭小到双手双脚无法自由伸展，像是关着马戏团动物的那种牢笼。 

 

    如果说「牢笼之中的牢笼」是表现出我心底的不安，这一切未免也太忠实呈现了吧。难道这已经是我的大脑所能创造出的极限吗？ 

 

    既然是这种荒谬又肤浅的梦境，最好还是赶快醒来。 

 

    把掀起的制服裙摆拉好以后，我的双手试着狠狠地捏自己的脸颊。然而却完全没有要从梦中醒来的迹象。 

 

    「……快点给我醒来啦。」 

 

    我对自己如此喊话并继续捏脸，然而不论捏了多少次脸",
1868,67542," ★☆★☆★☆轻小说文库(Www.WenKu8.com)☆★☆★☆★ 

  第二卷 怎样都好，我想吃马卡龙 开场 要再度开始游戏吗？  
     台版 转自 轻之国度 

 

    扫图：linpop 

 

    录入：zbszsr 

 

    修图：颓废的阿船 

 

    来整理一下现在的状况吧。 

 

    平凡又缺乏个性的我——市位羽奈，为何会陷入这般绝境呢？ 

 

    为什么我现在会有生命危险呢？应该值得试着好好整理一下吧？我对自己如此说道。 

 

    现在回想起来，或许从我将国中三年全都奉献给读书，递补录取进了名校圣阿蒂蜜丝女学院的那一刻起，我的人生就开始脱轨了也不一定。 

 

    明明好不容易才考上，但因为我无法顺利适应校园生活，结果每天都过得浑浑噩噩的。 

 

    我的心灵支柱有三个。首先是我所持有的一台智慧型手机跟一台一般型手机。 

 

    然后是听见我淡淡爱慕的初恋对象——导师田筱珠云的声音，以及偷瞄眉清目秀的超级大小姐，也就是我的同学——稻泽花。 

 

    「难道我会就这样度过一成不变的高中生活吗……」 

 

    正当我在思考这种事之时，经由田筱老师的手，我跟同学们一起被关在学校里头。 

 

    在我还搞不清东南西北之际，我莫名其妙地被迫参加用手机玩的死亡游戏「黄金蛋的求职活动」（Job Hunting Game）…… 

 

    我如今身处在一旦游戏失败，或是敢做出丝毫反抗行为，就会遭到听令于田筱老师，称之为「饲育员」的男人们拿枪射杀的绝望状况之下。 

 

    唯一值得欣慰的是我跟憧憬的同学稻泽花组成了好搭档。 

 

    多亏有小花我才总算能解决至今天外飞来的这些难题。 

 

    结束两场游戏后，我的同学城野木叶(通称Rich)",
1868,73585," ★☆★☆★☆轻小说文库(Www.WenKu8.com)☆★☆★☆★ 

  第三卷 大致上都很鲁莽冲撞 序章 通往快乐的入口  
     台版 转自 轻之国度 

 

    扫图：好人L 

 

    录入：好人Z 

 

    哎呀，总之先冷静下来。 

 

    为了方便发挥想像力，总而言之先尝试闭上双眼如何？ 

 

    闭上之后，希望你能让脑子全速运转并让思考变得更灵活，集中全副精神想像一下。 

 

    你现在无聊至极。 

 

    如果要比喻那种无聊程度的话，这个嘛…… 

 

    就像是看完医生在候诊室等待付钱那样吗？ 

 

    还是像在早上的升旗典礼听校长说些「非常能提升上进心而且似乎很有深意的肤浅谈话」那样吗？ 

 

    又或者是听自己一点都不感兴趣的同班同学的恋爱故事那样吗？ 

 

    真是的，反正你就是闲得不得了。 

 

    请想像自己：午觉也已经睡到不想睡了，再睡下去你担心晚上可能会睡不著，或者是每隔五秒就想问一次周遭的人「有没有什么有趣的事？」然后被人嫌烦……就是那样的状态乘以三倍左右那么无聊！ 

 

    就在无聊的浪潮即将吞噬，令你濒临溺毙之际—— 

 

    你的眼前突然出现了一个按钮。 

 

    只要按下这个按钮就能瞬间赶走无聊。 

 

    而且按越多下，有趣的事情就会一个接一个发生。 

 

    简直像每拍一下口袋就会变得越来越多的魔法饼乾。抑或像是灯塔的亮光，照耀位处一片漆黑大海中的你身上！ 

 

    按钮看上去正发出闪亮夺目的光辉，实在非常吸引人，还有种时髦感。 

 

    而且在按钮的周遭…… 

 

    「请大家尽情地按！」 

 

    「按下去会发生非常有趣的事情喔★」 

 

    「按下",
1966,69040," ★☆★☆★☆轻小说文库(Www.WenKu8.com)☆★☆★☆★ 

  第一卷 1弹 间宫明里  
     台版 转自 轻之国度 

 

    扫图：任雷劈 

 

    录入：任雷劈 

 

    初校：任雷劈 

 

    修图：日常殴豆豆 

 

    庶民老街的感觉犹存的中央区·胜哄—— 

 

    强袭科一年级生·间宫明里居住的公寓就位于这座填海岛上，搭乘巴士即可到达建于人工浮岛的东京武侦高中。 

 

    在这栋租金便宜到让人怀疑会不会是凶宅的『胜哄大楼』其中一间租屋中—— 

 

    ——明里在早晨阳光的照耀下而睁开眼睛。 

 

    已经升上高一却只有一百三十九公分的幼儿体型，穿着扑克牌花纹的睡衣，在床上缓缓坐起身子的明里…… 

 

    「……唔……」 

 

    脑袋还呈现半睡半醒的状态。 

 

    如小宠物般圆滚滚的大眼睛虽然还半眯着，不过看着贴在墙上的照片便越睁越大。 

 

    那是明里擅自用手机偷拍下来，利用便利商店的印表机分好几块印刷成彩色A3照片再拼凑而成的自制海报。 

 

    照片中的人物…… 

 

    是一名粉红双马尾、身穿东京武侦高中白底深红色水手服、双手握有两把大型手枪Government——看起来威风凛凛的女孩子。 

 

    这位女孩名叫神崎·H·亚莉亚。 

 

    就读东京武侦高中强袭科二年级，也就是比明里大一届的学姊。 

 

    （——我的心中有个目标，就是要成为像亚莉亚学姊那样的人……！） 

 

    明里眼神认真地仰望着那张照片…… 

 

    ……但她的表情很快又变得陶醉起来。 

 

    「噢噢，亚莉亚学姊……！」 

 

    接着用那松弛到很没出息的脸…… 

 

    开始",
1966,73874," ★☆★☆★☆轻小说文库(Www.WenKu8.com)☆★☆★☆★ 

  第二卷 14弹 火野莱卡①  
     台版 转自 天使动漫 

 

    扫图：村崎幽悠 

 

    录入：村崎幽悠 

 

    校对：村崎幽悠 

 

    ——有一天上课前…… 

 

    正当明里与志乃和睦地在教室一起预习功课的时候…… 

 

    「请收麒麟成为战妹呢～！」 

 

    从走廊传来年幼的声音。 

 

    听起来非常有精神、有点咬字不清又可爱的声音。 

 

    尖锐的声调加上会用名字称呼自己的习惯，让人很快就知道是谁了。 

 

    就是明里她们上次从绑架犯手中救出来的国中部研习生——岛麒麟。 

 

    「……」 

 

    把身上的改造制服像洋娃娃一样充满荷叶边的岛麒麟背在背上……鼓着腮帮子的莱卡回到1－A的教室。 

 

    麒麟的身材即使说是小学生也会被相信，莱卡则是像模特儿一样高姚，因此『背在背上』这个动作莫名适合她们。 

 

    然而对这样的亲密接触感到开心的却只有麒麟而已，莱卡倒是看起来很伤脑筋。事实上，莱卡也没有把手放到背后支撑麒麟，是麒麟单方面由衷幸福地挂在莱卡身上。 

 

    「……你们是在做什么？」 

 

    听到有点困惑的明里如此询问…… 

 

    「之前那个研习生一直缠着我不放啦。」 

 

    莱卡露出一脸「受不了」的表情回答。 

 

    「姐姐大人～&#9829;」 

 

    相对于一脸疲惫的莱卡—— 

 

    全身挂在莱卡背上的麒麟，就像只不知不觉间黏上人的小猫咪一样。 

 

    顺道一提，麒麟的身材比明里还要娇小。对身高有自卑感的明里光靠目测就能精确测量出别人的身高，麒麟应该是一百三十五公分左",
1966,75787," ★☆★☆★☆轻小说文库(Www.WenKu8.com)☆★☆★☆★ 

  第三卷 26弹 夹竹桃③  
     台版 转自 轻之国度 

 

    扫图：任雷劈 

 

    录入：任雷劈 

 

    初校：任雷劈 

 

    修图：污鸭 

 

    黑白：天轻 

 

    间宫家的秘密—— 

 

    明里一直以来都隐瞒着这件事。 

 

    自从进入武侦高中之后，直至今日。 

 

    无论对志乃、莱卡、麒麟甚至她的战姊亚莉亚。 

 

    然而现在，她决定将一切说出来了。 

 

    因此在明里心中做好准备之前，很自然地稍微隔了一段时间…… 

 

    除了站在墙边的风魔以外，其他人都坐到病房的椅子上。 

 

    大家手中各自端着麒麟泡的咖啡，静静等待明里。 

 

    当中尤其是坐在床上的乃乃香表现得特别不安。 

 

    最后…… 

 

    「我们一族过去曾是公家密探——以现代的讲法来说，就类似政府特务的工作。」 

 

    将眼泪擦干的明里总算开口。 

 

    说出了关于她身世的秘密。 

 

    §　　§ 

 

    江户时代—— 

 

    肥前国御料地，也就是现代的长崎县长崎市新地镇。 

 

    一名身穿和服、头戴旅人斗笠的男子在沙土路面的小巷中快速奔驰。 

 

    男子的容貌像个年轻的少年，莫名讨人喜欢。 

 

    头发和明里一样天生颜色偏亮，并没有绑成发髻。 

 

    然而那张甚至让人感到可爱的脸上，表情却非常拚命。 

 

    手中的两把刀在黑暗中反射明亮的月光。 

 

    公家密探——间宫林藏。 

 

    这是拥有许多假名的他真正的名字。 

 

    此人正",
1966,77579," ★☆★☆★☆轻小说文库(Www.WenKu8.com)☆★☆★☆★ 

  第四卷 37弹 夏日祭典  
     台版 转自 轻之国度 

 

    扫图：任雷劈 

 

    录入：任雷劈 

 

    初校：任雷劈 

 

    修图：bulbfrm 

 

    七月七日，七夕傍晚—— 

 

    乾樱快步走在上野的街上。 

 

    樱的身高一五三公分，即使在国中女生之中也算平均以下。 

 

    因此她身穿女警制服、头戴圆形女警帽的模样看起来就像在玩角色扮演一样。 

 

    不过她其实不只是个武侦，也拥有巡查补的身分。这身服装并不是她在假扮，而是她身为一名实习女警的正式穿着。 

 

    她虽然没有属于自己的办公桌，也几乎不会被分配到公务…… 

 

    不过在公文资料上，她同时也是东京湾警察署的人员。 

 

    这是因为樱是个架桥生，是在警察机关研修的武侦高中学生。 

 

    准警察、付费警察、民间警察——被人们如此称呼的『武装侦探』这项国际资格刚被引进日本的时候，武侦与警察之间发生过不少争执。 

 

    如果只是困于人手不足、被内规绑手绑脚的警察将难以处理的工作交给武侦负责倒还算好…… 

 

    不过后来事态却渐渐演变成双方工作重复而互抢，或警察反而把讨厌、危险、棘手的工作都置之不理、推给武侦处理。 

 

    其中主要的原因，是来自警察对经常工作重叠的武侦燃起的对抗心态——以及因此对武侦的认识不足与轻蔑心态。 

 

    认为不能再这样下去的武侦厅与警察厅便想出一计，或者说偷学了美国和德国原本就存在的制度，也就是架桥生制度。 

 

    在这项制度中，年轻优秀的武侦可以被调派到警察机关接受研习，藉此学习警察与武侦究竟是怎么样的存在。架桥生因此会成为",
1990,113126," ★☆★☆★☆轻小说文库(Www.WenKu8.com)☆★☆★☆★ 

  第八卷 4th特攻强袭 中 第七章「至今为止的其他人」  
     台版 转自 轻之国度 

 

    图源：轻之国度录入组 

 

    录入：Naztar（LKID：wdr550） 

 

    二〇二六年八月二十六日。 

 

    十二点零分。 

 

    第四届Squad Jam开始了。 

 

    莲在战场东南部森林里睁开眼睛── 

 

    又是从森林开始吗…… 

 

    在她内心这么想的同一时间。 

 

    由香莲就读的大学附属高中部新体操社组成的小队，也就是「SHINC」是被转送到战场东北方的角落。 

 

    身体与脸孔都相当粗犷，小孩子见到可能会吓哭的猩猩女眼前所看到的是…… 

 

    「唔嗯……」 

 

    极为宽广的跑道。 

 

    即使晃动辫子转过头去，能看见的也是由到处是裂缝的柏油路面所画出的地平线。其上方是一片晴空，在极高处可以看见红色暗沉光芒。 

 

    老大对同伴下达命令。 

 

    「所有人趴下来警戒周围。冬马你们看见敌人的话可以射击没关系。」 

 

    跑道正中央的视野非常良好，但是附近完全没有能够立刻躲藏起来的地点。如此一来就只能趴下了。 

 

    队友们立刻有所反应。 

 

    穿著散布鲜艳绿点迷彩服的五名女兵，随即围成圆形，拉开些许距离并且趴下。 

 

    黑发狙击手冬马架起爱用的自动式「德拉古诺夫狙击枪」的脚架，然后摆出卧射姿势…… 

 

    「那么，今天是什么样的景色呢……」 

 

    接著窥看可变倍率瞄准镜。 

 

    她所看的是西南方。 

 

    跑道和滑行道前方极远处可以看见模糊的高",
1990,116250," ★☆★☆★☆轻小说文库(Www.WenKu8.com)☆★☆★☆★ 

  第九卷 4th特攻强袭 下 第十二章 为了防止全灭  
     台版 转自 天使动漫论坛 

 

    图源：墨家小白 

 

    录入：kid 

 

    「Pito小姐快逃啊！应该有其他敌人从南方过来了！」 

 

    莲的发言没有获得回应。 

 

    莲虽然瞪着夹在废墟大楼之间的道路前方，但是Pitohui投掷的烟幕弹发出的黑烟流了过来，让人完全搞不清楚状况。 

 

    不过从视界左上角可以知道Pitohui与M的HP正以猛烈的速度减少。 

 

    从刚才就一直听见的是像蜂鸣器般连接在一起的声音。 

 

    之前Pitohui曾经让自己看过影片。并且告诉自己GGO里有名为「M134·迷你炮机枪」的超级高速连射式枪械。 

 

    然后Pitohui也做出符合个性的行为，直接去对拥有这把枪械，名字叫作「怪兽」的玩家表示「价格随你开，把它卖给我吧！」，结果立刻遭到拒绝。 

 

    看见两个人HP减少的速度…… 

 

    咦？难道是立即死亡……？ 

 

    莲对于队友的死亡有了完全的觉悟。 

 

    Pitohui和M绝对是被迷你炮机枪击中，遭到一秒间数十发子弹连射的话，身体肯定会四分五裂吧。 

 

    在莲身边的塔妮亚应该是在跟老大交谈，但是莲听不见内容。不对，应该说听得见声音，但是内容进不到脑袋里。 

 

    两名伙伴的HP持续减少，甚至低于剩下两成的不可次郎…… 

 

    「啊啊……Gun Gale之神啊！」 

 

    只能对莫名其妙神明祈祷的莲…… 

 

    「是装甲悍马车！别管我们了，快往西逃走！」 

 

    耳朵里听见Pitohui的声音。 

",
1990,134304," ★☆★☆★☆轻小说文库(Www.WenKu8.com)☆★☆★☆★ 

  第十卷 Five Ordeals 第一章「女孩的Step step」  
     台版 转自 天使动漫论坛 

 

    天使动漫录入组 

 

    图源：墨家小白 

 

    录入：kid 

 

    二○二六年八月二十九日。星期六。 

 

    小比类卷香莲被西山田炎狠狠甩掉，在KTV里连续唱著神崎艾莎的歌直到喉咙快要扯破之后。 

 

    「呼哈咿……」 

 

    「太拚命了，小比。不过……你……真的很酷哟。我重新迷上你了。痛快一点了吗？看开了吗？」 

 

    「唔哈呼……」 

 

    「哦，这样啊。干得好。好了，喝吧喝吧！」 

 

    横长房间的角落里，疲惫不堪的香莲正仰著身体坐在沙发上。身边可以看到美优正把冰毛巾放到好友额头上，并且把冰红茶的吸管送到她的嘴里。 

 

    然后美优的身边，几乎是房间的中央，戴著较大帽子的神崎爱莎与身穿西装的阿僧祇豪志正坐著── 

 

    「艾……艾莎小姐！我……我们可以问问题吗！」 

 

    「可以吗！」「拜托了！」「请答应吧！」「求你了！」「Please！」 

 

    接著他们的对面，也就是房间的另一边则坐著一群元气十足地举著手的女高中生。 

 

    就是大家相当熟悉的，香莲就读的女子大学附属高中部新体操社的六个人。为了提升队伍的默契而所有人都操作又强又恐怖的角色来享受GGO，在SJ里以SHINC这个名称为人所知的娘子军。 

 

    她们六个人被美优叫来KTV，然后在这里知道了令人惊愕的事实。 

 

    在GGO里肆虐的破坏与杀戮之女Pitohui，其真实身分是── 

 

    SJ2里对游戏加上「角色死亡就自杀」这种赌上真实",
1990,142308," ★☆★☆★☆轻小说文库(Www.WenKu8.com)☆★☆★☆★ 

  第十一卷 5th特攻强袭 上 第一章 事不过五  
     台版 转自 天使动漫论坛 

 

    天使动漫录入组 

 

    图源：墨家小白 

 

    录入：kid 

 

    二○二六年九月十二日。 

 

    某个星期六的二十点，也就是晚上八点──的七分钟前发生的事情。 

 

    莲她…… 

 

    「磅安！」 

 

    听见Pitohui说出省略到极点，根本不知道是什么意思的招呼。 

 

    不对，或许根本不能称为招呼。可能只是一看见对方的瞬间就发出的开枪声。 

 

    地点当然是使用所有五感来享受的完全潜行型VR游戏「Gun Gale Online」里面。在只有档案的世界里建造出来的首都「SBC格洛肯」当中，某间像是会出现在西部电影里的酒场其中一间包厢内。 

 

    虚拟角色身高不到一五○公分的莲，身穿常见的暗沉粉红色战斗服，然后罩着上街时必备的深茶色斗篷进入酒场的包厢。 

 

    「晚安，Pito小姐──只有你一个人？」 

 

    一看之下，中央放置了十人座圆桌的宽敞房间里只有一个人而已。 

 

    深蓝色紧身工作服包裹着纤细高挑的身躯，黑发在很高的位置绑成马尾，然后褐色肌肤的脸上有着几何学图样刺青的女性玩家独自待在包厢内。 

 

    这名无论怎么看都是Pitohui的女子…… 

 

    「其实我是M……早上一起来……就被换过来了……」 

 

    以刻意压到最低的声音断断续续地这么说道。 

 

    听见对方发言后，莲…… 

 

    「冰红茶。」 

 

    就只有这么一句话。 

 

    立刻从桌子底下咻一声出现附带盖子与吸管的杯子",
1990,147036," ★☆★☆★☆轻小说文库(Www.WenKu8.com)☆★☆★☆★ 

  第十二卷 5th特攻强袭 中 前情提要  
     台版 转自 轻之国度 

 

    轻之国度录入组 

 

    图源：夜殇 

 

    录入：夜殇 

 

    SJ4结束后不到一个月就决定举行的GGO小队对抗混战大赛「第五届Squad Jam」──简称SJ5。赞助商依然是那个狗屁作家。这家伙也真是学不乖。 

 

    莲虽然心想这次肯定没有什么奇怪的障碍、诡异的束缚，可以好好地享受游戏了才对，但是事情可没那么简单。 

 

    莲被谜样人物悬赏了作为GGO内货币的1亿点数，等于是现实世界的一百万日圆这样的巨额奖金。造成其他玩家都想着把莲解决掉来赚大钱。 

 

    因此她被迫处身于不论是什么人，甚至连队友都想要她的性命这种令人相当开心的状况当中。 

 

    即使如此，莲还是毫不气馁。 

 

    跟对于被悬赏人头一事感到气愤的SHINC约好共同战斗，莲就跟Pitohui、M、不可次郎等熟悉的成员以及── 

 

    「可以擅自行动，随时可取Pitohui项上人头」的夏莉，以及她的跟班克拉伦斯一起（？）以夺下第三次的SJ冠军为目标。 

 

    本届的特殊规则是设定为「队友能帮忙搬运自己的一套装备，并且进行切换」，莲等人也选出了跟平时不同的装备。至于莲跟不可次郎的装备目前仍不明朗。 

 

    然后SJ5就开始了。 

 

    不知道是否该说性格恶劣的狗屁作家忠实地发挥了他的实力，竟然设定了更为夸张的特殊规则。 

 

    也就是小队所有人分别从不同的地点开始游戏。 

 

    而且战场上还飘荡着只能看见数公尺前方的浓雾。害得莲必须独自处于无法看清周围的世界之中。这实在太寂寞了。 

 

    同时也",
1990,150239," ★☆★☆★☆轻小说文库(Www.WenKu8.com)☆★☆★☆★ 

  第十三卷 5th特攻强袭 下 前情提要  
     台版 转自 天使动漫论坛 

 

    天使动漫录入组 

 

    图源：墨家小白 

 

    录入：kid 

 

    SJ5的战况开始变得火热。 

 

    托赞助商作家任性制定的狗屁──非常独特且具个性的规则，以及某个人悬赏的1亿点数（一百万日币）赏金的福，我们的莲遭到众人执抝的追杀，除了被巨大爆风吹进房子里之外，还打从一开赛就受了许多苦难，不过她仍然活着。莲是个坚强的孩子。 

 

    虽然在浓雾之中好不容易才找到的安全处所被不可次郎的电浆榴弹轰飞了，不过总算是逃过一劫，还成功跟不可次郎会合。 

 

    碧碧则已经逃走。不可次郎生气了。都是你害的。 

 

    莲跟不可次郎以及老大三个人凑在一起，虽然是又躲又逃，还是因为能借由扫描知道位置的莲被多数以赏金为目标的敌人包围。仍然处于危机之中。 

 

    在这样的情况下，本届的特殊规则「武装切换」立刻有了活跃的机会。 

 

    莲与不可次郎互相持有的武装，是以防弹板制作出来的类似垃圾桶的物体──垃圾桶伪装型两人座人力行驶装甲车辆与两把光剑。 

 

    搭上这辆名为「PM号」的装甲车后，负责提供动力的不可次郎与负责以光剑砍人的莲，在浓雾中鏖杀包含实况玩家赛因在内的敌人集团，也就是把他们屠杀殆尽。真是辛苦了。 

 

    这个时候── 

 

    在战场各个地方的伙伴们也以自己的方法活了下来。 

 

    夏莉以滑雪板在地图东南方雪原战场奔走，毫不留情地享受着在浓雾中的追缉。然后偶然遇见炸弹客的其中一人。真的是不小心就这么遇见了。 

 

    从中央北部荒野战场开始参赛的克拉伦斯，在与SHINC的塔妮",
1990,70386," ★☆★☆★☆轻小说文库(Www.WenKu8.com)☆★☆★☆★ 

  第一卷 特攻强袭 序章  
     台版 转自 轻之国度 

 

    图源：chaosfighter 

 

    扫图：Naztar（LKID：wdr550） 

 

    录入：Naztar（LKID：wdr550） 

 

    修图：bulbfrm 

 

    「对了，小莲。」 

 

    「怎么了，Pito小姐？」 

 

    「你看了要举行『Squard Jam（特攻强袭）』大会的电子新闻邮件了吗？今天早上刚寄来的。」 

 

    「…………乌贼的……果酱？」 

 

    「呜哇！别让我想像那么奇怪的东西！」 

 

    「可是你刚才不就提到……盐渍乌贼吗？」 

 

    「哎……这个嘛，听起来可能很像啦。」 

 

    「我很喜欢喔！拿来配热腾腾的米饭！」 

 

    「我喜欢当成下酒菜。说起来我比较喜欢酒盗（注：指盐渍鱼内脏）。」 

 

    「酒盗确实很棒！真的会让人想把它偷走呢！」 

 

    「我说啊……没记错的话，你在现实世界应该未成年吧？」 

 

    「我当然没有喝酒喽。但我很喜欢下酒菜。爸爸和哥哥他们喝酒的时候，我们家一定会有这种下酒菜。」 

 

    「原来如此……你有好几个哥哥吗？小莲又透露真实世界的情报了。」 

 

    「啊……」 

 

    「嗯，我是不会怎么样啦，不过对话时还是要小心。尤其是像我们这样的女孩子。因为有不少家伙会死命搜集详细的情报，有时候还会从你身上套话，最后利用网路搜寻来找出你真正的身分。」 

 

    「我会注意的……谢谢您。」 

 

    「你看，又这么客气了！不用这样！在『这个世界』是人人平等！全是平辈！都是朋友！",
1990,70731," ★☆★☆★☆轻小说文库(Www.WenKu8.com)☆★☆★☆★ 

  第二卷 2nd特攻强袭 上 序章  
     台版 转自 轻之国度 

 

    图源：裸奔男 

 

    扫图：Naztar（LKID：wdr550） 

 

    录入：Naztar（LKID：wdr550） 

 

    修图：零食 

 

    「啊，咦？呃……那个……那个，呃……怎么说呢……」 

 

    小比类卷香莲陷入非常混乱的状态。 

 

    为什么自己会置身于这样的状况当中呢？ 

 

    不知道。真的不知道。 

 

    身高一八三公分这种以十九岁日本人女性来说完全超乎规格的修长身体，目前被人推到背部紧贴在壁纸上。从背后可以感受到墙壁冰冷的触感。 

 

    留著黑色短发的头部旁边有一只手臂。 

 

    经过锻炼后可以清楚看见肌肉的粗壮男性右臂，就这样按在自己左耳旁边的墙壁上面。而手臂的主人当然就在自己眼前。让T恤隆起的强壮胸膛以及眼神锐利的脸庞距离相当近。 

 

    啊……这就是……人家所说的……「敲墙咚」吗…… 

 

    脑袋异常混乱的香莲，首先只了解这一件事。 

 

    敲墙咚。 

 

    通常被解释为「男性将女性逼到背靠墙壁，然后手咚一声撑在墙上进逼的行为」。 

 

    至于为什么要如此咄咄逼人嘛，如果男性不是很缺钱的话，通常都是强迫女性与自己交往。是男性受不了态度暧昧的女孩子所使出的强硬手段。 

 

    虽然知道有这么回事，但没想到会亲自体验。香莲作梦都没有想到，会陷入这种宛如少女漫画女主角般的状况。 

 

    幸好这么做的男性有一定的身高…… 

 

    香莲浮现这种深切的想法。 

 

    眼前的这个人身高虽然比自己矮，但大概也有一七",
1990,85340," ★☆★☆★☆轻小说文库(Www.WenKu8.com)☆★☆★☆★ 

  第三卷 2nd特攻强袭 下 第十章 十分钟内的鏖杀&#8231;其之二（上）  
     台版 转自 轻之国度 

 

    图源：裸奔男 

 

    录入：Naztar（LKID：wdr550） 

 

    修图：Naztar（LKID：wdr550） 

 

    时间回到十分钟前的十三点四十分。 

 

    正是Pitohui等人成功把大量敌人全骗到山谷里，开始一个一个把他们干掉的那个时候。 

 

    「要看扫描喽！」 

 

    跌倒后全身是尘土的粉红色小不点──莲…… 

 

    「了解了！」 

 

    以及另一个小不点──身穿多地形迷彩服、短裤以及绿色背心，两手抱著枪榴弹发射器的不可次郎，目前正在庞大的巨蛋边缘。 

 

    直径约2公里，高达数百公尺的巨蛋，一靠近之下看起来就跟山没两样。 

 

    由没有任何连结缝隙的谜样材质所形成的白色墙面，画出平缓的弧形之后往灰中带红的天空延伸。 

 

    每间隔100公尺就能看见像是门一般的物体，所以应该可以进到里面吧。只能祈祷不要有只能进不能出的情形出现了。 

 

    在车站看过十三点三十分的扫瞄后，花了十分钟的时间移动到这里。这段期间没有与任何敌人接触。 

 

    巨蛋附近只有一整片像是草皮枯萎并消失的柔软土地。 

 

    这里的视野相当良好，目前附近虽然看不见敌人，但是莲与不可次郎不会放松警戒。她们在巨蛋旁边朝著反方向紧趴在地上。把卫星扫描接收器放在眼前并打开电源。 

 

    SJ2的第四次扫描开始了。 

 

    扫描是从北方开始，然后快速南下。 

 

    两人触碰残存的小队光点，确认著它们的名称。强敌MMTM依然",
1990,86235," ★☆★☆★☆轻小说文库(Www.WenKu8.com)☆★☆★☆★ 

  第四卷 3rd特攻强袭 背叛者的选择 上 序章  
     台版 转自 轻之国度 

 

    图源：裸奔男 

 

    录入：Naztar（LKID：wdr550） 

 

    修图：Naztar（LKID：wdr550） 

 

    二〇二六年七月五日（星期日） 十二点十五分 

 

    「呜呀！」 

 

    莲一边发出悲鸣一边跑著。 

 

    身穿粉红色战斗服，粉红色弹匣袋挂在双腿上，戴著粉红色帽子，手拿粉红色枪械，身高不满一五〇公分的小不点…… 

 

    「会死会死会死！这样会死！会死！会死！咿～死定了！」 

 

    就这样噙著眼泪，以壮烈的速度全力奔驰。 

 

    这时有声音透过通讯道具传到莲的左耳当中。 

 

    「别担心！你那么小只，不会那么容易被打中啦。」 

 

    是Pitohui全无紧张感的声音。 

 

    「嗯。莲啊，真有什么万一，我会帮你收尸的。」 

 

    接著传来不可次郎丝毫不紧张的声音。 

 

    「加油。」 

 

    最后是M跟平常一样冷静的声音。 

 

    「呜呜……」 

 

    莲虽然以猛烈的速度奔跑著，但发出低吼的子弹却以更快的速度穿越她的头顶。显示子弹通过路线的红色弹道预测线，像探照灯一般在四周蠢动。 

 

    「真的就这样死了的话，我会恨死你们！我一定变成鬼回来找你们！」 

 

    莲虽然对著不在附近的队友们这么大叫…… 

 

    「在游戏里死亡，真的能变成鬼回来报仇吗？」 

 

    「Pito小姐，这很难说哟。莲这个家伙个性这么一板一眼，说不定真的会被她找出什么好方法。」 

 

    ",
1990,89877," ★☆★☆★☆轻小说文库(Www.WenKu8.com)☆★☆★☆★ 

  第五卷 3rd特攻强袭 背叛者的选择 下 第八章 至今为止的SHINC  
     台版 转自 轻之国度 

 

    图源：轻之国度录入组 

 

    录入：Naztar（LKID：wdr550） 

 

    二〇二六年七月五日。 

 

    十二点三分。 

 

    「哇哈哈哈哈！」 

 

    老大笑了起来。 

 

    豪爽地笑了起来。 

 

    这时她正在岛屿的东南方边缘眺望著靠近的海洋。 

 

    「真有趣！小姐们，屁股著火了哟！一开始就毫不留情地进入突击态势喽！」 

 

    SHINC是在三分钟前，从岛屿东南方边缘的海岸开始本届大赛。 

 

    根据SJ2以后「强队分散在四个角落」的不成文规定，这是距离上届优胜的「强队」T-S、MMTM还有莲等人都相当遥远的位置。 

 

    周围是有许多巨大岩石塔并列的岩砾荒野。 

 

    高度15公尺到20公尺，直径5公尺左右的岩塔在数十公尺的间隔下凌乱地竖立，呈现出一副不可思议的景观。 

 

    宛如竹笋怪物的岩塔，正如M所预测的是因为雨水侵蚀而形成的大自然艺术品。雨降落到容易被水侵蚀的大地，只有上方覆盖著其他种类岩石的地方变成塔状残留下来。 

 

    下方则因为是别的地层是坚硬的岩层而几乎是平坦地形。因此这里除了塔的后面之外就没有其他藏身处了。 

 

    但可以知道大赛开始后1公里内不会有敌人，而且也因为塔的关系而看不见远方。SHINC的六个人就警戒著海洋之外的周围，并且选择了观看十二点十分首次扫描的固定程序。 

 

    但是短短一分钟后── 

 

    「咦！各位，海往这边迫近了哟！」 

 

    娇小敏捷的前",
1990,89890," ★☆★☆★☆轻小说文库(Www.WenKu8.com)☆★☆★☆★ 

  第六卷 One Summer Day 序章 I  
     台版 转自 轻之国度 

 

    图源：轻之国度录入组 

 

    录入：Naztar（LKID：wdr550） 

 

    夏日的某一天── 

 

    我回到战场。 

 

    不对，是被带回去。 

 

    然后我就清楚地知道。 

 

    人生最重要的地点不是战场。 

 

    而是家人在等待的日常生活。 

 

    人生最重要的行为并非赌博。 

 

    而是确实地活下去。 

 

    一直没有注意到这一点的我── 

 

    那一天，在那个战场上阵亡了。 

 

    那一天── 

 

    我得以回归日常。 

 

    一辈子都忘不了那个夏天的事情。   

  第六卷 One Summer Day 序章 II  
     二〇二六年八月二十三日（星期日） 二十点二十分 

 

    「等一下！救救我！Help！」 

 

    伙伴们对莲悲痛的叫声有所回应。 

 

    「没办法～」 

 

    「哎呀，这真的办不到，抱歉。」 

 

    「对不起。这边被狙击手瞄准了。从刚才就无法探头。」 

 

    以Pitohui、不可次郎、M这样的顺序传回戴著通讯道具的莲耳朵里。 

 

    「呜！你们这几个无情的家伙！让魔女变成青蛙好了！」 

 

    莲开始咒骂、诅咒起同伴。 

 

    身穿粉红色战斗服，两边腰间挂著弹匣袋，手拿粉红色P90的莲，整个人缩在石头墙壁旁边。 

 

    石头并非粉红色。而是和天空一样是暗沉的灰色。 

 

    宽10公尺，高1公尺左右的石墙要隐藏",
1990,91522," ★☆★☆★☆轻小说文库(Www.WenKu8.com)☆★☆★☆★ 

  第七卷 4th特攻强袭 上 第一章「SJ4开始发生前的各种事情」  
     台版 转自 深夜读书会 

 

    图源：深夜读书会 

 

    录入：ritdon.com 

 

    交流群号：714435342 

 

    二○二六年八月二十日（星期四）白天 

 

    「我参加Squad Jam的理由？没有啦……纯粹是因为小队混战很有意思啊。应该说，还有其他理由吗？」 

 

    英俊的脸庞露出清爽的笑容并且这么回答…… 

 

    「…………」 

 

    绿发的夏莉顿时说不出话来。 

 

    她是为了练习真实的枪械射击而开始玩GGO。原本不想射击「人类」，却因为无法拒绝小队伙伴的邀约而参加了SJ2。在不情愿的游戏过程中，不知道是什么样的命运恶作剧，让她变成了技术高超的狙击手。 

 

    一瞬间回想起过去后，夏莉尽可能冷冷地回答旁边那名宛如宝冢剧团男角的「搭档」克拉伦斯。 

 

    「不，没有了。」 

 

    两名女性Gun Gale Online（GGO）玩家正在进行潜伏。 

 

    该处是以GGO来说算罕见的「草原战场」。大气成分发生问题的红色天空底下，长着到人类膝盖高度的茂盛杂草。 

 

    这些草呈现绿色颜料中混进适量茶色的暗沉模样。不论肚子再怎么饿，应该都不会出现拿它来果腹的念头吧。 

 

    几乎是平坦的大地上长满了杂草，看起来就像是一大片颜色恶心的地毯。 

 

    周围可以看见的是令人厌恶的绿色，以及躺在各处那些显示过去曾有人在此生活的水泥碎片。 

 

    两人就潜伏在这样的战场上。 

 

    在大地稍微凹陷处堆叠起水泥碎片，再挖一个浅浅的洞穴，从上",
203,19475," ★☆★☆★☆轻小说文库(Www.WenKu8.com)☆★☆★☆★ 

  第二卷 一.来自远方的少女  
     自动铅笔在纸张上沙沙地写着。   

 

    一声声都微弱而细小。 

 

    纵然有二十六个人做着同样的动作，教室内却安静得可以清楚听见动笔的沙沙声响。每个人都一心二忌地投入在算式中，努力解着应用题。 

 

    不过就是个小考，然而它所代表的意义却不只如此。 

 

    虽然这次的小考没有期中考那么沉重，可是对学期成绩有一定的加分作用，所以那些觉得自己期中考成绩不太妙的人，非得趁机好好努力不可。 

 

    然而…… 

 

    隔壁那位最应该好好努力的笨蛋同学，却在考试才开始十五分钟时就放弃了，甚至频频做出教人怀疑的举动。 

 

    那位同学的名字，正是五十岚千果。 

 

    用‘像小学生一样’来形容她是有点夸张，但是那娇小的身材看起来真的是一点都不像高中生。一撮绑起的浏海如天线般摇来晃去，大大的眼睛不安分地左右张望着。还算可爱的长相配上这可疑的举动，让那丫头看起来就像是某种小动物…差不多是猴子之类的吧，而且是有长尾巴、居住在南方岛屿、还不会使用工具的那一种。 

 

    明明她期中考的数学成绩才低空飞过，一不小心绝对会直接留级，却一副毛毛躁躁的模样张望着外面…多亏了那丫头一直注视着窗外，才免于被老师冠上作弊的罪名。我说啊，就算你再怎么用力盯，外面也只有树而已喔!那里是校舍的后头，我们焦急等待的快递人员只会从正门进来喔! 

 

    啊，都是因为手冢老师在考试前提到那件事啦…… 

 

    我在内心暗自埋怨着不知跑去哪问教室拿教鞭的生物老师。不过，这个女孩本来就不怎么沉稳，就算老师没有先提到那件事，她也完全没办法将心思集中在考试上。 

 

    此时，下课钟声终于响起。 

",
203,8499," ★☆★☆★☆轻小说文库(Www.WenKu8.com)☆★☆★☆★ 

  第一卷 第一章  
     樱花盛开着。 

 

    “化团锦簇”!!用这句话来形容再适合不过的花朵缤纷绽放，中庭仿佛铺上了一面粉红 

 

    色的地毯。 

 

    我牵着结衣的手，漫步在花朵编织而成的地毯上。 

 

    “圣母玛莉亚我愿将我的身心 

 

    永远奉献给祢。” 

 

    风正吹动我的裙摆，那是一条接近墨黑的深蓝连身裙。此时，我才发现头上戴着贝雷帽 

 

    的自己原来还是个小学生，因为国小部的制服是深蓝色，国、高中部的制服是咖啡色的。 

 

    “朝朝夕夕潜心虔敬 

 

    遥望着祢信奉祈祷。” 

 

    结衣不急不徐地走在染上桃红色彩的通道上。 

 

    即使我们已经通过校舍门前，依然没有看到其他人影。时针正逐渐指向六点半，看来距 

 

    离上课还有一段时间。 

 

    “祢的恩赐如久旱甘霖 

 

    祢的光辉引导着我们。” 

 

    她的歌声轻快昂扬，直直奔进我的心房。 

 

    结衣现在唱的赞美诗难度颇高，一般国小部的学生根本无法胜任。但是，她也绝对不是 

 

    不求甚解就随口哼着唱的。 

 

    “这首歌是说，虽然活在这世上会遇到很多痛苦的事，但只要圣母玛莉亚在身边，就什么 

 

    都不用伯。”结衣说过的这段话，我到现在还记得很清楚。 

 

    “祢的笑容圣洁庄严 

 

    啊~我们将永远信奉祢。” 

 

    歌曲的尾声，伴随着她轻轻的叹息。 

 

    面对笑盈盈的结衣，我也报以满面的笑容。 

 

    不知不觉问，我们两人已经走到了校地的末端。 

 

    眼前的世界一下子",
208,8558," ★☆★☆★☆轻小说文库(Www.WenKu8.com)☆★☆★☆★ 

  第一卷 充满爱的世界  
     已经过了一个月了。 

 

    自从我的女朋友死与交通意外以来。 

 

    上了高二大约一个月左右，那是一个晴朗的好日子。 

 

    悠纪！ 

 

    脸色凝重的深春，叫住了放学后和平常一样步出教室的久远悠纪（也就是在下、本人、我。我，久远悠纪，十六岁，就读高二。个子不高，体型纤瘦，脸蛋还算美形自己讲讲爽一下。昵称，无。不过倒是有个令人不太敢恭维的称号，叫做自掘坟墓人偶。也有一些人叫我狼少年或是唬烂鬼等等的外号。） 

 

    深春就是白咲深春，是个十六岁的高二女生。身高比我矮一点，发型是齐耳的短发，细长型的身材，客观来说算是长得还不错，但脸庞仍带点稚气。令人印象深刻的一双大眼睛，眼角微微上扬，让人感觉出她的强势。如果硬要给她一个称号的话，像个小男生似的美少女算是挺贴切的说法吧。跟我一样没有特定的昵称，不过有人（也就是我，都在脑海里）叫她爱与和平的天使。 

 

    我跟深春也就是所谓的青梅竹马这种关系。从幼稚园、小学到国中，全都同班，这十二年来，简直就像是一个阴谋一样。就连高一刚入学的时候，我跟深春还是被编成一个班。这一辈子。大概都没办法跟这家伙分开了本来我已经抱着放弃的心态认了，但在升上高二的时候，我跟深春终于第一次分到不同班级 

 

    而这个深春现在正直视着我。她的视线与其说是强势，根本是已经带着杀气了。在她的视线强力盯视下，我发现自己连冷汗都冒了出来。这种情形用鬼气逼人来形容，真是再贴切不过了，简直是世界上最恐怖的表情 

 

    我的脑海里突然闪过认识她超过十年以来，几个在精神层面上造成的严重心灵伤害。那是足以将青梅竹马这四个字所联想到的甜美幻想，完全打碎的无数惨剧。比如说，幼稚园陪她玩扮家家酒",
208,8564," ★☆★☆★☆轻小说文库(Www.WenKu8.com)☆★☆★☆★ 

  第二卷 古都危机 祭典之前  
     我是久远悠纪，十六岁。性别女。 

 

    其实非常不可思议的，有时候连我也会忘记，自己是个不管到哪里都可以堂堂正正、大声说出，我是个普通高中生的人。 

 

    虽然偶尔会陪妖怪老婆或是青梅竹马的幽灵少女一起去抓扒手；或是阻止拥有不怎么特别的特殊能力，但却很爱自残的少女自杀；还有载百货公司里跟正在进行恐怖爆破行动的傻笑杀手比一场唬烂大赛……但这些并不是我的本业。我是说真的！ 

 

    这些事件在我的人生来说，绝对不是主要部分，充其量只不过是偶尔出现的花絮罢了。我本来应该要走的路，是以一个学生的身份，好好地跟异性做不纯洁的交往念书以及锻炼身体；出了社会之后，成为一个混吃等死的上班族，好好工作；结婚之后拥有十座后宫几个听话的孩子，最后应为外遇而离婚到了七老八十，在孙子、亲戚、爱人的包围之下，幸福地离开人世。这是非常需要怀疑无庸置疑的事实。虽然以上的人生好像还挺多删除线的，不过这一定是想太多了啦！没错没错。 

 

    这样美满的人生硬要说的话，只有我隐瞒自己是个女生，而已男孩的身份生活着这件事，好像、可能、似乎有那么一点点小小的怪异。但是，人都多少会有一两个不愿意告诉别人的秘密吧？比如说（我只是说比如唷！）其实自己是个旱鸭子啊，或是特别喜欢玩美少女游戏啦，还有为了发育不太良好的胸部而烦恼不已……等等，不可告人的事情。 

 

    而且，在漫画或动画、电玩里，也常常可以看到女扮男装的可爱美少女这种题材呀！好，就算不提这些幻想世界的东西，真是世界里，中古世纪的欧洲，或是江户时代的贵族武士，也有把女儿当成儿子养大的真实案例。虽然我并不是真的很清楚啦！ 

 

    因此呢，我久远悠纪真的是非常普通、平凡的学生呢！可喜可贺啊！ 
",
208,8571," ★☆★☆★☆轻小说文库(Www.WenKu8.com)☆★☆★☆★ 

  第三卷 突击与打击 序曲(前篇)  
     我,久远悠纪，十六岁☆是个有点糊涂的高二女生☆ 

 

    我是想用这种带点少女梦幻风格的开场白啦，不过,实在是恶心到令人想吐，因此只好放弃。特别是那个☆看起来实在是让人受不了，对不起，我的脑袋里好像有点长脓了。 

 

    今年的夏天真的是很热。这可不是在说什么日本选手在奥运中表现亮眼，让整个日本群情沸腾；或是我们远夜东高中的棒球部终于登上甲子园，使得当地民众兴奋异常；也不是在说那些为了高中校际比赛努力练习的运动社团之类的狂热，而是非常单纯地在说气温很高的这种热。话说回来。最近这种闷热实在是让人受不了。太阳公公一天也没有休息，像是抓狂般地全力放送热度。每天的新闻都在报气象观测史上破纪录的酷暑。甚至只要有气温低于四十度以下的时候，全日本就会发出嗯嗯，今天的天气还挺舒服的嘛，或者咦?奇怪，今天的气温居然没破纪录耶这种对话的异常气展现象。 

 

    八月上旬。一般的高中大多是正过到暑假这个长假一半左右的时候。身为高中生的我，当然也是很愉快地在享受着假期啦!整天待在冷气房里睡觉，或是看不平凡的主义的重播,还有跟偶尔跑来玩的深春聊一些有的没的打发时间每天就过着这种如同乐园般的生活。甚至很没出息地想着。要是一辈子都能这样过就好了。 

 

    不过，有一天就像是老天爷要惩罚懒惰的我突然发生了一件悲剧。 

 

    我房间里的冷气竟然坏掉了！我的房间通风非常差，要是不开冷气的话，白天就像是处于三温暖状态，虽然还不至于像蒸笼,不过实在是不适合待在里面。因此，非得到其他房间去纳凉不可。不过，家里就只有我的房间跟老爸的工作室里有冷气，但是老爸久远炼狱(职业?漫画家。笔名是丸远恋国。在漫画闪烁月刊上，以还过得去的人气，连载作品REN*AI",
208,8577," ★☆★☆★☆轻小说文库(Www.WenKu8.com)☆★☆★☆★ 

  第四卷 无止尽的迷宫 序曲一 十二年前 重回当天  
     「悠纪好像个人偶喔。」 

 

    突然那样说我的，是跟我在同一个道场学武的女孩子。 

 

    所谓的未至磨抗限流这个护身术，到目前为止，门下弟子只有我一个。因为我老妈是师父未至磨常代的朋友，因此我就这样义不容辞地被送来当弟子了。其实，我根本不想学什么护身术。虽然爸说「悠纪这么可爱，搞不好会被坏人欺负」，不过碰上坏人的话，其实对应的方法很简单啊，那就是把一切当作是命运，然后认命就好了。反正我的人生就跟路边的石头没啥两样，在这世界上根本一点价值也没有。不过，要反对我们家老妈下的懿旨也是件麻烦事，所以我就乖乖地来道场了。还好，常代师父采取的是放任主义，根本很少露脸，因此，我总是坐在道场的角落里看书。尼采的东西真的很有趣，他的书内容虽然无聊得要命，但老是想些无聊的事情，然后搞到最后抓狂的这种态度，我觉得还挺滑稽的。无论是成仙或是生死，那又有什么好执着的呢。 

 

    在我入门一个月之后，有个叫做白咲深春的女孩子也进了这间道场。听说，她跟我一样都是因为家长跟常代师父认识的关系才会来的。不过，那对我来说也没啥意义，因此，我根本无视于她的存在，还是继续地读着我的书。她先是一个人在道场的榻榻米上跳来跳去，之后，便一直注视着我。我当然还是假装没看到她的样子，结果，她就突然讲出了刚刚那句我像人偶的话。 

 

    「你是说，人偶吗？」 

 

    我无奈地抬起头，反问白咲。她笑着点头。她的笑容，在我眼里看起来简直就是傻笑。感觉上，就跟那些同年纪的笨小鬼没啥两样，我实在是超级讨厌那种大脑装渣的笨家伙们。 

 

    「嗯，因为你老是做一些无聊的事情嘛。明明长得很可爱的说。」 

 

    要你鸡婆！这世界上有很",
2099,75597," ★☆★☆★☆轻小说文库(Www.WenKu8.com)☆★☆★☆★ 

  第一卷 序曲  
     网译版 转自 轻之国度 

 

    译者：云影亦 

 

    扫图：uiop031 

 

    那是，某个星期日。 

 

    —— 

 

    好不容易是个晴朗的休息日，但因为父母说今天有重要的事情，所以我那里也去不了，只好和爸爸一起静静地看着电视，打发着时间。【这里的我是用的男性自称，仆】 

 

    电视是重播综艺节目。明明并没有那么好笑，但爸爸却抱着肚子大声笑着。应该是笑点不同吧。 

 

    就在节目快要结束的时候，突然通知有客人来的室内电话响了起来。「很准时呢」在厨房里的妈妈说道，然后爸爸跟着也走出了客厅。 

 

    「野乃（のの）。快过来啊」 

 

    没过多久，就从大门那边传来了妈妈的声音。我被叫到走了过去一看，在那里站着的是和妈妈差不多同样年纪的女性，还有一个小小的女孩子。 

 

    女孩紧紧地抓着女性的裙子，把身子的一半都藏在那背后向这边看着。 

 

    「是野野濑野乃（ののせのの）君吧。你好」 

 

    「你好」 

 

    打过招呼之后女性对我微微一笑。 

 

    野野濑野乃。不管是从前往后读还是从后往前读都是「ののせのの」。这是我的名字。虽然是作为男孩子的名字会让人歪头去想这算不上好，但在自我介绍的时候很方便所以我意外的还是挺喜欢的。 

 

    「这个孩子是佐伯桔梗（さえきききょう）哦。和野乃君一样都是5岁。我们是在两天前搬过来的，从明天开始就要和你一起上同一个幼儿园了啊。所以要好好相处哦。桔梗，来打个招呼吧？」 

 

    被女性催促着，叫做桔梗的女孩子畏畏缩缩地走上前来。应该是感觉很害羞吧，视线就一直朝着下方。 

 

    虽",
2131,77090," ★☆★☆★☆轻小说文库(Www.WenKu8.com)☆★☆★☆★ 

  第一卷 序章1 观察者  
     台版 转自 轻之国度 

 

    图源：linpop 

 

    录入：Naztar（LKID：wdr550） 

 

    修图：Naztar（LKID：wdr550） 

 

    序章/1 观察者（Observer） 

 

    万事始于观察。 

 

    这就是紫乃宫晶──紫乃时时铭记在心的大原则。 

 

    有人说人类对周遭环境的认知绝大部分来自于视觉，更有学说认为视觉所占的比例高达八成甚至九成。 

 

    那么，如果打算钜细靡遗地了解某个特定的对象，第一步没有其他选项。 

 

    没错──那就是「看」。 

 

    百闻不如一见。换言之，目睹一眼便胜过探听百次。 

 

    虽然仔细一想会认为这倍率似乎太过夸张，但过著一般社会生活的每个人肯定都会同意这句话绝非夸大其辞。 

 

    视觉所扮演的角色就是这么重要。与人类拥有的其他感官相比，无论嗅觉、味觉、触觉，在迅速取得目标资讯这方面都远远不及视觉。 

 

    因此，紫乃正定睛注视著。 

 

    从排气孔的隙缝── 

 

    看著女生的房间。 

 

    「…………」 

 

    悄不作声，隔著排气孔的金属网格俯瞰下方的房间。 

 

    那是间犹如高级旅馆客房的宽敞房间。地面简直一尘不染，但相对的，房内摆著的附有顶盖的豪华床铺与雕工精美的橱柜上头堆满了填充玩偶与小摆饰。 

 

    这间房间的打扫与整理显然是由房间主人之外的其他人负责吧。无法不经过持有者同意就丢弃物品，柜子上头才会像生日蛋糕的装饰般堆满了物品。 

 

    「──哼哼～～哼，哼～～哼哼～～」 

 

 ",
2131,82072," ★☆★☆★☆轻小说文库(Www.WenKu8.com)☆★☆★☆★ 

  第二卷 序章 小萤  
     台版 转自 轻之国度 

 

    图源：linpop 

 

    录入：Naztar（LKID：wdr550） 

 

    修图：Naztar（LKID：wdr550） 

 

    ──小萤很可爱。 

 

    不对，不只是可爱，既帅气又厉害。 

 

    在学校里最擅长运动，很聪明，谁也搞不懂的问题也能轻松回答，总是让老师们赞不绝口。 

 

    不过小萤从来不会因此得意忘形，也不会向别人炫耀。 

 

    我每次说「小萤真了不起」，小萤总是露出不知如何是好的笑容回答我：「会吗？谢谢。」 

 

    我好喜欢小萤那时的表情。 

 

    我想对小萤来说，无论赛跑拿第一名或考试拿一百分，都是稀松平常的小事吧。 

 

    但小萤一定觉得如果回答「没什么大不了」也许会让我心里不舒服，所以才会那样回答吧。 

 

    所以我喜欢那张能看见小萤内心温柔的表情。当那份温柔确确实实指向我的瞬间，那个表情我真的好喜欢。 

 

    小萤是我的朋友──同时也是我心目中的憧憬。 

 

    小萤有一头漂亮的黑发，总是把那头黑发绑成马尾。因为我的头发有点自然卷，我一直很羡慕小萤那头有如日本人偶乌黑闪亮的直发。 

 

    有一次我这样告诉小萤之后，小萤对我说：「要不要我帮你绑头发？」 

 

    虽然那时我真的很开心……但我还是拒绝了。因为我不由得想到，像我这种人要是和小萤留一样的发型，也许会给小萤带来困扰吧。 

 

    于是小萤笑了笑，给了我一条漂亮的缎带。 

 

    小萤告诉我，如果有一天想要绑头发，到时候就用这个吧。 

 

    我真的非常非常开心。那天夜里我",
2138,77304," ★☆★☆★☆轻小说文库(Www.WenKu8.com)☆★☆★☆★ 

  第一卷 序章 「第三节课」  
     台版 转自 轻之国度 

 

    图源：裸奔男 

 

    扫图：Naztar（LKID：wdr550） 

 

    录入：Naztar（LKID：wdr550） 

 

    最不需要明天的人 

 

    最能大方面对明天。 

 

    ──雅典哲学家 伊比鸠鲁 

 

    －－－－　　 

 

    魔女在白天会隠藏本性。 

 

    ● 

 

    『上午十点七分：东京湾西岸传来闪电现象目击报告：有闪电「打向天空」。』 

 

    『同一时刻：东京东部各区发生大量自动门、运转中的电梯、电车门自动打开等故障现象，所幸无伤亡报告传出。』 

 

    『同一时刻：东京东部各区发生大量开启的门自动关上的故障现象。有看法认为，前述故障现象并未造成伤亡，是由于这个故障的缘故。』 

 

    『上午十点十二分：东京湾西岸的雷击警报解除。』 

 

    『上午十点十七分：东京湾中央，四法印学院执行实验使役体销毁程序。』 

 

    『上午十点二十一分：东京湾中央，四法印学院确认实验使役体逃亡。』 

 

    『上午十点三十分：东京湾中央，四法印学院委托追踪调查实验使役体。』 

 

    《受托者为──》 

 

    ● 

 

    「使役体逃跑，会跟刚才解除的雷击警报有关吗？」 

 

    地下没有风，使她感觉很无趣。 

 

    即使以手代替风似的拨动长发，飘动幅度在空调中也相当地弱。黑发，在深绿制服的映称下显得特别黑，不过和红或蓝也很搭。至于发型不怎么有特色── 

 

    ……是为了提醒我自己现在的位置，还有坚持。 

 

    ",
2138,81005," ★☆★☆★☆轻小说文库(Www.WenKu8.com)☆★☆★☆★ 

  第二卷 序章「勿忘今夏」  
     台版 转自 轻之国度 

 

    图源：裸奔男 

 

    录入：Naztar（LKID：wdr550） 

 

    修图：Naztar（LKID：wdr550） 

 

    酒是愈沉愈香， 

 

    但诗歌之花是愈鲜愈香。 

 

    ──古希腊诗人 品达 

 

    ● 

 

    对魔女而言，夏天是山还是海呢？ 

 

    四法印学院位在东京湾中央，随时与海相伴，所以魔女的夏天就等于大海吗？倒也不尽然。在堪称魔女发源地的欧洲，魔女文化大多是在山地开花结果── 

 

    「──啊，说到这个让我想到一件事。我那个世界的历史，不晓得和这边一不一样。该不会是有个怪怪的魔法少女突然从异世界仙境跳出来就创造了魔女文化，或是我妹妹所知道的最北的地方宇都宫刚好就是魔女的发源地之类的吧？」 

 

    说话的白发少女，身边有个标题为「讲师：各务&#8231;镜」的术式阵。她身穿形似无袖衬衫的两件式泳装望著前方，一滴汗也没流。 

 

    所望之处，有个以堤防与沙滩西侧相连的岛，岛上有座小灯塔。 

 

    而她前方的帐棚阴影下，张著术式阵躺海滩椅的是── 

 

    「堀之内同学、杭特同学，老实说，我真的对这个世界很感兴趣──」 

 

    「我先跟你说，这边的研究结果，是古希腊时代的自然信仰被一批流浪民族带到了东欧，与中东文明混杂后又传回欧洲去，才成为魔女文化的开端。」 

 

    朱红泳装上披著同色防水衬衫的堀之内，边张开几个术式阵边回答。各务听了皱起眉问： 

 

    「……这世界不是黑魔女创造的吗？」 

 

    「咦？」 

 

    坐在堀之内",
2138,86516," ★☆★☆★☆轻小说文库(Www.WenKu8.com)☆★☆★☆★ 

  第三卷 序章「等待之处」  
     台版 转自 轻之国度 

 

    图源：linpop 

 

    扫图：lasthm 

 

    录入：吐司蛋喵 

 

    天决不助不愿作为的人。 

 

    古雅典剧作家　索福克勒斯 

 

    ● 

 

    四法印学院的第二学期期中考即将开始。 

 

    午餐时间，杭特进了餐厅大门，里头是不出所料地冷清。 

 

    大家都在教室里为应考开作战会议或各种准备。餐厅离每科校舍都有段距离，没有多此一举的必要。会来餐厅的人不是已经看开等死，就是逍遥自得。 

 

    杭特在这段时期，自然是逍遥的那边了。因为—— 

 

    「前段魔女根本就不用考试咧～」 

 

    ● 

 

    前段魔女还真爽。杭特心想。 

 

    即使降了级，她的排名仍是个位数，基本上可以选择不参加考试。这时成绩以校内表现为重，假如出席日数达标，通过面试就能毕业。 

 

    在考试方面，四法印学院颇以学生需求为重。 

 

    毕竟每个魔女的行程作息深受自身所属体系影响，有人白天无法行动，有人做什么都得挑吉日良辰。像魔眼型甚至只要班上有敌对势力，别说进门，就连往那里看都不行，要聚集所有学生在一个班上考试是极为困难。 

 

    杭特就是在那些人窝在教室伤脑筋的考试期间，悠悠哉哉地上餐厅吃饭。 

 

    「不来会饿肚子嘛。」 

 

    虽然也有些强者只靠宿舍贩卖部或餐霞饮露过日子，不过这间餐厅是唯一能以杭特个人方式避讳禁忌烹调的地方，餐厅贩卖部的专用触媒或课用文具种类也比其他地方丰富。 

 

    从设有挡板以阻隔外来干扰的餐券贩卖区开始，餐厅到处贴有「餐厅",
2138,90034," ★☆★☆★☆轻小说文库(Www.WenKu8.com)☆★☆★☆★ 

  第四卷 序章「月夜漫步」  
     台版 转自 轻之国度 

 

    图源：轻之国度录入组 

 

    录入：Naztar（LKID：wdr550） 

 

    不懂欣羡者，得不到幸福。 

 

    ──古希腊剧作家 埃斯库罗斯  

 

    人踪渐少，使夜晚孤寂； 

 

    从孤寂感到安心，使夜晚愉快。 

 

    ● 

 

    少女人在皓月当空的城市中。 

 

    位在外沿，自河口延伸而来的路边人行道。身穿灰色制服的少女迎著秋季夜风，走向城市的光明。 

 

    齐肩的头发随步伐晃荡，满面风中混杂河川与海洋的气味。 

 

    「好棒喔──幸好有走这一趟。想不到已经变成这样了。」 

 

    『我个人是觉得普通而已。不过看在你眼里，应该还是很有意义吧。』 

 

    「是啊。」少女含笑地说，并以含笑的眼眺望城市。 

 

    由面前一整片夜间灯火所构成的城市，尽在她黑色的眼眸里。 

 

    「我要继续走喽。」 

 

    『阻止你也没用吧。』 

 

    「啊哈，今晚要住哪呢？」 

 

    『我可没准你外宿喔！』 

 

    「嗯，我知道才故意问的。」 

 

    『你总是在想像的时候特别亢奋，这是为什么？』 

 

    「因为遇到超乎想像的事就特别好玩嘛。放心啦。」 

 

    少女对左侧说道，那白色的手提皮包中传来声音： 

 

    『回去跟过来都一样，只是一下子的事。』 

 

    「谢谢。那是什么感觉？」 

 

    『也没什么感觉，就和你常做的事一样。跟翻开书本，指出一个字差不多。』 

 

    与其说少女迈步走进的",
2141,77452," ★☆★☆★☆轻小说文库(Www.WenKu8.com)☆★☆★☆★ 

  第一卷 第一话 【集结在红茶之园的少女们】  
     网译版 转自 百度贴吧 

 

    翻译：胜利之剑  

 

    图源：胜利之剑 

 

    学园舰上宁静的森林中，响彻起贝德福德双6缸引擎的重低音（指的丘吉尔）。把两个直列6缸引擎组合而成的水平对置引擎算是英式特色的东西，不过它的大出力可是货真价实的。 

 

    之后是有名的伦敦红色双层巴士上搭载的AEC制直列6缸引擎的响声（指的玛蒂尔达2，用的和当时的伦敦巴士用型的引擎），相对于贝德福德引擎，声音轻快得多。与之相比，履带和地面之间产生的金属摩擦声反而更吵闹一些。 

 

    英国自豪的步兵坦克们，今天也优雅而华丽地在学园舰的森林中驰骋着。 

 

    仿佛像阅舰式一样，队列毫不散乱，在保证乘员们视同命脉的红茶不洒出来的前提下，用作为步兵坦克的最大速度前进着，这边是英国式的作风。 

 

    不论多么紧急的情况，假使是在枪林弹雨中也绝不输给恐慌感，向着目标坚定的突击，在这样一所学校中，是不存在那种会露出手忙脚乱的丑态的学生的。 

 

    继承了来自英国合作校的优良传统，在战车道上是有着悠久历史和地位的名门校之一。 

 

    作为国内屈指可数的贵族女校而广为人知，曾经甚至还有皇族和外国的贵族等在此就读。 

 

    然而遗憾的，经常被黑森峰这样一所常胜校挡在路上，至今没能收货一冠。但是即使如此，也是决胜战舞台的常客，和黑森峰、真理、桑达斯一起，组成了国内高校战车道四强。 

 

    学校本着把学生培养得礼仪端正、优雅的教育方针，在作为少女修养之一的战车道上下了很大的工夫，并不以获胜作为目的，而是追求正确的战斗。 

 

    所以相比取胜，更注重教导学生们进行优美的",
2152,106047," ★☆★☆★☆轻小说文库(Www.WenKu8.com)☆★☆★☆★ 

  第九卷 206 熊熊和两个大叔到街上散步  
     台版 转自 深夜读书会 

 

    发布：深夜读书会 

 

    论坛：ritdon.com 

 

    在米莎的生日派对上，我被要求穿上派对礼服，诺雅想要熊缓和熊急的布偶等等，虽然发生了这些事很辛苦，不过派对也顺利结束了。 

 

    然后，讨论到要把我送葛兰先生的钢铁魔偶摆在哪里时，现场又引发了一阵骚动。 

 

    葛兰先生好像想把钢铁魔偶摆在玄关，却遭到很多人反对。 

 

    「爸爸，绝对不可以放在玄关。第一次看到的人会吓到的。」 

 

    「那不是很好吗？」 

 

    「不可以。如果你执意要放在玄关，我就要请优奈小姐带回去了。」 

 

    身为儿子的李奥纳多先生转头望向我。 

 

    因为其他人也持反对意见，葛兰先生只好放弃把钢铁魔偶摆在玄关。而经过一番讨论后，最后决定把钢铁魔偶放在二楼的中央通道。放在那里平常不会被客人看见，想要展示的时候，走上二楼就可以马上看到，大家都同意这么做。 

 

    不知为何，摆放钢铁魔偶成了我的工作。 

 

    「那么重的东西，我们搬不动。」既然人家这么说，也只好由我来搬了。 

 

    我先把钢铁魔偶收进熊熊箱，走到二楼再放到通道上。 

 

    嗯，很帅呢。 

 

    这种铁的质感很好。泥土魔偶看起来很脆弱，也不怎么漂亮。如果有白银魔偶或黄金魔偶的话，真想把三尊放在一起当摆饰。既然都有秘银魔偶（虚有其表）了，有其他魔偶存在也不奇怪。 

 

    参加完派对的我一走进房间就马上把礼服脱掉，换上熊熊布偶装。 

 

    啊啊，穿着熊熊布偶装果然很安心。这种触感、这种受到保护的安全感。我刚",
2152,109918," ★☆★☆★☆轻小说文库(Www.WenKu8.com)☆★☆★☆★ 

  第十卷 235 熊熊往精灵村落出发  
     台版 转自 轻之国度 

 

    图源：kerorokun 

 

    录入：kid 

 

    从拉鲁滋城出发的我和莎妮亚小姐、露依敏骑著熊缓与熊急，朝精灵村落前进。 

 

    自从拿回手环，露依敏的笑容就变多了。不过，我也是看到她现在的笑容后才发现，她先前应该都只是强颜欢笑吧。 

 

    「就快到了呢。」 

 

    骑著熊缓的露依敏开口说道。 

 

    「真的呢，没想到可以这么快抵达。」 

 

    据莎妮亚小姐所说，今天之内似乎就能抵达了。 

 

    在熊缓和熊急前进的方向有一座广阔的森林，精灵所居住的村落好像就位于那座森林深处。 

 

    这里这么广阔，要是没有熊熊地图的技能，肯定会迷路。 

 

    不过，要是真的迷路，还能爬到树上确认，应该没问题。 

 

    这座森林就是这么广阔又幽深。 

 

    熊缓与熊急抵达了森林入口。 

 

    附近没有类似道路的地方。 

 

    该不会要在茂密的树林里前进吧？正当我不安地这么想── 

 

    「前面有路可以走。」 

 

    我们按照莎妮亚小姐所说的，往前走了一阵子，便看到可供一辆马车通过的宽敞道路。 

 

    熊缓与熊急在这条路上并肩前进。 

 

    虽然树木很茂密，枝叶之间还是有阳光照射下来。 

 

    一想到前面有精灵的家乡，我就觉得好期待。如果有什么有趣的东西或是美味的食物，就太令人高兴了。 

 

    「话说回来，真令人怀念呢。」 

 

    「你好像十年没有回来了吧？」 

 

    我这么问。 

 

    「其实我",
2152,112766," ★☆★☆★☆轻小说文库(Www.WenKu8.com)☆★☆★☆★ 

  短篇 漫画1卷特典 优奈的故事  
     网译版 转自 轻之国度 

 

    翻译：kingsmill 

 

    我不去上学，整天玩游戏。 

 

    因为学校很烦，一点都不好玩，还是看漫画、读小说、玩游戏比较有趣。 

 

    在家里也可以学习，自己也赚到了足够独立生活的钱。 

 

    这样一来，去学校毫无意义，自打升上中学，我就逐渐不去上学了。 

 

    父母一开始告诫我不去上学不好，给几个钱他们就闭嘴了。 

 

    前一阵又给了他们一些钱，现在那两个人正在国外旅行呢。 

 

    今天我来到爷爷家，好久没来过了。 

 

    爷爷住在东京都内一幢带花园的大房子里。 

 

    “优奈，你好像还是不肯去上学啊。” 

 

    爷爷见到我说的第一句话就是这个。 

 

    是从我父母那里听说的吗？不对，我家的父母才不会费力把这种事告诉爷爷，肯定是爷爷自己查到的。 

 

    “因为学校很麻烦。” 

 

    “很麻烦吗？” 

 

    “很麻烦。” 

 

    爷爷叹了口气。 

 

    我们祖孙之间这样的对话已经有过多次，看来爷爷还不肯放弃呢。 

 

    我的父母可是早就放弃了，放弃也是人生的重要部分呢。 

 

    “学校这种地方，就算麻烦也要去呀。” 

 

    “在家里也可以学习嘛。” 

 

    而且我知道的可不少。 

 

    “学校不只是学习的地方，还能交到朋友。” 

 

   
...
 考虑这么多费用，价钱很难定的太低，但我们还是努力控制，不希望卖得太贵。 

 

    毕竟都是手工制作，价格高一点也没办法。 

 

   ",
2152,112870," ★☆★☆★☆轻小说文库(Www.WenKu8.com)☆★☆★☆★ 

  第十一卷 261 熊熊前往王都  
     台版 转自 深夜读书会 

 

    发布：深夜读书会 

 

    论坛：ritdon.com 

 

    从精灵村落归来的我在菲娜和修莉的监督之下绘制《熊熊与少女》第三集，还用蛋做了茶碗蒸，过着悠闲的生活。 

 

    我请菲娜和修莉吃茶碗蒸，得到了她们的好评。 

 

    「差不多该去王都了。」 

 

    再继续宅在家里，我就要变成废人了。 

 

    难得画了绘本，我想拿去给芙萝拉公主看。另外还要请艾蕾罗拉小姐复印，拿去送给孤儿院的孩子们。 

 

    我抱着小熊化的熊缓和熊急躺在床上这么想着，它们便抬起头发出了「「咿～」」的叫声。 

 

    「你们在看哪里？」 

 

    我望向熊缓与熊急的视线前方，看见房间的窗外停着一只大鸟。 

 

    我一瞬间心想怎么会有鸟！随后马上想起这只鸟的身份。 

 

    它是莎妮亚小姐的召唤鸟，我记得名字好像叫做佛尔格？ 

 

    我打开窗户，佛尔格就飞到房里，停在椅子的椅背上。 

 

    莎妮亚小姐看得到我吗？我试着对佛尔格挥挥手。 

 

    嗯～没有反应，我不知道莎妮亚小姐有没有在看。再说，距离这么远也看得到吗？ 

 

    我仔细看佛尔格，发现它的脖子上挂着一个筒状的东西。这个筒子里面该不会装着信吧？ 

 

    「不要啄我喔。」 

 

    我战战兢兢地往佛尔格的脖子伸出手，打开筒子的盖子。里面有一张卷起来的纸。 

 

    「谢谢你。」 

 

    我对佛尔格道谢，完成任务的佛尔格便叫了「咕～」的一声，飞出房间。 

 

    我目送佛尔格离去，然后关上窗户，把纸摊开。 ",
2152,113497," ★☆★☆★☆轻小说文库(Www.WenKu8.com)☆★☆★☆★ 

  动画番宣短篇 其一  
     网译版 转自 轻之国度 

 

    翻译：kingsmill 

 

    “嗯？怎么了？” 

 

    感觉脑子里传来了短信提示音，原来是神发来了新邮件。 

 

    “致优奈酱：你在这个世界的生活已经被改编成动画啦！” 

 

    上来没头没脑就是这么一句。 

 

    “啥？” 

 

    我在异世界的生活被改编成动画？ 

 

    怎么可能嘛。 

 

    这种动画有谁要看啊。 

 

    为啥要特地花钱做啊？ 

 

    “给你准备了电视，一定要看哟。” 

 

    刚才说什么改编动画……是说真的吗？ 

 

    我看看熊熊箱，发现确实多了一台电视，还是大屏幕的。 

 

    “这里可是异世界，能看动画片吗？” 

 

    不清楚的地方太多了，我用土魔法做出电视柜，把电视放在上面。 

 

    没有插座，话说熊熊屋本来就没设计插座，而且根本就没有电。 

 

    那怎么收看电视节目呢？ 

 

    就算有无敌的熊熊魔法，我也做不出电视天线呀。 

 

    总之先按下电源键看看好了……电源灯亮了。 

 

    “难道说，真的能看？” 

 

    出现了画面。 

 

    “《熊熊熊Bear》动画即将播出，请您稍等片刻。” 

 

    屏幕上出现了一行字。 

 

    “这个名字是搞哪样？以我的生活改编的动画片就叫这个名字？因为我是熊，所以就叫《熊熊熊Bear》？” 

 

    真是毫无巧思的名字啊，不就是把“熊”写了四遍吗？ 

 

    片名下写着“来到异世界，身穿熊熊布偶装成为最强者”，“熊熊布偶装是异",
2152,114477," ★☆★☆★☆轻小说文库(Www.WenKu8.com)☆★☆★☆★ 

  第11.5卷 1 与熊熊的相遇 海伦篇（安利美特购入特典）  
     台版 转自 天使动漫论坛 

 

    图源：amentia 

 

    录入：kid 

 

    今天的冒险者公会也挤满了冒险者。又要一整天坐在柜台应付邋遢的男人们了。虽然也有些女性冒险者，男性却是压倒性的多。 

 

    我坐在柜台，看着冒险者拿着委托书走过来。我指示对方出示公会卡，确认委托书的内容，然后操作水晶板。 

 

    「来，那么请加油吧。」 

 

    我用笑容目送冒险者。用笑容送行也是柜台人员的重要工作。冒险者的工作或多或少都伴随着危险，我曾见过好几名冒险者一去不复返。 

 

    「好的，是这份委托对吧？」 

 

    我着手处理新收到的委托书，然后目送冒险者离开。我不断重复同样的工作。 

 

    公会中的冒险者数量愈来愈少，即使如此，还是有冒险者留在这里。 

 

    这个时候，有个奇装异服的女孩从入口走了进来。 

 

    她打扮成熊的样子，年龄看起来大约是十二、十三岁。 

 

    好可爱。 

 

    我第一次见到那种衣服。那么可爱的衣服到底是从哪里来的？因为穿的人是个可爱的女孩，所以很适合。如果是我来穿，肯定很怪。 

 

    打扮成熊的女孩一边左顾右盼，一边向我走来。 

 

    「我是第一次来。」 

 

    她的意思应该是第一次来冒险者公会吧。难不成她想要在冒险者公会登记？确实只要满十三岁就可以加入，却很少有孩子会单独加入。 

 

    为了确认，我向她发问。 

 

    「啊，好的，您想要加入冒险者公会是吗？」 

 

    「我听说那样可以当作身分证明。」 

 

    ",
2152,115107," ★☆★☆★☆轻小说文库(Www.WenKu8.com)☆★☆★☆★ 

  第十二卷 286 熊熊穿制服  
     台版 转自 天使动漫论坛 

 

    图源：amentia 

 

    录入：kid 

 

    我受到艾蕾罗拉小姐和希雅的邀请，与菲娜、修莉、诺雅一起到希雅在王都就读的学校参观校庆。 

 

    校庆第一天，我很惊讶芙萝拉公主有个叫做堤莉亚的姐姐，还去各种摊位玩游戏，获得了奖品。 

 

    因为赢了太多奖品，我被希雅训了一顿，但度过了快乐的一天。 

 

    然后，到了校庆第二天。 

 

    希雅为了棉花糖店的准备工作，今天也一早就出门了。 

 

    我们也正要去参观校庆的时候，史莉莉娜小姐说有客人来拜访我们。我们来到会客室，见到米莎和葛兰先生。 

 

    「诺雅姐姐大人、优奈姐姐大人、菲娜，好久不见了。」 

 

    「孩子们，好久不见了呢。」 

 

    「你们两位怎么会来这里？」 

 

    「我来王都办事。昨天刚好有空，所以去了一趟校庆，结果听说有个打扮成熊的女孩在校内走动的消息。」 

 

    「我们觉得那是优奈姐姐大人，所以就来拜访了。」 

 

    「熊＝我」的方程式果然成立。 

 

    希雅也说过了，看来我昨天真的很引人注目。 

 

    「不过，你们竟然知道我在艾蕾罗拉小姐的家。」 

 

    「因为我们听说那个人身边有跟我差不多年纪的女生，所以我想诺雅姐姐大人和菲娜应该也在，才会来这里拜访。」 

 

    米莎的推理能力真好。 

 

    「对了，如果你们今天也要去校庆，能不能带米莎一起去呢？」 

 

    葛兰先生这么拜托我们，我们当然没有理由拒绝，于是答应。 

 

    「好啊。」 

 

 ",
2152,117475," ★☆★☆★☆轻小说文库(Www.WenKu8.com)☆★☆★☆★ 

  第十三卷 319 熊熊朝迪赛特城出发  
     台版 转自 天使动漫论坛 

 

    图源：amentia 

 

    录入：kid 

 

    我接下国王的委托，动身前往迪赛特城，又在沙漠前的卡路斯镇与曾经在密利拉帮助过我的罗莎小姐等人久别重逢。 

 

    从罗莎小姐口中得知前往迪赛特城的方法之后，我便从卡路斯出发。 

 

    离开卡路斯镇的我决定把这里当作中继站，设置熊熊传送门。 

 

    我目前还没有再来的打算，但熊熊传送门没有数量的限制，所以多放几个也不会吃亏。 

 

    我骑著熊缓环顾四周。 

 

    这附近还有许多岩石，既然要设置熊熊传送门，放在岩石山里面应该很合适。 

 

    正所谓藏树于林，将岩石藏在岩石之中是最隐密的。 

 

    我使用土魔法做出一个内有空洞，而且外观跟周围岩石很相似的岩石山。接著，我把熊熊传送门设置在岩石山的空洞中。最后把入口封住，看起来就跟周围的岩石没有两样了。 

 

    设置好熊熊传送门的我骑著熊缓，往迪赛特城的方向前进。过了一阵子，我看到远方有一根像是细长棍棒的东西。 

 

    那根柱子就是罗莎小姐等人说的路标兼休息站吗？ 

 

    从这里看起来还只是一根细细长长的棒子，可是，既然从这么远的地方也能看见，本体说不定相当高大。 

 

    我骑著熊缓往柱子前进。原本看起来像棍棒一样细的柱子渐渐变粗，最后变成足以称之为柱子的大小。愈接近柱子，岩石的数量愈少，脚下的地面也逐渐转变成沙子。 

 

    熊缓顺利地跑著，抵达柱子。 

 

    看来从这里开始就要正式进入沙漠地带。 

 

    柱子就像大树一样高，粗细足足有四到五个人牵手围起来",
2152,119565," ★☆★☆★☆轻小说文库(Www.WenKu8.com)☆★☆★☆★ 

  第十四卷 351 熊熊向国王报告  
     台版 转自 轻之国度 

 

    图源：拉菲 

 

    录入：拉菲 

 

    将让给国王的克拉肯魔石送到迪赛特城的委托已经顺利达成了。 

 

    然后，完成任务的我向卡丽娜道别，使用我在迪赛特城购买的房子里设置的熊熊传送门，回到王都的熊熊屋。 

 

    虽然去程很辛苦，但多亏有设置熊熊传送门，回程非常轻松。我对付巨大毒蝎的时候也有用到，熊熊传送门真的很方便。 

 

    不过，回来是回来了，但如果立刻去报告，不知道熊熊传送门的国王便会对我这么快就回来的事情起疑，因此我决定再调整一下时间，免得造成麻烦。 

 

    于是，我预计明天再去城堡，久违地打扫王都的熊熊屋。我不常打扫这里，所以累积了不少灰尘。 

 

    我请熊缓和熊急帮忙，一起晒棉被、打扫房间、洗床单，忙了一整天后，晚上再跟它们一起睡觉。 

 

    到了隔天，睡到过了中午的我在下午三点的点心时间前往城堡。 

 

    打发时间到现在，应该就不会引起怀疑了吧。 

 

    话说回来，我好久没有睡得这么饱了。 

 

    我拜托熊缓和熊急不要叫醒我，一不小心就睡到过了中午。 

 

    因为在迪赛特城发生了很多事，可能是累积了不少精神上的疲劳吧。 

 

    我穿著一如往常的熊熊装走向城堡，突然听见后方有奔跑的脚步声传来。 

 

    怎么回事？ 

 

    我往后回头，一个美少女叫著「优奈！」抱住了我。 

 

    「堤莉亚？」 

 

    抱住我的人是穿著制服的堤莉亚。 

 

    「优奈，你怎么会在这里？该不会是正要去城堡吧？」 

 

    「是啊，你刚放学吗？",
2152,128293," ★☆★☆★☆轻小说文库(Www.WenKu8.com)☆★☆★☆★ 

  第十五卷 379 熊熊到处打招呼 之一（第三天）  
     台版 转自 轻之国度 

 

    轻之国度录入组 

 

    图源：月灵 

 

    录入：月灵 

 

    啪啪，啪啪。 

 

    某种柔软的东西触碰著我的脸。 

 

    我把那东西拉过来，抱在怀里。 

 

    「咿～」 

 

    某种东西在我怀里叫著。 

 

    我睁开眼睛，发现怀里有一个白色的布偶……不对，是熊急。 

 

    看来它正想叫醒我，就被我抱住了。 

 

    而且，熊缓也在我的背后，正在努力地叫醒我。 

 

    「熊缓、熊急，早安。」 

 

    我从床上下来，打开窗帘，阳光便照进室内。我望向窗外，看见一片漂亮的蓝天。 

 

    真是享受海水浴的大好天气。 

 

    今天孩子们分成两队，有些人要去搭船，有些人要去镇上观光。 

 

    并不是所有人都对搭船有兴趣，所以基本上都可以自由行动。 

 

    「优奈小姐和菲娜真的不去搭船吗？」 

 

    我、菲娜和修莉打算去向以前照顾过我们的镇民打声招呼。 

 

    昨天听了堤露米娜小姐的一番话，我也觉得去见个面会比较好。 

 

    连安丝都问我：「优奈小姐也要去见我爸爸吗？」而且正如堤露米娜小姐所说，既然雇用了人家的宝贝女儿，我就应该去打声招呼才对。 

 

    虽然我昨天也可以跟堤露米娜小姐一起去，但我实在不想当夫妻俩的电灯泡。 

 

    「而且我们上次来的时候就搭过船了。」 

 

    「对喔，菲娜也已经来过密利拉镇了嘛。」 

 

    诺雅这么说，有点羡慕地看著菲娜。 

 

    「当时有些人",
2152,131798," ★☆★☆★☆轻小说文库(Www.WenKu8.com)☆★☆★☆★ 

  第十六卷 406 熊熊制作押花  
     台版 转自 天使动漫论坛 

 

    虚空文学旅团×天使动漫录入组 

 

    图源：书友同萌会 

 

    录入：kid 

 

    「嗯～睡得好饱。」 

 

    我伸了个懒腰。 

 

    昨天结束员工旅行以后，我享用了堤露米娜小姐亲手做的料理。 

 

    然后，我一回到熊熊屋，连澡都没洗就一头倒到床上。因为很早就睡了，所以我今天醒得非常舒畅。 

 

    「熊缓、熊急，早安。」 

 

    我对窝在我身旁的小熊型熊缓和熊急打招呼。 

 

    「「咿～」」 

 

    熊缓和熊急起身，这么回应我。 

 

    我跟熊缓和熊急一起洗了晨澡，然后开始一天的行程。 

 

    我吃完早餐，正在跟熊缓和熊急悠闲地休息时，菲娜与修莉来拜访了。 

 

    「你们怎么来了？」 

 

    「优奈姊姊你忘了吗？我们今天要去诺雅大人家，把花做成叫做押花的东西。」 

 

    啊，对喔。 

 

    我完全忘了自己有答应这件事。 

 

    我本来打算在旅行结束的隔天慢慢休息，但因为米莎就快要返回锡林城了，所以我们约好早点做押花。 

 

    我站了起来，召回熊缓和熊急后前往诺雅的宅邸。 

 

    我带著菲娜和修莉来到诺雅的宅邸，菈菈小姐便出来迎接我们，带领我们前往诺雅的房间。诺雅、米莎和希雅三个人已经在房间里等我们了。 

 

    「优奈小姐，我们等你好久了。也欢迎菲娜和修莉。」 

 

    「今天非常谢谢诺雅大人的邀请。」 

 

    「谢谢。」 

 

    菲娜向诺雅打招呼，修莉便模仿菲娜打招呼。 

 

 ",
2152,137195," ★☆★☆★☆轻小说文库(Www.WenKu8.com)☆★☆★☆★ 

  第十七卷 434 熊熊观摩考验  
     台版 转自 天使动漫论坛 

 

    虚空文学旅团×天使动漫录入组 

 

    图源：书友同萌会 

 

    录入：kid 

 

    来到矮人之城的我、菲娜与露依敏都玩得很尽兴。 

 

    我们见证了托亚是否能订做秘银之剑的测验，还去见了戈德先生与加札尔先生的铁匠师父──洛吉纳先生。 

 

    然后，我们听说这座城市有所谓的考验之门，冒险者或士兵会用铁匠打造的武器去那里接受挑战。杰德先生也要带着身为铁匠的库赛罗先生所做的剑去参加，所以我们也会一道参观。 

 

    只不过，能踏入考验之门的人只有参加者，参观者似乎不能进去。 

 

    我觉得有点可惜。 

 

    于是，随着考验之门开启，测试铁匠技术的考验就从今天开始。 

 

    「为什么要这么早出发呢？」 

 

    朝阳才刚升起。 

 

    露依敏似乎还很困，轻轻打了呵欠。 

 

    连习惯早起的菲娜都睡眼惺忪的，是因为昨天打扫房子的疲劳还没有消除吗？ 

 

    我穿着白熊服装睡觉，所以很有精神。 

 

    「因为我想在人潮变多之前去看看考验之门。」 

 

    因为我的熊熊装扮容易引人注目，我决定在人少的一大早过去。 

 

    「可是，杰德先生今天不会参加吧。」 

 

    第一天的参加者只有见习铁匠或菜鸟铁匠。所以，身为老手的库赛罗先生不能在第一天参加，杰德先生也要等到明天以后才能出场。 

 

    「因为我很好奇过程是什么样子嘛。」 

 

    另外，如果能从门的缝隙看到里面就更好了。 

 

    「可是，我好困喔。」 

 

    「你们其实可",
2152,139562," ★☆★☆★☆轻小说文库(Www.WenKu8.com)☆★☆★☆★ 

  第十八卷 464 熊熊发现新大陆  
     台版 转自 天使动漫论坛 

 

    虚空文学旅团×天使动漫录入组 

 

    图源：书友同萌会 

 

    录入：kid 

 

    来到塔古伊摘水果的我在远处发现陆地与船只，于是决定朝陆地前进。 

 

    载着我的熊缓跳向波涛汹涌的大海，熊急则跟在我们身后。 

 

    熊缓与熊急躲开塔古伊周围产生的漩涡，在海上奔驰，朝陆地前进。我回过头，便看见塔古伊之岛正在逐渐远去。 

 

    如果没有能立刻回去的熊熊传送门，我根本不敢跳离岛上。真得好好感谢熊熊传送门。 

 

    我小心翼翼地避开海上的船只，朝陆地前进。距离够远就不会被发现，万一被发现就麻烦了，所以我不会靠近船只。过了一阵子，陆地渐渐逼近。岸边好像有港口，可以看见有几艘船停在那里。更远的地方还有建筑物。 

 

    哦，果然有人居住。 

 

    这里是什么样的国家呢？虽然有点期待，但我也觉得穿着熊熊服装走在路上肯定会引人注目，真是麻烦。每次前往新的城市就会遇到这个问题，所以我已经放弃了。 

 

    继续骑着熊缓靠近港口就会被发现，于是我靠着目视和探测技能来寻找没有人烟的地方，偷偷登上陆地。我上陆的地点虽然离港口有点远，但似乎还在城市的范围内。 

 

    「熊缓、熊急，谢谢你们。」 

 

    我向载我到这里的熊缓与熊急道谢，然后将它们召回。 

 

    一身熊装扮就很引人注目了，如果还跟熊缓与熊急在一起，只会更引人注目。 

 

    我一个人朝有建筑物的方向走去，渐渐开始看见街道。 

 

    这里该不会是？ 

 

    我稍微加快脚步，朝建筑物前进。 

 

    走在街上的",
2152,141783," ★☆★☆★☆轻小说文库(Www.WenKu8.com)☆★☆★☆★ 

  动画二季番宣短篇 其一 熊熊归来  
     网译版 转自 真白萌 

 

    翻译：kingsmill 

 

    “优奈姐！” 

 

    “优奈姐~~我们来啦~~” 

 

    菲娜和诺雅来到了熊熊屋。 

 

    “优奈姐，叫我们来有什么事吗？” 

 

    “当然，就算没事也欢迎叫我们来家里哟！” 

 

    总之先带她俩到二楼我的房间来。 

 

    一进屋，小熊化的熊缓和熊急就来迎接了。 

 

    “熊缓酱、熊急酱！今天也那么可爱呢！” 

 

    ““咿！！！”” 

 

    诺雅抱住两个小熊。 

 

    “你们俩还记得4月3日是什么日子吗？” 

 

    “当然啦！是电视动画《熊熊熊Bear-Punch》的开播日！” 

 

    “又能从不可思议的黑箱子里看到我们自己了呢！” 

 

    诺雅和菲娜面前摆的正是不可思议的黑箱子，也就是曾经用来放映熊熊动
...
面可不管我的感受，继续播放着。 

 

    这个PV里介绍了其他的登场人物。 

 

    莫琳小姐、卡琳、还有梅尔和瑟妮雅。 

 

    莫琳小姐和卡琳上一季就出场过，梅尔她们出场的话，十有八九是矿山事件吧。 

 

    “这首歌真好听！” 

 

    诺雅说得没错，背景音乐是一首歌曲，不知是OP还是ED？ 

 

    真好听。 

 

    “看来就是明天了，到时就能看第一话啦。” 

 

    “嗯！” 

 

    “耶！又可以一起在优奈姐家过夜了！” 

 

    “一定要有克里夫的许可才行哟。” 

 

    “没问题！” 

 

    “菲娜也要问过堤露米娜",
2152,145859," ★☆★☆★☆轻小说文库(Www.WenKu8.com)☆★☆★☆★ 

  第十九卷 491 熊熊听说过去的事  
     台版 转自 轻之国度 

 

    轻之国度录入组 

 

    图源：Mega 

 

    录入：Mega 

 

    来到和之国的我遇见了打扮成忍者的女孩子──忍，在她的要求之下，协助她报杀父之仇。 

 

    忍与自称十兵卫的杀父仇人战斗，却败下阵来。 

 

    然后，我代替忍与他战斗，打倒了他。 

 

    可是，这场战斗其实是为了确认我是否有能力拯救和之国而演的一出戏。 

 

    我问他们为何要做这种事，他们便说有个人能够梦见未来，而那个人说我是能拯救国家的希望之光。 

 

    然后，为了确认我的实力，他们便安排我跟和之国的佼佼者──十兵卫先生战斗。 

 

    虽然我一开始很气他们做出这种测试他人的举动，但因为穿着熊熊布偶装的女孩子看起来实在不像希望之光，也因为忍真心诚意地拜托，所以我决定去见那个能够梦见未来、名叫樱的人物。 

 

    而等着我的，是一个跟菲娜差不多年纪的小女孩。 

 

    樱向我坦白了一切。 

 

    她说有一种名叫大蛇的强大魔物被封印在这个国家。大蛇的封印将在近期解除，所以她希望我能协助他们重新封印。樱本身已经在梦里死过好几次。在梦里，一个乘着野兽、散发温暖光芒的人物救了她。 

 

    我不忍心甩开她寻求救赎的小手，于是在附加条件的情况下答应帮忙。 

 

    条件就是如果我办不到，他们必须允许我毫不犹豫地逃走。我毕竟不是万能的，总会有办不到的事。 

 

    我既不是勇者也不是英雄。 

 

    后来，我跟樱与忍一起来到数百年前封印了大蛇的黎聂思岛。 

 

    这座岛有个守护封印几百年的狐狸女性，",
2152,159173," ★☆★☆★☆轻小说文库(Www.WenKu8.com)☆★☆★☆★ 

  第二十卷 517 熊熊回到和之国  
     台版 转自 天使动漫论坛 

 

    在和之国打倒大蛇的我回到了克里莫尼亚。 

 

    自己的房子在大蛇之战中损坏的篝小姐也在我家。 

 

    我一开始以为她会在克里莫尼亚吵闹，却相当安分。她在第一天吵着要睡榻榻米，所以我在熊熊屋的一个房间铺了从和之国买来的榻榻米，替她准备棉被。每当她说：「妾身肚子饿了。」不管我准备什么，都会乖乖吃下去，然后吃饱就睡。每天都重复同样的事。 

 

    因为在大蛇之战中耗尽力量，篝小姐变得十分娇小。也许是受到这件事的影响吧？ 

 

    至于我，则是不时拜访店面或孤儿院，过着悠闲的生活。 

 

    我跟堤露米娜小姐说：「我回来了。」她问我：「你有去哪里吗？」 

 

    虽然我跟菲娜说过自己要去和之国，但堤露米娜小姐似乎不知道。 

 

    毕竟没有离开很久，这也难怪。 

 

    我从塔古伊发现和之国，到和之国泡温泉、买榻榻米，也在冒险者公会接了狩猎镰鼬的委托。然后遇见忍，跟十兵卫先生战斗。 

 

    后来又遇见樱，遇见篝小姐，并跟大蛇战斗。 

 

    虽然离开克里莫尼亚的时间并不长，这几天却过得非常紧凑。 

 

    我在和之国奋斗的期间，克里莫尼亚的店里依然有孩子们穿着熊熊装工作，孤儿院的孩子们也继续照顾咕咕鸟。日子一如往常。 

 

    和平果然是最好的礼物。 

 

    另外，或许是打倒大蛇的关系，熊熊电话的技能升级了。 

 

    变得跟传声筒一样。 

 

    这种说法听起来好像是降级，但持有熊熊电话的人已经可以彼此通话了。 

 

    换句话说，身在克里莫尼亚的我、身在精灵村落的露依敏、身在和",
2152,77900," ★☆★☆★☆轻小说文库(Www.WenKu8.com)☆★☆★☆★ 

  第一卷 1 我得到熊熊装备了！  
     台版 转自 天使动漫 

 

    图源：巴尼尔 

 

    扫图：魂魄妖天 

 

    录入：污驴 

 

    期待已久的更新日终于到来。 

 

    全世界第一款VRMMO（虚拟实境多人线上游戏）幻想RPG。 

 

    包含多元种族、多元职业、多元技能，是自由度很高的游戏。 

 

    发售以后历经一年，今天将进行大型更新。 

 

    我开始当家里蹲已经过了三年，今年满十五岁。 

 

    然后，我在一年前与这款游戏相遇──World Fantasy Online。 

 

    这是可以透过拟真的感觉体验幻想世界的游戏。 

 

    从此以后，开始游玩的一年内，我连学校都不去，只顾著玩游戏。 

 

    睡眠？我有睡满八个小时喔。 

 

    因为还是会想睡嘛。 

 

    睡眠第一，美食第二，第三名就是游戏了吧。 

 

    学校？ 

 

    那是笨蛋才要去的地方吧。 

 

    这个世界上有一种称为股票的炼金术。 

 

    只要把钱丢进去就会不断增加。 

 

    那就像是简单的游戏一样。 

 

    只要搜集到情报，金钱也会不断累积起来。 

 

    我对父母这么说，他们就说了「学校是用来交朋友的地方」之类的话。 

 

    朋友？那是什么好吃吗？ 

 

    因为父母实在太啰嗦，我就把在股市赚来的一亿圆交给他们，他们也就闭嘴了。 

 

    结果，收到一亿圆的父母便再也没有回家。 

 

    他们应该正在利用那一亿圆来玩乐吧。 

 

    我想他们用完了应该又会来要钱，所以我决定瞒",
2152,79067," ★☆★☆★☆轻小说文库(Www.WenKu8.com)☆★☆★☆★ 

  第二卷 27 传闻中的熊熊  
     台版 转自 轻之国度 

 

    图源：巧克力色的香蕉 

 

    录入：怠工驴 

 

    我盖好熊熊屋之后过了几天，这里就变成风景名胜了。 

 

    空地在没有人发现的情况下盖起一栋建筑物，房子的外观是熊，就连住在里面的人都打扮成熊的模样……这个样子，任何人应该都会感到惊讶吧。 

 

    有很多人会在附近远远围观熊熊屋。因此，我最近都没有出门。 

 

    我在盖好房子的第一天曾经出门吃饭，但现在则是在家里自己下厨。 

 

    「优奈姊姊，今天的肢解工作做完了喔。」 

 

    我将肢解的工作委托给菲娜，她就每天都过来肢解，所以我定了每工作三天就要休假一天的规则，而且我还规定一天最多的肢解数是五只。因为如果不这么做，菲娜就会默默地不断工作下去。 

 

    如果一天最多五只，半天就可以完成肢解的工作。 

 

    「谢谢你，回家的路上要小心喔。」 

 

    「嗯，优奈姊姊不去工作吗？」 

 

    「我改天会去的……」 

 

    因为最近熊熊屋很引人注目，所以我经常宅在家。 

 

    如果是待在以前的世界倒是没什么问题。不过一直这样下去实在是不太好，明天一大早就去公会好了，反正我也得去打倒要给菲娜肢解用的魔物。 

 

    隔天早上，我前往好久没去的公会。 

 

    「啊，优奈小姐！您终于来了。」 

 

    我一穿过公会的门，海伦小姐就对我喊道。 

 

    公会还真是会给我添麻烦。 

 

    「海伦小姐，早安。」 

 

    我打了招呼，走到海伦小姐面前。 

 

    「真是的，您最近都在忙些什么？我们等您好",
2152,80684," ★☆★☆★☆轻小说文库(Www.WenKu8.com)☆★☆★☆★ 

  第三卷 51 熊熊出发去王都  
     台版 转自 轻之国度 

 

    图源：kerorokun 

 

    录入：养老驴 

 

    担任护卫的出发日当天，我先到堤露米娜小姐的家去接了菲娜。 

 

    然后我们要去领主的宅邸和诺雅会合。 

 

    「对了，优奈姊姊，你要护卫的人是谁呢？」 

 

    「嗯？我没有说过吗？是这个城市的领主女儿喔。」 

 

    我告诉菲娜，她的脸色就愈来愈苍白。 

 

    「领主大人……那么，我们等一下要去佛许罗赛大人的家吗？」 

 

    我点点头，菲娜就…… 

 

    「我要回去了。」 

 

    说出这种话，所以我用熊熊玩偶手套抓住菲娜的手，免得她跑掉。 

 

    「领主又不会吃了你，没问题的啦。而且护卫对象是他的女儿，一个叫做诺雅的女孩子。」 

 

    看菲娜的反应就可以发现，这个世界的贵族和平民果然有很大的阶级差异。 

 

    可是就算是贵族，诺雅也是一个可爱的好孩子。 

 

    「诺雅儿大人吗？就算是那样，我这种人和她一起……」 

 

    奇怪，我明明是用昵称来称呼，她却说出了诺雅儿这个名字。 

 

    她应该还是知道这号人物吧。 

 

    「总之先过去吧。如果不行的话，我们下次再两个人一起去就好。」 

 

    被我抓住的菲娜勉为其难地跟著我走。 

 

    我们一抵达领主的宅邸，诺雅就已经手扠著腰，抬头挺胸地站在门前了。 

 

    「太慢了！优奈小姐！」 

 

    这就是打招呼前的第一句话。 

 

    「我没有迟到吧。你等多久了？」 

 

    「我起床之后，吃完早餐就马上",
2152,82625," ★☆★☆★☆轻小说文库(Www.WenKu8.com)☆★☆★☆★ 

  第四卷 75 熊熊购买店面  
     台版 转自 轻之国度 

 

    图源：kerorokun 

 

    录入：养老驴 

 

    向在王都照顾过我的人们问候完的隔天，我使用熊熊传送门和菲娜一起回到克里莫尼亚。 

 

    「优奈姊姊，这次玩得好开心喔。」 

 

    虽然魔物的出现等事让我吓了一跳，但王都的确很好玩。 

 

    最重要的是，能够取得马铃薯和起司让我很高兴。 

 

    「幸好你玩得尽兴。有了熊熊传送门，以后就可以随时去王都了。」 

 

    「希望下次可以和全家人一起去。」 

 

    「可是，这个传送门的事情是秘密喔。」 

 

    「嗯。」 

 

    为了将菲娜送回堤露米娜小姐身边，我们前往孤儿院。这个时间，堤露米娜小姐应该在孤儿院照顾咕咕鸟才对。 

 

    我们来到孤儿院附近的鸡舍，就看见孩子们卖力工作的身影。我正在张望四周的时候，其中一个孩子注意到我。 

 

    「熊姊姊！」 

 

    一个人发现我，大家就全都停下手边的工作，来到我身边。 

 

    「大家都过得好吗？」 

 

    「嗯。」 

 

    孩子们都露出笑容。 

 

    嗯，他们这么有精神真是太好了。 

 

    「堤露米娜小姐在吗？」 

 

    「嗯，她在那边数蛋。」 

 

    男孩子指著鸡舍旁边的小屋。我向告诉我这件事的孩子们道谢，走往堤露米娜小姐所在的小屋。我们一进入小屋内，就看见正在数蛋的堤露米娜小姐，而她身旁还有修莉在。 

 

    「妈妈！」 

 

    菲娜一见到堤露米娜小姐，便高兴地奔向好久不见的母亲。 

 

    「菲娜？」",
2152,86579," ★☆★☆★☆轻小说文库(Www.WenKu8.com)☆★☆★☆★ 

  第五卷 96 熊熊挖隧道  
     台版 转自 轻之国度 

 

    图源：kerorokun 

 

    录入：伸明 

 

    击退克拉肯后的欢庆气氛在隔天平息下来，密利拉镇回到了往常的生活。 

 

    原本被盗贼阻挡的路已经可以通行，在海中捣乱的克拉肯也消失了。 

 

    迪加先生说，镇上再过一阵子应该就会恢复原状。 

 

    迪加先生因为喝了个烂醉，被女儿安丝臭骂了一顿。可是，他们两人的表情不像几天前一样忧郁，说话时的神情也很开心。 

 

    「优奈小姐，今天的早餐也要吃饭吗？」 

 

    「嗯，拜托你了。」 

 

    难得拿到米了，我当然要吃。我请安丝帮我烤鱼，再煎我带来的蛋，解决了早餐。 

 

    吃完早餐，回到房间的我想起安丝昨天说过的话。 

 

    只要够近，她就愿意去克里莫尼亚。 

 

    我很想请安丝过来克里莫尼亚。可是，就算能让安丝骑著熊缓它们到克里莫尼亚，弄不到海产也没有意义。 

 

    要带安丝去的话，就要先确保海产的流通路线才行。 

 

    可是，现在要去克里莫尼亚，除非沿著海岸线绕远路，否则就只能越过山脉了。这两种方法都很花时间，也不安全，实在不是能够运送海鲜的路线。 

 

    要带安丝过去，又要能够常常吃到海鲜，就一定要让往返克里莫尼亚和密利拉的方式变得更加容易才行。既然如此，我只能想到一个方法。那就是在两座城镇之间的山脉挖隧道。 

 

    只要有隧道，就可以缩短前往克里莫尼亚的时间，安丝也愿意过来克里莫尼亚，还能促成海鲜的流通。 

 

    使用熊熊魔法应该可以挖隧道。 

 

    不过，要挖隧道还有一个问题。那就是光挖洞，也没",
2152,89132," ★☆★☆★☆轻小说文库(Www.WenKu8.com)☆★☆★☆★ 

  第六卷 121 熊熊去王都  
     台版 转自 轻之国度 

 

    图源：kerorokun 

 

    录入：kid 

 

    我带著菲娜和修莉从密利拉镇的小旅行回来了。 

 

    她们两个人第一次看到海，似乎都很高兴。我们在海边玩、搭了船，也吃了迪加先生的海鲜料理，还一起挖竹笋。 

 

    「我们玩得很开心。优奈姊姊，很谢谢你。」 

 

    「优奈姊姊，谢谢你。」 

 

    姊妹俩一到克里莫尼亚就对我道谢。 

 

    「那我们下次再去吧。」 

 

    「好的！」 

 

    「好耶～」 

 

    两人都很开心。下次就等天气变热，可以游泳的时候再去吧。到时候我也想要带孤儿院的孩子们一起去。 

 

    看到菲娜和修莉的笑容让我很高兴。真的幸好我有带她们去。 

 

    后来，我为了归还借来的人，出发去找堤露米娜小姐。有借就要有还才行。这是让交情长长久久的秘诀。 

 

    「来，我把借来的令媛带回来了。」 

 

    我来到堤露米娜小姐家，把我暂时照顾的菲娜和修莉还给她。 

 

    「妈妈，我们回来了。」 

 

    菲娜和修莉抱住堤露米娜小姐。堤露米娜小姐抚摸女儿的头。 

 

    「你们两个玩得开心吗？」 

 

    「是，我们玩得很开心。海好大，我们还搭了船。」 

 

    「海水喝起来咸咸的。」 

 

    「呵呵，因为那是盐水嘛。」 

 

    姊妹俩开心地诉说旅行见闻，堤露米娜小姐则带著笑容听她们说。感情融洽的家人真不错。如果根兹先生也在就好了，不过他现在在冒险者公会工作。他是家庭的支柱，得努力工作，好好加油才行。 

 

 ",
2152,92927," ★☆★☆★☆轻小说文库(Www.WenKu8.com)☆★☆★☆★ 

  第七卷 149 熊熊前往矿山（勇者前往矿山）  
     台版 转自 深夜读书会 

 

    购书人：尤巴连结体 

 

    录入：深夜读书会 

 

    读书群：714435342 

 

    公主（菲娜）被魔女（艾蕾罗拉）俘虏了。 

 

    魔女（艾蕾罗拉）应该会给公主（菲娜）住干净的房间，让她穿漂亮的衣服，并让她睡在柔软的床铺上吧。 

 

    魔女（艾蕾罗拉）甚至会提供公主（菲娜）美味的食物，残害她的心灵（胃）。 

 

    在勇者（优奈）归来之前，公主（菲娜）应该会在王都观光，或是和魔女（艾蕾罗拉）的女儿（希雅）一起玩耍。公主（菲娜）肯定会喜极而泣吧。 

 

    救出公主（菲娜）的条件是打倒窝藏在魔女（艾蕾罗拉）所支配的矿山里的魔偶。 

 

    「公主（菲娜），请等我。我一定会打倒魔偶，活着回来。」 

 

    勇者（优奈）向被掳的公主（菲娜）许下约定。 

 

    必须尽早救出公主（菲娜）才行。勇者（优奈）在心中发誓，背对魔女（艾蕾罗拉）的宅邸，迈开步伐。 

 

    ……玩笑话就说到这里，我和菲娜一起在艾蕾罗拉小姐的宅邸住了一晚，隔天才离开。 

 

    根据冒险者公会的会长──莎妮亚小姐所说，要前往矿山，从王都出发是最近的。 

 

    走出王都之后，我召唤了熊缓，出发前往矿山。 

 

    我不时停下来休息，有时也会换乘熊急，走着走着就看见了城镇。 

 

    住在矿山附近的这座城镇中的人，几乎都是矿山的相关人员。有需要矿石的人、跟在矿山工作的人作生意的人。人一多，店家也变多了。 

 

    最后就形成了这座小镇。 

 

    为了避免引发骚动，我从熊缓身上下来，徒",
2152,97205," ★☆★☆★☆轻小说文库(Www.WenKu8.com)☆★☆★☆★ 

  第八卷 176 熊熊订做布偶  
     台版 转自 深夜读书会 

 

    购书人：尤巴连结体 

 

    深夜读书会出品 

 

    读书群：714435342 

 

    自王都归来的我从早上就开始和熊缓与熊急懒洋洋地赖在床上。躺着躺着就在不知不觉中睡了回笼觉，清醒的时候，上午的时间已经过去了。 

 

    总不能一直赖在床上，于是我从白熊服装换成黑熊服装，简单吃过饭后，前往雪莉工作的裁缝店。 

 

    为了芙萝拉大人，我要跟她订做熊缓和熊急的布偶。如果能多做几个，也可以送给孤儿院的孩子，或是装饰在房间里。 

 

    我穿着熊熊布偶装在克里莫尼亚城里走动，但和王都不同，这里不会有人对我投以令人不悦的视线。虽然也有些人会盯着我看，但人数不像王都那么多。走在王都的街上，会有嘲笑、好奇、惊讶等各式各样的目光集中到我身上。可是，克里莫尼亚愈来愈少发生同样的情形。这或许就代表我的熊熊打扮在这座城市已经是众所周知的事了。 

 

    我一边想着这种事一边走着，抵达裁缝店。店里贩售着服装和布料、缝线等商品。 

 

    我走进店内时看到几名客人正在挑选商品。有个三十岁左右的女性正在接待这些客人——是雇用雪莉的娜尔小姐。 

 

    接待完顾客的娜尔小姐走到我的面前。 

 

    「优奈，欢迎。你是来买衣服的吗？」 

 

    明明知道我不穿普通衣服，她还是用业务式微笑问道。 

 

    「要不要我帮你挑几件适合你的漂亮衣服？」 

 

    「那也不错，可是我今天有别的事。雪莉在吗？」 

 

    「雪莉？她应该在里面跟我老公一起做衣服喔。」 

 

    「她现在很忙吗？」 

 

    「没有赶着交货",
2235,81534," ★☆★☆★☆轻小说文库(Www.WenKu8.com)☆★☆★☆★ 

  第一卷 Characters  
     台版 转自 天使动漫 

 

    图源：yoyo 

 

    录入：kid 

 

    修图：理子 

 

    星上阳奈 

 

    热爱UMA的女高中生。会变身成魔星太阳。 

 

    小马马 

 

    挖掘阳奈成为魔星少女的外星人。 

 

    地平 遥 

 

    阳奈的学妹。非常积极的跟踪狂。 

 

    朔良皇月 

 

    上传玩具平论影片的少女。 

 

    灾祸撒旦 

 

    侵略地球的外星人。   

  第一卷 Final-Episode：一年之战的尾声。  
     火星。 

 

    这颗朱红色星球上，没有被喻为生命之源的水……从地球时间约一年前开始，变成一片「银白世界」。 

 

    然而，这样的称呼并非是洁白雪原之意。 

 

    而是如字面意思，金属的银色覆盖地表上的朱红，达到无生命气息的极致——钢铁。 

 

    这就是覆盖整颗火星的银色物质真面目。 

 

    邪恶组织「机奇怪会」主张——全宇宙完全机械化，才是生命的最终进化及最大幸福。 

 

    在他们残忍无情的作为下，遭到行星机械化成为银色星体，正是距离地球最近的行星的下场。 

 

    邪恶组织以火星为据点，企图将地球机械化。独自与他们对抗的，是一名少女。 

 

    面对超乎人类智慧的力量，原本应该束手无策、被染上一片银白的地球，因为少女的守护，依然保有美丽的蓝色。 

 

    在星辰的加护下，以心灵的光辉施展魔法—— 

 

    如此神秘的存在名为——魔星少女。 

 

    一年前，地球人类的未来及伟大的传说，全",
2235,90022," ★☆★☆★☆轻小说文库(Www.WenKu8.com)☆★☆★☆★ 

  第二卷 Avan-Title：次世代魔星少女。  
     台版 转自 轻之国度 

 

    图源：音无 

 

    扫图：风 

 

    录入：kid 

 

    修图：轻之国度录入组 

 

    宇宙。 

 

    曾几何时，人类开始憧憬起青空另一端的世界呢？ 

 

    恐怕，是从人类产生「心」的那一瞬间起就开始了吧。 

 

    从还不明白自己立足的大地是个球体的太古时代起，人们就一直仰望天空。 

 

    于白昼，被清澈的苍蓝吸引；于夜晚，被漫天的繁星吸引。 

 

    于是人们开始记录起星辰的移动与月儿的圆缺。 

 

    人类因此明白，与抬头可见的太阳相比，名为地球的行星只能说是太仓一粟。 

 

    而且还更进一步明白，就连太阳，在整个宇宙中，也不过是恒河沙数之一。 

 

    最后，人们开始以迈向宇宙为目标。 

 

    但即使历经几万年，人类肉体能抵达之最远处，也只是离地球最近的天体——月球罢了。 

 

    难道说，宇宙永远是只能远观、令人敬畏的存在吗？ 

 

    不。 

 

    假如人类的科学无法办到——就用魔法前往宇宙吧。 

 

    二十一世纪，地球，日本。 

 

    青森县—— 

 

    这里住著一名已经朝宇宙跨出一大步的少女。 

 

    她花费了相当于搭乘新干线从青森前往东京的时间，从地球前往火星。 

 

    而且还以在站内名产店买伴手礼般的轻松感，打倒了蟠踞于火星的恶党首领。 

 

    传颂于整个宇宙的神秘战士——魔星少女。 

 

    傲立于魔星少女顶点的战士——里芙蕾雅。 

 

    极为平凡的女",
2255,100338," ★☆★☆★☆轻小说文库(Www.WenKu8.com)☆★☆★☆★ 

  第七卷 第一章 很久很久以前，在某个地方  
     台版 转自 深夜读书会 

 

    发布：深夜读书会 

 

    论坛：ritdon.com 

 

    那天我造访的国家非常非常特别。 

 

    然而，那同时是个非常非常难以留下印象，不可思议的国家。原因绝对不是这里没有特征，或是缺乏有趣的地方。 

 

    这里的街景并没有完全保留过去的样貌，有很久以前的老旧红砖建筑、临时搭建的木造屋舍，还有全新的白漆墙壁民宅。形形色色的建筑参差不齐，就像是从全世界的街道各借用一点房子般，造就不可思议的城市景观。 

 

    人潮在街上川流不息。 

 

    而人的模样也如同这座城市的缩影。 

 

    有平凡的人类、有魔法师、有兽人、也有魔族。这个城市混杂了各式各样的种族。 

 

    正因如此，在街上漫步时景色令人眼花缭乱。 

 

    我过去也造访过好几个像这样，各种文化齐聚一堂的国家｜｜然而数量屈指可数。 

 

    就算旅行了这么长一段时间，遇到这种奇妙都市的机率也不高。 

 

    于是，正因如此，我对这座城市的由来好奇不已。我想知道这个城市是经历什么样的时代，才变成能够接纳各种种族的国家。 

 

    这或许该说是旅人的天性。 

 

    「…………唔唔唔唔。」 

 

    就是这样，我现在正在旧书店找历史资料大看白书。虽然这么做有点缺德，但是大多数历史资料与传记的主张都会跟着立场与看法的不同而千变万化，因此不能贸然购买。 

 

    如果要买，我想等自己尽可能消化内容之后再买几本就好。 

 

    总之，就像这样，就在我以稍嫌不守规矩的方式埋首书中的时候。 

 

    「哎呀，你对",
2255,100339," ★☆★☆★☆轻小说文库(Www.WenKu8.com)☆★☆★☆★ 

  第八卷 第一章 留给重要的人，意义非凡的一天  
     台版 转自 轻之国度 

 

    图源：流哲不哼太 

 

    录入：kid 

 

    挂在墙上的月历上，几天后的日期用褪色的墨水圈了起来。 

 

    对总是漫不经心的我而言，对随性乐观度过每一天的我而言，唯独那一天有不论如何都不能排开的要事。 

 

    我从很久以前就在期待这一天到来了。 

 

    这一天十分特别，对我来说意义重大非凡。 

 

    我从好几年前，从很久很久以前，就迫不及待地等著这一天活到现在。 

 

    这一天，我能跟她重逢。 

 

    再次见面时，她会带著什么表情呢？她会惊讶，还是会欢笑？说不定有可能会放声大哭。 

 

    她真的教了我很多很多，多到数不尽的事情。 

 

    我跟她一起度过的日子从这一天开始，也为了等待这一天到来。 

 

    她教了我世界的宽广。这是我和她重要非凡、值得纪念的一天。 

 

    「真期待。」 

 

    我带著不像自己的雀跃心情整理好行李。 

 

    『二十二年来最接近！扫把星出现在夜空中的日子。』 

 

    我把之前造访某个地区拿到的手册收进怀里，伸手打开门。叽一声，开关不顺的门宛如知道自己的极限发出悲鸣。 

 

    接著我将门带上。 

 

    「我出发了。」 

 

    为了再次见到你。 

 

    踏上重逢的旅行。   

  第八卷 第二章 不死之病  
     我和她相遇时，她已经死了。 

 

    不，这绝不是隐喻，她毫无疑问如字面所述死掉了。 

 

    我在旅行前往下一个国家的途中发现她的遗体，正巧是喃喃自语著「",
2255,102172," ★☆★☆★☆轻小说文库(Www.WenKu8.com)☆★☆★☆★ 

  第九卷 第一章 巨人的厨房  
     台版 转自 轻之国度 

 

    图源：音无 

 

    录入：kid 

 

    我不是个坦率的人，这种个性说不定还受到师父芙兰老师影响。 

 

    我跟她都绝不会主动说出想一起旅行这种话，却还是骑著扫帚飞往相同的方向。 

 

    唯有娇小林木相互依偎，零星散落的平原看似无边无际。绿意如大海一般辽阔，青草微波荡漾，凉爽的风声自四面八方吹来，穿越我们两人之间。 

 

    真希望这种风景能持续到永远──我这么想，静静地侧耳倾听风的声音。 

 

    「伊蕾娜。」 

 

    这时，芙兰老师说。 

 

    她的脸上浮现一如往常的温柔笑容。 

 

    「是不是开始有点饿了？这么说来，我从早上开始就什么也没吃。唉，什么都好，真想吃点东西。你肚子会不会饿？要不要休息一下？」 

 

    「…………」 

 

    她居然不解风情地说出这种话。 

 

    我忍不住叹了口气。「肚子饿的话吃杂草不就好了吗？」 

 

    「哎呀哎呀，我怎么能吃杂草呢？你以为我是谁？」 

 

    「我的师父芙兰老师。」 

 

    「没错，你的师父芙兰老师。话说回来，身为徒弟的人不是应该请师父吃饭，表达感谢之意才对吗？」 

 

    「我听不懂你在说什么。」 

 

    「这个世界的常识呀。」 

 

    喔喔，原来是某个未知世界的常识。 

 

    「总而言之，我现在想给伊蕾娜请客。」 

 

    「就心血来潮来说还真强人所难呢……」 

 

    算了，难得见面，请她吃饭是没有什么问题。 

 

    「你愿意请我吗？」 

 

    这",
2255,104473," ★☆★☆★☆轻小说文库(Www.WenKu8.com)☆★☆★☆★ 

  第十卷 第一章 旅行航路：书中的故事  
     台版 转自 深夜读书会 

 

    发布：深夜读书会 

 

    论坛：ritdon.com 

 

    我们又见面了呢。 

 

    没错，就是我。 

 

    伊蕾娜。 

 

    你知道我现在在哪里吗？对，没错，就是我。你觉得我在哪里？ 

 

    我想你一定没办法马上猜到，所以就来给你一点提示吧。 

 

    在你眼中看来，这里一定是放眼望去全部都是文字，黑白又单调的世界。这里是薄薄纸张中的世界，而我一定也只存在于这一页又一页的文字世界中。 

 

    我就是身在那种世界。 

 

    你知道是哪里了吗？ 

 

    没错，就是书里面。 

 

    哎呀，怎么会这样！我现在就在书中的世界！ 

 

    ………… 

 

    就是这样，容我再次自我介绍。各位读者，早安。午安。晚安。 

 

    你看得到我在这里挥手吗？才怪，怎么可能看得到呢，毕竟我只是一行行的字。 

 

    追根究柢，你真的能理解我身在书里面，活在书里面是什么意思吗？ 

 

    我不停想着没有人看该怎么办，觉得有点害怕。所以如果可以的话，请不要阖上书本，继续看着我喔？ 

 

    话说回来，你知道吗？书中的世界十分不可思议，又非常怪诞惊奇，偶尔还会发生现实之中不可能发生的事情。 

 

    「嗯呵呵。我的眼镜好棒……」 

 

    我说。我戴着眼镜，还穿着拉特利塔国立学园的制服。 

 

    「猫耳女仆装的我……会不会太可爱了……？」 

 

    妖娇打扮的我对玻璃窗上的倒影看到入迷，身上穿着过去在咖啡厅打工时穿的女仆装。 

 

   ",
2255,104788," ★☆★☆★☆轻小说文库(Www.WenKu8.com)☆★☆★☆★ 

  第十一卷 第一章 高级餐厅溅血事件  
     台版 转自 轻之国度 

 

    图源：传说中的路过传说 

 

    扫图：凑·凯特流 

 

    录入：kid 

 

    修图：不会修图的kid 

 

    「呀啊啊啊啊啊啊啊啊啊啊啊啊啊！」 

 

    尖叫声在某个国家的餐厅回荡，店内却没有任何人对她悲痛的惨叫做出反应。 

 

    当时，店内的灯光全部熄灭，蛋糕在轻快的音乐伴奏下，正送往窗边座位的情侣。 

 

    幸福的情侣来到国内好像有名列前三的高级餐厅庆祝交往一周年，店内正为他们献上温暖的掌声。包括我在内，餐厅内所有人都是碰巧撞见这幸福洋溢的时刻，即便如此，掌声之中仍无疑充满祝福。 

 

    不论如何，正是因为这样，包含我在内餐厅里所有的人，都以为女子的尖叫声是出自于感动或是欢喜。 

 

    然而，我们在听到尖叫声的当下原本就应该抱有疑问。 

 

    因为声音来自蛋糕所在之窗边座位的遥远后方。 

 

    是从餐厅深处传来的。 

 

    蛋糕伴随摇曳的烛光放在情侣桌上，温暖的掌声更加响亮时，店内再次恢复光明。 

 

    一反受到祝福的窗边两人，餐厅的另一头传来一股不祥的气息。于是我捧著饭后红茶回头一看。 

 

    「真的假的……？」 

 

    恐惧令我打了一个寒颤。 

 

    冲击太过强烈，害茶杯差点脱手。 

 

    餐厅后方化为与值得庆祝相去甚远的凄惨现场。 

 

    一名漂亮的女子卧倒在地，白色洋装染成一片鲜红。红色的污渍徐徐扩散，侵蚀三星餐厅的高级地毯。 

 

    我们这时才终于理解。 

 

    我们偶然间被卷进了麻烦透顶的状况中",
2255,108413," ★☆★☆★☆轻小说文库(Www.WenKu8.com)☆★☆★☆★ 

  短篇 南瓜祭典  
     网译版 转自 轻之国度 

 

    翻译：守夜擎天柱 

 

    前情提要。 

 

    我，灰之魔女伊蕾娜，是个环游世界的旅人。身穿黑色长袍，头戴三角帽，灰色长发随风飘逸。我的生存意义就是四处造访各个国家，并且除此以外不会特地去思考什么。 

 

    我是在昨天造访那个国家的。 

 

    当我到达那个相传正在举办南瓜祭典的国家时，我被守门士兵搭话，“哎呀你真是可爱啊！太赞啦！从来没见过这么可爱的女孩！太棒了！所以呢，这些糖果都给你了。”我就这样拿到了装满整个篮子的大量糖果。赚到了。 

 

    之后，我在大街上走着。可是不知为何，街上人们的样子都十分奇怪。 

 

    浑身缠着绷带的壮汉、吸血鬼、魅魔、裹着白色布条的妖怪、还有狼人之类的。 

 

    也就是说，这条街道上到处都是怪物，不管是右边还是左边都是怪物。哇真是惊人啊。 

 

    我简直就像是被投进困着猛兽的笼子里的饵食。 

 

    南瓜祭典到底是干什么的。 

 

    这里简直就是地狱。 

 

    “嘻嘻嘻小姐你真可爱啊。”“哦呀哦呀？魔女小姐你不小心走到我们的街道里来了吗？”“和大哥哥一起玩吧呜呵呵呵呵……”“哎呀！这里可不是小孩子该来的地方哦。” 

 

    怪物们把我包围着，露出猥琐的笑容。 

 

    然后我就成了那里的怪物们的饵食。 

 

    世事难料。 

 

    我的旅程就此结束。 

 

    可喜可贺可喜可贺。 

 

    “……” 

 

    再怎么说，变成了怪物的饵食这种展开肯定是假的。而且硬要说的话，开头那句前情提要也是假的。 

 

    顺带一提，我拿到了",
2255,110452," ★☆★☆★☆轻小说文库(Www.WenKu8.com)☆★☆★☆★ 

  第十二卷 第一章 某个旅人的故事  
     台版 转自 天使动漫论坛 

 

    图源：奏井夕雨 

 

    录入：kid 

 

    她翻开下一页。 

 

    灰色头发、琉璃色双眼、身穿黑长袍、头戴黑色三角帽的她，胸口别著星辰造型的胸针。那是象徵最顶级魔法师──魔女的胸针。 

 

    她是魔女，也是旅人。 

 

    早上起床的时间自由决定，睡觉的时间也无拘无束。她在各国之间优游漫步，度过每一天。 

 

    今天也不是例外，自由的一天才正要开始。 

 

    「…………」 

 

    咖啡厅的露天座位。 

 

    她自书中抬起头来，不经意地环顾四周。 

 

    也许是因为城市才刚刚苏醒，在刚升起的晨曦之中，路上行人寥寥可数，气氛安静又沉稳。 

 

    侧耳聆听，服务生将咖啡放在隔壁桌的声音传进耳中，淡淡的咖啡香没多久便自她身旁飘过。这时她想起自己凉掉的咖啡在杯中所剩无几。 

 

    一面想著哎呀哎呀，她一面喝光剩余的咖啡，呼叫服务生又点了一杯。 

 

    然后她再度垂眼，继续阅读手中的故事。 

 

    难得来到陌生的国家，或许应该品尝那个国家独一无二的道地美食，或是匆匆忙忙地巡回观光名胜。 

 

    但她唯有轻瞥时钟一眼，决定书看完之前继续待在咖啡厅。 

 

    反正不论是今天还是明天都要继续旅行，时间充裕得很。造访观光名胜、品尝道地美食晚点再做就好。 

 

    现在她只想专心地沉浸在眼前的书中世界。 

 

    话说回来。 

 

    像这样一早就悠哉地享受读书乐趣的旅行魔女，究竟是谁？ 

 

    没错，就是我。 

 

    而我也为",
2255,110545," ★☆★☆★☆轻小说文库(Www.WenKu8.com)☆★☆★☆★ 

  第十三卷 第一章 旅人的一天  
     台版 转自 轻之国度 

 

    图源：拉菲（莫妮卡！！） 

 

    录入：拉菲 

 

    在大都市国家利科尔特的大街上等了约一个小时。 

 

    旅人米亚（化名）挥了挥手，面带微笑现身。身穿黑长袍的她是旅人，也是魔法师，外表看起来大约十八岁到二十岁出头，面貌有如洋娃娃般美丽姣好。 

 

    「哎呀～不好意思让你久等了。」 

 

    米亚轻笑了几声低头道歉。 

 

    我点头回应，看了一眼时钟。 

 

    ──她来这里的途中发生了什么事？ 

 

    她迟到了一个小时。 

 

    「我买了个面包结果就迟到了。」 

 

    她没有特别愧疚，平淡自若地回答。 

 

    ──原来如此。 

 

    「啊，请放心，作为迟到的赔礼，我连你的也一起买了喔。来，请用。」 

 

    ──谢── 

 

    「啊，先等一下。给你一整个有点太浪费了，我们一人一半吧。」 

 

    她这么说，把面包撕成两块。 

 

    「来，给你。」 

 

    交到我手中的明显就只有一小块。 

 

    显然根本不到一半。 

 

    「这样我迟到的事情就打平了。」 

 

    显然根本不到一半。 

 

    ──谢谢……你…… 

 

    「呵呵呵，不用客气。」 

 

    她天真烂漫地笑了。对她来说，迟到一个小时只是琐碎的小事。 

 

    旅人指的是自由自在周游各国的人。不受到国家的框架限制，他们随处可见，却又不属于任何地方。他们不受时间的拘束，能够切身体会自由的生活，说是与自由共生也不为过。 

 

    ",
2255,114032," ★☆★☆★☆轻小说文库(Www.WenKu8.com)☆★☆★☆★ 

  第十四卷 第一章 特别珍藏的故事  
     台版 转自 天使动漫论坛 

 

    天使动漫录入组 

 

    图源：奏井夕雨 

 

    录入：kid 

 

    旅人餐馆。 

 

    只要是在邻近国家旅行的人，想必没有人不认得这间餐厅的名字。这间餐厅可说是绝对会在国内的城门附近开店，对于旅人及商人来说是最便利的歇脚处。 

 

    推开店门。 

 

    服务生在柜台后对我说了声欢迎光临欠身致意，并请我在客人稀疏的店内随意找位子坐。 

 

    随意找位子坐是字面上的意思。 

 

    在这间旅人餐馆，只要有空位，不论那桌有没有人，都可以随意在任何位子坐下。 

 

    造访这间餐厅的客人大多都是旅人、商人或是冒险者等，在各国之间飘泊流浪维持生计的人。 

 

    目的是在用餐的同时与其他客人交换情报。 

 

    对于商人和旅人来说，情报等同于生命线。人人都想尽早获得危险国家或地区的情报，或是有全新流行习惯的国家资讯。 

 

    因此旅人及商人们才会为了收集情报而聚集在这间餐馆。而众多旅人与商人聚集，便会吸引更多飘泊的人前来。 

 

    浪迹天涯的人大半都饥肠辘辘。 

 

    想知道有趣的故事和崭新的遭遇。 

 

    我们渴望刺激。 

 

    环视店内，虽然能看见不少在桌前面对面闲聊用餐的客人，但几乎所有人都是初次见面。 

 

    我在某张桌子的位子上坐下。 

 

    只要坐在这间餐厅的位子上，附近的人就会自然而然地过来攀谈。 

 

    「──你好，请问你自己一个人吗？」 

 

    所以我这种形单影只的老商人被年轻女性搭话也并不稀奇。我的行商资历",
2255,120784," ★☆★☆★☆轻小说文库(Www.WenKu8.com)☆★☆★☆★ 

  第十五卷 短篇集 第一章 第一话 恐怖故事  
     台版 转自 天使动漫论坛 

 

    天使动漫录入组 

 

    图源：奏井夕雨 

 

    录入：kid 

 

    「──然后呢，那个男人把馒头吃个精光，『啊啊，太可怕了。我开始害怕热茶了。』还这么说著这句话。」 

 

    美丽的月牙高挂魔法师之国的夜空。月色之下的旅馆中，沙耶坐在床边，露出毛骨悚然的表情说。 

 

    「……不好意思，这是恐怖故事对不对？刚才的故事哪里恐怖了？」 

 

    「咦咦？你这样问就不可怕了啦，伊蕾娜小姐。请你自己想想看。」 

 

    「…………」 

 

    她半夜突然跑来我房间，说著「来说恐怖故事吧！」但内容太过空泛我提出疑问，结果不知为何挨骂了。太奇怪了。 

 

    「那么，接下来轮到伊蕾娜小姐了。来吧，请吓吓人家吧！」 

 

    「喔。」 

 

    「啊，可是人家会怕恐怖故事！希望故事能有一点点可怕，但最后让人感动！」 

 

    「你的要求很多耶。」 

 

    我也得说恐怖故事就更莫名了，而且难度还变高了。 

 

    不过令人遗憾的是，我倒也不是没有那种故事。 

 

    「这个呢，那我就说说我特别珍藏的故事吧。」 

 

    然后我开口诉说。 

 

    某个地方有一名旅人。 

 

    她来到某个国家，一如往常地到旅馆过夜。孰料，旅人投宿的房间非常诡异。每天晚上都会有陌生人闯进来，做出「嘿嘿……我们一起睡吧……嘿嘿……」这种要求。 

 

    旅人感应到生命危险，在房间内侧动了手脚，避免任何人进门。她心想这样就没有人进得来了，松了口气。 

 

    想不到",
2255,120785," ★☆★☆★☆轻小说文库(Www.WenKu8.com)☆★☆★☆★ 

  第十六卷 第一章 追梦弓箭手艾希莉  
     台版 转自 天使动漫论坛 

 

    天使动漫录入组 

 

    图源：奏井夕雨 

 

    录入：kid 

 

    在某个乡下的小国。 

 

    一名魔女突然敲门造访，老爷爷露出充满戒心的表情问：「你是谁？」 

 

    我是旅行魔女伊蕾娜，令孙的朋友。我如此自我介绍，他的态度就彷佛听见通关密语般一百八十度急转弯，立即请我进门。 

 

    虽然感觉得出来他的戒心有点太淡，不过乡下往往都是如此。 

 

    也有可能只是他在宽敞的宅邸中，独自一人闲来没事。 

 

    老爷爷请我在餐厅就坐，问我孙女现在在哪里做什么。我老老实实地说出毫无虚假的答案。老爷爷始终静静聆听，最后深深叹了口气，嘀咕了声：「这样啊。」 

 

    然后老爷爷垂下头来，一个字一个字，咬文嚼字似地娓娓道来。 

 

    「不论过了多久，唯有无可奈何的后悔跟剧毒一样侵蚀身体。」 

 

    他眉间浮现深深的皱纹，用手肘撑著餐桌垂下头双手交握，摆出犹如忏悔的姿势，接著慢慢对我说出往事。 

 

    那是个无可奈何，关于后悔的故事。 

 

    明明没做什么坏事，用尽全力努力，最后仍旧无能为力的悲伤故事。 

 

    「…………」 

 

    我听完故事之后，顶多只能改变话题。 

 

    「其实令孙托我带一样东西给您。」 

 

    「是什么？」 

 

    心情难过的时候，只要说出来就会轻松不少。老爷爷的表情和刚才相比，似乎恢复了少许朝气。 

 

    我愧疚地把包裹放在桌上，慢慢打开。 

 

    包裹中装了他的孙女──艾希莉托付给我的东西。 

 ",
2255,129283," ★☆★☆★☆轻小说文库(Www.WenKu8.com)☆★☆★☆★ 

  第十七卷 序章  
     台版 转自 天使动漫论坛 

 

    天使动漫录入组 

 

    图源：奏井夕雨 

 

    录入：kid 

 

    在某间餐厅里，爸爸牵著我的手在座位之间穿梭。 

 

    「很丢脸耶。」 

 

    当时我还只有八岁，难得和下班回家的爸爸牵手，我低著头隐藏喜不自禁的表情。 

 

    不久之后，我们来到餐厅角落。 

 

    那边是一座小舞台。 

 

    早已坐在钢琴前待命的钢琴家一看到我便莞尔一笑。 

 

    「你就是今天的主角吧？」他对我说。 

 

    爸爸的提案来得非常突然。 

 

    爸爸时常光顾的餐厅有钢琴家驻店演奏，偶尔会有客人突然上台，在音乐的伴奏下演唱。 

 

    我和父母一同造访的那一天，也在募集客人上台即兴表演。 

 

    爸爸就是在那时推了我一把。 

 

    「萨玛菈要不要上去唱唱看？」 

 

    你不是喜欢唱歌吗？爸爸对我说。 

 

    我害羞到不敢回答。其实我想上台，只是没有勇气开口。 

 

    于是爸爸牵著我的手，带我来到餐厅角落的舞台。 

 

    尽管嘴上说很丢脸，其实我心情十分高亢，马上就站上舞台。 

 

    接著我开口歌唱。 

 

    餐厅内所有人都在注视我。 

 

    每个人都侧耳聆听我的歌声，时不时点头微笑。 

 

    我只唱了一首。 

 

    唱完的时候，餐厅内掌声如雷。座位上的客人都起立鼓掌，对我面露笑容。 

 

    那一幕至今仍令人难忘，鲜明地烙印在我眼中。 

 

    因为人生中最幸福的那一瞬间，造就了现在的我。   

  第十",
2255,142921," ★☆★☆★☆轻小说文库(Www.WenKu8.com)☆★☆★☆★ 

  第十八卷 投书故事1 投书一点都不变少的故事  
     台版 转自 天使动漫论坛 

 

    天使动漫录入组 

 

    图源：奏井夕雨 

 

    录入：kid 

 

    我偶尔会心血来潮帮忙魔法统合协会工作。 

 

    魔法统合协会是沙耶等魔法师所属的组织，负责处理各种关于魔法的疑难杂症。 

 

    这个组织处理的魔法问题相当广泛，也广招人才，有种万年人手不足的倾向。 

 

    那天我造访的国家的魔法统合协会分部也不是例外，过着繁忙的日常。 

 

    「募集关于魔法的烦恼！」 

 

    写着这行字的海报旁还有别张海报。 

 

    「募集解决问题的魔法师！」贴着这张海报。 

 

    同时招募问题与解决问题的人，两张海报相互矛盾。只要暂停募集就能解决人手不足的问题，他们却似乎忙到没有察觉这点。 

 

    于是。 

 

    这种时候出手帮忙，通常能领到一笔丰沃的酬劳。 

 

    就是这样。 

 

    「──哎呀，人手不足真的让我们头痛得要死！谢谢您，魔女小姐！您真是我们的救星！」 

 

    「唉嘿嘿。」 

 

    在某国魔法统合协会的分部。 

 

    一名魔女被夸奖就不禁傻笑。 

 

    那究竟是谁？ 

 

    没错，就是我。 

 

    我立刻开始上班。 

 

    魔法统合协会的职员对我说「我们国家的魔法统合协会工作比较特别……」据说，这个国家在不久之前设立了专门替周边各国咨询魔法相关烦恼的部门。 

 

    不愧是只要和魔法有关就什么都做的组织。 

 

    「那么，这边是最近寄来的投书。」 

 

    职员",
2255,144017," ★☆★☆★☆轻小说文库(Www.WenKu8.com)☆★☆★☆★ 

  第十九卷 投书故事1 伊蕾娜的一天  
     台版 转自 天使动漫论坛 

 

    天使动漫录入组 

 

    图源：奏井夕雨 

 

    录入：kid 

 

    某个地方有一个年轻貌美的魔女。 

 

    灰色柔顺的长发搭配宛如凛冬大海般的琉璃色双眼。脸蛋不论从哪个角度看来都美丽动人，若是造访美术馆一定会被人错愕地称赞「哎呀讨厌，还以为你是展示品。」几乎每天早上在镜子前刷牙时都这么想的她是魔女，也是旅人。 

 

    今天她也一如往常地在一如往常的时间起床，简单地整理仪容后换上长袍离开旅馆。 

 

    旅人是自由自在游历各国的人。 

 

    分明如此，她不论怎么看都过着规律的生活，那副模样简直就像是在公司上班的社会人士。 

 

    「哎呀，伊蕾娜。你今天也好早！早安！」 

 

    与其这么说，她就是在上班。 

 

    魔法统合协会。 

 

    位于某国的分部。 

 

    看见伊蕾娜比其他员工还早上班，分部代表露出就早上来说稍嫌耀眼过头的笑容。 

 

    「哎呀～伊蕾娜你愿意延长工作期间真是帮了大忙。投书负责人的工作似乎还要再一下才会稳定下来。」 

 

    这个请你喝！代表说，在伊蕾娜眼前放下一杯红茶，面露微笑。 

 

    原本应该在办公室里闭关处理杂务的代表亲临现场，可见状况十分危急。 

 

    投书负责人的工作。 

 

    这指的是魔法统合协会最近心血来潮展开的咨商服务。主要是指以烦恼咨询为名目和魔法师收集投书，并由专业的投书负责人给予烦恼回答的工作。 

 

    换句话说，就是给予有烦恼的人指引，崇高无比的工作。 

 

    那么，就来看看今天",
2255,149789," ★☆★☆★☆轻小说文库(Www.WenKu8.com)☆★☆★☆★ 

  第二十卷 第一章 魔物料理人  
     台版 转自 天使动漫论坛 

 

    天使动漫录入组 

 

    图源：奏井夕雨 

 

    录入：kid 

 

    又白又圆。 

 

    森林小径中仰望蓝天看见的云朵宛如冰淇淋。 

 

    话说回来，最近好像有一阵子没吃了──操纵扫帚在树木整齐排列的道路中央飞行，魔女呆愣地想。 

 

    她身穿黑长袍，头戴三角帽。柔顺的灰发随风飘逸，琉璃色的双眼仰望天空。 

 

    她是魔女，也是旅人。 

 

    旅人指的是环游世界，旅行之人。 

 

    不曾在一个地方久留，游历世界各地的她总是走在与危险相伴的路上。 

 

    因此她佩戴着象征魔法师中最顶级的魔女证明──星辰造型的胸针。 

 

    「肚子饿了……」 

 

    森林的树木随风摇摆，乍看之下魔女只有骑着扫帚心不在焉地飞行；但是即便在这种状况下，她也时时刻刻注意着周遭。 

 

    不如说就是因为注意周遭，才会显得漫不经心。 

 

    她这种本领高强的旅人（姑且不论是什么本领），能够事先排除可能降临的各种危险防范未然，时时选择安全的路径。 

 

    因此她的旅途总是和平无比，从没遭遇过魔物。她会在遭遇之前察觉到足迹与气味，避免遇到危险。 

 

    魔女优秀到不愧本领高强之名。她究竟是谁？ 

 

    没错，就是我。 

 

    「……唔！」 

 

    然后我将扫帚停了下来。 

 

    我遇到了魔物。 

 

    不知不觉间，一条巨蛇在前方不远处瞪大眼，直勾勾地盯着我。 

 

    看来是仰望天空想着「等到了下一个国家就买冰淇淋来吃吧～」流口水",
2255,154587," ★☆★☆★☆轻小说文库(Www.WenKu8.com)☆★☆★☆★ 

  第二十一卷 第一章 冒牌灰之魔女  
     台版 转自 天使动漫论坛 

 

    天使动漫录入组 

 

    图源：奏井夕雨 

 

    录入：kid 

 

    无边无际的蓝天之下。 

 

    沿着河川在平原上前进，能看见一个小小的国家。 

 

    一名士兵站在国门前。他没有特别进行入境审查，旅行魔女即使靠近也没有请她从扫帚上下来，只说了声「请进。」就退到一旁。 

 

    「谢谢。」旅行魔女颔首回应。 

 

    走进国门，散发无比可爱气息的街景映入眼帘。 

 

    木造房屋栉次鳞比，有些民宅的窗边种了鲜花，有些民宅的庭院种了绿树，城市处处弥漫着和平的气息。 

 

    这是座非常闲静的国家。 

 

    直白地形容就是── 

 

    「真是个不错的国家呢──」 

 

    她在入境的同时喃喃自语，慢慢地让扫帚降落在地上。 

 

    那是一名美丽无比的魔女。 

 

    柔顺的灰色长发，琉璃色的双眸。身穿黑长袍，头戴黑色三角帽的她，胸口骄傲地别着证明魔女身分的胸针。 

 

    与此同时，在气氛闲静的国家中她稍微抬头挺胸。 

 

    「呼──」 

 

    我是旅行魔女。 

 

    魔女喔，魔女。在魔法师能够获得的称号中属于最顶级。各位知道这是什么意思吗？非常厉害的意思。 

 

    而且她不只厉害，不论怎么看都楚楚可怜，在任何人眼中都甜美可人，堪称花容月貌。虽然用了三种不同的成语形容，简单来说就是她长得很漂亮的意思。 

 

    不只优秀，还年轻貌美。 

 

    这种边境小国恐怕从来没有听说过我这样的人吧？ 

 

    来，你们就尽情看",
2255,160649," ★☆★☆★☆轻小说文库(Www.WenKu8.com)☆★☆★☆★ 

  第二十二卷 第一章 传说的掠夺者  
     台版 转自 天使动漫论坛 

 

    天使动漫录入组 

 

    图源：奏井夕雨 

 

    录入：kid 

 

    少女──埃米菈至今依然记得。 

 

    「呃啊啊啊啊啊啊啊啊啊啊！」 

 

    事情发生在四年前。 

 

    爆炸声传遍整座城镇的下一刻，她听见强悍、温柔又令人崇拜的祖父发出惨叫。 

 

    即便当时埃米菈只有十二岁，也不难想像发生了非比寻常──意料之外的状况。 

 

    她慌慌张张地冲出家门。 

 

    推开祖父刚才和不速之客一同离开的门，来到外头。 

 

    然后她错愕不已。 

 

    「！爷爷……！」 

 

    崇拜的祖父衣衫绽裂，露出纤瘦的肢体。躺在地上痉挛的模样宛如濒死的虫。 

 

    模样惨不忍睹。 

 

    他离开家门不到几分钟，埃米菈还不理解发生了什么事情，便忧心忡忡地跑到祖父身边。 

 

    爷爷，爷爷，振作一点──她声声呼唤，将祖父抱了起来。 

 

    在埃米菈纤瘦的臂膀中，祖父露出痛苦的表情微微张开双眼。 

 

    「抱歉了……埃米菈……让你看见……这副模样──」 

 

    祖父在急促的呼吸间勉强挤出声音。 

 

    他的身体不停颤抖。 

 

    这是人称「传说」的祖父第一次露出败北的模样。 

 

    他年轻时曾是旅人，并在旅途中帮助各地有需要的人。终于，祖父被人们称为「传说中的男人」。受到他帮助的人正是如此之多。 

 

    即便现在年老退休，还是有不少人来祖父家拜访。 

 

    有些人是为了感谢他过去的恩情。 

 

    ",
2255,165709," ★☆★☆★☆轻小说文库(Www.WenKu8.com)☆★☆★☆★ 

  第二十三卷 第一章 关于某个职员  
     台版 转自 天使动漫论坛 

 

    天使动漫录入组 

 

    图源：奏井夕雨 

 

    录入：kid 

 

    上工前我先抽了根菸。 

 

    为了处理庶务工作，我来到某国的魔法统合协会分部。 

 

    「啊？」 

 

    在那里，我看见奇怪的一幕皱起眉头。 

 

    协会分部的办公室里，默默处理文书工作的职员之中，出现了一张熟面孔。 

 

    对方发现我来了，平淡地说了声「你好，席拉小姐。」颔首致意。 

 

    黑色长发与威风凛凛的面貌，和少根筋的姊姊不同，一丝不苟的魔女。 

 

    是美奈。 

 

    「你在干嘛？」 

 

    美奈现在最主要的工作和沙耶一样，是到各个国家解决他们的委托，应该不是处理文书才对。我抱着这理所当然的疑问。 

 

    「我几天前开始帮内勤的职员处理业务。」她一如往常给予平淡的回答。 

 

    「是喔，谁啊？」 

 

    我问，美奈就说出一个名字。 

 

    我翻翻脑中的协会职员名册，想到那个因为工作交谈过几次的职员。我记得之前来这个分部的时候，她刚好坐在美奈现在的座位上。但是── 

 

    「你们有那么熟吗？」 

 

    「只是点头之交而已。」 

 

    也就是说，她在帮纯粹只有几面之缘的人处理工作。 

 

    「你人很好嘛。」 

 

    「因为这里看起来很忙。」 

 

    美奈几天前造访时，那名职员刚好提出长期休假。职员低头恳求，协会分部的办公室却因为累积了很多工作忙得不可开交，弥漫起沉重的空气，美奈才会忍不住自愿帮忙代班几天。 

 
",
2255,82490," ★☆★☆★☆轻小说文库(Www.WenKu8.com)☆★☆★☆★ 

  第一卷 第一章 魔法师之国  
     台版 转自 轻之国度 

 

    扫图：风 

 

    图源：流哲不哼太 

 

    录入：养老驴 

 

    修图：速水伊织 

 

    那个国家悄然存在于荒凉的山岳地带。 

 

    高耸的城墙围绕全国，从外侧并无法看见国内。 

 

    一只扫帚飞越太阳晒热的岩石，划破温暖的空气。 

 

    操纵扫帚的是一位美丽的少女。她身穿漆黑长袍且头戴三角帽，灰色的发丝随风摇曳。 

 

    若是那里有人，她绝对会令任何人回头并漏出叹息，具有如此美貌的她究竟是谁？ 

 

    没错，就是我。 

 

    啊，开玩笑的。 

 

    「……快到了呢。」 

 

    高耸的城墙像是以山壁凿成，使视线从墙上向下移动，我看见了国境大门，于是将扫帚转向那里。 

 

    虽然这个国家的位置稍嫌不便，但是他们应该也有自己的顾虑吧——为了避免有人不小心闯进来。毕竟，只要没有特别的事情，就绝对不会来位在这种地方的国家。 

 

    来到门前，我走下扫帚。迎接我的是进行入境审查的一名卫兵。 

 

    他从头到脚仔细打量了我一番，将视线移回位在我胸口的胸针，露出了柔和的笑容。 

 

    「欢迎来到魔法师之国。请进，魔女大人。」 

 

    「？奇怪，不用进行我是否身为魔法师的审查吗？」 

 

    我听说来访之人都得使用魔法给卫兵看，而只要没有具有一定程度以上的能力，就会遭到拒绝入境。 

 

    「因为我有看见您飞来，而且那个胸针毫无疑问是魔女的象徵。请进。」 

 

    也对，就是这样，能自由自在地以扫帚飞行是入境的最低条件呢。仔细想想，从这扇门能",
2255,87549," ★☆★☆★☆轻小说文库(Www.WenKu8.com)☆★☆★☆★ 

  第二卷 序章  
     台版 转自 轻之国度 

 

    扫图：风 

 

    图源：流哲不哼太 

 

    录入：养老驴 

 

    修图：零食 

 

    雨落在春天的平原上。 

 

    含蓄而静谧，自天上飘下的雨点淋湿草原上的花草，以及只身伫立于平缓山丘上的树。 

 

    「……哎呀，居然真的下雨了。」 

 

    那棵树下，一位年轻的魔女抬头仰望灰色的天空。 

 

    色调如天上云朵般的发丝光滑柔顺，她穿著黑色长袍、黑色三角帽以及戴著魔女的证明——象徵星辰的胸针。 

 

    魔女的身旁立著一柄扫帚，巨大的行李放置在扫帚正下方。 

 

    她是魔女，亦是旅人。 

 

    「……该怎么办呢？」 

 

    伤脑筋。 

 

    该前进，还是该站在这里发呆？ 

 

    少女身为魔女，若是有心并不是不能以魔法弹开雨滴，乘上扫帚继续飞行。 

 

    「…………」 

 

    然而，在眺望雨景的同时，她丧失了这么做的兴致。 

 

    远方，纤细如丝的阳光拨开天上的乌云，如同帷幕一般倾注而下。昏暗的大地受到太阳照耀，顿时闪闪发光。 

 

    不停落下的雨点也被阳光点亮，在不断从天空飘落的同时闪耀出光芒。 

 

    是太阳雨。 

 

    「……就稍微休息一下吧。」 

 

    被眼前一片美景夺去目光、醉心沉迷的魔女是谁？ 

 

    没错，就是我。   

  第二卷 第一章 魔法师至上之国  
     阳光从云隙间流泄而下，使亮处犹如斑点般洒落平原之上。阳光照射下的花草受到微风吹拂，纷纷挥落身上的雨滴。 

 

    每当经过那道光芒",
2255,91205," ★☆★☆★☆轻小说文库(Www.WenKu8.com)☆★☆★☆★ 

  第三卷 第一章 某位小姐的烦恼  
     台版 转自 轻之国度 

 

    图源：流哲不哼太 

 

    扫图：风 

 

    录入：养老驴 

 

    修图：Jackdaw 

 

    夜晚的街角，一位魔女摆出占卜的摊子。 

 

    将包袱布铺在地上并一屁股坐在上头的魔女是个一头灰色秀发、琉璃色双眼，令人印象深刻的少女。 

 

    她身上穿著黑长袍、头戴黑色三角帽，除此之外还配戴著魔女的证明——星辰造型的胸针。 

 

    夹道而建的高耸民宅上方繁星闪耀，在她手边的水晶球上映出耀眼的光辉。 

 

    她是旅人，亦是魔女。 

 

    「算命师～人家受不了了啦～」 

 

    「是喔。」魔女对面前烂醉如泥的女人皱起眉头。 

 

    她现在会在这里占卜是有原因的。 

 

    坦白说，她纯粹是因为缺钱花用，才会在这里假扮算命师赚点小钱。 

 

    「你听人家说嘛～」 

 

    「谘询费跟您收一枚金币可以吗？」 

 

    嫌麻烦希望女人能快点滚开而开出天价的她，究竟是谁？ 

 

    没错，就是我。 

 

    不幸的是，眼前的女人非常有钱。 

 

    ○ 

 

    追根究柢，为什么占卜师非得帮人做人生谘询不可？ 

 

    我虽然想至少这么抱怨一句，但既然收了钱就没有办法。就听听她想发什么牢骚吧。 

 

    她看似有点迷失自我，但都收了钱，不管再怎么麻烦我也非听不可。 

 

    「人家～在附近的餐厅～做服务生啦～」 

 

    「喔。」 

 

    「人家好想辞职啦～」 

 

    「那么辞职不就好了吗？」 

 

 ",
2255,94086," ★☆★☆★☆轻小说文库(Www.WenKu8.com)☆★☆★☆★ 

  第四卷 第一章 忘却之都  
     台版 转自 轻之国度 

 

    图源：流哲不哼太 

 

    录入：kid 

 

    修图：Jackdaw 

 

    那是座巨树蓊郁的废墟。 

 

    曾经的建筑早已失去原型，崩毁、断裂、破碎。树木与苔癣则是覆盖其上，悠然自得地朝天空伸展。 

 

    水声潺潺。 

 

    脚边浸泡在水中，每当向前迈步，波纹便缓缓扩散，于水面荡漾。 

 

    过去人类所存在的城市，如今成为大自然的居所。 

 

    现在除了我们之外，没有其他人类的气息。 

 

    「──嘿咻。」 

 

    在浸水的地面上走了一阵，我在崩毁的民宅中转了个身坐了下来，同时将扫帚搁在一旁。 

 

    此时我发现萤火虫轻飘飘地在周围飞舞。 

 

    「我们走了很远呢。」 

 

    她用力伸展疲倦的身体，说：「还要再走多久，才能抵达我的故乡呢？」 

 

    「……还要再走多久呢？」 

 

    一天，还是两天？说不定还得花上好几个月。 

 

    她的故乡正是如此遥远，宛如霞雾般虚幻。 

 

    「……」她眺望这座过去的城镇。 

 

    白色柔软的头发在弥漫水气的风中摇曳。风或许十分舒服，她的嘴角似乎微微露出笑意。 

 

    然而，她的眼神却带有一丝寂寞。 

 

    「……以前有人住在这里吧。」 

 

    「既然是废墟，我想应该有才对。」 

 

    「这里的居民们都怎么了呢？」 

 

    「……」眼看城镇风化到这种程度。「至少百年──不，可能花了更久的时间回归自然，住在这里的人们肯定全都死光了吧。」 

 

    「",
2255,97803," ★☆★☆★☆轻小说文库(Www.WenKu8.com)☆★☆★☆★ 

  第五卷 第一章 叙述过去的魔女  
     台版 转自 深夜读书会 

 

    购书人：深夜读书会 

 

    深夜读书会出品 

 

    读书群：714435342 

 

    								 

 

    	然后呢，那时她抱住我……我就想：啊啊，就这样道别了。虽然有点寂寞，不过我是四处漂泊旅行的旅人，她今后也必须为了自己的过去与未来旅行，所以非得道别不可 

 

    	秋天的冷风敲打老旧民宅的玻璃窗。 

 

    	周围没有其他房子，窗外只有遍地红叶与黄叶，但外头的声音格外响亮，如同某种看不见的东西正试图妨碍她说话。 

 

    	吵到让人受不了，真希望能安静一点。 

 

    	然而漫长的故事并没有结束。灰发少女又继续说了很久、很久。 

 

    	她说出口的内容来自于至今为止各种旅途中的回忆。一旦说起往事就难免滔滔不绝，即使忘记时间也是人之常情。 

 

    	「…………」 

 

    	瞪了一眼依然喀答作响吵个不停的窗户，灰色头发的少女这才发现太阳早就下山了。 

 

    	开始说故事的时候还是白天，难道说她这半天来一直说个不停吗？ 

 

    	讨厌，我的话会不会又臭又长……？ 

 

    	她这么想。 

 

    	或多或少在内心反省，重新面向坐在对面的少女说了声「……对不起，一不註意就说太久了。」的魔女，究竟是谁？ 

 

    	没错，就是我。 

 

    	没关系，完全不会。再跟我多说一点吧？」 

 

    	对面的少女摇摆着犹如春天浅滩般鲜艳的蓝色头发，侧了侧脑袋露出浅浅的微笑。 

 

    	看到笔直望着我的清澈双眼，我微微缩了一下身子，翻开放在沙发旁的日",
2255,98786," ★☆★☆★☆轻小说文库(Www.WenKu8.com)☆★☆★☆★ 

  第六卷 第一章 赛帚  
     台版 转自 轻之国度 

 

    图源：流哲不哼太 

 

    录入：kid 

 

    这座城镇的景观与别处稍有不同，外地来的人应该一眼就能看出这里具有某种特殊的风俗习惯。 

 

    这里是我诞生的故乡。 

 

    俗称竞赛之城。 

 

    一部分建筑物的屋顶会画出奇特的弧线弯曲，或是巷弄正上方架著网状的绳索，这些奇妙的光景会遍布城市环绕一圈，对在这个国家出生、长大的我眼中，都仅是些习以为常的琐碎细节；但第一次来到这个国家的人也许会被这与众不同的景致夺去目光，惊讶到双眼闪闪发亮。 

 

    走在我身旁的伊蕾娜小姐看来也是其中之一。 

 

    「原来如此……也就是说只要碰到绳索就直接出局吗。」她念念有词故作平静，看起来却仍有些兴奋。 

 

    我对伊蕾娜小姐点头说： 

 

    「就是这样。所以骑师们要巧妙地操纵扫帚，在不碰到绳索的状况下飞行。」 

 

    「可是飞太高的话又会消耗额外的魔力吧？」 

 

    「因此大家基本上都会贴著赛道飞。」 

 

    「喔喔……」 

 

    「还有比赛时禁止使用魔法攻击。这是纯粹竞速的比赛。」 

 

    「原来如此……」 

 

    伊蕾娜小姐张著嘴点头，随后骑乘扫帚的魔法师从我们正上方呼啸而过。 

 

    以俐落的动作破风飞行，在不碰到弯曲屋顶的高度──却又紧贴著屋顶过弯，消失在城市另一头。他们是正在练习的选手。 

 

    这无疑是这座城镇称为竞赛之城的原因。 

 

    魔法师骑乘扫帚的比赛正在这个国家大流行。国内人人在魔法师们的比赛结果上砸下重金，对结果几家欢乐几家愁。换句话说，纯粹",
2255,99805," ★☆★☆★☆轻小说文库(Www.WenKu8.com)☆★☆★☆★ 

  番外 莉莉艾尔与祈祷之国 PROLOGUE 序章  
     网译版 转自 轻之国度 

 

    翻译：Yao某人 

 

    校对：Yao某人 

 

    海面上，有一个小国，那里的建筑，似丘陵一样平缓。 

 

    几栋带有尖顶的大教堂，似在仰望天空──或是依附于天空，在街道的四周环绕。 

 

    据说，这个悠然地伫立于此的国家的风景实在太过优美，连众神都觉得光彩夺目，访问这个国家的游客离去后都异口同声地向外人说希望能再次踏入这个美丽的国度。 

 

    嘛，毕竟我也从来没有去过外边的国家，因此我也不知道其是多么美丽，也没有特别认识到自己生活在一个谁都羡慕的国家里。 

 

    在街上徘徊的不单单只是人类，还有魔人和兽人。也就是说，在这里，种族之间都没有间隔，不过也正因如此，街道才会变得混沌不堪。 

 

    我曾以为那是个极其美丽、神圣的国家，结果在这个国家一看，基本所有种族都混杂在一块，这只是一个不懂世事的国家罢了。顺便也调查了一下，不知为何而愤怒的旅行者似乎在也有很多呢。 

 

    总之在这里净发生些奇怪的事。 

 

    虽然不知道为何奇怪，不过总之，这儿和国外所听到的差别实在太大了。可却也说不出到底有什么不同。 

 

    不过，在我走出国门的那一刻，一定也会说出和访问过这个国家的那些人一样的话吧。 

 

    ……这样想道后，我便又融入这国家了，虽在别处看来会有些与众不同，但这就是这个国家的日常。 

 

    而这个国家叫做领域之都克劳斯莱恩。 

 

    或者可以这么称呼。 

 

    ——祈祷之国。   

  番外 莉莉艾尔与祈祷之国 第一章 莉莉艾尔与戒祈之屋  
     第一",
2258,164542," ★☆★☆★☆轻小说文库(Www.WenKu8.com)☆★☆★☆★ 

  第四卷 暗云 序章  
     网译版 转自 百度贴吧 

 

    扫图：felayna 

 

    翻译：felayna 

 

    校对：felayna 

 

    没问题。心肺功能只停了仅仅30秒。……好像是1分钟来着？ 

 

    珍妮·多赛医生 

 

    （黑田那佳中尉手术后，回答科洛蒂娅·莫里亚克记者的提问） 

 

    =============== 

 

    1945年3月23日色当城堡前的广场上 

 

    “——那么。我想也没必要再多说什么了。特别是戴高乐的发言又臭又长，媒体们恶评不断啊。” 

 

    于色当举办的第506统合战斗飞行团高贵魔女（NobleWitches）正式公开发表会也迎来了落幕—— 

 

    统领高卢军的将军夏尔·戴高乐结束了演讲，旋即再次向NobleWitches的魔女们敬礼。 

 

    “在此，我等光荣宣告，第506统合战斗飞行团正式结成！” 

 

    “我等宣誓！愿为高卢之盾！（NousjuronsdeprotégerlaGaule！）” 

 

    名誉队长罗莎莉·德·艾姆利寇特·德·古留涅少校及下属魔女全员回礼后，观众席上欢呼雀跃。 

 

    下一秒，魔女们围住了黑田那佳中尉。 

 

    后者在到达色当的几小时之前，在多佛尔海峡上空受了重伤，腹腔内大出血。而她顶着重伤出席了发表会。 

 

    “卡拉，去那边支着！” 

 

    “交给我了！” 

 

    两个声音分别是玛丽安·E·卡尔上尉和卡拉·J·卢克希克中尉。 

 

    从远处的席位上看过去，仅仅是魔女们激动地抱在一起而已。 

 

    面对这场景",
2258,164551," ★☆★☆★☆轻小说文库(Www.WenKu8.com)☆★☆★☆★ 

  第五卷 激斗 序章  
     网译版 转自 百度贴吧 

 

    扫图：felayna 

 

    翻译：felayna 

 

    校对：felayna 

 

    无可奉告。拒绝回答无耻的提问。 

 

    上尉海茵莉凯·祖·赛·维特根施坦因女亲王 

 

    （于例行记者会上，问及升职的传闻以及今后是否就任506队长） 

 

    ============== 

 

    不列颠尼亚首都伦敦 白金汉宫 7月某日深夜 

 

    夺回高卢以来。 

 

    伦敦夜间空袭警报的次数断崖式下降，不列颠尼亚王族的居城，白金汉宫安眠于一片寂静中。 

 

    不过警卫、秘书官、侍从等100左右工作人员并未休息，和日间别无二致地工作着。 

 

    乔治国王注1也同样，今晚还未入眠。 

 

    第二天正午要向全体国民广播演讲，因此他正在推敲原稿而牺牲了睡眠时间。 

 

    “……差不多这样吧。” 

 

    乔治国王0点刚过就在集中修改草稿，现在他放下改细节用的笔，摘下眼镜揉揉内眼角后看向墙壁上的钟。 

 

    凌晨2点。 

 

    “再做下去，明天上午的公务就做不完了啊。” 

 

    生来专注的他对自己说着，注意到背后的动静而回头。 

 

    “……怎么了？” 

 

    王妃的身影出现在寝室中漏出来的灯光中，自从异形军袭来，她和国王一直同甘共苦。 

 

    “陛下，这边。” 

 

    王妃抓住国王的手，面色紧张地拉着他进入寝室。 

 

    “？” 

 

    国王注意到床上放着白百合和信息卡。 

 

    卡片上仅仅一言。 

 ",
2258,164560," ★☆★☆★☆轻小说文库(Www.WenKu8.com)☆★☆★☆★ 

  第六卷 疑心 序章 屈服  
     网译版 转自 百度贴吧 

 

    扫图：felayna 

 

    翻译：felayna 

 

    校对：felayna 

 

    催眠术导入军事部门，其实用性已毋庸置疑了吧。通过催眠术，可以让新兵成为老兵，老兵成为英雄。而且如果！如果有可能对魔女实施催眠术的话！志在称霸世界的卡尔斯兰将在欧洲处于不动的主导地位！卡尔斯兰万岁！ 

 

    应用心理学者M·马伏 

 

    （被逮捕前于慕尼黑大学的演讲） 

 

    =============== 

 

    第506统合战斗飞行团的色当基地，位于稍远离市区的田野地区。设立当初，除了队长办公室之外，格纳库、武器弹药库、跑道、一般士兵宿舍，魔女宿舍以及附属的简报室，几乎所有的设施都在这片区域，但只有队长办公室设置在了市政厅附近的城堡中。 

 

    现在，原名誉队长罗莎莉·德·艾姆利寇特·德·古留涅少校从旧办公室，现在应该是接待室——她为整理文件而来——出发，骑着军用摩托DKW·NZ350，飞驰着往色当基地而去。 

 

    因为接到了报告，西南方向飞来不明身份的飞机，正飞往色当。 

 

    “继续报告。” 

 

    她通过无线电和基地的雷达室取得联络。 

 

    “感觉是运输机，不过没有其他基地向我们报告有派飞机过来。” 

 

    老手雷达监视员通过无线电向罗莎莉报告。 

 

    “也不是斯纳克是吗？” 

 

    罗莎莉再次确认道。 

 

    黑市商人哈利耶特·莱姆通过独自的路径提供物资，并收取相应的资金，斯纳克则是这件事的代号名。 

 

    “是的。” 

 

    监视员说",
2258,164661," ★☆★☆★☆轻小说文库(Www.WenKu8.com)☆★☆★☆★ 

  第七卷 反击 Prologue  
     网译版 转自 百合会 

 

    翻译：nwice 

 

    我们承认低估了第506统合战斗航空团存在的意义；但是，我们并不认为现在的改变为时已晚。 

 

    加利亚总司令部某高官 

 

    针对Le temps记者科洛迪娅·莫里亚克问题的回答 

 

    “这样一来——” 

 

    容克JU 88 C-6的魔导发动机在高速旋转着，海茵莉凯·祖·塞恩·维特根施坦因公主少佐俯冲到了V字的谷底，接着又急速飞升到了高处。 

 

    紧贴在她身后的纺锤型涅罗伊无法跟上她的行动，把自己的背后全都暴露给了“敌人”。 

 

    金发飘飘的少佐扭转身体，举起了MG 151/20快速瞄准，并果断扣动了扳机。 

 

    “再见。” 

 

    大口径的子弹直接穿透了涅罗伊的核心，使后者在国境线附近的森林地带的正上方化为了一片光影，从此消失殆尽。 

 

    “哼，一架中型而已，余一人就足够了。” 

 

    少佐的笑容真是比阳光还要耀眼。 

 

    “嘛嘛，这样我也算有出击津贴的啦。” 

 

    身着梅塞施密特Bf109-K 4的黑田那佳中尉飞近了她的身边。 

 

    “真是清闲的工作呢。” 

 

    海茵莉凯不遗余力的发挥着她讽刺的才能。 

 

    “嘿，钱包是鼓鼓的了。” 

 

    那佳置若罔闻，神情十分放松。 

 

    “余在挖苦汝啊！” 

 

    “听之任之，我可真是宽宏大量。” 

 

    面对有些气急的同伴，那佳还是之前那副满不在乎的样子。 

 

    “哎呀哎呀，两个人先不要玩儿了。先回基地报告一下",
2258,164670," ★☆★☆★☆轻小说文库(Www.WenKu8.com)☆★☆★☆★ 

  第八卷 英雄 Prologue 风暴前  
     网译版 转自 百合会 

 

    翻译：nwice 

 

    战役开始时，无论加里亚人还是比利时卡人、布列塔尼亚人还是利比利昂人，都没有意识到他们即将面临的是针对阿登全线的战斗，在场的所有人以为这只是针对自己地区的局部袭击。 

 

    科洛迪娅·莫里亚克 

 

    （《阿登攻势》作者） 

 

    1945年8月  色当 

 

    八月的盛夏，一道白色的飞机云划开了加利亚蔚蓝的天空。 

 

    一个男人手持望远镜抬头观察，并对观察结果十分满意，他正是第506统合战斗航空团A部队下属的整备班班长。 

 

    而那道云的主人——第506统合战斗航空团名誉队长罗莎莉·德·艾姆寇利特·德·古留涅少佐——在完成最后的螺旋飞行后已经返回跑道，注视着眼前的整备班长，问道： 

 

    “怎么样？” 

 

    “呀，真是太好了！这就是芳龄将近二十岁的魔女的行动啊——哎呀，失礼了！” 

 

    自觉说错话的班长慌忙捂住了嘴。 

 

    “没关系。” 

 

    罗莎莉隐去自嘲，微笑着回应。这时她手下的魔女们也都走了过来。 

 

    “动作干净利落。” 

 

    首先打招呼的是令人敬畏却又忍不住亲近的海茵莉凯·祖·塞恩·维特根施坦因公主少佐，她气质轩昂的抱着胳膊。 

 

    “回到最前线不也是可能的吗？” 

 

    高个子的亚德里安娜·维斯康蒂大尉半是肯定，半是期待的说道。 

 

    “战斗队长存在的意义，好像就没有了？” 

 

    这位能够毫无掩饰地说出感想的人，当然是伊莎贝尔·德·蒙索奥·德·巴卡德尔少尉。 

 

",
2258,82574," ★☆★☆★☆轻小说文库(Www.WenKu8.com)☆★☆★☆★ 

  第一卷 飞翔 人物介绍  
     网译版 转自 百度贴吧 

 

    翻译：胖胖梁  

 

    海茵莉凯·祖·赛·维特根施坦因亲王 

 

    阶级：少佐 

 

    出身：卡尔斯兰帝国 

 

    所属：卡尔斯兰空军 

 

    身高：163cm 

 

    生日：8月14日 

 

    年龄：16岁（1944年末） 

 

    使魔：黑猫 

 

    使用战斗脚：Ju88C-6 C9+DE号机 

 

    使用武器：MG151/20 

 

    卡尔斯兰名门贵族出身，女王大人正体。兼任夜战魔女以及战斗队长。注重守护人民并将其作为高贵的义务。由于不谙世事，说话还有点煞有介事、故作姿态之嫌，因此亚德里安娜揶揄她是莎士比亚的戏剧里跑出来的蹩脚演员。不管怎么说，海茵莉凯称得上是506看板的王牌，而且传说只要她的名字一出现在报纸标题，高卢的报纸销量就会上涨2%。 

 

    黑田那佳 

 

    阶级：中尉 

 

    出身：扶桑皇国 

 

    所属：扶桑皇国海军 

 

    身高：158cm 

 

    生日：9月17日 

 

    年龄：15岁（1944年末） 

 

    使魔：柴犬（黑毛） 

 

    使用战斗脚：梅赛施密特 Bf109-K4 

 

    使用武器：Ho-103、MG42 

 

    黑田是扶桑旧大名家的名门华族、黑田侯爵家作为养女收养的贫穷分家的女孩子。爱着故乡的宫崎和家人，同时最爱钱财，是个无利不起早的小守财奴。不知是不是对最近高卢的通胀感到愤怒。虽然常常飘飘然，但性格讨巧、开朗，脸上无时不刻挂着笑容。在离开扶桑之前多少接受过礼仪礼节",
2258,86246," ★☆★☆★☆轻小说文库(Www.WenKu8.com)☆★☆★☆★ 

  第二卷 混战 序章 零时刻  
     网译版 转自 百度贴吧 

 

    翻译：felayna 

 

    这真相真让人震惊。 

 

    黑田那佳中尉 

 

    （用餐招待会之前，从《每日新闻》记者处听闻馅蜜的起源是银座小豆汤店“若松”） 

 

    高卢共和国 色当第506统合战斗飞行团A部队基地大食堂 下午5点47分 

 

    基地大食堂在平时都是整备班的各位使用，而此时已经座无虚席。 

 

    其中大部分人是欧洲各国以及扶桑和利比里昂的媒体人。 

 

    第506统合战斗飞行团A部队名誉队长罗莎莉·德·艾姆利寇特·德·古留涅少校招待的来宾。 

 

    其实这一天。 

 

    一直以来都蒙着一层纱的第506统合战斗飞行团AB两队的模拟战公开了。 

 

    以高贵魔女之名而为人熟知的第506统合战斗飞行团，事实上分裂为两支部队，仅由贵族构成的A部队和利比里昂非贵族的B部队，并各自占据色当和第戎作为独立基地。 

 

    为使这两支部队整合，A部队名誉队长古留涅少校向上申请并实现了这次的模拟战。 

 

    但是—— 

 

    结果却实在凄惨。 

 

    来宾的政治家，观察员，记者团多数，都牺牲在发狂的战乙女，海茵莉凯·祖·赛·维特根施坦因女亲王乱射的漆弹下。 

 

    应对这样的非常事态，一份妥协协议在媒体人和高卢共和国军之间成立。 

 

    就这次的事态，发布封口令。 

 

    各报刊记者遵守封口令。作为回报，军队召开谢罪宴会，期间关于第506统合战斗飞行团的活动有问必答。 

 

    如此决定了。 

 

    所以—— 

 

    虽然这",
2258,86255," ★☆★☆★☆轻小说文库(Www.WenKu8.com)☆★☆★☆★ 

  第三卷 结成 序章 德·布兰克  
     网译版 转自 百度贴吧 

 

    翻译：胖胖梁  

 

    当然，公开发表会的准备也十分顺利进行着。本月23日，请大家务必赏光。 

 

    罗莎莉·德·艾姆利寇特·德·古留涅少校 

 

    （于506部队正式公开发表会之前的定期记者会面上） 

 

    第戎基地内 

 

    对嫌疑人库丽丝·基拉少校（化名）的审问已持续了9小时40分。 

 

    “差不多该松口风了吧？我和古留涅少校可不一样，为保护部下可是不择手段的。” 

 

    在准备好的小房间里沉默对峙了数小时，第506统合战斗飞行团B部队队长吉娜·普雷迪中校开口了。 

 

    面对吉娜坐着的，是隶属高卢军队的谍报部，自称库丽丝·基拉少校的女人。脸上一副值完班在休息室歇息的表情从开始就没变过。 

 

    “……啊啊。你不开口，我也看够你那副冷面孔了” 

 

    瞥了一眼时钟，基拉点了点头。 

 

    “卡尔捷的一间公寓里，找到了真正的库丽丝·基拉少校的遗体。死亡时间超过两个月。” 

 

    吉娜读出了30分钟前通讯室送来的记录的内容。 

 

    “也就是说，在你现身色当之前拿到了她的身份吧？” 

 

    “准确的说是68天。在成为谍报部新任的将校的时候。” 

 

    “色当(注1)基地的破坏活动也是你暗中牵头的，没错吧？” 

 

    “吉娜啊吉娜” 

 

    基拉竖起被拷在桌子上的右手食指，左右晃了晃。 

 

    “你也知道的吧？我可是在爆炸之后几个小时才来到色当的啊。” 

 

    “你想说启动定时装置的是另有其人？” 

 

    “这并",
2291,106328," ★☆★☆★☆轻小说文库(Www.WenKu8.com)☆★☆★☆★ 

  短篇 各奔东西，自那之后  
     网译版 转自 百合会 

 

    翻译：番茄 慢慢 

 

    “小阿的绰号也差不多该更新了吧。” 

 

    即使在锒铛前行的车厢之中，她的声音依旧清晰地传达过来。我想我的耳朵与心灵，大概为了不漏听那声音而时常拼尽了全力。这点先暂且不提，她在说什么话题啊。 

 

    绰号也必须像执照那样更新不可吗。我都不知道。 

 

    “说来小阿这个绰号我可是初次耳闻。” 

 

    “啊哈哈哈。” 

 

    她爽朗地笑了。清凉，她给我的印象时常固定于此。那是即使穿梭于夏日的地底，也依旧能为我带来由来不明的凉爽感，如此程度的清凉。 

 

    “以摄津称呼你也差不多感到乏味了。啊，并不是在轻蔑你的姓氏哦。” 

 

    “嗯。绰号啊……” 

 

    “以前朋友是怎么称呼你的？” 

 

    “小津之类的。” 

 

    “原封不动——” 

 

    她摇晃着肩膀。 

 

    “还有，小蓝。” 

 

    我道出了这里所看不见的颜色。 

 

    这个也是原封不动。 

 

    她稍加思考后，便得出了简洁明了的正确答案。 

 

    “因为叫青乃所以是小蓝。”*（注1) 

 

    “是的。虽然也有喜欢蓝色的缘故。” 

 

    “小蓝这称呼挺不错呢。我也可以这么叫吗？” 

 

    &#8203; 

 

    她随意地提案了。我的视野像是被头发覆盖一般，一瞬间被飞舞的漆黑所侵占。 

 

    “嗯——……” 

 

    见我如此反应，她窥视我神情一般暧昧地笑了。 

 

    “啊，讨厌这样？” 

 

    ",
2291,84182," ★☆★☆★☆轻小说文库(Www.WenKu8.com)☆★☆★☆★ 

  第一卷 Girls on the RUN  
     台版 转自 轻之国度 

 

    图源：Jakiro 

 

    录入：养老驴 

 

    真希望能永远用全力踏著地面冲刺。 

 

    我想实现自己的心愿，用力蹬开双脚挣扎著，并且随著愈来愈急促的呼吸，发出喘息声。 

 

    每到这时候，就会瞥见她的身影。 

 

    随著风轻柔抚过身体的触感，今天她也来了。认出那背影的瞬间，我的大腿与头立刻发烫，全身都在为这引颈企盼的相逢欢呼。 

 

    她轻巧地跑在我数步之前，像梦境一样，但她摆动的手臂、脚步声却历历在目。为了紧紧跟随她的背影，我保持全速。然而这已经是我的极限了，因此即使我再逞强，也只是乾著急，不可能提升速度。 

 

    所以，我追不上她。 

 

    不论再怎么努力，就是无法拉近距离。 

 

    眼看著她通过老师身旁，我继续拔腿狂奔。我知道自己已经抵达终点，脚步却停不下来，只能一股脑儿追赶她。我仍在奔跑。 

 

    不知梦见过多少次，我与她缩短距离，短到伸出手就能碰到她的肩膀。 

 

    然而，以梦作结的这个结果要持续到什么时候呢？ 

 

    我与她的足音宛如车轮般重叠。明明我们的步伐与速度都一样啊。 

 

    但我的脚步终究是迟了。我倒抽一口气，在速度减慢时放弃。唉，就到此为止了。 

 

    我缓缓减速，边走边调整呼吸，低著头将双手撑在膝盖上。 

 

    脚边有著校舍长长的影子，看来我又跑了好一段距离。 

 

    「你要跑去哪？」 

 

    社团指导老师追了上来。跑去哪？嗯……天涯海角吧。 

 

    只要是有她在的地方。 

 

    「你已",
2300,84761," ★☆★☆★☆轻小说文库(Www.WenKu8.com)☆★☆★☆★ 

  第一卷 「只要眼眸中满是彩虹」  
     台版 转自 轻之国度 

 

    图源：江火如画 

 

    录入：江火如画 

 

    「我是清白的！冤枉啊！」 

 

    即将被扔上小艇之际，我心想还是该把话说一说，于是说出我的主张。 

 

    抓住我肩膀的女性，凑过来看著我的脸。我本以为她不会有反应，所以有点意外。 

 

    「真的？你敢发誓？」 

 

    「咦？这……哈哈哈。」 

 

    我不正经地一笑，这名妙龄女子就笑眯眯地对我微笑。 

 

    「Olleh？」 

 

    「欧、欧拉哈？」 

 

    「然后Eybdoog。」 

 

    我被轻轻扔了出去。 

 

    「嘎啊啊啊啊啊。」 

 

    这段漫长的旅程，开端非常轻浮。 

 

    即使是冷面，连吃个十天左右，终究还是会渐渐变得难以下咽。 

 

    虽然用了换各种口味的方法又多撑了三天，但还是在即将满两周时放弃了。弄得我光是看到白色，就会产生排斥反应。要是我现在把面放进嘴里，多半一吞下去就会从鼻孔跑出来。身为一名女大学生，从鼻子流出水和血以外的东西实在不妥。就算不是女大学生，应该也会喘不过气来吧。所以呢，也差不多得去采买别的东西了。 

 

    我在一双已经穿到磨成脚掌形状的凉鞋陪伴下，打开了通往夏天的门。 

 

    从几乎被淹没在学生街当中的这栋小小公寓走出来，发现蝉鸣声很遥远，就像散成了甜甜圈状。抬头一看，这些鸣声彷佛形成了一层薄膜，但顺著抬起的下巴看去，却只有一如往常的晚霞。夕阳被逼近的夜空溶解，让界线透出深邃的紫色。我朝这天空的方位踏出了脚步。 

 

    七月下旬，擦身而过的孩子们，嬉闹声",
2306,84905," ★☆★☆★☆轻小说文库(Www.WenKu8.com)☆★☆★☆★ 

  第一卷 1st stage！舞菜，转入高尾分校  
     网译版 转自 轻之国度 

 

    图源：混沌圣歌 

 

    修图：PMC 

 

    翻译：混沌圣歌 

 

    偶像一直在少女的梦想及想做的工作中排在高位的。 

 

    但，实际能成为偶像的人只有一丁点。 

 

    即使齐集才能，运气，努力也无法做出保证。 

 

    正因为这是一条费劲波折，严苛而又漫长的道路，梦想才能如此闪耀吧 

 

    一心追逐梦想的少女。应该已经放弃了梦想的少女。 

 

    从两人相遇的一刻起，这个故事便开始了—— 

 

    1 

 

    五月，晚开的山樱依旧绽放着的，位于山脚的高台处的校园。 

 

    私立稀星学园高尾分校的初中部的校门口正站着一个转校生。她叫式宫舞菜，初中一年级 

 

    （好可爱的校舍。我从今天开始就要上这所学校了啊。） 

 

    脸上带着些许紧张表情的舞菜的那头短发顺着仍旧残留着春意的风飘舞着。 

 

    在舞菜渡过了和班主任打招呼，被介绍给同班同学的慌乱又紧张的第一天的放学后，来找舞菜的，竟然是初中部的学生会成员。 

 

    “我是学生会副会长长谷川。我来带你参观校内。” 

 

    “居然是副会长特地来带我参观校内，真的没想到啊。” 

 

    “由学生会成员带转校生参观校内是本校的传统。此外，其实还有带你参观社团活动的任务在。我同时兼任着学生会副会长和社团活动统括委员。” 

 

    “好厉害啊。” 

 

    “只是因为人比较少而已。本校学生必须参加社团活动。运动系和文化系社团不做限制，请你务必选一个加入。” 

 

    副会长介",
2306,98863," ★☆★☆★☆轻小说文库(Www.WenKu8.com)☆★☆★☆★ 

  第二卷 9th stage！纱由，与对战对手相遇  
     网译版 转自 轻之国度 

 

    图源：混沌圣歌 

 

    翻译：混沌圣歌 

 

    1 

 

    “呜哇——好多人啊——” 

 

    闹市区的车站前，舞菜屏息看着周围。 

 

    “真的呢。” 

 

    “等一下，舞菜，纱由！不是那边。不要分开了！” 

 

    拉着舞菜和纱由的是实。 

 

    三人利用休息路来到了平时坐从高尾开出的列车月几十分钟后抵达的闹市区的店铺购物。 

 

    “来，这边！” 

 

    实带着两人进入的，是占据了大型车站大楼好几层的手工艺品店。 

 

    “呜哇~~！好厉害~” 

 

    “这些全都是手工艺品？” 

 

    “没错哦。” 

 

    “看啊看啊小纱由！一架子全是拉扣！啊，这边全是纽扣！不管大小形状都有好多好多种！” 

 

    “啊，这个纽扣好可爱！” 

 

    舞菜和纱由不禁看得入迷了。 

 

    “真是的，不知道这家店，真亏你么你敢说参与偶像社团活动呢。” 

 

    “抱歉。偶像社团活动有必要自己准备表演服我直到在预赛前被副会长提醒才知道。” 

 

    “我也是。那个时候，最后都是依靠长谷川前辈帮忙了……” 

 

    两人老实地低下了头。 

 

    “诶？，不，不用道歉也没关系咪！” 

 

    实稍有些慌张。 

 

    “我，我们是同一个社团的伙伴，不用道歉的。而且下次做衣服的时候不是已经决定要大家一起商量怎么设计了吗。今天也有请你们一起买东西的意思。” 

 

    然后，她微红着脸说道。 

 

",
2306,98864," ★☆★☆★☆轻小说文库(Www.WenKu8.com)☆★☆★☆★ 

  第三卷 18th stage！瑞叶，说出梦想  
     网译版 转自 轻之国度 

 

    图源：混沌圣歌 

 

    翻译：混沌圣歌 

 

    1 

 

    被选中得以朝棱镜大会再次出发的谣舞蹈部6人 

 

    她们开始从舞蹈和歌曲重来，反复练习。 

 

    “……呜呜……真是……累死了……” 

 

    重复进行舞步的基础练习的枫瘫倒在地。 

 

    “那稍微休息一下吧。” 

 

    纱由这么说了后，舞菜枫，香澄三人也缓了口气。 

 

    “基础练习虽然是朴实，但是很辛苦啊……” 

 

    “可是，现在从基本开始重练，以后就轻松了。” 

 

    “如纱由所说。去了全国大会会有一批和Stella Maris一个水平的队伍出场。要和其他队伍对决必须提升我们的水平。” 

 

    “厉害的队伍……会有一批……” 

 

    “……集中了强校出场……好像燃起来了……” 

 

    “我也知道一点。特别是激战地区比如九州的福冈，东海的名古屋，还有冲绳和广岛也会有私立学校的热心学生在棱镜大会出场。” 

 

    “我以前也有在比赛里遇见过，大家都是有着各自特色的强大队伍哦。” 

 

    “……好棒。好想快点看大会。能不能弄到签名呢……” 

 

    “……枫们也要出场哦。” 

 

    “……也是。” 

 

    “我，我……能不能和那么厉害的人们战斗呢……明明还远远追不上姐姐她们……。” 

 

    “所，以，说，我们现在在重打基础吧？还有时间的，所以我们不停练习提升实力吧！” 

 

    “嗯……是呢，纱由同学。加油吧。” 

 

    “话说",
2314,85321," ★☆★☆★☆轻小说文库(Www.WenKu8.com)☆★☆★☆★ 

  第一卷 序  
     台版 转自 轻之国度 

 

    图源：裸奔男 

 

    扫图：Naztar（LKID：wdr550） 

 

    录入：Naztar（LKID：wdr550） 

 

    在被压倒性纸张与墨水味笼罩的「那个地方」，布满尘埃的书架上摆满了厚重的「书」。 

 

    其中有快乐的故事。 

 

    有心酸的传说。 

 

    有令人心暖的美谈。 

 

    有不堪入耳的丑闻。 

 

    有读过便让人不敢独处的鬼故事。 

 

    也有光是跳著看便难以停下笑声的喜剧。 

 

    记录这世界的一切，那就是「书」。 

 

    不论是以各种语言口头传达的情报、以纸张与墨水雕刻的字面、或是记录于硬碟的档案，故事可说是无所不在。 

 

    在文字发明前── 

 

    这便是以口头或歌曲超越世代传达下来的遗产。 

 

    人能够藉著「书」看见世界。 

 

    为了编织出自己的故事，人们如今仍持续迈进。   

  第一卷 第一章 键村叶月迟疑不定  
     「仙杜瑞拉，别哭。 

 

    就算有很多难过的事，你总是个带著笑容努力面对的乖孩子。 

 

    所以就让你参加舞会作为奖赏吧。」 

 

    魔法仙姑挥动法杖，将南瓜变成马车，将穷酸破烂的衣服变成了美丽的礼服。 

 

    我是在搬家整理物品时发现了那本「书」。 

 

    它与妈妈的天蓝色礼服一同收在箱中。 

 

    「为什么这种地方会有书……？」 

 

    理所当然地，礼服与书当然不可能一起塞在箱中。 

 

    虽然我感到不解，但还是拿出那本「书」仔细地开始观",
2314,91290," ★☆★☆★☆轻小说文库(Www.WenKu8.com)☆★☆★☆★ 

  第二卷 序章  
     台版 转自 轻之国度 

 

    图源：轻之国度录入组 

 

    扫图：Naztar（LKID：wdr550） 

 

    录入：Naztar（LKID：wdr550） 

 

    修图：零食 

 

    「您还想再与我交手吗？」 

 

    小静以冷漠的语调对我这么说。 

 

    「不管几次我都要奋战，因为我已经决定不再逃避了。」 

 

    我带著不输给她的决心如此回答。 

 

    现在我能清楚地知道，小静是个「战士」。 

 

    与我这种随波逐流来到这个地方的人完全不一样。 

 

    她从一开始就是遵循自己的意志来到这里，如有必要，即使是朋友仍然会认真一战。 

 

    我能像她将信念贯彻始终吗？说实话我没有自信。不过，我还是得做到才行。 

 

    「速速寄宿于我身──『竹取公主』！」 

 

    「把力量借给我──我的『仙履奇缘』！」 

 

    在热血沸腾的海边，两种信念展开了激烈冲突。   

  第二卷 第一章 似短却长的别离  
     「要说声再见了呢。」 

 

    她将大旅行箱放在地上，回过头朝我如此说道。 

 

    在这个有许多门扉并列的大厅，除了我们以外，还有许多女生聚集在此。 

 

    虽然是身处同个校园、身穿同样制服的少女们，但只有今天分成两侧，也就是说──分成了送行以及离去的两方。 

 

    这里是双方互相告别的场所。 

 

    我和小静也与其他同学一样，被一条线区隔出两边的立场。 

 

    ──我不想这样。 

 

    当脑中一闪过这个想法，心情便化为话语脱口而出。 

 

   ",
2314,91365," ★☆★☆★☆轻小说文库(Www.WenKu8.com)☆★☆★☆★ 

  第三卷 序章  
     台版 转自 轻之国度 

 

    图源：轻之国度录入组 

 

    扫图：Naztar（LKID：wdr550） 

 

    录入：Naztar（LKID：wdr550） 

 

    修图：零食 

 

    长久以来，土御门静一直没有朋友。 

 

    以「没有」形容并非正确，或许该说是「不主动交朋友」较为正确。 

 

    身为日本第二古老的魔法师家系，土御门家具有守护此地的使命。 

 

    连同家名一同继承这个重责大任后，这位少女当然不可能过著普通生活，静直到十五岁为止总是孤单一人。 

 

    她既没有对此感到不满，也没有羡慕过其他人。 

 

    不论是众人的期待、或是重重压下的责任、以及为了回应期待的严苛锻炼，她不曾感觉到任何痛苦。 

 

    ──想成为像母亲那样坚强美丽的人。 

 

    这种强烈愿望总是支撑著静。 

 

    然而，有个转机造访了静。 

 

    那就是「她」的出现。 

 

    「她」是个很奇特的女孩子，甚至可说是非凡过人。 

 

    即使如此，她却时常认为自己是个「毫无特点的普通女孩」。 

 

    这种现实与认知的矛盾之处，让静感到相当不可思议。 

 

    比起「她」，自己竟然是如此凡庸。 

 

    为了家族、为了这个国家、为了期待的人们，静一直是为了其他人而活。 

 

    自己直到目前为止累积的人生，内容是如此空虚。她不禁这么认为。 

 

    每当早晨见到镜子，她总是如此扪心自问。 

 

    难道这就是土御门静的「故事」吗── 

 

    镜中与自己如出一辙的少女没有任何回应。 
",
2314,97462," ★☆★☆★☆轻小说文库(Www.WenKu8.com)☆★☆★☆★ 

  第四卷 序章 那或许是我【故事】的开始  
     台版 转自 轻之国度 

 

    图源：轻之国度录入组 

 

    扫图：Naztar（LKID：wdr550） 

 

    录入：Naztar（LKID：wdr550） 

 

    「叶月，去找到属于你的故事。」 

 

    那是妈妈的口头禅。 

 

    妈妈常常把自己创作的故事说给我听。 

 

    浮在空中的岛屿蔷薇城堡的故事。 

 

    在世界某处、魔法师们的国度的故事。 

 

    故事里有许多不可思议的生物与植物，还有稍微有点奇怪的居民登场。 

 

    不过，故事总是在途中结束。 

 

    而当我吵著想听接下来的故事时，妈妈总是会说出那句话。 

 

    住在城堡的孤独公主到底怎么了？ 

 

    面对出现在魔法师国度的恐怖巨龙，他们又是怎么对抗的？ 

 

    一切都是交给我自己想像。 

 

    「叶月一定能让大家得到幸福。」 

 

    这么说完，妈妈紧紧地抱住了我。   

  第四卷 第一章 话说明天【未来】会如何  
     若要说来，土御门村落的人们算是较为晚起。 

 

    或许是由于东侧面临高山，因此日出时间会有些推迟的缘故。 

 

    但最主要的理由，也许还是住在这个村落的人们其风格使然。 

 

    个性豪迈不拘小节、对他人的藩篱异常低落。只是稍微经过家门口，便会招著手搭话送来许多礼物。要是被硬找进家里享用茶点闲聊，一回过神便会发现已经开始举办豪华宴会──也曾经发生过这种事。 

 

    每个人都是个性悠悠哉哉，而且异常喜爱招待他人。 

 

    明明听说是魔法师隐世的村落，",
2367,109978," ★☆★☆★☆轻小说文库(Www.WenKu8.com)☆★☆★☆★ 

  第六卷 ○序幕  
     台版 转自 天使动漫论坛 

 

    图源：墨家小白 

 

    录入：kid 

 

    梦境的开端犹如一场恶梦。 

 

    将万物燃烧殆尽的异形怪物，令四周陷入一片火海。 

 

    射击（中弹）、中弹（射击）、射击（中弹）、中弹（射击）。 

 

    射击（中弹）、中弹（射击）、射击（中弹）、中弹（射击）。 

 

    经过一阵枪林弹雨── 

 

    俯卧在地的是异形怪物。 

 

    伫立原地的则是赤黑缀身的少女。 

 

    伸出的手／无法触及。 

 

    冷若冰霜的眼眸／彷佛批判怪物似的。 

 

    ──住手、住手、住手、住手！ 

 

    即使喊破喉咙、声音嘶哑也无济于事。 

 

    就这样，我们清醒过来。 

 

    「──啊啊，好怀念啊。」 

 

    少女手肘拄著王座，缓缓睁开眼。与其说作梦，不如说是仔细回味记忆。 

 

    自那一瞬间、那场邂逅起，一切就此启动。 

 

    因为机缘巧合获得无所不知、无所不能的力量（Energy）。 

 

    「这个邻界是『属于我的』，谁也别想夺走。」 

 

    听见这句话，她的眼睑颤动了一下。 

 

    「……啊啊，我失言了，『将军（General）』。应该是属于『我们』的才对。」 

 

    王座之殿没有信徒空无和三干部在场。 

 

    在场的只有纯白且残酷的怪物，白女王（Queen）。身上穿的灵装（Dress）虽像军服，却极力要求色调清冽。 

 

    白女王无比孤独。 

 

    没有人与她心灵相通，彼此理解。虽有狂热的信徒追随，却无人赞",
2367,117201," ★☆★☆★☆轻小说文库(Www.WenKu8.com)☆★☆★☆★ 

  第七卷 ○序幕  
     台版 转自 轻之国度 

 

    图源：linpop（LKID：linpop） 

 

    录入：Naztar（LKID：wdr550） 

 

    那是前尘往事了。 

 

    时崎狂三曾经很喜欢「茜」这个词汇。 

 

    茜色的晚霞稍纵即逝，若是错过欣赏的时机，感觉那一天便白费了。 

 

    「……狂三，起来了。」 

 

    所以，她真的很感谢自己的挚友山打纱和牢记此事，并且把她叫醒。 

 

    「纱和……」 

 

    这名可爱的少女扎起栗子色长发垂放于肩头，天生个性稳重、待人温和，善于缓和周围的气氛。另外，她有养猫，这一点令狂三十分羡慕。 

 

    「班上的同学已经回家了。看你睡得那么舒服，有点不好意思叫你起来。」 

 

    「别这么说，谢谢你叫我起来。」 

 

    正如纱和所说，教室里只剩下狂三与她两个人。其他学生不是去参加社团活动，就是回家了吧。大概是田径队在练跑，吆喝声传到狂三的教室。 

 

    温暖的时光与空气。 

 

    两人没有交谈，也没必要交谈。纱和发出「嘿咻」一声，坐到狂三前面的座位，两人一起欣赏晚霞。 

 

    狂三轻声叹息，从书包抽出一封信。一只洁白的信封里装著信纸。 

 

    信上的文字虽不到工整得令人瞠目结舌，却能感受到对方小心翼翼书写一字一句的心意。 

 

    「你在烦恼吗？」 

 

    「那是当然。」 

 

    狂三再次叹息。这封信是早上上学途中，一名「陌生的男高中生」毕恭毕敬地递给她，她反射性收下的。 

 

    然后信中的内容是── 

 

    「是情书吧？」 

 

   ",
2367,128760," ★☆★☆★☆轻小说文库(Www.WenKu8.com)☆★☆★☆★ 

  第八卷 ○序幕  
     台版 转自 天使动漫论坛 

 

    天使动漫录入组 

 

    图源：墨家小白 

 

    录入：kid 

 

    ■苍 

 

    【她不停挥舞著战戟。察觉我的存在后便回过头，目瞪口呆地歪了头。听说我要采访她后，头就越来越歪了。】 

 

    采访？什么意思？只要说话就好了吗？跟你交谈？谈什么？只要回答你提出的问题就可以了吗？我为什么要这么做……也罢，是无妨啦。 

 

    那么，请告诉我你叫什么名字。 

 

    嗯。我叫苍，蓝色之意。这名字很帅气，我自己也很满意。 

 

    （插图008） 

 

    要谈谈你的经历吗？ 

 

    我──是在这个邻界醒来的。除了名字，并没有现实世界的记忆。等我回过神时，手上已拿著战戟，认知到战斗就是我的使命。不过，我记得起初我很畏惧，害怕得四处逃窜。 

 

    亏你还能活下来呢～～ 

 

    我的师傅……篝卦叶罗嘉收留了我，对我加以训练。我有战斗的才能，也喜欢战斗，才能顺利走在人生的道路上。 

 

    问你这种问题似乎有些不妥，你会对打倒对方这件事心生迟疑吗？ 

 

    ……不太会。如果对方求我饶她一命，我会放过她；如果没有求饶，我便杀了她。我与对方都以自己的性命为筹码一决胜负。虽然会感受到夺取人命的重量，但那份重量正是我的生命粮食……一想到这里，我就…… 

 

    你怎么了？ 

 

    不，没什么。总之，我无所谓。我觉得我身处于永远不断战斗的天堂，北欧神话中的瓦尔哈拉神殿。我觉得我天下无敌……直到我遇见了时崎狂三。 

 

    ……狂三是个什么样的人？ 

 

    时崎狂三是精灵，而我是准精灵，",
2367,133856," ★☆★☆★☆轻小说文库(Www.WenKu8.com)☆★☆★☆★ 

  短篇 所以，喝着茶谈论未来  
     网译版 转自 轻之国度 

 

    图源：くるくるくるみん 

 

    翻译：起源星风谷 

 

    ——仔细想想，这或许可以称为约会。 

 

    绯衣响这样想着。 

 

    “完全不是，只是咖啡厅的女生聚会而已” 

 

    “能不能让我再多做一会儿梦啊！” 

 

    草草地将之一刀两断的少女，时崎狂三懒洋洋地看着响。说起来，她们所在的是倒并不很漂亮的、古典风格的咖啡店。不过，狂三她们很喜欢这种难以言喻的平静氛围。另外，正在磨咖啡的老板了解这边的情况也是一大优势。 

 

    “我现在可也很忙的呢?” 

 

    “欸——怎么这样——倒不如会闲得发慌吧” 

 

    “没有那样的事，每天努力钻研是女士的礼仪” 

 

    “啊——这样啊。是变胖了吗？” 

 

    “哎呀你是找打吗？从那之后你就先被揍了哦？” 

 

    响的推断刺痛了狂三。是这样的。不过，现在还只是稍有预兆的感觉，但如果体重曲线图就这样继续发展下去，也不是没有这种可能了。虽然别人绝对看不出来这种是，但是想蒙混过眼前这位时崎狂三评论家、评论员、头号粉丝可是不可能。 

 

    总之，得先下手为强。 

 

    “总之，先控制饮食和适量运动吧，加油!” 

 

  
...
一个需要去哀悼的人。 

 

    已经避开了时间，应该不会和本体搞重了。 

 

    山打纱和。被时崎狂三卷入，将时崎狂三卷入，震动了邻界的少女。 

 

    但是，到了现在，能做到只有去稍稍理解她的想法，理解她的生存方式。 

 

    “要说我的存在中有山打纱和小姐的话也是有的，但毕竟我不是她” ",
2367,87720," ★☆★☆★☆轻小说文库(Www.WenKu8.com)☆★☆★☆★ 

  第一卷 ○空无  
     台版 转自 轻之国度 

 

    图源：神代小祈 

 

    录入：Naztar（LKID：wdr550） 

 

    修图：Naztar（LKID：wdr550） 

 

    ──死去般沉眠，沉眠般死去。 

 

    急速坠落，如同坠入地狱似的快速。 

 

    轻柔撞击，如同抵达天堂似的缓和。 

 

    无论是温暖的记忆还是冷淡的冲动，一切皆已远去，剩下的，只有一副空壳。 

 

    摇摇晃晃、左右摇曳，宛如汪洋中飘泊的小船。 

 

    救命啊！救命啊！ 

 

    扯开嗓门吶喊。无论如何放声大叫，眼前只有一望无际的汹涌大海、漆黑的浪潮、阴翳的苍穹、幽暗的死亡── 

 

    船底破洞，被拖进大海。 

 

    无法呼吸。看不见也听不到。 

 

    载沉载浮──不断呛水。即使再怎么拚命摆动双手，也只是空虚地拍打水面。 

 

    「你一无所有。因为你是一具空壳，空无一物。」 

 

    内心如此低喃。 

 

    或许吧。明明正在鬼门关前徘徊，却什么都想不起来。 

 

    右脚被一只冰冷的手抓住。 

 

    用力地往下拖。 

 

    死吧，死吧，死吧，死吧，死吧，死吧，死吧。活下去，活下去，活下去，活下去，活下去，活下去，活下去。 

 

    全然空空如也。 

 

    谁也不是。 

 

    沉没、沉没、沉没。无止尽地坠落在漆黑一团的空间。难受、痛苦、空虚、畏惧、辛酸……寂寞。 

 

    那双眼冷不防地张开。看见深海里闪耀著微弱的光芒。 

 

    忘却沉没的恐惧与溺水的痛苦，朝那道光游去。自己只要能游向那",
2367,87736," ★☆★☆★☆轻小说文库(Www.WenKu8.com)☆★☆★☆★ 

  第二卷 ○序曲  
     台版 转自 轻之国度 

 

    图源：轻之国度录入组 

 

    录入：Naztar（LKID：wdr550） 

 

    那里简直就是无尽的黑暗。当人们还相信地球是平面时，认为大地尽头空无一物。 

 

    只要朝大海彼端持续前行，迟早会走到大地尽头，一无所有。古时候的人肯定很害怕吧。断裂的世界，永无止尽的无限黑暗，据说那是神明撒手不管的地方。 

 

    抵达第十领域【Malchut】尽头的少女哑然无言地眺望著天空。 

 

    古人想像的世界尽头就扩展在她的眼前。 

 

    「这就是──」 

 

    「没错，封印连接各领域的【通天路】的门。」 

 

    应该称之为门吗？真要说的话，应该称为塔吧。看起来也像是巨大的城门，但没有那扇门该守护的城池。 

 

    总之，有一扇直冲天际的白色大门。材质不明，但确定不是木门或石门。以为是金属，用指尖触摸后则像塑胶一般光滑。表面绘有金黄色的复杂图案──但由于太过巨大，不知道具体画了什么。 

 

    而那扇门左右只有看不见的黑暗无尽延伸。 

 

    「请看。」 

 

    一人如此说完就将右手插了进去。进入空间的瞬间，右手消失无踪。而把右手抽出空间后又完好无缺。 

 

    「吸收光线，完全的漆黑啊……」 

 

    宛如据说在宇宙彼端的黑洞。 

 

    「总之，据我所知，从未有准精灵踏进这里。」 

 

    「这里是好战者聚集的领域吧？没有把谁扔进去过吗？」 

 

    「……应该没有。」 

 

    「为什么？」 

 

    响畏惧地望著黑暗，悄声说道。 

 

    「因为据说有人说过",
2367,90830," ★☆★☆★☆轻小说文库(Www.WenKu8.com)☆★☆★☆★ 

  第三卷 ○序曲  
     台版 转自 轻之国度 

 

    图源：轻之国度录入组 

 

    录入：Naztar（LKID：wdr550） 

 

    清醒后，映入眼帘的是我自己。 

 

    一头乌黑亮丽的秀发、珍珠般晶莹剔透的肌肤，以及「褴褛」的赤黑灵装，那无疑是〈神威灵装&#8231;三番【Elohim】〉。 

 

    以及琥珀色的钟表眼瞳。 

 

    「──请『我』无论如何都要想办法逃走，趁这座城堡的主人白女王尚未察觉之前。并且务必拯救这个邻界和『那个人』。」 

 

    「怎么回事……这究竟是……怎么回事……」 

 

    狂三反射性地想要持枪，却发现无法办到。眼前的少女哀怨地摇了摇头。 

 

    「我们无法使用〈刻刻帝【Zafkiel】〉，被夺走了。」 

 

    「……被夺走……这样啊……我……」 

 

    吃败仗了。完全、彻底、无可奈何地，战败。尽管在最后的最后报了一箭之仇，但对方的伤势恐怕早已治疗完毕了吧。反观自己，全身仍隐隐作痛。腹部之所以特别疼痛，大概是因为挨了一剑。 

 

    满头疑问，也不知该从何问起。唯一明白的，是自己败北这个不争的事实。 

 

    「我能回答你的疑问。不过，『我』，请你做好逃跑的准备，否则『会像扑克牌士兵一样』被砍头的。」 

 

    少女的眼神看来并无虚假或戏谑。狂三决定先询问最关键的问题。 

 

    「这里究竟是哪里？」 

 

    「这里是第三领域【Binah】。没错，是与第二领域【Chhokmah】同为最接近第一领域【Kether】的领域，也是影子与时间错乱失常的恐怖童话领域。」   

  第三卷 ○第三领域狂王  
     ─",
2367,93911," ★☆★☆★☆轻小说文库(Www.WenKu8.com)☆★☆★☆★ 

  第四卷 ○序曲  
     台版 转自 轻之国度 

 

    图源：轻之国度录入组 

 

    录入：Naztar（LKID：wdr550） 

 

    咕噜咕噜咽入大量海水，绯衣响连忙张嘴吐出。她摸了摸头盔，目前没事，因此松了一口气。耳边传来咻咻声，她赶紧趴向地面。 

 

    爆炸的冲击使得身旁一名准精灵「出局」。 

 

    「少校～～！绯衣少校～～！没办法～～！一步也动弹不得！」 

 

    附近的「部下」准精灵高声吶喊，响命令她挨近自己身边。猛烈的「弹幕」接二连三击倒准精灵，其中有一张大型扑克牌匍匐前进，好不容易才与响会合。 

 

    『绯衣少校！究竟该如何是好是也～～！』 

 

    「黑桃A中士！只好到那边的捷克刺猬去了！」 

 

    响指向的是本来为了守御己方登陆舰而设的物品，是一种形状类似于四脚水泥块的钢铁制障碍物。 

 

    『这怎么可能啊是也！』 

 

    「不可能也得前进！一边向上苍祈祷别被那『可恨』的电锯【MG42】击中，一边前进吧！」 

 

    黑桃A点了点头，朝她背后直发抖的新兵们大喊： 

 

    『前进！跟在绯衣少校的屁股后头！是也～～！』 

 

    「麻烦你说得优雅一点！前进【Move】！」 

 

    随后，泡在海里的响军队开始果敢地登陆。响感受著一离开海面便变得沉重的身体，一面奔向障碍物。 

 

    喀喀喀喀喀，她的脚下扬起大量尘埃。在千钧一发之际脱险后，她还来不及松一口气，便目睹身旁的准精灵一个接一个被击中的模样。 

 

    「抵达目的地！有几人被击中！」 

 

    听见响的提问，黑桃A回应： 

 

    『三人是也！』 
",
2367,97745," ★☆★☆★☆轻小说文库(Www.WenKu8.com)☆★☆★☆★ 

  第五卷 ○序曲  
     台版 转自 深夜读书会 

 

    图源：深夜读书会 

 

    录入：ritdon.com 

 

    交流群号：714435342 

 

    两名少女走在空荡荡的回廊。 

 

    一名是看在任何人眼里都觉得如花似玉的少女，乌黑的头发、陶瓷娃娃般的肌肤、机械表般的眼瞳，时髦的灵装名为〈神威灵装·三番〈Elohim〉〉。 

 

    而另一名则是发丝带点淡紫的白色少女。她的肌肤白皙的程度与前述那名少女不相上下，不过因好奇而闪闪发亮的眼瞳则与之呈现对比。而她的灵装也是纯白，散发出有些虚幻的气息。 

 

    若将前述那名少女比喻成闪耀的钻石，后述的少女便是玫瑰晶。淡红水晶般的少女轻轻依偎着璀璨的金刚石。 

 

    跳进开放的通行门的前述少女——时崎狂三，与后述少女——绯衣响正前往第七领域〈Netsah〉。 

 

    「狂三，好无聊喔～～我们来玩接龙吧～～」 

 

    响走腻了单调又漫长的【通天路】，积极地向狂三攀谈。然而狂三却一副心不在焉的模样。 

 

    ——狂三在思考白女王〈Queen〉的事。 

 

    绊王院华羽迫于爱慕之情而丧失性命。换句话说，白女王「明白恋爱是什么样的感情」。 

 

    她是爱上谁了呢？ 

 

    越想，不祥的预感便越是浓烈……感受到一股连背脊也冻结般的恶意。 

 

    倘若白女王是反转体，那么她的爱慕之情肯定也是歪斜、别扭的……那份扭曲，究竟会带给女王何种结论？ 

 

    资料太少，实在难以深入探究。 

 

    不过，若是那个人、那位人物受到女王的迫害。 

 

    自己该如何是好？如今好不容易踏入第七领域，距离",
2410,110426," ★☆★☆★☆轻小说文库(Www.WenKu8.com)☆★☆★☆★ 

  第四卷 序章 青年国王的忧郁  
     台版 转自 轻之国度 

 

    图源：流星雨北斗 

 

    录入：流星雨北斗 

 

    虽说是临时赶建的，但这座王宫依旧散发出做为大陆最大王国中枢应有的庄严感。 

 

    一名青年正在王宫最深处以严肃的表情处理文书工作。 

 

    桌上堆积如山的文件正以飞快的速度被消化，盖完章就马上换下一份。 

 

    青年的模样，以鬼气逼人来形容可说是再恰当不过了。 

 

    这时又有一名新的男子现身，将新的文件递到桌上。但这位男子脸上却浮出苦涩的表情。 

 

    「艾略特陛下，请问您是不是应该稍微休息一下了？」 

 

    「原来是拉葛兰啊。虽然你那么说，如果我偷懒不工作那不是永远都无法离开这里了吗？」 

 

    「或许正如陛下所言……不，其实只要陛下一声命令，臣等应当也能多少为您分忧解劳。」 

 

    「把工作扔给下属的确也是一个办法啦，不过果然还是照我的裁决办事比较妥当。」 

 

    一位伯爵，况且还是一名没有领地的拉葛兰伯爵，其所裁断的公文跟国王亲自裁断的公文相较，优先程度自然大不相同。 

 

    拉葛兰虽说是被封为伯爵这种高级身分地位的贵族，但由于不具备领地，所以生活并不算宽裕。为此，他经常受到不清楚详情的贵族或官员轻慢。 

 

    然而如果是对他知之甚详的贵族，绝对不敢做出类似冷眼相待的侮辱行为。那是因为，拉葛兰家世世代代都是以「国王护卫」的职务相传之故。 

 

    这位护卫拥有纤瘦且细长高&#18487;的身躯。年龄将近五十，胡须已经开始夹杂著几丝灰白。 

 

    尽管拉葛兰已是一副中老年人的模样，但依然能将年轻的骑士轻松扔飞出去",
2410,89519," ★☆★☆★☆轻小说文库(Www.WenKu8.com)☆★☆★☆★ 

  第一卷 序章 起始的终焉  
     台版 转自 深夜读书会 

 

    购书人：尤巴连结体 

 

    深夜读书会出品 

 

    读书群：714435342 

 

    「不可以死！」 

 

    那精灵的稚子满脸沾了眼泪、鼻水，还有口水，这么叫道。 

 

    娇小如红叶般的手掌，压在倒地的青年胸口上。大量鲜血不停从胸前流淌，直达腹腔的割裂伤让青年的部分内脏露了出来。 

 

    压住伤口，想多挽留青年的性命一会儿，然而却是徒劳无功。 

 

    「不可以死，我不要……雷德大人！」 

 

    青年想用左手拭去稚子的眼水……但最后放弃了。 

 

    因为他的左臂已碎，无法动弹。 

 

    用唯一剩下的右手擦拭稚子的脸颊。黏稠的鲜血取代泪水，涂上了稚子的脸庞。 

 

    那些血是青年的，同时也来自被打倒的敌人。 

 

    在青年的视野一隅，有刚刚才被他打倒的魔神尸体。 

 

    在相反一侧，则有群被吓得腿软的孩子，他们才从活祭仪式下惊险逃脱。而在这些孩子中，只有这名稚子采取行动，为了急救青年而冲过来。 

 

    此外在另一个方向还有些为时已晚的牺牲者——已气绝身亡的孩子们，以及这一切元凶的神父身影。 

 

    「不要……哭了……我……没事。」 

 

    怎么可能没事，青年已有一死的觉悟。然而即便如此他还是要宣称自己没问题的理由只有一个。 

 

    原本应该留在这里的他那群伙伴，如今不见踪影。 

 

    总是能得到正确答案，甚至被称为贤者的那位少女，其身影也消失了。 

 

    她并不是很专精魔法。 

 

    但就算这样，她也比一般人强称得上达人的",
2410,97497," ★☆★☆★☆轻小说文库(Www.WenKu8.com)☆★☆★☆★ 

  第二卷 序章 事件之后  
     台版 转自 深夜读书会 

 

    购书人：深夜读书会 

 

    深夜读书会出品 

 

    读书群：714435342 

 

    「叩、叩」的鞋跟声在昏暗的走廊响彻着。 

 

    挂在墙上的提灯照亮了一位猫耳女性与一位高大的年迈精灵。 

 

    这两人是柯蒂娜与麦斯威尔。 

 

    双方都一语不发，推开了一扇门，室内的椅子上坐了一名男子。 

 

    在昏暗的室内，只摆了木制的水壶跟杯子。男子前方被一张坚固厚实的桌子挡着，而男子的手则被连接桌子的金属刑具所束缚。 

 

    男子的大腿被染成深红色的绷带所包裹，看起来像是受了重伤。 

 

    「那么，你打算招供了吗？只要你乖乖跟我们合作，我或许可以考虑帮你把伤治好。」 

 

    「我已经说过好几次了吧……我只是底下跑腿的，对方是谁我几乎完全不知道。」 

 

    针对麦斯威尔的质问，男子忍着痛苦回答道。他的手或许是在强忍疼痛吧，摆在桌上紧紧地握着拳头。 

 

    柯蒂娜见状举起水壶走到男子附近——用力往握紧的拳头砸下去。 

 

    「砰咚」的钝重撞击声，以及男子的惨叫在室内作响。 

 

    「咕叽呀啊啊啊啊啊啊啊啊啊啊啊啊!?」 

 

    为了要侦讯危险的重刑犯，摆在这里的水壶都是用牢固的木头所制成。 

 

    要砸烂搁在桌上的那只手，水壶的强度可说是绰绰有余。 

 

    「真抱歉啊，我们这边也不想浪费时间，毕竟那孩子已经快要入学了。」 

 

    「我、我的手，啊……啊啊……」 

 

    「先跟你讲清楚喔，就算你死了我们也不会在意的。反正还有代替的人。」 

 ",
2418,89871," ★☆★☆★☆轻小说文库(Www.WenKu8.com)☆★☆★☆★ 

  第一卷 第1章 Onigiri暗杀者  
     台版 转自 轻之国度 

 

    录入：LzNO_Hentai 

 

    「你要活得自由自在。难得生来这世上，不活得随心所欲还有什么意思？」 

 

    我妈妈以前经常这么说。啊，不小心用错了过去式，她还生龙活虎的，请各位别担心。这位做母亲的从小就这么教育自己的独生女了，她自己当然也似乎是活得自由自在，一直以来就经常不在家里，不晓得跑去哪儿做些什么事，也理所当然似地不肯好好做家事，所以我只好今天依然照常收拾着妈妈随处乱扔、丢得天女散花的衣服、衣服，还有衣服。Queens Court的罩衫要把内面翻出来再装进洗衣袋，开柔洗模式去洗。Lily Brown的花纹针织衫要用高级衣物洗衣精手洗，摊平晾在阴凉处。我家是五房两厅含厨房的两层楼透天，里面只住了我和妈妈，却被惊天动地大份量的衣服塞到快炸开。所有椅子的椅背上不是挂着上衣就是外套、夹克，而且还叠了两三层；难得一件做工精致的大衣，一看就知道被妈妈垫着睡过，皱巴巴的；沙发上坐满了大包小包甚至手提篮，根本没地方给人坐，而包包之间的缝隙更是躲着被遗忘没机会上场的配件饰品，屏气凝神梦想着哪天能够重返舞台。妈妈所经之处就像刮过台风，无论什么东西都被卷得乱七八糟，惨不忍睹，但就只有妈妈自己吸饱了能量，神采奕奕，而总有某个人要跟在妈妈后面默默收拾。算了，我妈妈也就是在实践她所谓的随心所欲过生活吧。至于我，每天光是干这堆积如山的活就用尽全力，光是随波逐流、勉强过活就筋疲力竭，要我做自己想做的事情？我还真没有头绪。但至少我应该不是很爱不断整理整理整理妈妈脱了到处丢的衣服。如果有个人没头没脑的随心所欲，就会有人被连累忙着收烂摊，人之常情。人太过随心所欲也不太好（←结论）。我不太清楚妈妈是靠什么工作过活，",
2431,90434," ★☆★☆★☆轻小说文库(Www.WenKu8.com)☆★☆★☆★ 

  第一卷 序章  
     网译版 转自 轻之国度 

 

    翻译：flankoi 

 

    ——投映在右眼当中的，是色彩斑驳的风景。 

 

    夏日的天空，本该铺洒着一片艳丽的蔚蓝，如今却被一层昏昏蒙蒙的白色浸染得暧昧不明。枝头翠绿的树叶也变得灰暗阴沉，就连脚下被拉得长长的影子，也显得不甚清晰。 

 

    用白色可以让色彩变淡——我想起了美术老师在讲水彩画时说的这句话。 

 

    画水彩时，原本并不需要白色，因为早在动笔以前，白色就已经存在——洁白的纸张，就是水彩世界当中唯一的白色。在这里，其它的白色都仅仅是异物。 

 

    耀眼的阳光与积雨云，才是属于夏天的白色。 

 

    但现在，却有除此之外的白色混杂在其中。这些本不应该存在的白色，令夏日的鲜艳与炎热都遭到污染，变得模糊不清。 

 

    今年的夏天，存在感格外薄弱。 

 

    在漫画或电影里，绝望的人往往会说世界失去了色彩。但眼前的一切，绝不仅仅是那样的比喻而已。况且在我看来，他们的说法也并不准确。 

 

    在自己的人生失去色彩时，周遭的一切反而会显得更加鲜艳，更加刺眼。 

 

    相信我，那都是我在万劫不复之时，亲眼所见的光景。 

 

    对视野内一切难以掌握距离感的事物心生厌弃，对传入耳中的话语和车辆的噪音萌生杀意，难以遏止地去诅咒神与命运……那时的我，一定是深陷于绝望当中吧。 

 

    住院时未能察觉到的那些恶毒的情感，一旦出院后走在街上，立刻一涌而出，难以遮掩。 

 

    如果眼中所见的情景是一副画，我只想将其撕成碎片，踩在脚底。 

 

    但此时此刻，面前的世界却是无比真实，渺小的我无法摧毁其中的任何事物。若想",
2438,90975," ★☆★☆★☆轻小说文库(Www.WenKu8.com)☆★☆★☆★ 

  第一卷 STEP1 千爱这个名字  
     台版 转自 轻之国度 

 

    图源：音无 

 

    扫图：风 

 

    录入：kid 

 

    修图：Jackdaw 

 

    ——我一直觉得啦啦队是一种很吵闹的COSPLAY。 

 

    舞樱 

 

    神奈川县，横须贺市。 

 

    在这个军港都市的住宅区…… 

 

    有一所以综合体育闻名的女校——南高校。 

 

    浅羽舞樱从今天开始就是那里的二年级生。 

 

    （我今年……） 

 

    她走进了飘著樱花的校门。 

 

    灰咖啡色的双马尾在风中摇摆。 

 

    这个从小绑到大的发型很适合她，因为那一百四十五公分的小个子和……小小的胸部。 

 

    （今后该怎么办呢……） 

 

    裹在西装外套里的胸怀此时没有任何新希望。 

 

    即使今天是新学年的第一天。 

 

    （我到底该做什么呢……） 

 

    舞樱失去了生活中最重要的东西。直到这一天的这一刻。 

 

    「耶！」 

 

    如此鲜明。 

 

    彷佛预告著开幕的鸣笛。 

 

    呼喊声。 

 

    「QUEENS！Samba de Janeiro！」 

 

    女孩们同声高呼，没有半点参差。 

 

    不只有精力充沛的口号，快节奏的音乐也随即响起。是从校门内的小广场传来的。 

 

    舞樱吃惊地停下脚步。 

 

    她眨巴的眼睛看见广场上有一片鲜艳的色彩。 

 

    如晴空般的蓝色，如云朵般的白色。 

 

    边缘镶著如太阳般的黄色。 

",
2438,91540," ★☆★☆★☆轻小说文库(Www.WenKu8.com)☆★☆★☆★ 

  第二卷 STEP 5 TOGGETHER  
     台版 转自 轻之国度 

 

    图源：音无 

 

    扫图：风 

 

    录入：kid 

 

    修图：kid 

 

    姊姊。 

 

    CHEERS准备参加姊姊三年前夺得冠军的全日本杯啰。 

 

    可是沙织教练老是那副德行，而且我们只有三人，参加比赛最少要有七人。 

 

    直子学姊还受伤了…… 

 

    但我还是会努力。 

 

    因为我们是啦啦队员。 

 

    因为我们是CHEERS！ 

 

    多惠 

 

    宣告著半天课结束的下课钟在南高校响起。 

 

    周六放学后。大概也是因为天气晴朗吧，正准备从事社团活动的学生都挂著愉快的表情。 

 

    大家换上自己社团的制服，拿著用具，吱吱喳喳地边走边聊。 

 

    在这片景象之中有一个特例…… 

 

    「……」 

 

    只有鸠屋多惠是独自一人。 

 

    她把书包提在身前，低头走著。 

 

    有一头乌黑长发、沉默寡言的多惠沿著走廊边缘前进，看起来像是一尊日本娃娃在走路。 

 

    多惠参加的料理社里只有她一个人，没有其他社员。 

 

    料理社在一般女校都很受欢迎，但这里毕竟是体育学校。 

 

    多惠不喜欢独尊体育社团的南高校风，也不喜欢脑袋里只长了肌肉和运动神经的南高学生。 

 

    她是因为怕男生才会想要读女校，而且她一坐电车就会紧张到肚子痛，所以只能选择离家不远的南高。 

 

    这个选择可说是多惠此生最大的失策。 

 

    内向又缺乏运动神经的多惠从入学第一天就和",
2441,103769," ★☆★☆★☆轻小说文库(Www.WenKu8.com)☆★☆★☆★ 

  第五卷 前往世界三大地底迷宫  
     台版 转自 轻之国度 

 

    图源：kerorokun 

 

    录入：kid 

 

    这是「世界妖精会议」结束，再度恢复平稳日子后某一天的事情。 

 

    我与芙拉托缇出门购物。 

 

    购物途中出现的史莱姆照样狩猎，确实赚取魔法石。这也是每天重要的工作。 

 

    芙拉托缇以偷懒的方式，甩动尾巴，劈劈啪啪打飞史莱姆狩猎。 

 

    啊，她运用的还是自己的身体，应该不算偷懒吧？ 

 

    终究类似拳打或脚踢吧？ 

 

    「一有史莱姆接近，尾巴就会自己帮忙扫荡，很轻松。」 

 

    「果然是偷懒吗！」 

 

    「有什么关系嘛，主人。又没有规定必须正面迎战史莱姆，确实狩猎才行，比起不动手当然是动手比较好啊。」 

 

    「这话也对……反正芙拉托缇也不是徒弟，我也没在指导你武术，那就没问题了。」 

 

    如果莱卡看见多半会唠叨，但我的方针是在不勉强的范围内持续才是最重要的，因此这样就当作没问题吧。 

 

    「呼啊～～～～～～～～话说回来啊，南堤尔州还真是和平呢。」 

 

    大大打了个呵欠的芙拉托缇表示。 

 

    话说这个呵欠也太大了。再怎么说也太难看啰。 

 

    在这方面，芙拉托缇看起来很散漫，但也可以说莱卡太一板一眼。 

 

    「毕竟南堤尔州的魔物也不强。不只是这附近，应该整座州都十分悠哉吧。」 

 

    附带一提，不是所有魔物都归佩克菈与别西卜她们魔族管理。 

 

    广义而言魔族与魔物是一样的，但或许可以形容成猿猴不会闯入人类社会吧。 

 

    看在魔族眼中，栖息于",
2441,106148," ★☆★☆★☆轻小说文库(Www.WenKu8.com)☆★☆★☆★ 

  第六卷 成为悠芙芙妈妈的女儿  
     台版 转自 深夜读书会 

 

    发布：深夜读书会 

 

    论坛：ritdon.com 

 

    「哦～是吗，是这样啊。原来体验就读并不顺利啊～」 

 

    「再一次体会到法露法与夏露夏都是了不起的女儿呢。虽然身为母亲也觉得很骄傲。」 

 

    我躺在沙发上，同时报告近况。 

 

    还自然地打了个呵欠。心想我真是无比放松啊。 

 

    要说是哪里的沙发，就是水滴妖精悠芙芙妈妈家的沙发。 

 

    没错，我来到悠芙芙妈妈的家，无拘无束地休息。 

 

    要说能聊育儿经的对象，就只有堪比妈妈的悠芙芙妈妈而已。话虽如此，其实气氛并非与妈妈友（注）聊天，反而接近与自己的母亲谈话。 

 

    注：有小孩的妈妈彼此成为朋友。 

 

    我能以女儿的立场放松的唯一地方—— 

 

    就是悠芙芙妈妈家这里。 

 

    「还多了一个叫桑朵拉的孩子吧？你也真辛苦呢～」 

 

    「要说辛苦，其实她是曼德拉草，会自己在土壤中吸收营养，念书也由女儿们教她，所以不太需要费神呢。」 

 

    「可是，家人一变多的话，难道不会吵架吗？」 

 

    「这个啊～其实桑朵拉只亲近我和女儿呢……年龄上她说不定比我还大……虽然她不是真的与其他家人吵架，但有时候我还是希望她圆滑一点呢……」 

 

    不过这种问题，时间应该也会帮忙解决，桑朵拉很快也会适应吧。到时候就不会水土不服，而是水乳交融了吧。 

 

    话说回来，在悠芙芙妈妈的家里，真让人心平气和啊。 

 

    这种老家的感觉真是不得了。 

 

    「那座瀑布现在怎么样了？有观光",
2441,111561," ★☆★☆★☆轻小说文库(Www.WenKu8.com)☆★☆★☆★ 

  第七卷 参加魔王的生日宴会  
     台版 转自 轻之国度 

 

    图源：kerorokun 

 

    录入：kid 

 

    某一天，佩克菈来到高原之家。 

 

    呃，总觉得魔王跑来好像不太合适，但是实际上来都来了，没办法。 

 

    「午安呀。姊姊大人，你好吗？」 

 

    我在户外晒衣服的时候，佩克菈正好露面。 

 

    由于家人众多，出乎意料地麻烦。 

 

    佩克菈的背上背了各式各样的行李。虽然与魔王的形象不搭，不过佩克菈丝毫没有摆出魔王架子的打算吧。 

 

    何况我也不认识佩克菈以外的魔王，所以不知道什么叫魔王的架子。 

 

    「过得还好吧。毕竟在我家不用担心生病。」 

 

    「今天我带了许多伴手礼来喔。首先给桑朵拉妹妹，这是非常优质的土壤。」 

 

    于是曼德拉草桑朵拉以耕地的方式，在地表下移动。 

 

    「什么样的土壤？务必让我试试看。」 

 

    「来，是这个。柔软度与养分都是最顶级的。连范泽尔德城的园丁都赞不绝口的优秀土壤呢。」 

 

    桑朵拉从佩克菈手中接过装土的袋子后，以手（其实原本是根部）触碰，并且确认质感。 

 

    「哦～很棒喔。会自然渗入根部与根部之间呢，味道也的确很浓厚。」 

 

    味道啊……反正植物有属于自己的感受方式吧。 

 

    「我带了很多东西来喔。这是罗莎莉小姐用的诅咒戒指，非常适合罗莎莉小姐。」 

 

    「完全不像女孩子带来的伴手礼呢。」 

 

    佩克菈掏出一只让人不太舒服的戒指。不过罗莎莉算是恶灵的一种，应该没有问题。 

 

    虽说是恶灵，罗莎莉当然没有做过",
2441,113367," ★☆★☆★☆轻小说文库(Www.WenKu8.com)☆★☆★☆★ 

  第八卷 桑朵拉长大了  
     台版 转自 轻之国度 

 

    图源：kerorokun 

 

    录入：kid 

 

    「啊，高原魔女大人，有您的包裹喔～」 

 

    我拿狩猎史莱姆的魔法石去公会换钱时，娜塔莉小姐告诉我。 

 

    「寄给我的包裹？究竟是什么呢？我没有印象呢。」 

 

    「这个呢，是诺拉伊州的阿普托克市市公所寄给您的。」 

 

    「那是哪里啊……？」 

 

    头一次听到这个地名。那座神秘都市寄了什么给我？ 

 

    「地址写得很清楚，『位于南堤尔州弗拉塔村附近的高原之家，视情况麻烦寄放在工会』。我想应该没有错，另外这是包裹。」 

 

    娜塔莉小姐端出的盒子相当大。 

 

    若是力气小的女性，抬起来的时候可能会想喊一声「嘿哟嘿」吧。 

 

    不，女性应该不会喊什么「嘿哟嘿」…… 

 

    「不会一打开就启动什么魔法吧？」 

 

    「这种特殊魔法应该不多见。而且上头还有市公所的证明印鉴，可以肯定是从市公所寄来的。」 

 

    「那就当场打开看看吧。如果有什么问题就拒收。」 

 

    「高原魔女大人明明超强，却非常小心谨慎呢……」 

 

    因为我经常被卷入麻烦之中。石桥就是用来敲的（注：日本谚语，比喻小心谨慎。）。 

 

    保险起见，我先施放解咒魔法。 

 

    只需要简单的咏唱，就像保险一样。 

 

    「嗯，应该也没有施加诅咒。没有危险。」 

 

    不过，既然没有危险──该不会装了麻烦委托的信件吧…… 

 

    搭配委托信赠送在地特产，不顾我的意愿送过来之类…… 

 

    ",
2441,116433," ★☆★☆★☆轻小说文库(Www.WenKu8.com)☆★☆★☆★ 

  第九卷 神明提出奇怪的委托  
     台版 转自 轻之国度 

 

    图源：喵子 

 

    录入：喵子 

 

    回过神来，我已经身处奇怪的空间。 

 

    四处都飘浮著魔法阵。这种景色我有印象呢。 

 

    亚梓莎，朕现在正直接对你的内心说话。 

 

    仁丹站在我的面前。 

 

    她是这个世界的知名女神，以前我曾经与她交手。上次她说我可以直呼她的名字，所以我就不客气了。不过说话的时候还是会礼貌一点，毕竟对方太大牌了…… 

 

    「呃，出现了像字幕一样的东西耶……」 

 

    没错，仁丹面前显示了「亚梓莎，朕现在正直接对你的内心说话」等字样。其实明明可以正常地说话。 

 

    这里终究是在你的脑海内。并非你来到朕的世界中，所以无法让你直接听见声音。毕竟神明的声音可不能随意让人听见。 

 

    「虽然不太明白，但多半有某些原因吧。」 

 

    可能是神明特有的问题。 

 

    嗯。另外为了便于你理解，朕用的是你上辈子的文字。朕可以对应任何语言。 

 

    话说回来，好像电影的日语字幕呢。 

 

    显示的不是这个世界的语言，而是日语。我两种都看得懂，所以才没发现。 

 

    连关西腔拢嘛ㄟ通喔。 

 

    应该没有关西人会用这种表现方式。 

 

    朕有事情要拜托你，才会向你开口。 

 

    哇咧……这种委托肯定不会有什么好事…… 

 

    「不好意思，我应该没有那么不知天高地厚，敢答应神明的委托～」 

 

    小心朕让你从明天开始，所有做梦的内容都是变成青蛙。 

 

    神明怎么用这么阴险的手段啊。 

 

  ",
2441,119910," ★☆★☆★☆轻小说文库(Www.WenKu8.com)☆★☆★☆★ 

  第十卷 参加点心大赛  
     台版 转自 轻之国度 

 

    图源：樱木真乃 

 

    录入：樱木真乃 

 

    「来喔，是点心喔。有点心吃啰～」 

 

    别西卜在晚上带著一个大盒子登门拜访。 

 

    里头装著全套的烤点心。 

 

    以地球的点心形容，应该接近玛德莲蛋糕或费南雪蛋糕。 

 

    中世纪欧洲应该没有玛德莲蛋糕，不过应该在哪里有类似的点心。反正这里是不同的世界，无妨。 

 

    「哇～！别西卜小姐，谢谢你经常招待！最喜欢你了！」 

 

    「噗……太强了……直击心扉哪……」 

 

    法露法的一句「最喜欢你了」差一点就击倒了别西卜。 

 

    竟然能击倒高等魔族，我家女儿也真是厉害。 

 

    「这是在王都也是历史悠久，圣骑士点心店卖的烤点心。非常有名的一款。」 

 

    夏露夏在品尝之前，首先详细检视点心的资料。 

 

    「咦？在王都的店铺买的，意思是这次不是魔族地区，而是人类地区的点心啊。」 

 

    一般而言，别西卜的伴手礼应该都会在魔族的地区购买。 

 

    「嗯，范德泽尔城外的知名店家商品，几乎都买给女儿们当过伴手礼了哪。」 

 

    到底买过多少啊。还有她用『女儿们』这个称呼，听起来还是耿耿于怀。 

 

    「所以从这一次开始，改为人类地区的名店。女儿们以外的家人也尽管心存感激地享用吧。」 

 

    当然在别西卜这么说之前，我、莱卡和芙拉托缇都已经开始吃了。 

 

    没吃的人只有哈尔卡拉。 

 

    「晚餐喝太多酒了……现在吃东西的话肯定会反胃，所以得忍耐……」 

 

    「你也该明白",
2441,125778," ★☆★☆★☆轻小说文库(Www.WenKu8.com)☆★☆★☆★ 

  第十一卷 在明月当空下举办宴会  
     台版 转自 轻之国度 

 

    图源：樱木真乃 

 

    录入：樱木真乃 

 

    飞在空中的同时，我朝窗户挥了挥手。 

 

    房间内的人露出惊讶的表情。 

 

    我原本以为她会拉起窗帘，不过她老早就打开了窗户。 

 

    「晚安～」 

 

    「乾妈，你从哪里来的啊！而且还是晚上！」 

 

    席罗娜居然为了抱怨而开窗…… 

 

    「因为我刚才敲门，你也没有回应。走过宅邸内的长廊很麻烦，就算抵达你的房间，有时候也会碰到你出门冒险，长期不在家。所以我才透过窗户直接联络你。」 

 

    「那就退一百步同意这一点吧。可是乾妈，为何要在晚上拜访呢……？」 

 

    她就是坚持叫我乾妈啊。 

 

    「晚上来才知道灯有没有亮，马上就知道你在不在家啦。我的点子很妙吧。」 

 

    结果席罗娜『唰』一声拉上窗帘。 

 

    「拜托！至少听我说嘛！稍微听一下也好！我还没进入正题呢！才解释为何三更半夜前来的原因！」 

 

    窗帘再度拉开。与乾女儿沟通还真困难。 

 

    「到底有什么事情？请在十五秒以内说明。」 

 

    「先让我进去吧。我目前一直以魔法飘浮在空中耶。」 

 

    席罗娜的宅邸是地点偏僻的独栋建筑，应该没有人会偷窥裙底。可是穿裙子飘在空中，总觉得凉飕飕的。 

 

    她为了挖苦我，故意叹了一口气。 

 

    这应该是同意我进入的讯号。于是我从窗户进入雪白的房间内。 

 

    「只剩下五秒钟了。」 

 

    「比刚才还少了十秒！连进入房间的时间都要算吗！？」 

 

  ",
2441,130740," ★☆★☆★☆轻小说文库(Www.WenKu8.com)☆★☆★☆★ 

  第十二卷 制作龙族专用的盖饭  
     台版 转自 轻之国度 

 

    虚空文学旅团×轻之国度录入组 

 

    图源：书友同萌会 

 

    录入：Andromeda (LK&TSDM ID:爱丽丝·莉泽) 

 

    这天，我来到王国南部采集能当成药材的植物。 

 

    药材采集得算是相当顺利── 

 

    「唔～……全身都是汗，好累喔……」 

 

    芙拉托缇似乎已经累坏了，她的尾巴相较于往常垂得更低。 

 

    「芙拉托缇，你没问题吧……？虽然你看起来是很有问题。」 

 

    芙拉托缇情绪低落到这种地步可说是实属罕见。 

 

    「亚梓莎大人请不必在意，这全是芙拉托缇自作自受。谁叫她坚持要跟来这么炎热的地方。」 

 

    走在我身旁的莱卡，以傻眼的语气如此说著。 

 

    尽管她嘴上说得那么绝情，但在我们出发之前── 

 

    「这次可是要前往南方国度，你不适合跟来啦。相信你到时没多久就会喊累，没必要这样逞强的。」（莱卡） 

 

    「安啦，反正人家今天很闲，所以也要一起去！」（芙拉托缇） 

 

    ──因为曾这样苦口婆心地好言相劝，也难怪莱卡会摆出这种态度。 

 

    「芙拉托缇，要是你当真累坏的话，是可以稍微休息一下喔？」 

 

    总觉得她就像是吵著想跟爸妈一起去工作地点，结果一抵达目的地就抱怨很无聊的任性孩子。 

 

    不过法露法和夏露夏是无论到哪都充满好奇，对旅行不感兴趣的桑朵菈则是不会想出远门，因此我几乎不曾碰过这种状况。 

 

    「主人，人家并不觉得累。毕竟蓝龙都很强大，这点热度算不上什么，无论是火炎妖精或太阳都尽管放马过来",
2441,140313," ★☆★☆★☆轻小说文库(Www.WenKu8.com)☆★☆★☆★ 

  第十三卷 庆祝罗莎莉的两百年忌  
     台版 转自 天使动漫论坛 

 

    虚空文学旅团×天使动漫录入组 

 

    图源：书友同萌会 

 

    录入：kid 

 

    由于小穆又来找罗莎莉玩，因此我带她们来到与南堤尔州有段距离的城镇。 

 

    送我们过来的莱卡之后便前往其他城镇购物，预计晚点再和我们会合。 

 

    我之所以会跟着过来，自然是因为不放心让罗莎莉跟小穆两人单独出游。毕竟小穆之前把身体弄坏那次，可是闹出不小的风波。 

 

    至于提议来这里参观的人是罗莎莉。 

 

    这城镇乍看之下平凡无奇，罗莎莉也不曾来过这里，尽管我在途中一直很纳闷她为何会看上这个地方，不过我一来到现场就知道答案了。 

 

    「嗯～那还真辛苦耶，怪不得你会执着于这片土地。」 

 

    「是啊，不管怎么说，总比从家里来到这边好多了。」 

 

    罗莎莉和小穆正在跟其他人交谈，而且聊得不亦乐乎。看两人开心的样子，我也为她们感到高兴。 

 

    我坐在与她们相隔一段距离的长椅上默默关注着。 

 

    幸好附近设有供人休息的座位。我秉持的原则是不加入话题，但严格说来是无法加入。 

 

    此时，小穆突然扭头望向我。该说她扭头的角度有点不自然吗？总之她是只将脖子一百八十度往后转，导致模样显得怪恶心的…… 

 

    「我说你就别待在那边发呆了，一起过来聊天如何？」 

 

    「谢谢你的好意，但我心领了。」 

 

    「怎么？看不出来你这么怕生耶～说起我国内的欧巴桑们可是都很热情主动喔。」 

 

    少把我归类成欧巴桑，我的外表看起来就只有十七岁。 

 

    而且我又不",
2441,147727," ★☆★☆★☆轻小说文库(Www.WenKu8.com)☆★☆★☆★ 

  第十四卷 前往梦魔的地底都市  
     台版 转自 轻之国度 

 

    轻之国度录入组×虚空文学旅团 

 

    图源：咕咕咕咕（樱木真乃） 

 

    录入：咕咕咕咕（樱木真乃） 

 

    这天的天气从一早就不太好。 

 

    乌云密布且雷声隆隆。 

 

    「哈尔卡拉，芙拉托缇今天没办法载你飞去公司，因为难保不会被落雷击中。」 

 

    当我们在享用早餐时，芙拉托缇望向窗外如此说着。 

 

    毕竟化成龙形之后的体型十分巨大，恐怕很容易被雷打中吧。 

 

    「即使能从云层上面飞过去，不过这片雷云离纳斯库堤镇太近，在穿过云层降落的期间还是很危险。」 

 

    「唉～说得也是，就算芙拉托缇小姐是龙族，被雷击中还是会一命呜呼嘛。」 

 

    「喂，哈尔卡拉，你可别小看人喔，本小姐并没有软弱到挨一发落雷就会翘辫子，人家有时一天挨五次落雷也不要紧喔。」 

 

    瞧莱卡露出一个傻眼的表情，看来即便是龙族，一般也不会在这种天气出去乱飞…… 

 

    「话说要是本小姐被雷击中，被载的哈尔卡拉你八成会死翘翘，人家可不想有谁死在自己的背上。」 

 

    「唔……这样倒是挺可怕的，我还是乖乖走路去上班吧……」 

 

    嗯，这就对了。 

 

    真要说来，我觉得直到雷云离去前都先待在家比较好。 

 

    我也扭头看向窗外的天空。 

 

    「这片高原的天气平时都很稳定，难得会像今天这样一直打雷。」 

 

    偶尔能看见远处出现闪电。 

 

    「的确南堤尔州在这个季节里鲜少会变天，像我就完全没印象洛可火山有过这种坏天气。」 

 

    「既然莱卡也",
2441,150529," ★☆★☆★☆轻小说文库(Www.WenKu8.com)☆★☆★☆★ 

  第十五卷 遇见摩诺利斯族  
     台版 转自 天使动漫论坛 

 

    虚空文学旅团×天使动漫录入组 

 

    图源：书友同萌会 

 

    录入：kid 

 

    别西卜于日前来访时曾说过以下这段话。 

 

    「小女子下次会去拜访一群很有趣的魔族，要是你方便的话就带女儿们一块来。到时先来范泽尔德城会合，之后再骑乘飞龙前往。」 

 

    「既然你问我是否方便，表示我可以不带女儿们一起去啰？」 

 

    「不行，无论如何都要带她们来。」 

 

    「那你一开始这么说就好了嘛。」 

 

    如果我只身赴约，别西卜八成会明显露出失望的态度。 

 

    「倘若你一个人跑来，休想小女子会带你去，而且也不会帮忙安排飞龙。」 

 

    「你也太恶劣了吧！」 

 

    尽管这样斗嘴对我们而言是家常便饭，但既然别西卜都已订下日期，假如我毫无理由就拒绝邀请，她势必会继续对我冷嘲热讽。 

 

    反观我们平时大多都是闲闲没事做。 

 

    别西卜指定的那天同样也没有安排。 

 

    于是我、法露法、夏露夏以及桑朵菈，在莱卡的载送之下前往魔族国度。 

 

    虽说四名成人共乘会相当拥挤，不过这次是另外三人皆为孩子，因此乘坐起来还算舒适。顺带一提，坐在最前面的是我，之后依序是桑朵菈、夏露夏和法露法。 

 

    「后面的两人不要紧吧？」 

 

    「妈妈放心，我有用藤蔓固定住大家。」 

 

    能看见桑朵菈也将藤蔓伸到我身上。老实说我挺怀疑曼德拉草是否长有藤蔓，但既然她都能够化成人形，这点变化也就不值一提了。 

 

    「妈咪，藤蔓有牢牢固定住我们的身体喔～！」「",
2441,91100," ★☆★☆★☆轻小说文库(Www.WenKu8.com)☆★☆★☆★ 

  第一卷 序章  
     台版 转自 轻之国度 

 

    图源：音无 

 

    扫图：风 

 

    录入：kid 

 

    修图：Jackdaw 

 

    相泽梓，二十七岁，女性，单身。 

 

    社畜一头。 

 

    人生中只有工作，只为了工作而活。 

 

    恋爱，玩乐，其他一切事物都搁在一旁，埋首于工作。 

 

    甚至创下最多连续上班五十天的纪录。劳动基准法是什么，能吃吗？ 

 

    结果有一天，我在工作中突然失去意识。 

 

    接下来睁开眼睛时，出现年轻女性的容貌。 

 

    而且仔细一看，这位女性还长著宛如天使般的翅膀。 

 

    「啊，原来我死了呢……」 

 

    人生真的完全为了工作而画上句点。 

 

    不知道这位女性是天使还是死神，但多半是这一类的吧。 

 

    「没错。你因为工作过度，二十几岁就因过劳而死亡。真是可怜……」 

 

    这位女性为了我而感到悲伤。 

 

    她的内心肯定相当温柔。 

 

    「说取而代之可能不太恰当，但我能让您可以在下辈子过著无忧无虑的幸福人生。请问您需要什么样的力量呢？要转世成为王国公主也可以喔。啊，当然也不用在意性别，几乎都可以自由选择。」 

 

    「真的可以许任何愿望吗？」 

 

    「没错！因为我特别优待女性。」 

 

    话说这不是男女不平等吗？也好，比起限制多的那边当然是少一点好吧。 

 

    「那么，请让我能够长生不老。」 

 

    这就是我的愿望。 

 

    整天被工作追著跑，结果人生一下子就画上句点，因此才希望来世能活久一点。",
2441,91746," ★☆★☆★☆轻小说文库(Www.WenKu8.com)☆★☆★☆★ 

  第二卷 开设了咖啡厅  
     台版 转自 轻之国度 

 

    图源：音无 

 

    扫图：风 

 

    录入：kid 

 

    修图：Jackdaw 

 

    来到异世界一晃三百年，人生中头一次经历与一群龙打架。 

 

    我们活力十足地回到高原之家。 

 

    「嗯～！还是自己的家比较舒适！」 

 

    以前几乎没有外宿的旅行经验，感觉十分新鲜。 

 

    「妈妈～新娘子，真是漂亮呢～！」 

 

    虽然结婚典礼上遭遇蓝龙袭击等麻烦，但在法露法的心中，似乎已经被开心的记忆取代。真是太好了。 

 

    「对呀。莱卡的姊姊，好像很幸福呢。」 

 

    「法露法将来结婚时也能穿那样的衣服吗？」 

 

    天真无邪的法露法表示——不过，我听得有点愣住。 

 

    「法露法结婚之后，想住在红色的可爱砖瓦房里喔～」 

 

    意、意思是，要从这里搬出去吗！？ 

 

    「法、法露法……结婚后还是可以夫妻一起在这个家里生活喔……像是，再增建成两世代住宅……」 

 

    「妈妈，什么意思啊？」 

 

    法露法一脸不解地歪著头。啊，太好了。这是尚未具体考虑结婚这种人生大事的状态。安全，没事！ 

 

    这时候，夏露夏轻轻拍了拍我的背。 

 

    「夏露夏想永远待在妈妈的身边，所以……最近在学习做菜。希望能让妈妈，吃到好吃的饭菜。」 

 

    天啊，夏露夏为我著想更挺我！ 

 

    我忍不住紧紧搂住夏露夏。女儿实在太可爱了，真难为啊。 

 

    身为母亲，我一直紧紧拥抱两个女儿。这就是我的教育方针。 

 

    「妈妈，",
2441,94749," ★☆★☆★☆轻小说文库(Www.WenKu8.com)☆★☆★☆★ 

  第三卷 决定以饼乾一较高下  
     台版 转自 轻之国度 

 

    图源：音无 

 

    扫图：风 

 

    录入：kid 

 

    修图：kid 

 

    身体被缓缓地大力摇晃。 

 

    感到微妙地快撕裂身体的奇怪力量，这究竟是怎么回事……？ 

 

    睁开眼睛一瞧，只见法露法与夏露夏站在我的两侧，摇晃躺在床上的我。 

 

    不过，两人摇动的力道不平均，施加在身上的力量让身体一下子朝中央收缩，一下子反而快朝外侧被撕裂。 

 

    「嘿哟。」 

 

    「……嘿哟。」 

 

    「嘿哟。」 

 

    「……嘿、嘿哟。」 

 

    只有夏露夏这边总是慢一拍！ 

 

    宛如双胞胎的两人连在这种地方都表现出个性呢──不过现在可不是感慨良多的时候。 

 

    「会痛的，拜托别再摇晃了！」 

 

    「啊，妈妈醒了！」 

 

    「太好了，太好了。」 

 

    法露法一脸笑咪咪，夏露夏的嘴角浮现些许笑意。 

 

    其实夏露夏的感情表现已经愈来愈丰富了，毕竟以前连笑容都十分难得一见。 

 

    「因为妈妈一直睡，都没有起床，担心妈妈才来叫醒喔。」 

 

    「早就已经到了早餐时间，以起床时间而言算晚了。」 

 

    真的假的。我一看时钟，的确比平时晚了一个半小时。 

 

    「啊，对喔……毕竟才刚从魔族城堡回来呢……」 

 

    由于在魔族城堡发生了许多事，真的发生过好多事情，累积了不少疲劳吧。似乎在熟悉的床上睡得很香甜。 

 

    「今天的早餐值日是谁？应该不是我吧……」 

 

    在我们",
2441,98122," ★☆★☆★☆轻小说文库(Www.WenKu8.com)☆★☆★☆★ 

  第四卷 吃了蘑菇变成小孩  
     台版 转自 轻之国度 

 

    图源：kerorokun 

 

    录入：kid 

 

    这一日的天气相当不错。 

 

    「哎呀～真是大晴天呢！」 

 

    来自窗外的阳光很舒服，让人好想去野餐。不过居住场所已经位于高原，某种意义上，就像是野餐的目的地。 

 

    「师傅大人，天气真好呢！这种日子就在户外烧烤吧！」 

 

    精灵哈尔卡拉也十分兴奋。今天工厂也休息，可以睡得比平常更久。 

 

    「提到烧烤，就是那个吧！烤肉！」 

 

    「肉耶！肉、肉！」 

 

    莱卡与芙拉托缇这对龙族拍档都兴奋得眼睛发光。龙族拍档（dragon combi）这串文字写出来，好像龙族丧尸（dragon zombie）呢。 

 

    距离之前的烤肉大会还没过多久，但她们似乎还没吃腻。 

 

    「噢，不是喔。是烤蘑菇派对。」 

 

    哈尔卡拉一脸认真地表示。呃，蘑菇也是户外烧烤的常见食材，可是只限蘑菇很奇怪吧。就像拉面不要面一样。 

 

    「在我们老家会各自带各种的蘑菇来，不断烤著吃喔。这叫蘑菇派对，简称蘑菇趴。十分健康，因此也受女性欢迎呢。」 

 

    不知道这番话究竟有多少开玩笑，有多少是真的。 

 

    但是尝试一次也不会少一块肉。 

 

    「话说有蘑菇吗？」 

 

    「别担心。有许多是我亲自栽培的，剩下的就去森林采集。一个半小时后我会装满笼子回来的。」 

 

    哈尔卡拉对蘑菇极为了解，因此这番话应该不是吹牛，而是事实。 

 

    「那应该能顺利赶上午餐。好，午餐就来场蘑菇趴吧。」 

 

 ",
2451,116164," ★☆★☆★☆轻小说文库(Www.WenKu8.com)☆★☆★☆★ 

  第三卷 第四章 虚构与丧失的Necromance memory 间幕1 少女β拋弃矛盾  
     台版 转自 天使动漫论坛 

 

    天使动漫录入组 

 

    图源：壕无人性 

 

    录入：kid 

 

    那是一入睡就会找上门来，一场无可避免的恶梦。 

 

    不只具备令人震慑的真实感与重量，连气氛也一并重现，严重折磨著赛菈。 

 

    逼近的眼球。 

 

    逐渐变成怪物的两位心爱的哥哥。 

 

    艾德和强尼都为了赛菈牺牲性命。 

 

    然而存活下来的她仍被眼球逼上绝路。 

 

    后有高墙，前是眼球大军。 

 

    一被碰到就完了。 

 

    眼球将入侵体内，让碰到的部位增殖，最后让目标变成多出无数颗头或手脚的怪物。 

 

    『哈……呜哈……啊……啊……艾德，强尼……明明多亏了你们保护，对不起哒。偶马上就过去找你们哒。』 

 

    赛菈已彻底放弃。 

 

    而即使面对年仅十岁的少女，眼球大军也不停下。 

 

    咕溜咕溜滚动过来，碰到皮肤，渗进体内。 

 

    『不要……不要哒……啊啊……偶果然……还不……想死……！』 

 

    事到如今才怕死也于事无补。 

 

    眼球毫不留情地滚上身体。 

 

    即便赛菈拚命用指甲扒起墙壁，但这根本不可能开出一条路来。 

 

    『啊……呜、咿呜……好、恶心……不要、偶不要…变成怪物……！』 

 

    指甲剥落，指尖渗出血来。 

 

    脚增加了。 

 

    身体膨胀了。 

 

    一股呕吐感忽地涌上，结果竟从嘴里吐出了像内脏的玩意。 

 ",
2451,127924," ★☆★☆★☆轻小说文库(Www.WenKu8.com)☆★☆★☆★ 

  短篇 漫画第1卷附录 不是从一开始就是“这样”的  
     网译版 转自 真白萌 

 

    翻译：Genora 

 

    这件事发生在英雄们刚开始踏上讨伐魔王之旅的两个月后——当时队伍成员间还相处得很融洽。 

 

    刚离开城堡厨房的芙拉姆和琪莉露，各自拿着的盘子上都放着一整个蛋糕。 

 

    两人开心笑着，步过宫殿走廊的红地毯，走进王城里提供给琪莉露的私人区域。 

 

    「芙拉姆你做的这个芝士蛋糕，闻起来真香。」 

 

    「没有琪莉露酱你做的这个奶油蛋糕那么棒啦，它看起来简直像是专业厨师做的。你是不是常常烤蛋糕的？」 

 

    「当我还住在翡纳兹的时候的确如此。不过芙拉姆你才厉害，看你总是负责为队伍做饭，也难怪蛋糕也做得这么好。」 

 

    「诶嘿嘿，谢谢夸奖……啊，糟了，忘记拿叉子和碟子了！我回去拿一下。」 

 

    「我跟你一起去吧。我想顺便沏点茶。」 

 

    把蛋糕放到桌上后，两人匆匆走出了房间。 

 

    当她们拿着必要的餐具和茶回来后，她们把东西放到自己的座位前，然后坐下。 

 

    过了片刻，待她们高涨的情绪安顿下来后，她们突然发现一个震惊的事实。 

 

    「我说，芙拉姆。是我的错觉还是什么吗……这些蛋糕是不是有点太大了？」 

 

    没错，眼前的两个蛋糕，每个的直径都比她们的头还要大。 

 

  
...
连您也！咿呀，琪莉露小姐，我已经——啊」 

 

    芙拉姆、琪莉露和叶塔娜三人全都在抚弄着玛莉亚的胸部，而玛莉亚本人则满脸通红地发出引人浮想联翩的呻吟。 

 

    三位男士和四位女士，一声不响地对视着。 

 

    「等等。这里有一",
2451,137549," ★☆★☆★☆轻小说文库(Www.WenKu8.com)☆★☆★☆★ 

  第四卷 第五章 彷徨勇者与最弱英雄的Broken Birthday 间幕 螺旋迷宫无路可逃  
     台版 转自 天使动漫论坛 

 

    虚空文学旅团×天使动漫录入组 

 

    图源：书友同萌会 

 

    录入：kid 

 

    位于王国西北部的教会地下研究所遗址。 

 

    赛菈和涅格丝正和两只巨大的蜘蛛型怪物交战。 

 

    「涅格丝，从右边来哒！」 

 

    「好！」 

 

    虽说是蜘蛛型，但头部长得像马，嘴里也长了无数条触手。 

 

    这个格外宽敞的房间，或许是「饲养」这两只怪物的地方吧。 

 

    飞跳躲开触手鞭击的涅格丝一手搂过赛菈，一手往前伸直发动魔法。 

 

    「龙卷外法风暴（Tornado Illegal Formula）！」 

 

    外法咒语──因使用超量魔力产生的巨大龙卷风，像保护两人般包围周遭。 

 

    威力逐渐增强，不一会便化为撕裂所有外敌的无敌屏障。 

 

    「叽！！！叽！叽！！」 

 

    可能智商不高吧，怪物们仍一股脑往龙卷风冲。 

 

    也不管被砍得遍体鳞伤，还是死命从口中伸出紫色触手，想要吞食猎物。 

 

    不过在触手碰触到涅格丝前──包覆怪物身体的甲壳已「啪喀！」一声碎裂开来。 

 

    「叽嘎嘎！！！」 

 

    只见从嘴里喷溅大量黏液的怪物惨叫着痛苦挣扎。 

 

    不过这些抵抗并起不了作用，终究迎来极限的肉体被硬生生从中央砍成两半。 

 

    「这样还不死哒！？」 

 

    就算只剩下上半身，怪物仍用触手慢慢爬来。 

 

    相较于对怪物强韧生命和执着感",
2451,164214," ★☆★☆★☆轻小说文库(Www.WenKu8.com)☆★☆★☆★ 

  第五卷 第六章 遗忘与轮回的失落圣地（Lost Sanctuary) 幕间：欢迎来到魔王城  
     网译版 转自 轻之国度 

 

    翻译：terrapin 

 

    校对：terrapin 

 

    在芙拉姆（フラム）在王都击败Mother的前几天 —— 塞拉（セーラ）被涅伊加斯（ネイガス）带到着拜访了魔族的大本营塞雷伊德（セレイド）。 

 

    虽说是城市，却远没有王都那般繁华热闹；本来魔族的人数就比人类少得多。 

 

    而且，街上的建筑物大多是由土魔法制造的，可能受此影响，外饰比较少，而且大多都比较粗糙。 

 

    此外，大陆北部是被大雪封锁的土地。 

 

    天空是灰色的。 大地被白雪覆盖，作为大本营来说，这里的街道景观却相当朴素。 

 

    就在这座城市的中央大街上，塞拉与涅伊加斯缓步而行。 

 

    塞拉穿着厚厚的防寒服，紧紧靠在涅伊加斯的手臂上，尽管如此，脸部依旧无法完全遮挡寒意。 

 

    「呜……比我想象的还要冷」 

 

    「对不起，塞拉酱，你还得再忍一会儿」 

 

    在空中飞越抵达塞雷伊德入口之前，涅伊加斯一直用风做的墙壁为塞拉避寒。 

 

    但到了地面上，总不能一直使用魔法。魔法一解除，寒意立刻扑面而来。 

 

    塞拉的鼻子变得通红，瑟瑟发抖，涅伊加斯却照常穿着轻薄的衣服。 

 

    「涅伊加斯你穿成那样真的没问题吗……？」 

 

    「我可是魔族」 

 

    她说出理所当然的话。 

 

    实际上，尽管十分寒冷，其它的魔族也是照常穿着轻便的衣服。 

 

    魔族的蓝色皮肤可能也是为了适应这寒冷的土地而进化而成",
2451,91489," ★☆★☆★☆轻小说文库(Www.WenKu8.com)☆★☆★☆★ 

  第一卷 1章 拒绝神之怜悯的Rebirthing Girl 001 只是渴望著平凡的少女之结局  
     台版 转自 轻之国度 

 

    图源：轻之国度录入组 

 

    录入：轻之国度录入组 

 

    「你这三脚猫别肖想战胜魔王啦。」 

 

    遭到传说的魔法师揪起胸襟且狠狠瞪视的少女明显充满畏惧。 

 

    这种事不用你说我也知道。 

 

    刚才与魔族的战斗中不仅丝毫没派上用场，甚至成了得受人保护的累赘。 

 

    不过少女并没有坚强到被单方面痛骂「废物」还能默不吭声。 

 

    只想转换一下心情，稍微语带幽默地回嘴──就成了这副德性。 

 

    为了纾缓现场险恶气氛而挂在脸上的笑容抽搐，眼角不禁渗出泪水。 

 

    「哼！」男子见到少女的表情后嗤之以鼻，并且兴趣缺缺地离开现场。 

 

    伫立原地的少女低下头来，用袖口擦拭眼眶。 

 

    「我也不想来这种地方的啊……」 

 

    用颤抖的声音低语的少女名为芙兰姆·艾布利科德。 

 

    她是遵从创造神奥里金的宣告，和勇者一同踏上讨伐魔王之旅的其中一名英雄……说好听点是这样。 

 

    顺带一提，除了芙兰姆以外的成员有── 

 

    刚才粗鲁推开她的是能操控火、水、风、土四属性的「孤傲贤者」吉恩·英泰基。 

 

    视力与弓技高超到足以射穿相隔千里远的猎物，「弒神射手」莱纳斯·列迪安兹。 

 

    用充满慈爱之心与光明之力痊愈一切伤病苦痛，「慈爱圣女」玛莉亚·艾芬杰斯。 

 

    能单手挥舞巨剑，光靠产生的冲击波都足以粉碎S级怪物，「碎星刚腕」迦帝欧·拉斯卡特。 

 

    用压倒性",
2451,94926," ★☆★☆★☆轻小说文库(Www.WenKu8.com)☆★☆★☆★ 

  第二卷 第三章 散播增长恶意的「螺旋之子」 幕间 白与黑的断章  
     台版 转自 轻之国度 

 

    图源：拉菲 

 

    录入：拉菲 

 

    位于大陆北部的魔族大本营，瑟列多。 

 

    在除了夏季外雪下个不停的这片土地上，能见到一排排石砌建筑物。 

 

    和王都的建筑物明显不同的这些房屋，全都是靠著运用地属性魔法的建筑技术造出的成果。 

 

    拥有强大魔力的魔族在日常生活中与魔法的关系远比人类来得密切。 

 

    魔王城就座落在这一排排房屋的最深处。 

 

    墙面不只漆黑，上头的雕刻也相当诡异。造来当瞭望台的高塔更是高得不把头抬到身体快往后倒，就会连塔顶都看不到。 

 

    一座光站在面前都能感受到强大压力，充满邪恶气场的城堡。 

 

    不过实际上，在里头生活的并非符合城堡外观的可怕恶魔。 

 

    位于城堡一楼的餐厅。 

 

    墙壁和餐桌上放置的烛台照出柔和光芒，加上暖炉热气调节到舒适温度的房内，有三名手持刀叉，正在用餐的魔族。 

 

    一人是芙兰姆她们在艾尼齐德碰上的「血风的涅格丝」。 

 

    即便身处瑟列多这片寒冷之地，仍穿著一身高裸露度的服装。 

 

    坐她对面、把领子立得高高的刺猬头男子，则是三魔将之一的「磷火的豺翁」。 

 

    然后坐在男子身旁，以人类年纪来看约莫十二岁的少女──则是「魔王希图姆」。 

 

    宛如身穿一袭白色洋装的娃娃的她，因为椅子太高构不著地，放任一对白色低跟鞋不停甩荡。 

 

    「所以说，涅格丝，研究所的调查如何？」 

 

    希图姆问起正打算把肉往嘴里送的涅格丝。 

 

  ",
2464,92235," ★☆★☆★☆轻小说文库(Www.WenKu8.com)☆★☆★☆★ 

  第一卷 迎向黄昏之星的五月里  
     台版 转自 轻之国度 

 

    图源：PC 

 

    我不禁认为，因为好奇外面发生什么事而跑出去，根本就是一个错误。在我来到外界的瞬间，机能突然自行启动。它为了履行原本的使命，开始发出强光。 

 

    射出的强光，夺去了我们返回的路。强光间歇地洒下，将地面烧毁，同时也烧死了许多正在调查强光注入地点的同伴们。包含尚未掌握状况的同伴在内，这道强光毫不留情地袭向所有人。强光产生反应的对象，确实也包括了我们。 

 

    不知不觉间，地面上留下一大片痕迹。仿佛以此痕迹为标记般，诞生了各式各样的生活圈，我们被迫在那里生活。所有人都不能擅自移动，就这么度过一段既漫长又无趣的生活。有人曾说过，我们唯一能仰赖的，就是当初带来的道具。 

 

    一段时间后，突然出现许多生物，那些生物将我们视为敌人。暂时平稳下来的生活再次被打乱，变得无法统合大家的意见。这段期间，环境逐渐产生变化。我们一定得避免就这么被淘汰。为此，我们唯一能做的就是适应，或是比别人更为突出。 

 

    我们决定要突出。 

 

    以锐角的方式直线突出，为了避免屈身于他人，挺直腰杆伸展。 

 

    如今回想起来，即使没有其他选择，这么做仍然非常失败也说不定。 

 

    经过更长一段时间，洒下的强光消失了。大概是机能发生故障。我们决定折返，毕竟有许多东西留在那里，我也有着非回去不可的理由，相信她一定还在等着我。 

 

    只是我们最终未能如愿。 

 

    在强光的另一头，曾几何时变成一片清澈的水面。 

 

    唯独这片水面，无论我们花上多少时间，终究无法越过。   

  第一卷 Chapter.1 神之岩的终点  
",
2468,114697," ★☆★☆★☆轻小说文库(Www.WenKu8.com)☆★☆★☆★ 

  第三卷 山妖气 档案9 山妖气  
     台版 转自 轻之国度 

 

    图源：拉菲 

 

    录入：想要看liar的拉菲 

 

    1 

 

    在我还是被害者的时候── 

 

    我摆脱邪教的眼线离家出走，躲进已成废墟的情趣旅馆里的其中一个房间时，老实说我也没信心坚称自己意识清醒。因此，当我瑟缩在以骯脏麻布堆起的临时床铺上，忽然有一名身体非常柔软的红色巨人轻轻拍著我的背时，我不知为何将它当成了自己的母亲。 

 

    即便如此诡异，这个体验对我而言仍是一段窝心的回忆。 

 

    天亮后，我立刻离开废墟返回家中，将装有灯油的桶子放在身旁，独自一人待在客厅等家人回来。只不过，就算我等到日落，屋内已一片漆黑，还是不见任何人返家，我有印象当时的自己感到格外寂寞。 

 

    那时的我莫名觉得──自己需要用火。 

 

    ──在被取子箱Kotoribako伤到内脏后，大家认为接下来的庆功宴要吃什么才好？ 

 

    针对此一议题进行讨论，得出的结论是吃粥比较适合，于是我、鸟子和小樱来到位于池袋西武百货公司里的一间中华粥餐厅。 

 

    尽管只是基于肚子不舒服就该吃粥的肤浅想法才跑来这里，不过看著菜单上注明是由隔壁中药行监制的各式药膳料理，就觉得吃了当真能强身健体。 

 

    「挺烦恼该点乌梅粥套餐还是双色粥套餐。女士套餐是有附焢肉，可是份量比较少……鸟子你决定了吗？」 

 

    看著菜单陷入思考的鸟子，听过我的提问后回答： 

 

    「这担担面看起来真好吃。」 

 

    喂。 

 

    「不是说好要来吃粥的吗？」 

 

    「谁叫有肉的料理那么少。而且这间店的气氛也不适合",
2468,114701," ★☆★☆★☆轻小说文库(Www.WenKu8.com)☆★☆★☆★ 

  第四卷 里世界夜行 档案12 关于牧场那件事  
     台版 转自 天使动漫论坛 

 

    天使动漫录入组 

 

    图源：真妹控 

 

    录入：kid 

 

    1 

 

    「那个，你看，反正也没多脏，而且并没有东西坏掉对吧？」 

 

    对于鸟子的说词，小樱的脸色依旧相当难看。 

 

    「你说这样还不脏吗？就算乍看之下是真的没有东西损坏──」 

 

    「对吧？」 

 

    「──问题是看起来很像哪来的斗殴现场。」 

 

    我们三人站在小樱家中的盥洗室里，于入口处看着浴室内部。因这栋房子已有些年代，浴室稍微翻修过，不过地板上满是鞋印，莲蓬头就这么掉在地面，浴缸盖子上还夹着一条沾血的毛巾。此光景一如小樱所言，能强烈感受到这里曾发生过什么不太好的事。 

 

    走廊处传来一阵脚步声，只见DS研究会的汀从盥洗室的入口处探出头来。 

 

    「清洁公司业者说会晚点抵达，好像说他们误开进车站前的单行道有点迷路，十分抱歉，请您再稍等一下。」 

 

    「没事，不要紧。」 

 

    小樱冷漠地回应后，汀以十分礼貌的语气接着说： 

 

    「剩下的事情请交给我处理，小樱小姐你们先去休息就好……当然由我讲这种话也满奇怪的。」 

 

    「那还用说，这里可是我家耶。」 

 

    轻声发着牢骚的小樱转身离开盥洗室，我与鸟子尾随其后。当我经过汀的身边时，抬头向他提问说： 

 

    「记得你之前是说在玩水吧？」 

 

    「什么？」 

 

    「就是提到浴室和毛巾当时──」 

 

    汀听我讲到这里，便加深了脸上的笑意。 

 

    三",
2468,115960," ★☆★☆★☆轻小说文库(Www.WenKu8.com)☆★☆★☆★ 

  第五卷 八尺大人再现 File 16 Pontianak Hotel  
     网译版 转自 贴吧 

 

    翻译：Victoria、萝卜 

 

    情侣酒店 – 女子会【‐女子会】（俗称）是指在仅限女性，在情人旅馆举行宴会和茶会等聚会。（例）「知道了啦，这次回去之后，下次去试一下吧，不是像这样的废墟一样的地方，而是去真正的情侣酒店女子会！」「那就去吧。情侣酒店女子会。蜂蜜吐司什么的你也吃的吧？」 

 

    1 

 

    「——你有因为喝酒而失去记忆的经历吗？」 我问他，坐在会客室对面的汀扬起了眉头，好像听到了一些意外的事。 

 

    「已经好多年没喝过这么多了……说起来，以前这种事情好像发生过呢」 

 

    「以前——」 

 

    「那是我和纸越小姐年纪差不多大，或者更年轻一点的时候的事。」 

 

    「……那不是还未成年吗？」 

 

    「那个时代没那么多讲究，而且又不是在日本。」 

 

    一边回答着，汀端起小小的咖啡杯。这杯咖啡是由放在房间角落的咖啡机里提取出来的。小心翼翼地拿起杯子喝了一口，难以置信的苦涩让他大吃一惊。听说是加了很多砂糖的，我也姑且尝试了一下，但苦涩的味道让我不情愿地放弃了。 

 

    一月中旬。我一个人来到位于溜池山王的DS研究大楼。为了将饭能的“牧场”私有化，我突然发出了个信息，请雇我为管理人员，没想到他竟然爽快地答应了，所以为了签订具体的合同才来的。 

 

    汀的办公室像样板房一样整洁，有咖啡机的那边，放着小冰箱和带有玻璃杯的迷你酒吧。 

 

    “一般财团法人暗科学研究奖励协会”——DS研的事务局长，汀曜一郎。他穿着三件套的西装，以组织的名义从有钱人那里勒",
2468,122234," ★☆★☆★☆轻小说文库(Www.WenKu8.com)☆★☆★☆★ 

  第六卷 T是生于寺庙的T 第一章  
     网译版 转自 百度里世界郊游贴吧 

 

    翻译：1-5(木元）、6-8（V&萝卜）、9-11(knight)、12-13(隐绿)、14-16(木元、knight、隐绿) 

 

    起床后迷迷糊糊的，结果出门晚了。虽然也有因为今天的课是在下午大意了的原因，但也是因为眼睛不舒服，收拾东西的时间比想象得更多。 

 

    步行到大学只需要十分钟。从家里出来的时候，距离上课只剩八分钟了。在住宅区狭窄的小路里绕来绕去，避开车，来到公交车道，跑得上气不接下气。虽然才四月上旬，天气却开始变暖，照这样下去即使避免迟到也会大汗淋漓吧。如果是大教室还可以从后面进去避开大家的注意，偏偏接下来是安排在小教室、上课人又少的研讨会。 

 

    我的名字是纸越空鱼。住在埼玉的非常普通的大学生。 

 

    今年四月升上了大三。 

 

    就像刚入学时模糊的考虑一样，大三选择研讨会时，选择了文化人类学的课程。上周开了第一个研讨会，只是和导师还有其他同学见了个面就结束了。因为怕生，所以有些紧张。当时说了什么现在已经不太记得清了。 

 

    「啊……！」 

 

    着急地跑着，脚尖踢到了停车档。来不及反应，整个人向前倒去。 

 

    没想到身体却落入了一个柔软的怀抱。 

 

    「啊，没事吧？」 

 

    「不、不好意思——」 

 

    我惊慌地抬起头，看到了救助我于危险之中的恩人，不禁失言。 

 

    飘逸的金发映衬着白皙的肌肤。长长的睫毛下露出蓝色的眼睛。修长的四肢，衣服难掩完美的曲线。仿佛是从画中走出的不折不扣的大美人。我注意到她的左手不知为何戴着黑色的手套。又神秘又很适合她。 ",
2468,129551," ★☆★☆★☆轻小说文库(Www.WenKu8.com)☆★☆★☆★ 

  第七卷 月的葬送 File 21 关于奇怪的期中汇报  
     网译版 转自 百度贴吧 

 

    中间领域汉化小组 

 

    翻译：萝卜&V、猫になりたい 

 

    名字可怕的东西是 

 

    青渊。山谷的洞穴。鳍板。黑铁。土块。雷，不单是名字，实在也是很可怕的。暴风。不祥云。矛星。狼。牛。蝤蛑。牢狱。笼长。锚，这也不但是名字，见了也可怕。藁荐。 

 

    强盗，这又是一切都很可怕的。骤雨。蛇莓。生灵。鬼薜。鬼蕨。荆棘。枳壳。炙炭。牡丹。牛头鬼。 

 

    『枕草子』一四八段 

 

    1 

 

    「 我决定收留霞」 

 

    小樱突如其来地这么说，（我）吃着炸鸡的手就停了下来。 抬起头来，鸟子也和我一样，瞪圆了眼睛，嘴边还沾着一片炸鸡碎片。 因为脱了手套的原因，我本来干净的左手也沾满了油污。  

 

    在小樱屋内熟悉的餐厅厨房。 围坐在桌子旁的是房主小樱、我和鸟子三个人。 在击退<生于寺庙的T先生>的两天后的傍晚，我们又来到了这座完全成为我们的聚集地的宅邸。 聚集的理由是开庆功宴。 今天的主菜是肯德基的炸鸡套餐。  

 

    从里世界回来后，鸟子就一定要开这场酒会，但不知不觉中，连我都习惯了要开场酒会后内心才觉得踏实。 应该说习惯的力量是可怕的吗？ 这像是我们从异常的环境中回归日常生活的一种仪式一样。  

 

    吃下了嘴里的辣鸡翅之后，我终于可以说话了。 我舔了舔被香料辣得发麻的嘴唇后，问道。 

 

    「收留，指的是留在这里吗？」 

 

    「是的」 

 

    「在这间屋子里？」 

 

    「不好吗？」 

 

    「也不是说不好……为什么会想这么做？",
2468,144039," ★☆★☆★☆轻小说文库(Www.WenKu8.com)☆★☆★☆★ 

  第八卷 共犯者的终结 File 24 貉·ATTACKS  
     网译版 转自 百度贴吧 

 

    中间领域汉化小组 

 

    翻译：萝卜&V、猫になりたい 

 

    校对：沉迷塞尔达的木元、猫になりたい 

 

    此刻便来讲讲最最简单、但一见之下就能让人胆战心惊之事吧。无须其他，假设深更半夜、万籁俱寂之时，撞见一女子不知何故,在路上独行。 ————泉镜花 「黑镜」 

 

    1 

 

    「喜欢空鱼」 

 

    鸟子说。 

 

    「……我知道」 

 

    我只能这样回答。 

 

    我已经听过很多次了。鸟子喜欢我。 

 

    鸟子凝视着我，开口说道。 

 

    「那么──空鱼你呢？」 

 

    这是从未被问过的问题。 

 

    我无法回答。 

 

    虽然我一直担心会被问到这个问题，但当真正被问到时，我意识到自己完全没有做好心理准备。 

 

    「空鱼对我，是怎么想的呢？」 

 

    再次被问及，我感到更加被逼迫。 

 

    同时，我感到愤怒。 

 

    为什么要问这样无聊的问题。 

 

    无聊、平庸、没有任何创意，像个傻瓜一样…… 

 

    我不想从仁科鸟子的口中听到这样的话。 

 

    但是，我一个字也无法回答这个无聊的问题。 

 

    「嘿，告诉我吧？」 

 

    面对我沉默的态度，鸟子既没有生气，也没有焦虑。 

 

    「告诉我。空鱼，对我有什么想法？」 

 

    吞咽了口水，我尝试回答。 

 

    「我──」 

 

    2 

 

    六月六日，是鸟",
2468,160019," ★☆★☆★☆轻小说文库(Www.WenKu8.com)☆★☆★☆★ 

  第九卷 第四类接触者的暑假 档案27 格拉基  
     网译版 转自 百度贴吧 

 

    翻译、校对：85分的群友 

 

    1 

 

    迷家已经不复存在了。 

 

    我和鸟子在化为废墟的屋子前，愕然地呆立了好一阵子。 

 

    这栋和洋折衷的宅邸已破败不堪，仿佛已无人居住数十年之久。纵使屋顶和梁柱勉强维持原状，但窗户破损、门户倾倒，从屋外也能看见屋内被吹进来的风雨侵蚀得千疮百孔。昔日那栋每个角落都经过精心打理的宅邸，如今已不复存在。 

 

    「你觉得那两人……还在里面吗？」 

 

    鸟子听完我的问题后，摇头以对。 

 

    「就算还在……」 

 

    鸟子欲言又止。我明白她想说什么。 

 

    就算还在，恐怕也已经没命了—— 

 

    眼前的建筑物没有一丝生活气息，让人自然而然地这么认为。 

 

    资深猎人外馆以及搭档的猎犬小花，这栋宅邸曾是他们两人一同生活的地方，感觉上是里世界里少数的安全地带。明明是无人看管且会自行进行维护的神秘建筑物，却散发出令人安心的氛围。 

 

    如今化成废墟的迷家，却清楚地向我们证明那只是错觉。 

 

    「——总之，得先确认过才行。」 

 

    鸟子像是想重新振作般如此说着。没错，就算外馆和小花已经不在人世，我们还是有必要亲眼确认。毕竟我们就是为了确认两人的安危才来到这里。 

 

    我再次确认步枪的保险装置有无上锁，同时回想起外馆夸赞我们使用枪支的方式很正确。 

 

    「准备好了吗？」 

 

    鸟子听见我的提问后，默默地点头以对。 

 

    于是我们踏入已不再是安全地带的迷家废墟之中。 

 
",
2468,92542," ★☆★☆★☆轻小说文库(Www.WenKu8.com)☆★☆★☆★ 

  第一卷 两人的怪异探险档案 档案1 狩猎扭来扭去(Kunekune)  
     台版 转自 深夜读书会 

 

    发布：深夜读书会 

 

    论坛：ritdon.com 

 

    1 

 

    晴朗的五月天空之下，我就这么仰躺在草原上，眼看着将要溺死。 

 

    有个状似浮游生物的东西，以蓝天为背景生龙活虎地跳动着。记得曾在哪本书上看过，那其实是眼球里的白血球。微风轻拂过我仰面朝天的脸庞，风中夹带着一股类似鱼腥味的刺鼻气味。我不确定周围是否有鱼，因为打从我进入〈里侧〉以来，至今未曾见过任何一条鱼。 

 

    我现在仰躺于长得又高又茂盛的草丛里。由于水已淹过草根，因此我的背部浸泡在水里，模样有如半身浴。不对，我说错了，不该这么形容，真要说来是更接近超级大众澡堂里的「躺浴」。但因为水深二十公分多，若是我没努力把脸探出水面，水便会直接灌进口鼻里。这世上哪会有这种躺浴，假如当真存在，根本就是某种水刑，如假包换的死亡躺浴。 

 

    实际上，我的确是一步一步地朝死亡靠拢。不论是我身上的UNIQLO刷毛外套和迷彩裤，都因为吸满水而沉重无比。我身陷如此状况……已过了几分钟？由于目前我没办法确认手表，因此不知道经过了多少时间，但我快无法继续把脸探出水面了。总觉得脖子酸痛得快要抽筋了，腹肌从刚才起也不停痉挛。说到底身体根本使不上力。感觉类似在梦中想要往前跑，但双脚却软趴趴地使不上力。打从我瞥见那个<、、>之后，四肢就一直呈现麻痹的状态。 

 

    没想到居然会陷入这种情况——我太大意了。当初因为发现了这个世界<、、、、>，兴高采烈地跑来这里探险，结果却碰上这种狠角色，导致自己就快要溺毙了。 

 

    如果我死在这里会发生什么事？在表世界中会",
2468,98528," ★☆★☆★☆轻小说文库(Www.WenKu8.com)☆★☆★☆★ 

  第二卷 边境海滩的狂欢夜 档案5 如月车站美军救援行动  
     台版 转自 深夜读书会 

 

    发布：深夜读书会 

 

    论坛：ritdon.com 

 

    1 

 

    昏暗的房间里，弥漫着一股肉被烤熟的气味。 

 

    每当红黑色火舌舔过肉上的脂肪，火势就变得更加旺盛。窜起的烟雾不停刺激着我的眼睛和鼻腔。至于沾染在衣服和头发上的气味，我想是暂时清理不了了—— 

 

    时值七月，梅雨季宣告结束的同时，东京也立刻进入了夏天。 

 

    在每日最高温随着日期不断刷新纪录的生活之中，面对期末考一步步慢慢逼近的气息，我脸色铁青。其中最令人诧异的一件事，并非名为里世界探险的非日常体验，而是大学的学分与报告仍悄悄地继续存在于我的生活里。 

 

    其实我也曾经有过一个疑问，那就是每篇真实怪谈里的主角，明明亲身经历过非比寻常的诡异体验，最后却常常仿佛什么事都没发生过似地重返日常生活。尽管我对于当真有人能办到这点感到不可思议，但在自己也有着相同的立场之后，我就豁然开朗了。 

 

    无论有过多么奇妙的体验，人都还是能够回到以往的生活之中。说穿了，只要别多想，就可以办到这件事。剩下的部分，身体会自行做出反应。 

 

    名为日常生活与生活习惯的这股力量，就是强大到这种地步。这与人体会维持一定温度的机制差不多，这又被称为恒定性<Homeostatic>。只不过是稍微有过一段不可思议的体验，终究无法摧毁这道防线。 

 

    反观也有少部分的人，就这么再也无法重返日常生活。 

 

    比方说因此弄坏身体的人、失去理智的人，以及无人愿意相信自身体验而导致亲友关系决裂的人。 

 

    就算未造成足以摧毁人生",
2471,101712," ★☆★☆★☆轻小说文库(Www.WenKu8.com)☆★☆★☆★ 

  第2.5卷 序章  
     台版 转自 轻之国度 

 

    图源：真妹控 

 

    录入：kid 

 

    世上有一种名为「暗黑精灵」的种族。 

 

    他们是在吸收影素之后产生突变的精灵，具有混血精灵般的旺盛求知欲，但是在情感的波动起伏上远比精灵来得激烈，非常忠于本能的冲动。 

 

    暗黑精灵的这种性格，导致他们在诸神时代里，便已和邪神及恶魔厮混在一起而引发战乱。最后，将守护结晶柱和人神知识奉为圭臬的精灵，把暗黑精灵视为一族之耻，自行展开讨伐肃清，而其他人种也跟著将暗黑精灵认定为人类公敌。 

 

    暗黑精灵绝非好战份子或破灭主义者，因此他们很快就避人耳目地隐居了起来。 

 

    当然，其中也有部分成员因为亲人遭到杀戮的仇恨，或者在无法抑止的欲望驱使之下，奔赴外界。 

 

    在这样的背景下，涅利乌斯夫妇选择离开了其他暗黑精灵，但他们并没有前往人潮聚集的城镇，而是离群索居地待在险峻的森林里。 

 

    暗黑精灵的高强魔力，让两人在生活上没有什么不便，就这样过著晴耕雨读、偶尔去森林里打打猎的日子。 

 

    夫妇俩每天都过得非常幸福。 

 

    暗黑精灵与排卵周期是普人的三倍以上，并且恪守禁欲主义的其他精灵不同，夫妇俩没有多久便有了第一个孩子。 

 

    两人所生下的孩子，拥有和父母一样的褐色肌肤，但他们当然不会为此感到沮丧。 

 

    「谢谢你，芙萝菈。这就是我们的孩子。」 

 

    「柯鲁特……呵，别连你都露出这种表情啦。」 

 

    看到丈夫流著眼泪抱起婴儿的模样，妻子同样流下眼泪，给了他一个无力的微笑。 

 

    「该叫什么名字才好呢……」 

 

   ",
2471,101717," ★☆★☆★☆轻小说文库(Www.WenKu8.com)☆★☆★☆★ 

  第三卷 第1章 提议  
     台版 转自 轻之国度 

 

    图源：真妹控 

 

    录入：kid 

 

    自城门建设期间举办的竞技场竣工祭典结束后，已经过了几天的琉聂威鲁。 

 

    由于访客络绎不绝，竞技场持续满座，进行大规模清扫及整备等工作而休场的日子，也开始举办将棋等等大会。 

 

    在这种充满血腥味的地方举办这类活动没问题吗？伊莉亚如此心想。不过，对于定期举办大会一事，参赛者表达感谢的声音比较大，而且赞誉有加。 

 

    再来，就是从先前的事件所显露的──事先捕捉魔物的危险性。 

 

    「与魔物对战」原本是为了洗脱之前在竞技场发生的打假赛形象，因而由公会联盟总部所提出的方案。不过，受到之前事件的影响，在重新向因此蒙受危险的琉聂威鲁居民说明旨趣及对策，并且以住民投票决定接下来的实施方针以前，他们决定先暂时搁置这个没有发生假赛余地的杂技表演。 

 

    由于这个竞技场名义上是由所属公会联盟直辖，因此最高责任者是琉聂威鲁分部长法兰克，不过他在考量分部的现状后，决定雇用其他人员负责经营。 

 

    至于巡警队，也没有受到先前事件的影响，继续发挥功用，所以琉聂威鲁在竞技场开场后，并没有发生什么问题。 

 

    就公会分部来说，工作内容并没有出现什么变化，而伊莉亚则根据几天前离开琉聂威鲁的前副分部长狄倪斯的忠告，开始对普人至上主义者的举动保持警戒。 

 

    就在这时候，有客人来访了。 

 

    「各位好像已经认识了，不过我还是再介绍一次。祭司阁下，这位是在分部工作的伊莉亚。伊莉亚，这位是来琉聂威鲁的拉铎维斯塔教会赴任的伯纳德·加鲁托曼祭司阁下，以及教徒苏菲娅小姐。」 

 

    伊莉亚",
2471,107289," ★☆★☆★☆轻小说文库(Www.WenKu8.com)☆★☆★☆★ 

  第四卷 序章  
     台版 转自 轻之国度 

 

    图源：真妹控 

 

    录入：kid 

 

    ──请你拯救这个世界吧。 

 

    ──女神大人。 

 

    听到这个请求之后，过了几天── 

 

    伊莉亚一边想著事情，一边翻找房间里的工具箱。 

 

    如果以地球的知识来套用，那么这个世界──拉铎鲁·威斯梵尼亚可以说「根本就是」自然神论。 

 

    即便以「根本就是」这样的词语表现不太适切，但这个世界是依照做为创造主的神（并非实际存在于这个世界，被冠上『神』这个头衔的存在）所制订的法则在运转，同时就现状来说也完全没有对世上的一切进行干涉，所以可以肯定应该是自然神论没错。 

 

    就前提来说，这个世界并不是像地球那样的行星。 

 

    虽然这里也是球形──所谓「星球」的形状，但别说是恒星及卫星了，就连在夜空闪闪发光的星星都没有。 

 

    人、魔物、自然。 

 

    这些全都由世界树这个管理塔来进行间接性调整，世界的一切都处于完美的循环当中。 

 

    神的箱庭。 

 

    这就是伊莉亚所见到的，这个世界的状态。 

 

    正因为一切都在自然的法则当中，所以这个世界上发生的事情全都具有意义。 

 

    举例来说，前阵子才刚发生的，以皇国为起因的骚动。 

 

    以微观的角度来看，纯粹是普人主义与皇族的问题，但以宏观的角度来看，这显然是神因子·龙因子·鬼因子三者互相牵制……相克为远因，与法则相关的问题。 

 

    三者互相牵制的僵局。 

 

    也就是『神克龙，龙克鬼，鬼克神』。 

 

    就算拥有庞大魔力的龙，也无法战胜对现象",
2471,111398," ★☆★☆★☆轻小说文库(Www.WenKu8.com)☆★☆★☆★ 

  第五卷 序章  
     台版 转自 天使动漫论坛 

 

    图源：真妹控 

 

    录入：kid 

 

    「哇啊──」 

 

    从石板探出的花朵、随风摇晃的低矮丘陵，以及远方可见的连绵山峰。 

 

    眼前流过的景色，大概看起来全都闪闪发光吧。 

 

    哈古一边流露感叹的声音，一边将身子探了出去。伊莉亚露出苦笑撑住哈古的身体。 

 

    他们所乘坐的马车咔哒咔哒地微微晃动，不过哈古似乎没有放在心上。 

 

    「还真难得耶。伊莉亚居然要出城。」 

 

    「……是啊。」 

 

    听到担任驾驶的男子这么说，伊莉亚带著些许自嘲的口吻做出肯定的回答。 

 

    自从她在公会工作之后，虽然有时会来到城外，但前往其他城市倒是第一次。 

 

    主要原因在于伊莉亚对自己所订下的戒律。 

 

    不过，从之前与使徒之间的问答来看，伊莉亚判断大概不会被卷入不自然的骚动后，于是决定要完成某件事而展开了这趟旅程。 

 

    「就是说啊。我不是在打探什么，不过想必是有什么重要的事，对吧？」 

 

    虽说是一个闭门不出的人罕见地跑到外面来，但也没必要想得这么夸张吧。 

 

    听到男子说得一副很严重的模样，伊莉亚苦笑回应： 

 

    「虽说是重要的事，但并不是什么大事啦。」 

 

    这是之前与某人订下的其中一个约定。 

 

    「我只是去扫墓而已。」 

 

    男子从伊莉亚的话声感觉到平时没有的哀愁，回了一声「这样啊」之后，再次握紧手上的缰绳。 

 

    给人一种不食人间烟火印象的少女，没想到这样的她居然会缅怀故人，这种人情味让男子不由得有",
2471,92679," ★☆★☆★☆轻小说文库(Www.WenKu8.com)☆★☆★☆★ 

  第一卷 序章  
     台版 转自 轻之国度 

 

    图源：真妹控 

 

    录入：kid 

 

    「欢迎光临……」 

 

    少女语气慵懒地招呼上门的客人。 

 

    四位客人一起走了进来，都是她不曾见过的生面孔。 

 

    肌肉发达的剑士、一脸阴郁的魔术师、笑里藏刀的恢复术师，以及笑容猥琐的盗贼。 

 

    这里说的「盗贼」，指的是角色的职业，而非犯罪者的标签，而少女可以看到这条资讯。除了职业，对方的HP、MP等人物属性及等级，也都显示在少女的视野里。 

 

    尽管少女感到有些厌烦，但这项能力在工作上是不可多得的重宝，只能选择忍耐。 

 

    「哟，小姐，我们想找委托工作。」 

 

    肌肉发达的剑士将身子探向柜台问道。 

 

    在开口问人前，好歹先自己找一遍吧，蠢蛋──少女硬是咽下已到嘴边的话语，伸手比向左边的窗前。 

 

    「委托工作都张贴在那边的布告栏……」 

 

    「噢，抱歉抱歉！」 

 

    四人组朝布告栏底下走去。 

 

    这里是公会联盟·琉聂威鲁分部。 

 

    主要业务内容是登录公会成员、仲介委托任务及确认达成之任务。 

 

    公会分部大多设有酒吧，以作为公会成员休憩和交换情报之处。琉聂威鲁分部也不例外，少女眼前的大厅摆放大量桌椅以供使用。 

 

    一般来说，分部酒吧的生意不会热络到这种地步，但琉聂威鲁分部现在座无虚席，有些人甚至靠在墙壁站著用餐。 

 

    午餐时间早已结束，可是几乎所有顾客都在更早的时间进门，并就此赖著不走。 

 

    「拜托你们去工作啦……」 

 

    听见少女的抱怨声",
2471,95234," ★☆★☆★☆轻小说文库(Www.WenKu8.com)☆★☆★☆★ 

  第二卷 序章  
     台版 转自 轻之国度 

 

    图源：真妹控 

 

    录入：kid 

 

    拉铎鲁·威斯梵尼亚是一个既无太阳，亦无月亮的世界，那里由三棵世界树及执掌四种属性的结晶柱管理世界的运行。 

 

    在拉铎鲁·威斯梵尼亚之西南大陆的某个西方国家── 

 

    用来照明的火之结石照耀著整个房间，一名男子坐在椅子上，将一张纸递给桌前的另一名男子。后者看了看递过来的文件，眉头动也不动地，就将视线转回坐著的上司身上。 

 

    上司貌似满足地点了点头，整个人靠到椅背上，嘴角上扬地说道： 

 

    「你有什么想问的吗？」 

 

    「没有。」 

 

    「那就好。」 

 

    心怀疑问、思考对策是其他人的工作。忠实完成被赋予的任务，才是自己唯一该做的事情。这既是男子所属部门的共同认知，也是他们的共同理念。 

 

    「后续资料及备品的递送和往常一样。你去吧。」 

 

    「了解。属下告退。」 

 

    男子如行云流水般离开房间，径自朝自己的办公室走去。 

 

    没有人会在进自己的房间时敲门──男子毫不犹豫地打开房门，而房里已有一名女子低著头迎接他的归来。 

 

    「欢迎回来。您马上要出发了吗？」 

 

    「嗯。不好意思，暂时又得麻烦你看家了。」 

 

    「工作所需，您用不著那么客气。」 

 

    女子的这句话，也不晓得是在指男子马上就要动身，还是指自己得负责留守的事情。 

 

    这有些冷淡的回答，并没有让男子感到不悦，他反倒面露苦笑地说道： 

 

    「应该已经送来定期联络了……大伙儿过得如何？」 

 

    ",
2480,101626," ★☆★☆★☆轻小说文库(Www.WenKu8.com)☆★☆★☆★ 

  第四卷 序章  
     台版 转自 轻之国度 

 

    图源：kerorokun 

 

    录入：kid 

 

    梅普露将点数全砸在防御力，一跃跻身顶尖玩家之列后，和朋友莎莉共组公会【大枫树】，招揽到同样使用塔盾的克罗姆、用武士刀的霞，以及能藉技能【神界书库】随机获得技能的奏。 

 

    后来再加上工匠伊兹，与全点攻击力的结衣和麻衣，且整团八人要一起参加第四次活动。第四次活动将经过时间加速，各公会需要抢夺其他公会据点的宝珠并守住，以获得分数计算胜负。 

 

    玩家每次死亡都会造成能力下降，死亡五次就会强制淘汰。与人数多而可以用牺牲打战术的大型公会相比，【大枫树】显然不利。 

 

    然而为了拿到好名次，【大枫树】仍拟定了种种战术。 

 

    「目标高名次！」 

 

    梅普露高喊一声鼓振士气，八人逐渐被白光笼罩。 

 

    「好～跟他拚了！」 

 

    眼前化为一片白的同时，梅普露紧紧握起拳头。   

  第四卷 第一章 防御特化与第四次活动  
     当光辉淡去，八人眼前是一个盛放绿色发光宝珠的台座，他们立刻明白这里就是公会据点。这个位在洞穴最深处的地方，即为【大枫树】的大本营。 

 

    活动场地像第二次活动那样广大，有各种地形。与草原相比是易守得多。 

 

    宽广的空间里，有三条通道。 

 

    莎莉和霞很快就探完位在台座后的两条，回来报告。 

 

    「这边走到底有可以打水的地方，能用来休息。」 

 

    「我这边没什么东西，要躺一下的话是还可以。」 

 

    「也就是说，剩下那条是通往地面的啰？的确是很好守的样子。」 

 

    只有一个出",
2480,103680," ★☆★☆★☆轻小说文库(Www.WenKu8.com)☆★☆★☆★ 

  第五卷 序章 防御特化与第四阶上线  
     台版 转自 轻之国度 

 

    图源：sword_world 

 

    录入：sword_world 

 

    全点防御力而不小心变成强力玩家的梅普露，创立菁英型小公会【大枫树】，在第四次活动公会对抗战中跌破众人眼镜夺得第三名。获得奖品——第四阶的通行证，并与各个大公会玩家互加好友之后，目前正在等待新地区上线。 

 

    活动结束后一个月又几天，刚进入十月的某日。 

 

    这天是众玩家引颈期盼，NewWorldOnline推出第四阶地区的日子。 

 

    梅普露也是其中之一。不用ID莎莉的好友理沙邀约，她也会在伺服器更新完就立刻登入吧。 

 

    梅普露来到【公会基地】，寻找莎莉的身影，并很快见到她在沙发上挥手。 

 

    「我来喽。要现在就走吗？」 

 

    「第三阶魔王靠你应该没问题……那就打打看吧。你也很想打吧？」 

 

    「想想想！」 

 

    莎莉只有找梅普露，所以【大枫树】里只有她们俩上线。 

 

    其实就算先一步到更高层去，晚点还是要帮其他成员打魔王。【大枫树】是菁英型小公会，队上缺了梅普露和莎莉，战力势必大幅改变。 

 

    然而她们还是挡不住对新地区的好奇心。 

 

    没请莎莉调查第三阶魔王长什么样，梅普露就开【暴虐】背著莎莉冲进野外，奔向地城了。 

 

    大家都已经知道这头怪物就是梅普露，藉机械飞行的玩家们不再误以为她是怪物而出手攻击。 

 

    吸引很多注意的部分倒是没变。 

 

    梅普露一路辗压地城里的怪物，抵达魔王房门前。 

 

    「莎莉，我们到喽&#12316;！」",
2480,107832," ★☆★☆★☆轻小说文库(Www.WenKu8.com)☆★☆★☆★ 

  第六卷 序章 防御特化与道具  
     台版 转自 深夜读书会 

 

    发布：深夜读书会 

 

    论坛：ritdon.com 

 

    在第六次活动不能补血的丛林里探索时，梅普露碰见【圣剑集结】的会长培因，用她引以为傲的防御力稳稳保护这位顶尖玩家，在丛林中大杀四方。虽然培因骑在【暴虐】状态的梅普露背上时表情始终是非常复杂，不过一码归一码。 

 

    后来梅普露怎么也打不到进入丛林用的传送水晶，和克罗姆聊到一般区域野外的事之后，兴致就完全转移过去了。 

 

    于是，即使突然变成冤大头的魔王怪「光之王」一度成功逼退了梅普露，她也不因此灰心，决定买齐道具重新攻略。 

 

    打点好道具后过几天，梅普露踏上了那片落雷不断的云海。 

 

    「这次打得赢吗……没什么把握耶。」 

 

    仍有不安的梅普露，包包里装着一大堆特别为这次准备的各式道具。 

 

    只要有其中一项能造成有效打击，推王之路将因此而开。 

 

    「还是有徒劳无功的可能……不过等到全部试过一次再说吧！」 

 

    不久，宝座再度出现在梅普露眼前。 

 

    「好～开打喽～开打开打！」 

 

    梅普露走向宝座。和上次一样，白光在座位上凝聚成人形。 

 

    神圣的光辉在地面扩散，射出光箭。 

 

    「这次不理你喽？」 

 

    梅普露没跟他对射，直接正面抵挡箭矢，直直走到王的脚尖前。 

 

    然后毫不在乎满天箭雨，打开道具栏查看。 

 

    「嗯……一个一个试吧。」 

 

    梅普露从道具栏取出一张纸，贴在王脚尖上。 

 

    纸随之发出红光，轰轰燃烧。 

 

",
2480,112484," ★☆★☆★☆轻小说文库(Www.WenKu8.com)☆★☆★☆★ 

  第七卷 序章  
     台版 转自 轻之国度 

 

    图源：Sirius Gauss（LKID：sword_world） 

 

    录入：Sirius Gauss（LKID：sword_world） 

 

    校对：Andromeda (LK&TSDM ID:爱丽丝·莉泽)　　 

 

    本条枫受到好友白峰理沙之邀，两人化名为梅普露与莎莉，进入VRMMO游戏「NewWorld Online」，结伴探索了形形色色的地方。 

 

    新开的第六阶地区是恐怖主题区，让非常害怕鬼怪的好搭档莎莉只尝试一次就吓得六神无主，再也不敢靠近。 

 

    后来官方举办了以攻塔为主题的第七次活动，好久没有跟莎莉一起探险的梅普露便邀她同行，开始了只有她们俩的攻塔行。 

 

    目标是无伤攻破最顶层第十层。 

 

    完成最高难度的塔，能获得活动专属奖励和五枚银币，配上第四次活动赢得的五枚银币，可以换一个新技能。无伤通关是两人组队时立下的目标，她们也因此怀着满满斗志踏入塔中。 

 

    一楼的游荡怪，就已表现出堪称最高难度的水准，每个都不是省油的灯。但也只能拖延她们的脚步，打不倒她们。 

 

    以沙为武器的龙型魔王怪，即使拥有强力喷吐并利用其庞大身躯攻击，遇上梅普露带着一大堆配置于房中，专门用来打王的爆炸岩冲进它嘴里，也一样不堪一击。即使皮硬的本来就是要从体内下手，她的特殊攻击仍打出了超乎想像的伤害。 

 

    一举突破第一层后，乘胜进入第二层的两人左右不再是石墙，而是排满了书且直达天花板的书架。这层的怪物当然也几乎是伪装成书，或是以捆绑为攻击手段，和第一层很不一样。但无论它们再怎么阻挡，也伤不了她们半分。莎莉在梅普露的【献身慈",
2480,118171," ★☆★☆★☆轻小说文库(Www.WenKu8.com)☆★☆★☆★ 

  第八卷 序章  
     台版 转自 轻之国度 

 

    图源：Andromeda (LK&TSDM ID：爱丽丝·莉泽) 

 

    录入：Sirius Gauss（LK ID：sword_world） 

 

    攻塔成功，圆满结束第七次活动的【大枫树】八名成员轻易击败第六阶魔王，踏上能够收服怪物为魔宠的第七阶地区。 

 

    这里和阴森恐怖的第六阶不同，眼前是一大片和风徐徐的草原。许多草食动物奔跑其中，远处有城镇的剪影。甚至还有火山、雪山和浮岛，可见范围内即有多种地形存在。 

 

    「喔喔～！这里可以找怪物当伙伴是吧！」 

 

    「听说是这样。从公告来看，还是早一点找到比较好。」 

 

    「虽然现在消息还不多，但收服以后也是要帮它们升级吧，无论如何还是动作愈快愈好。」 

 

    第七阶地区上线的同时，官方也发出了第八次活动的预告。详情并未多说，只提到带魔宠一起打会很有利。已经有怪物伙伴的梅普露和莎莉叫出糖浆跟胧，往城镇走。 

 

    「话说，也不是所有怪物都愿意亲近人呢。」 

 

    「对啊，朝我们冲过来了！」 

 

    「「我们来迎击！」」 

 

    一群长著尖角的牛要给向城镇迈进的八人一点下马威似的冲了过来。所有人备战时，梅普露和莎莉率先行动。 

 

    「糖浆！【大自然】！」 

 

    「胧！【影分身】！」 

 

    猛冲的牛脚下伸出粗大藤蔓，将它们缠得动弹不得时，分为五人的莎莉冲上去一顿砍。牛死命扭身用角抵抗，但也只能破坏胧制造的分身。 

 

    「【五连斩】！」 

 

    莎莉毫不留情地使出连击，这群好战的牛不过是普通怪物，两三下就被砍光HP，",
2480,118201," ★☆★☆★☆轻小说文库(Www.WenKu8.com)☆★☆★☆★ 

  第九卷 序章 防御特化与活动复赛  
     台版 转自 轻之国度 

 

    图源：Andromeda (LK&TSDM ID：爱丽丝·莉泽) 

 

    录入：Sirius Gauss（LK ID：sword_world） 

 

    第八次活动预赛中，梅普露所率领的【大枫树】全体达成目标，成功取得参加复赛最高难度的权利。 

 

    事实上，在预赛时，梅普露、霞和伊兹几个拥有可怕的广域攻击，战况显眼到甚至会被误认为魔王怪，战法和脚踏实地一个个赚分数而打进前段名次的莎莉等人有巨大差异。而且预赛与复赛不同，是以个人的PvP能力为主，使得缺乏单独生存能力的结衣和麻衣这组全点攻姊妹特别危险。但是在魔宠的帮助下，她们成功存活下来并取得足够积分，总算能松一口气。 

 

    然而现在也只是通过预赛，若不能在复赛中拿出成绩等于是前功尽弃。到了复赛，想合作的玩家可以组队传送到复赛场地。 

 

    梅普露等人的复赛目标，是取得活过这三天活动期间就会给予的五枚银币奖励，并攻略地城搜集更多银币。在这个活动里，玩家们可以散开来寻找地城，也可以始终聚在一起巩固防御以利生存。 

 

    不过刚开始时，还是全队集合比较有安全感。何况【大枫树】有能用【献身慈爱】的梅普露，生存率三级跳。再说这次和过去的探索活动不同，还有能加强战力的魔宠在。 

 

    结衣和麻衣的魔宠是小熊雪见和月见，能够巨大化供她们骑乘，攻击是以光芒与星辰为意象。霞的则是白蛇小白，具有【超巨大化】技能，专门运用那巨大身躯与优异的能力值进行攻击。伊兹的是外观如光球般的小精灵菲，可以变化为各种类型，改变技能组合强化道具。克罗姆的是不死系活动铠甲涅库罗，能穿在自己身上，视需要改变型态增强攻防能力。奏的是透明",
2480,121049," ★☆★☆★☆轻小说文库(Www.WenKu8.com)☆★☆★☆★ 

  第十卷 序章  
     台版 转自 天使动漫论坛 

 

    图源：Sirius Gauss（LK ID：sword_world） 

 

    录入：Andromeda (LK&TSDM ID：爱丽丝·莉泽) 

 

    【大枫树】八名成员依照预定目标挑战第八次活动复赛最高难度，在经过时间加速的活动场地搜集了三天的银币。 

 

    活得愈久，配给的银币就愈多，提升生存力自然是第一要务，但散布于场地上的地城藏有额外银币。只要步步为营，活著攻克地城，就能获得更好的成果。 

 

    在这样的活动里，梅普露等人在第一天分为两组，运用新战力──魔宠，一一顺利击败地城魔王。 

 

    尽管这次活动若是不幸身亡就当场结束，但只要以防御力卓越的梅普露为中心，让生存力强的众打手带头谨慎开路，除非遇到太夸张的意外，否则一点问题也没有。 

 

    梅普露几个第一天并不贪心，很早就结束探险，第一天平安落幕。 

 

    但没想到，他们八个第二天就被活动机制强制拆散，分别传送到不同地方去了。 

 

    玩家们就这么在不能传讯息互相联络，不准看地图，怪物还狂暴化的恶劣条件下随机传送到场地各个位置，而强者生存是必然的结果。于是梅普露等【大枫树】成员开始与碰巧遇见的【圣剑集结】和【炎帝之国】成员携手作战。 

 

    三个公会用梅普露的高空自爆烟火为信号会合于一地，回到【大枫树】原来的据点重新布置，成功迎击第二天的怪物攻势。 

 

    十六人经此一战而得知怪物强度后，壮起胆来外出寻找地城。他们混编成能善加搭配的四组人马，各自攻略地城带回银币，等待第三天的到来。 

 

    到了第三天，场地上出现了比第八次活动还要巨大，从任何位置都看得见的魔王",
2480,126644," ★☆★☆★☆轻小说文库(Www.WenKu8.com)☆★☆★☆★ 

  第十一卷 序章  
     台版 转自 天使动漫论坛 

 

    图源：Sirius Gauss（LK ID：sword_world） 

 

    录入：Andromeda (LK&TSDM ID：爱丽丝·莉泽) 

 

    规模巨大，需要公会总动员的第八次活动结束了。到第八阶上线之间这段不短的日子，是NewWorld Online玩家自由活动的长草期。在人们忙着练等级、攻略陌生地城，各取所好的当下，梅普露和莎莉两人在各阶层到处观光。 

 

    例如重新游览第一阶和第二阶地区以及过去的城镇，或探访至今未曾到过的地方。由于每个阶层地图都很大，即使攻略步调已经很快，没去过的地方依然多得是。 

 

    两人前往浮空城探险、潜入洞穴、攀登雪山，遍览各种绝景之后，在路上遇到两组包含公会会长的搭档。 

 

    一组是【thunder storm】。由驱使强大雷电攻击的薇尔贝，和专门运用冰与重力阻碍敌人的雏田两人组成。她们同时也是大型公会的正副会长，和梅普露她们一起攻略地城后变得亲近，也成了新的竞争对手。 

 

    另一组是【Rapid Fire】。由莉莉与威尔巴特组成，能借由变更装备互换攻击与辅助角色。两人都以射击见长，莉莉是召唤士兵同时扫射，威尔巴特是用弓射出威力超高且必中的一击必杀箭，以活用各自擅长领域为特色。 

 

    梅普露她们在历届活动都留下优异成绩，让后来业已壮大的莉莉等人将她们视为明确的竞争对手。 

 

    在各种场面大显神威，备受瞩目的梅普露，技能有不少已是广为人知，知道如何应付，普遍认为她的PVP之路会愈走愈难。 

 

    这次发表竞争宣言的两组公会巨头搭档，甚至还拥有能攻击莎莉弱点的技能，让梅普露她们的处境更是雪上",
2480,128696," ★☆★☆★☆轻小说文库(Www.WenKu8.com)☆★☆★☆★ 

  第十二卷 序章  
     台版 转自 轻之国度 

 

    虚空文学旅团×天使动漫录入组 

 

    图源：明天才要开始看轻小说的萌新（LK ID：sword_world） 

 

    录入：黑羽早雪 (Andromeda) 

 

    经过日复一日的探索，将广大的第七阶逛到没去过的地方已经没剩多少时，第九次活动到来了。这是一场杀怪型活动，在空中游动的鱼或擅长以水攻击的怪物在野外到处出没。梅普露也率领【大枫树】全体出动，拉抬所有玩家共享的击杀数。 

 

    由于需要击杀大量怪物，怪物本身并不强，梅普露几个打起来并不吃力。但怪物攻击方式特殊，又能在空中自由游动，打不太中的玩家也不少。对不管在不在空中都一概打爆的梅普露来说，对方这个优势几乎跟没有一样。 

 

    在这个所有玩家的击杀数一起累计，期间又长的活动中，【大枫树】认为不用急著全力农怪，也能在活动结束前达到最终奖励的门槛。梅普露便悠悠哉哉地享受活动，和新认识的【thunder storm】和【Rapid Fire】的会长们深入交流。 

 

    然而当击杀数达到目标值时，活动也进入下半场，这就是活动期间特别长的原因。此后野外不时会出现ＨＰ多到就算是梅普露也难以单杀的团战魔王型巨大怪物。 

 

    对此，【大枫树】以经过特训而能够持用八把巨锤的结衣和麻衣为核心，在【圣剑集结】【炎帝之国】【thunder storm】【Rapid Fire】等公会的协助下成功击杀魔王。梅普露获得耐人寻味的新道具，【大枫树】也终于离开广大的第七阶，前进第八阶。 

 

    那是过去熟悉的景象全覆没在深深水底，一片汪洋的世界。即使探索起来感觉和以往完全不同，梅普露依然乐此不疲地凝望著遥远的水平线，以及从水",
2480,130152," ★☆★☆★☆轻小说文库(Www.WenKu8.com)☆★☆★☆★ 

  第十三卷 序章  
     台版 转自 天使动漫论坛 

 

    虚空文学旅团×天使动漫录入组 

 

    图源：sword_world 

 

    录入：kid 

 

    梅普露等人来到第八阶，发现这里是大海淹没万物的地区。每个地城都位在遥远的水底下，需要搭船移动，利用【游泳】和【潜水】技能探索，环境对梅普露十分不利。但由于同样没练过这些技能的玩家当然不少，游戏也准备了解决办法。于是梅普露买下限定第八阶地区使用的潜水衣，获得了一定的水下活动能力。 

 

    随著强化潜水衣扩大行动范围，地城入口也渐渐露出脸来，莎莉很快就攻入其中之一。魔王利用纵横交错的光弹与水流进行猛烈攻击，莎莉一样全部躲开，取得第二套独特装备。 

 

    新装备带来了几项莎莉企盼已久的新技能，以制造幻象欺骗对手为主。使用上很重技术，用得好就能在关键时刻使对手露出破绽。之前莎莉就成功骗芙蕾德丽卡相信假技能的存在，有了这套装备就能提高这一招的成功率。 

 

    而海底还藏有许许多多的其他宝物，奏得到法杖的强化道具，梅普露也将古代兵器纳入武器库中。 

 

    众玩家熟悉新装备的同时，彼此间新招式的搭配也愈来愈熟练。默契十足的【大枫树】八名成员照样顺利击破挡在第九阶之前的魔王，踏入新地区。以两个风格迥异的国家─流水与自然之国以及火焰与荒地之国─为舞台展开冒险。 

 

    从第四阶上线到第九阶这段时间，相信所有玩家都有巨大的成长。随之公布的下次活动，即为大型PVP战斗。薇尔贝直接宣告这次想要敌对，希望【thunder storm】与【大枫树】能来场对决。除梅普露几个外，拥有强力玩家的公会动向也备受瞩目。 

 

    就这样，在对PVP虎视眈眈的众公会围绕下，【大枫树",
2480,135650," ★☆★☆★☆轻小说文库(Www.WenKu8.com)☆★☆★☆★ 

  第十四卷 序章  
     台版 转自 天使动漫论坛 

 

    虚空文学旅团×天使动漫录入组 

 

    图源：sword_world 

 

    录入：kid 

 

    PVP引起众人关注，经过很长一段准备期后，活动终于开始。 

 

    这次活动，是一场所有玩家分成两边阵营的大规模战斗。 

 

    上次的正式PVP是第四次活动的事，绝大多数玩家都比当时强化了许多倍，而梅普露几个也不例外。 

 

    他们与成为可靠战友的【圣剑集结】拟定各种作战计画，推演取胜的最佳策略。推演中少不了的假想敌，当然就是已经发布敌对宣言的【thunder storm】，以及扮演辅助角色的【Rapid Fire】。薇尔贝和雏田在集团战上占优势，莉莉和威尔巴特则因为具有优异的搜敌能力与召唤能力，人数多寡都能兼顾。在众多公会中战力特别卓越的这四人，是最需要警戒的对象。 

 

    然后是梅普露到最后都没能成功招揽的【炎帝之国】。在这场不到活动开始不知道谁是哪一边的活动里，一旦这个大型公会加入敌国，和【thunder storm】的两人配合起来，在集团战上的强度肯定是三级跳。 

 

    因此，【圣剑集结】和【大枫树】联军这次的战略方向，即是尽可能避免集团混战，稳稳占据小群体战斗的优势，以保护【大枫树】人数少的弱点。 

 

    然而事先拟定的策略总是有其限度。除同盟【圣剑集结】外，己方阵营还有许多其他公会。重点是战场上如何与身边的玩家合作。 

 

    为达成这次活动的胜利条件──碰触敌方王座，【大枫树】和【圣剑集结】都会拿出自己最好的表现。   

  第十四卷 第一章 防御特化与箭雨  
     包围梅普露几个的光辉淡去后，他们已离开公会基地",
2480,141087," ★☆★☆★☆轻小说文库(Www.WenKu8.com)☆★☆★☆★ 

  第十五卷 序章  
     台版 转自 天使动漫论坛 

 

    虚空文学旅团×天使动漫录入组 

 

    图源：sword_world 

 

    录入：kid 

 

    流水与自然，火焰与荒地两国，将第九阶地区一分为二。 

 

    在这场第十次活动中，玩家们要选择一个国家，目标攻进王城最深处的王座。 

 

    梅普露这边选择的是火焰与荒地之国，并因此与【圣剑集结】同盟，对抗【炎帝之国】【Rapid Fire】【thunder storm】联军。 

 

    久违了的PVP，使梅普露也斗志高昂起来。各处发生的小型会战，都在搜敌能力极强的威尔巴特与莉莉压制之下。集团战方面，蜜伊的绝招【黎明】──免伤技能也无法抵挡的超大范围攻击，也使得损害不断扩大。 

 

    然而面对如此逆境，梅普露等人的奇袭和支援仍屡建奇效。后来狂暴化怪物大军如期发生，若置之不理就会一路杀进王城去，双方被迫在地图中央激烈冲突。 

 

    培因的圣剑没能一口气剿灭薇尔贝和蜜伊，遭到【雷神之锤】和【黎明】的反击，但在梅普露与莎莉的努力下躲过危机，梅普露的新底牌【重生之暗】更是翻转了战局。 

 

    由玩家、怪物甚至友军为材料重新构筑的异形大军，使得敌方战线节节后退。 

 

    随后便是激烈的追击战。莎莉击杀辛恩，梅普露击杀米瑟莉，不过薇尔贝和雏田也以打倒绝德和多拉古回敬。在牺牲者层出不穷的战局中，莉莉把握机会帮助蜜伊等人成功撤退，使得追击战在各损元气的状况下落幕。 

 

    这场双方绝招尽出的大规模集团战，就这么在各种无上对策化险为夷之下没能底定活动胜负，时间来到了偷袭与策略挂帅的黑夜。   

  第十五卷 第一章 防御特化与毒雨  
   ",
2480,150421," ★☆★☆★☆轻小说文库(Www.WenKu8.com)☆★☆★☆★ 

  第十六卷 序章  
     台版 转自 天使动漫论坛 

 

    虚空文学旅团×天使动漫录入组 

 

    图源：sword_world 

 

    录入：kid 

 

    在经过时间加速的第十次活动──所有玩家分为两阵营的大型PVP中，梅普露所率领的【大枫树】，与培因率领的【圣剑集结】组成同盟，与拥有【炎帝之国】【thunder storm】【Rapid Fire】的敌方阵营展开剧烈战斗。 

 

    双方互相牵制，削减对方玩家数量，战况僵持不下，直到大型会战才出现大量死伤，辛恩、米瑟莉、绝德、多拉古都名列其中。第一天的大型会战，就这么在牺牲惨重到双方阵营都需要重新检讨作战计画的情况下结束。 

 

    夜晚是大家都想喘息的时段，也因此是进攻的好机会。【thunder storm】【Rapid Fire】联手发动闪击战，并设下陷阱，想在此击破失去【不屈卫士】的梅普露，十分重要。就在他们距离成功只剩一步之遥时，莎莉非要保护梅普露不可的必死决心成功阻止了他们。接着是将大幅影响活动胜败的夜间追击战。梅普露等人以失去【不屈卫士】的事实为饵，把敌人引出来打，最后虽付出了不少牺牲，却仍击破敌方防卫大将马克斯。梅普露和莎莉苦练多时的搭配战术，也成功战胜薇尔贝和雏田的队伍，拿下雏田这个强大的防卫战力。 

 

    尽管优势着实累积，胜利时刻也逐步接近，这场活动仍没有进入垃圾时间。蜜伊与薇尔贝将防守交给其他人，趁梅普露等人外出进攻时直接攻打王城，变成比谁更快碰到王座。在如此到最后的最后都不能松懈的紧绷气氛中，梅普露利用【大枫树】成员争取的时间，以【重生之暗】将己方玩家也变成怪物，破坏王城直捣黄龙，以些微差距先碰到王座，在激战的最后取得第十次活动赢家的荣耀。 

 

",
2480,165620," ★☆★☆★☆轻小说文库(Www.WenKu8.com)☆★☆★☆★ 

  第十七卷 序章  
     台版 转自 天使动漫论坛 

 

    虚空文学旅团×天使动漫录入组 

 

    图源：sword_world 

 

    录入：kid 

 

    梅普露从没玩过这么久的游戏「NewWorld Online」，以第十阶为集大成之作。第十阶分为多个区域，分别展现过去各阶层的特色。玩家们的目的是搜集道具「大魔王的魔力」，取得挑战最强魔王「大魔王」的权利。 

 

    梅普露等人当然也将最终目标定为战胜大魔王，人数比人少的【大枫树】全体总动员，开始探索各个区域。克罗姆去第六区，霞去第四区，结衣、麻衣、伊兹和奏去第三区。鉴于个人特性和第十阶地区的广大，动作愈快愈好，大伙便分头行动。 

 

    梅普露和莎莉在结衣及麻衣的协助下顺利打败第一区魔王后，获得第一个「大魔王的魔力」，又在回顾之旅中获得飞行器这么一个机动力，兴高采烈地往第三区去也。   

  第十七卷 第一章 防御特化与第三区  
     梅普露和莎莉约好在「NewWorld Online」见面并各自登入，来到第十阶地区中第三阶成分最为浓厚，遍地是机械的区域。 

 

    随处可见巨大齿轮，到处嗡嗡叫的神秘机械，玩家都会用机械装备加强移动力。能在空中自由飞翔便是其特色之一。 

 

    「好怀念喔～！」 

 

    「第三阶已经是好久以前了呢。在这之间也发生过好多事。」 

 

    「是啊～」 

 

    快乐的回忆太多，使两人对第三阶怀念不已。梅普露还是第一次在游戏里留下这么多回忆。 

 

    「我们去看看有什么机器吧！」 

 

    「好哇，可能对探索有帮助。」 

 

    提升机动力乃是第一要务。 

 

    两人就此",
2480,92985," ★☆★☆★☆轻小说文库(Www.WenKu8.com)☆★☆★☆★ 

  第一卷 序章 防御特化与事前经过  
     台版 转自 深夜读书会 

 

    购书人：深夜读书会 

 

    录入：深夜读书会 

 

    读书群：714435342 

 

    「嗯……我没玩过多少游戏，看不太懂耶。」 

 

    本条枫看着朋友白峰理沙硬塞给她的电玩包装，忍不住叹息。 

 

    「我怎么每次都被理沙牵着走咧……」 

 

    盒封描绘数名手持剑与法杖的男女，还有排色彩鲜艳的大字──NewWorld Online。 

 

    这是最近炙手可热的ＶＲＭＭＯ，即虚拟实境多人连线游戏。枫也有ＶＲ装置，不过已经好一段时间没用了，上面盖了一层薄灰。 

 

    ＶＲ装置也是在理沙狂推下买的。 

 

    「唉……就是没办法拒绝她呢……」 

 

    枫手上还有张理沙给她的笔记，上头写的是开始游戏前的所需设定。 

 

    「看到那双闪亮亮的眼睛……就怎么也推不掉了……」 

 

    理沙对枫也会来玩深信不疑，要是不玩，感觉她会很难过，所以枫无法说不。 

 

    「没办法……！就来设定吧！」 

 

    枫拍去装置上的灰尘，开启电源。 

 

    她也不是讨厌电玩。 

 

    陪理沙玩个一下也不会少块肉吧。 

 

    枫这么想着，开始安装游戏。 

 

    ◆□◆□◆□◆□◆ 

 

    枫一手拿着笔记，一步步进行「NewWorld Online」的安装与设定。多亏有它，过程相当顺利。 

 

    「呼……这样就行了吧。」 

 

    终于可以潜入电脑世界。闭上眼睛，睁眼以后就是游戏世界的感觉，枫已经好久没有过了。然而开始游戏之前还有一些设定要作",
2480,94848," ★☆★☆★☆轻小说文库(Www.WenKu8.com)☆★☆★☆★ 

  第二卷 第一章 防御特化与第二场活动  
     台版 转自 轻之国度 

 

    图源：kerorokun 

 

    录入：kid 

 

    「活动终于要开始啰！」 

 

    「呵呵。梅普露，会不会紧张呀？」 

 

    「嗯！没问题的啦！」 

 

    同样等待活动开始的玩家们，不时偷瞄如此对话的梅普露和莎莉。这次人数有明显增加，身穿各式装备的玩家们纷纷涌进广场。 

 

    名叫梅普露的少女─本条枫，是接受朋友白峰理沙的介绍而开始玩这款线上游戏「NewWorld Online」，但极度缺乏游戏常识。枫给自己的角色取名为梅普露，将配点全部点在【VIT】上，结果发现玩得很顺利，接连获得强力技能而堆出压倒性防御力，成为众人关注的焦点。 

 

    而到了这即将开始的第二场活动，白峰理沙─即莎莉，也加入了她的行列。 

 

    莎莉与梅普露人在第二阶的城镇中。 

 

    今天是第二场活动开始的日子，她们斗志高昂，也尽可能做好了最完善的准备。 

 

    两人都迫不及待地等著活动开始的公告。 

 

    这当中，梅普露在人群另一头发现认识的玩家。 

 

    「啊！莎莉你等我一下喔！」 

 

    她这么说就暂时离开莎莉身边，过去和那位玩家对话。 

 

    「克罗姆大哥，好久不见啦！」 

 

    「嗯？喔，梅普露啊。哎呀，好久不见了。」 

 

    梅普露找上的人叫克罗姆，先前在她想做塔盾时替她介绍工匠玩家伊兹。克罗姆和她一样是塔盾玩家，在前次活动夺得第九名的佳绩，实力坚强。 

 

    「我们一起加油吧！」 

 

    「好，一起加油。我相信你一定可以打出不错的成绩。」 
",
2480,99015," ★☆★☆★☆轻小说文库(Www.WenKu8.com)☆★☆★☆★ 

  第三卷 序章 防御特化与大出糗  
     台版 转自 轻之国度 

 

    图源：kerorokun 

 

    录入：kid 

 

    枫受理沙之邀开始玩「NewWorld Online」，全点VIT而获得压倒性防御力后在第一次官方活动夺得佳绩，使玩家记住「梅普露」这名字，成为瞩目焦点。到了第二次活动，她在理沙的角色「莎莉」协助下活用其防御力，达成搜集十枚银币的目标，获得两项强力技能。 

 

    第二天早上。 

 

    枫从床上昏沉地坐起。 

 

    「没什么睡到……」 

 

    暌违体感七天的床让她躺得很不习惯，睡不太著。 

 

    她揉揉惺忪的眼下床，慢吞吞地穿好衣服，走向学校。 

 

    「今天好热喔……」 

 

    枫加快脚步到不至于流汗的程度，在通学路上迈进。 

 

    进教室时，理沙已经到了。 

 

    两人平常都很早到校，教室里没有其他人在。 

 

    「早安呀，枫。」 

 

    「理沙早安！」 

 

    枫将东西放上自己座位就到理沙身边去。 

 

    「感觉已经好久没来学校了耶～！」 

 

    「真的。也难怪啦，我们在游戏里待七天了嘛……对了对了，今天你最好小心一点喔？」 

 

    「咦？怎、怎么了？」 

 

    说要小心，但枫不知道该小心什么。 

 

    「在游戏里面不是要时时戒备怪物和玩家吗？你可能会把那边的习惯带出来喔。」 

 

    理沙的意思是，她们可能一不小心就表现出扮演梅普露或莎莉时的举动。 

 

    「可是我们都玩了这么久，之前都没有过啊？」 

 

    「总之就是小心一点啦？你以前没有",
2482,106168," ★☆★☆★☆轻小说文库(Www.WenKu8.com)☆★☆★☆★ 

  第三卷 停泊船  
     台版 转自 轻之国度 

 

    图源：Mega 

 

    录入：工具喵 

 

    她表示自己算是感情流动率高的那种人。 

 

    凝视彼此的表情，与从认识她开始便常常看到的舒服笑容有些不同。 

 

    那张明显看得出泛红的脸上，滑过水滴般的光泽。 

 

    「流动率？」 

 

    我压抑住进逼而来的些许困惑，询问她。 

 

    她口中说著平常不太会提起的陌生词语。 

 

    「没错。若要换种说法，就是乾脆或分际拿捏得宜等，诸如此类的吧。」 

 

    彼此的声音相当靠近，她的脸也渐渐染上阴影。 

 

    如同夕阳西下，黑暗自远处延伸过来。 

 

    「生气和悲伤的情绪不会持续太久，应该说，无法持续太久。如果跟一个人想法不合而不相为谋，那当然值得难过，非常难过；不过没多久后我便不会因此伤心，一定是我的心很快就冷了吧。生气也一样，我很难对同一个人生气超过三十分钟。」 

 

    彷佛重新自我介绍，她如此讲述的内容落到我身上。三十分钟确实算短。 

 

    如果是我，至少可以生气上一两年。 

 

    尽管到了现在，这股怒气似乎也宛如风化，不知消失到何处了。 

 

    「我觉得日夜变换的速度比一般人认知的来得快，也常被人说走路很快。」 

 

    「很难说这之间有没有关系呢……」 

 

    或许只是单纯的急性子。不过能快速切换情绪，确实是令我有点羡慕的部分。 

 

    因为我是那种会长时间妥善地保存后悔情绪的人。 

 

    我俩之间的距离也不再隔著桌子，而是非常、非常地接近。 

 

    甚至到了只要她将身子一低，我们便",
2482,93118," ★☆★☆★☆轻小说文库(Www.WenKu8.com)☆★☆★☆★ 

  第一卷 5年3班 佐伯沙弥香  
     台版 转自 轻之国度 

 

    图源：音无 

 

    录入：kid 

 

    说得傲慢一点，我早就知道自己是个能干的人。 

 

    这边所谓的能干，是只要愿意努力就会有成果，以及我能够持续努力的意思。我认为我比其他小孩更早理解这两件事情代表的价值与意义。 

 

    所以即使才艺课程多到填满我放学后的时间，我也不觉得痛苦。 

 

    插花、书法、钢琴、补习班，升上三年级之后还多了游泳课，我想下一个会增加的应该是英语会话班。能够让小孩子选择的选项我大多都选了，我认为光是能够选择，就已经很幸运了。 

 

    即使从一个小孩子的角度来看，我家也是比其他人家气派。 

 

    有漆黑的大门、左边有帮佣专用的小门、腹地内的庭院种了很多树、围墙很高，从外头无法轻易看见里面。 

 

    比建造在对面的整栋浅绿色公寓还要宽敞的家。 

 

    住在家里的有父母、我、父亲这边的祖父母，以及两只猫。相较于居住人数，这个家真的很大。 

 

    在这里出生、成长的我，不可以是个不成材的小孩。 

 

    我在没有人教诲的情况下自然地这么认为，当然，因为不是别人告诉我，所以我不知道这是否正确。不过当我明确地行动，并得出好结果时，家人都不会显得不悦。应该不会有父母因为小孩优秀而不高兴吧。 

 

    所以今天我也先回家一趟，放下书包之后，马上准备去才艺班上课。 

 

    我父母都有工作，所以家中一片寂静。今天祖父母没有外出，因此也没有帮佣过来。我来到厨房，喝了一杯水，即使只是走过小学到家里的距离，也是很口渴。排气扇的另一头传来了蝉鸣。 

 

    我拿着装好游泳用具的包包离家",
2482,97409," ★☆★☆★☆轻小说文库(Www.WenKu8.com)☆★☆★☆★ 

  第二卷 恋爱与小糸  
     台版 转自 天使动漫论坛 

 

    图源：amentia 

 

    录入：kid 

 

    若要说得傲慢一点，现在陪伴在七海灯子身边的人是我。 

 

    装潢古色古香的这间学生会办公室，据说原本是书道教室。我因手边工作告一段落而抬起头，陈年老木的香气便窜入鼻腔。我想确认这阵香气的出处而转头，就换成红茶的香气扑鼻而来。同样正在工作的黑发学姊正一手拿著杯子左右摇晃，从杯子冒出的热气搭配洒入室内的阳光，有如淡淡的云气般扩散。 

 

    而学姊夹杂著像是现在才发现不对般的动作，瞥了我一眼。 

 

    「灯子呢？」 

 

    向我确认灯子行程的举止，让我内心有些欣喜。 

 

    「啊，她今天有点事……」 

 

    我故意用暧昧的说法带过，并心想应该就是现在而看向窗户。彷佛妆点著学生会办公室，或者说围绕著学生会办公室的丰富自然风光，正以阳光打扮著自身。灯子现在正在有如森林的那景色深处，接受同年级的男生告白。不知道是否因为受到建筑物与林木包围的那里鲜少有人经过，是个理想的场所，所以在这种情况下常会指定要在那里碰面。 

 

    灯子究竟在那里拒绝了多少人告白呢？ 

 

    到第十个人为止，我都还有记数。 

 

    这次灯子没来跟我商量，不过所谓八卦就是很容易传开……也可能单纯是我刻意地尽可能想多知道一些与七海灯子有关的事情。 

 

    尽管知道灯子不可能接受告白，但我还是多少无法平静。每当我想起灯子的背影，在她身边的都是我。我可以很自负地说，这并不只是存在于我的想像之中，实际上也是如此。 

 

    我不太想去思考这样的定位遭到取代的状况。 

 

    我认识灯子已",
2492,93410," ★☆★☆★☆轻小说文库(Www.WenKu8.com)☆★☆★☆★ 

  第一卷 开始与结束的早晨  
     网译版 转自 TSDM翻译组 

 

    翻译：真霄蜗牛 

 

    校对：断章的罪歌 

 

    图源：k（LK&TSDM id：241823） 

 

    修图：k（LK&TSDM id：241823） 

 

    青年在牧场工作。虽然这并非他本意，但又没有其他去处，会变成这样，就仿佛流动的砂子遇到沟壑便定居下来般随遇而安。青年没什么大志，只要习惯了照顾动物，除了臭味以外他都能睁一只眼闭一只眼。只不过，唯独必须早起这点，无论过了多久都很痛苦。 

 

    在青年脑子里，只有活过今天，明日愁来明日愁。 

 

    无论青年怎么思考，或是想做什么，都不会给这个世界带来任何改变。 

 

    就算他现在消失，也不会有谁受到损失。至少青年本人是这么想的。 

 

    而这样的青年目击到那道光，是他在晨光微熹中开始打扫小屋时发生的事情。 

 

    在闪闪发光的云海另一头，他看到了有别于星星闪烁的东西。睡眼惺忪地干活的青年擦了擦眼睛，抬起头。他发现，起初漫不经心地望着的那点光亮越来越大。如此一来，连小屋里动物的叫声他也顾不上了。 

 

    伴随着巨响，光越来越近，简直连云都为它让路。 

 

    在青年看来，发光物体所在的距离已经不容他置身事外。 

 

    或许是对噪声有了反应，动物们也开始大吵大叫。 

 

    青年听着此起彼伏的吵闹声东跑西窜，然后把打扫的工具留在原地离开了小屋，前往光落下的地方。他有点畏缩，步伐也难说算不算是在跑。正如青年的目测和巨大的声响所示，那东西正要降落在牧场里。青年目击到来自光中的东西的另一面。 

 

    就连落下来的是什么，青年都无法理解",
2496,93457," ★☆★☆★☆轻小说文库(Www.WenKu8.com)☆★☆★☆★ 

  第一卷 第1章 所谓世界，便是当下发生的一切事物。  
     台版 转自 深夜读书会 

 

    购书人：深夜读书会 

 

    录入：深夜读书会 

 

    读书群：714435342 

 

    世界，可以分解为事实。（１．２） 

 

    魔法少女回泽小海，是一位有着棕色长发的美丽少女。 

 

    好比说秋天午后，课堂上的一瞬间，她清澈的眼眸瞥向窗外，那浅琥珀色的瞳孔映着阳光，显得又大又明亮。高密度的睫毛在这对光明之上画出浅影，同时描绘着自然上扬的曲线。清透雪白的肌肤，微泛朱红的脸颊，颊上一层白膜般的微亮乳毛，看来有如天使赐福的神秘薄纱。从那双微微交叠的帆船鞋鞋尖，到无聊玩弄自动铅笔的指尖，构成一道完美优雅的曲线。尤其是她那双腿的线条更是美得让人惊讶，可以说美到非人哉。若要说世上没有神，那么人体这区区一团物质，如何能够受赐奇迹，展现出如此完美的造型？（不可能。）这样的美令我深信是某种伟大事物的意志，除了说是某种魔法便不做他想。真是掌控天地之尊贵神子，完美公主圣少女，即使太阳冻结都不会退去的永恒欢喜啊那个。 

 

    身为一个超乎常理的美少女，小海理所当然地不受同性同学喜欢。然而这些女孩不过是随处可见的芸芸众生，小海则是受众神宠爱于一身，凡人怎么也伤不了她高贵的灵魂。 

 

    一早小海来上学，教室里窗边的座位上，整个桌面都被油性麦克笔张牙舞爪地写满平庸国中女生绞尽贫瘠词汇力的字眼，大致都是「去死」这个意思，但她见到了这景象，也只是稍稍皱眉低喃了一声「哎呀」，一秒之后又恢复平时那有如半睡半醒的表情，心平气和地拜托隔壁的男同学：「哎，你可以跟我换桌子吗？」这句话正常解释起来是请求，但实际上想必是以接近神谕的强制力来驱动这男同学。搞不好这也",
251,12161," ★☆★☆★☆轻小说文库(Www.WenKu8.com)☆★☆★☆★ 

  tricksters D ~「D」的前幕~  
     ~「D」的前幕~ 

 

    虽然现在还在说这种话，怎么听都像是在找藉口，不过我还是要说出来。 

 

    老实说，是我太掉以轻心了。 

 

    我在精神上对麻烦事的把关松懈了下来。 

 

    所以实际上应该已经预测到会有「那个」到来的我，却没能察觉到它的到来，以至于当局者迷地从头到尾手忙脚乱，造成乱成一团的结果。 

 

    不过手忙脚乱也好、乱成一团也好，人常常在该来的时刻到来时，陷入不得不做出选择的处境，被迫做出结论，有时候也会被逼得做出不合自己心意的事。甚至连小偷或拦路打劫的人也会找这样的藉口，所以要说扯也是真的可以扯很远。所谓的人生，真的是不如意事十常八九；也或许就是要碰到许多不如意事十常八九的状况，才配称是人生。但这也不是到现在还值得大肆宣扬的事了吧。 

 

    不过 

 

    有没有人曾经在不经意问冒出过一种念头呢？ 

 

    这个所谓的人生不如意事十常八九，会不会是因为有某个地方的某个谁这样把它写下来了，所以才会是这样的呢？ 

 

    人生是一种故事。 

 

    那么那个故事会不会有作者存在呢？自己的人生不，自己这种存在本身，会不会就是那个他、或是她所写出的呢？有人也这样想过吗？ 

 

    ***** 

 

    对了，我天乃原周，在进入「国内唯一魔学研究机构」私立城翠大学魔学系就读，分到佐杏老师的专题研究组中之后，已经两次牵扯上大事件了。 

 

    第一次在四月。 

 

    第二次在六月。 

 

    那么第三次就是下一个偶数月八月。 

 

    不论谁都会这样想的吧。 

 

    但是在八月与九月整整",
251,12205," ★☆★☆★☆轻小说文库(Www.WenKu8.com)☆★☆★☆★ 

  tricksters M ~「M」前幕~  
     周在打盹时作了个梦，那是个适合称之为大胆作案预告的「预知梦」。以被害者视点织就的梦境，令周无从得知这个将要发生的未来到底会出现在谁身上。只是以至今为止的经验来说，大有可能是发生在与周极亲近的人也就是不知不觉已经在周心目中占有重要地位的凛凛子等五人身上。未来视一如其名，是种可以事先看到既定未来的能力。周在面对不可避免的未来时，首次为了企图改变它而行动。然后去推理何时、何地、谁会遇害的规格外推理就这样开始了，不过！？法术师与「Ｍ」的故事登场！ 

 

    久住四季1982年4月1日出生于岛根县，某国立大学文学系毕业。以本作品投稿电击小说大赏得到编辑青睐而成为作家。 

 

    「登场人物介绍」 

 

    「面具舞会」参加者 

 

    扇谷諡伦敦大学魔学系研究生，印南的哥哥。曾为名侦探。 

 

    三嘉村凛凛子城翠大学魔学系一年级。 

 

    扇谷印南城翠大学魔学系一年级。 

 

    酒匂理惠城翠大学魔学系一年级。 

 

    午沼千里城翠大学魔学系一年级。 

 

    在真冰鱼城翠大学魔学系一年级。 

 

    「面具舞会」经办者 

 

    樋野智明推理小说研究社社长。 

 

    衣笠侦史郎推理小说研究社社员。 

 

    宫野亚子推理小说研究社社员。 

 

    其他 

 

    佐杏冴奈：魔学结社奥兹的法术师。城翠大学魔学系客座教授。 

 

    藤代冬子？？？ 

 

    周黑猫。 

 

    叙事者 

 

    天乃原周城翠大学魔学系一年级。 

 

    ~「M」前幕~ 

 

    真的是很久没有在梦",
251,16453," ★☆★☆★☆轻小说文库(Www.WenKu8.com)☆★☆★☆★ 

  tricksters C PART2 【第六章】 Act Ⅵ including  
     【第六章】ActⅥincluding 

 

    15.名侦探与反侦探 

 

    这不是在炫耀，须美的运动神经很烂。 

 

    虽然运动只有两个字，不过其中也包含许多种类。那她到底是哪种运动神经很烂呢？如果要这样问，也只能回答「全部」。 

 

    她吊不起单杠、跳不过五层跳箱。游泳时在二十五公尺的游泳池中，会觉得另一头像世界的尽头一样远。网球与排球等运动也不分种类几乎全都不行，打保龄球时还曾经达成一局全洗沟的不名誉大记录。 

 

    不过其中她最不擅长也最讨厌的，就是耐久跑步、长跑这类首先要求体力的竞技。自己已经没有运动神经了，同时在体力这方面还有致命性等级的缺陷。她有这样的自觉。 

 

    所以。 

 

    「呀！」 

 

    她会跟不上冲出第一个案发现场、不知道往哪里疾步狂奔的老师，累得脚绊到脚摔了一跤，就某种意义来说是理所当然的结果。 

 

    发现到她摔倒，跑在前面的园马和萌萌花站定脚步。 

 

    「痛」 

 

    「须美！」 

 

    萌萌花连忙要跑回来但是突然想到什么似的「啊！」了一声：「园马，须美的事拜托你了！由我去追那个老师！」 

 

    「咦？可是」 

 

    「废话少说，你快去啦！」 

 

    萌萌花不管三七二十一，就把他推向须美的方向，然后再次拔腿狂奔，追着老师而去。 

 

    园马歪着头看着她的背影远去，不过马上就回到须美那里对她伸出手。 

 

    「智纳木同学，你没事吧？有没有受伤？」 

 

    「啊、嗯，我没事。对不起」 

 

 ",
251,9594," ★☆★☆★☆轻小说文库(Www.WenKu8.com)☆★☆★☆★ 

  tricksterS 预习课程  
     「登场人物介绍」 

 

    佐杏冴奈……………魔学结社奥兹的魔法师，城翠大学客座教授。 

 

    药歌玲………………城翠大学理事长，也是城翠大学魔学系的创办人。 

 

    三嘉村凛凛子………城翠大学魔学系新生。佐杏专题研究组的学生。 

 

    在真冰鱼……………城翠大学魔学系新生，佐杏专题研究组的学生。 

 

    扇谷印南……………城翠大学魔学系新生，佐杏专题研究组的学生。 

 

    酒匂理惠……………城翠大学魔学系新生，佐杏专题研究组的学生。 

 

    午沼千里……………城翠大学魔学系新生，佐杏专题研究组的学生。 

 

    须津黎人……………警视厅搜查一课的警部，杀人课三杰之一。 

 

    暮具总………………警视厅搜查一课的警部，杀人课三杰之一。 

 

    久远成美……………警视厅搜查一课的警部，杀人课三杰之一。 

 

    手鞠坂幸二…………城翠大学医学系新生，周的好友。 

 

    亚历斯特·克劳利……二十世纪最伟大的魔法师。 

 

    * 

 

    天乃原周……………城翠大学魔学系新生，叙事者。 

 

    ~~预习课程~~ 

 

    且让我缓缓闭上眼睛，侧耳倾听流泄而至的乐声。 

 

    那是—— 

 

    * 

 

    ——事情发生在所有事件都已落幕两周后的某一天。 

 

    在事件解决之后，我真的依约去参加我答应手鞠坂会去的联谊。对方也是城翠大学的学生，是一年级医学系的女生们。至于联谊地点也不必多说——当然就是距离JR宫古站三分钟步行距离的贝克咖啡厅了。 

 

    「咦、咦？魔学",
2537,101028," ★☆★☆★☆轻小说文库(Www.WenKu8.com)☆★☆★☆★ 

  第四卷 第一章  
     台版 转自 轻之国度 

 

    图源：音无 

 

    扫图：风 

 

    录入：kid 

 

    修图：也许吧O狼 

 

    阿尔凯特王国西方上空。天马悠悠飞越小山脉，跨坐在它背上的正是银发少女米菈。 

 

    「不论何时看见都这么辽阔吶。」 

 

    眼底是一片无边无际的深绿色森林。米菈一面感叹森林的雄伟壮阔，一面眺望远方的地平线。 

 

    就在这个时候，脚边突然传来一阵轻微的震动，以及一声坚硬物体碎裂的闷响。听起来就跟葛雷特驾驶的马车辗过僵尸和宝石兽时一样。 

 

    「不，怎么可能吶……」 

 

    话虽如此，这里也是半空中，能辗过的东西顶多只有鸟而已。而鸟应该不会挡在圣兽天马之前才是。实际上，在来到这里的途中，米菈也看见鸟群如摩西分红海般在眼前分开。 

 

    那么究竟是什么？米菈指示天马停下向下方窥探，看到一只直直朝森林坠落的白鸟。 

 

    （那是暴雪鹰吗？） 

 

    凝神一看，可以看见雪白色的翅膀以及血红色的喙。米菈认得那种鸟。 

 

    是分类为魔物的暴雪鹰。直直坠落的白翼染上暗红色血液，不留原形。 

 

    心想莫非蓦然回首，不出所料，天马的蹄上沾满魔物的血。看来是天马击退了袭击而来的魔物。 

 

    米菈松了口气，看著暴雪鹰消失在白雾弥漫的森林中。 

 

    随后以指尖轻扶下巴，不解地侧了侧脑袋。 

 

    （嗯……大陆南方居然出现暴雪鹰，还真奇怪吶。莫非这也是游戏变成现实的变化吗？） 

 

    米菈疑惑地看著森林。原本暴雪鹰是只会出现在大陆最北端终年白雪覆盖的森林或高山上的魔物。那双白色的翅膀",
2537,102384," ★☆★☆★☆轻小说文库(Www.WenKu8.com)☆★☆★☆★ 

  第五卷 第一章  
     台版 转自 轻之国度 

 

    图源：神剃 

 

    扫图：风 

 

    录入：kid 

 

    修图：不想修图的kid 

 

    自月光湖起飞过了大约两个小时。米菈在小河潺潺的草原上仰望天空。他在河边上完厕所，喝了瓶苹果欧蕾补充流失的水分。蓝天遥遥，缓慢流逝的云朵彷佛小孩手中的黏土，不停变幻形状。 

 

    微风轻抚脸颊，带来舒适宜人的午后。 

 

    米菈依偎在天马身边看著微风祥和的踪迹，环视不知不觉间聚集而来的小鸟与动物，使内心更加平静。 

 

    「真和平吶……」 

 

    米菈忍不住低声说出心中的感想，天马便嘶鸣回应，周遭的动物也开始合唱像是在表达同意。乍看之下，动物们的模样和平无比，尽管种类繁多都乖乖相处，没有争执。 

 

    就这样，米菈充分享受暂时的歇息养精蓄锐，骑上马蹄沾满血液的天马，潇洒地飞上天空。 

 

    随后，动物们朝头部有马蹄形凹陷的巨鸟尸体一涌而上，争夺它的肉；但米菈事不关己地遥望著目的地。 

 

    黄昏过后光芒沉入地平线下，黑暗便如帷幕一般垄罩天空。点亮夜晚的支配者开始在高空闪闪发光，灯光随之接连在远方浮现。格外显眼的巨大建筑物在灯光映照下投射出淡淡的阴影。 

 

    「终于看到了。」 

 

    米菈紧紧抓住天马的脖子，在夜晚的黑暗中凝神望向前方。由于天色昏暗而且还有些距离，虽然看不到火车的铁轨，不过从灯光可以看出那是座生气蓬勃的城市。 

 

    银边城（Silver Side）虽不及阿尔凯特王国的首都月光湖，但依然是座宏伟的都市，更是以车站城之名在铁路沿线发展而成的新兴都市之一。 

 

    天马一抵达银边城",
2537,103870," ★☆★☆★☆轻小说文库(Www.WenKu8.com)☆★☆★☆★ 

  第六卷 第一章  
     台版 转自 轻之国度 

 

    图源：神剃 

 

    录入：kid 

 

    车站城银边城西南方上空。背后耸立著绵延不绝的山脉，前方一片无垠的草原映入眼帘。 

 

    虽然不知道对方如何得知自己的行踪，米菈还是从在旅馆外等候的管家手中接下自称贤者弟子之人的信。信上写说想跟同样自称贤者弟子的米菈见面。 

 

    尽管不知道是谁的弟子，若是顺利的话，就有可能找到行踪成谜的九贤者其中一人的线索。米菈抱著这种期待，前往指定为碰面地点的遗弃庭园。 

 

    那是一座领主别墅的遗址，在米菈所知道的时代更久远之前曾繁荣一时，却在没落之后遭到遗弃。 

 

    看著地图飞了十几分钟，他在宛如胡渣般杂乱的茂密树林正中央找到腐朽到几乎不留原形的宅邸。 

 

    遗弃庭园就在那栋宅邸后面。米菈缓缓降低高度，指示天马在宅邸后方的广场降落。 

 

    他抚摸用脸磨蹭撒娇的天马，转向庭园的方向。 

 

    巨大的庭园在繁荣当时绚烂豪华的程度想必是大陆首屈一指；然而如今早已黯然失色。不知名的杂草占地为王，粗鲁地将脚伸进铺设好的走道，景观不愧遗弃之名。 

 

    「所以是在这里的哪儿吶？」 

 

    米菈再次取出信件确认，上头却只写了遗弃庭园，并没有标注具体地点。庭园相当宽敞，从一头走到另一头起码要花上二十分钟。 

 

    再次环视周围，视线被杂草与树木遮蔽看不见远方。不过庭园中央有一座如小山丘隆起的石造观景台，在树梢的缝隙间透露出明显的存在感，就连在现在位置也能清楚看见。 

 

    「好，天马啊。飞去那座小山丘吧。」 

 

    米菈再次跨上天马，它便开心地嘶鸣，一蹬飞越树木顶端。 ",
2537,108380," ★☆★☆★☆轻小说文库(Www.WenKu8.com)☆★☆★☆★ 

  第七卷 第一章  
     台版 转自 轻之国度 

 

    图源：神剃 

 

    录入：kid 

 

    米菈感受到坠落般的失重感，意识从浅浅的梦境中浮上水面。接著慢慢张开双眼，映入眼帘的是细小光芒摇曳的漆黑夜空，及一名灰发贵公子。 

 

    （怎会如此……） 

 

    天秤城塞的任务因为空之民男子的登场而失败，但是他们从化为沉默尸骸的奇美拉克劳森成员身上，成功推测出他们下一个目的地是幻影回廊。目前正在前往该处的途中，在湖畔休息。 

 

    那时，米菈原本睡在车厢内，现在却来到陌生的地方。 

 

    即使想要掌握状况，大脑也来不及处理，只能一脸不悦地瞪了一眼用公主抱小心抱著自己的男子。 

 

    「汝是何人，绑匪吗？」 

 

    米菈犹如呢喃著梦话似地说著。听到声音，男子发觉米菈醒了，对她露出十分善良的微笑，回答「我不是坏人。」并轻轻行了一礼。 

 

    米菈一脸狐疑地瞪著男子。这是当然的。不知为何，自己在睡梦中被人带了出来，在这种状况下不可能不会怀疑。 

 

    男子似乎也有所自觉，偷偷把眼睛撇开；但是不知道为什么，他的表情并没有恶意，反而透露出一股愧疚。 

 

    「总而言之，能否先放下老朽？」 

 

    话语甫落，米菈就挥舞双脚想脱离男子的怀抱。 

 

    「啊啊，小心！」 

 

    男子连忙抱好差点从怀里挣脱的米菈。这时，一名女子突然从男人背后跳了出来，抱住米菈挣扎的双脚。 

 

    「啊啊，对不起，请你再稍微忍耐一下。现在我们在湖里，他一松手你就会沉下去。」 

 

    女子抓住双脚，恳求似地说明。她身披羽衣，有著一头晶莹剔透的蓝发，发丝更发出熟悉的淡淡",
2537,110844," ★☆★☆★☆轻小说文库(Www.WenKu8.com)☆★☆★☆★ 

  第八卷 第一章  
     台版 转自 轻之国度 

 

    图源：神剃 

 

    录入：kid 

 

    萝丝莱茵公国，首都艾琳恩。米菈跟蝎遵守与炼金术师约翰的约定，救出他的妻子和女儿。原本预计接著救出约翰本人，但他们却在城市郊外的宅邸看到凌乱不堪的地下室。 

 

    米菈等人在那里找到了疑似是约翰留下的血迹后，分工整理散落一地的文件，简单确认了一番。结果发现，和梅尔维尔商会交易相关的文件全部不翼而飞。 

 

    「果然如此，应该将此视为对方发现了吾等的举动吶。」 

 

    米菈瞥了一眼堆积如山的文件，不悦地蹙眉。 

 

    「可是为什么呢？完全隐密不只能瞒过人的知觉，就连最先进的魔力感应装置都能骗过，不论是哪种术具都应该无法察觉到我们的存在，也没办法窃听才对呀？」 

 

    蝎看著华兹兰贝尔，回想他的犯规能力。 

 

    寂静精灵的力量货真价实，和约翰的接触与交涉为求谨慎，全在完全隐密的范围效果内进行，所以内容不可能泄漏。 

 

    虽然约翰有可能主动向对方报告自己的背叛行为，但是安洁莉卡与安妮如他所说，是真的遭到囚禁。换言之，这证明了约翰的话属实，因此他不可能自首。 

 

    即便如此，约翰和文件消失无踪仍是不争的事实。 

 

    「总之先搜索一次宅邸，或许有遗留的线索吶。」 

 

    「嗯，也对，就这么办吧。」 

 

    可能性不高，但聊胜于无，于是米菈一行人开始搜索宅邸。 

 

    既然没有监视的警卫，就能毫无顾虑地用无形术照亮周围，搜索一楼每一个角落；不过他们没有找到任何线索。安洁莉卡则以怀念的表情看著大宅屋内。 

 

    接著米菈等人爬上二楼，直接前往遇见约",
2537,113003," ★☆★☆★☆轻小说文库(Www.WenKu8.com)☆★☆★☆★ 

  第九卷 第一章  
     台版 转自 轻之国度 

 

    图源：神剃 

 

    录入：kid 

 

    时刻刚过清晨五点。战胜奇美拉克劳森后的早晨，米菈与赛罗骑著天马，在圣波利东方远处的上空优雅地飞行。 

 

    他们在天上也能清楚地看到艾梅拉及五十铃联盟的金刚等人的所在位置。这是当然的，因为那附近是一整片焦黑的痕迹。 

 

    「看起来甚是惨烈吶……」 

 

    「毕竟这次的规模已经接近战争了啊……」 

 

    除了焚毁的民宅之外，附近还有不少疑似奇美拉克劳森士兵的遗体。从状况看来已经开始处理遗体了，不难想像战事刚结束时状况比现在还要凄惨。 

 

    对事不对人，尽管这么想只能稍微感到宽慰，米菈与赛罗看到眼底的光景依然默默祈祷。 

 

    接著两人飞往焚毁村庄稍远处的简单营地。营地其中一边的医护站挤满大量伤患，由此可见这次的战斗有多么激烈；不过包含伤者在内，在场所有人眼神都闪耀著光芒。 

 

    长年来的战争终于结束，米菈身为中途参加的协助者无法想像他们多么开心，但还是能从众人的表情上略知一二。 

 

    「或许该说声辛苦了吶。」 

 

    米菈喃喃说道，指示天马在空旷处降落。接著他感谢天马将它送还之后，走向医护站的相反方向，犹如庆功宴般热闹的地方。 

 

    就在途中。 

 

    「找～到～你～了～！米菈妹妹～！」 

 

    芙丽嘉突然拨开五十铃联盟的士兵，一把抱住米菈。赛罗见状只有面露苦笑说了声「抱歉，每次都这样。」并没有出手阻止。 

 

    随后一阵风吹来，米菈同时重获自由。他呆愣地顺著风看去，看到奔驰的艾梅拉以及逃跑的芙丽嘉。 

 

    看来芙丽嘉终",
2537,115466," ★☆★☆★☆轻小说文库(Www.WenKu8.com)☆★☆★☆★ 

  第十卷 第一章  
     台版 转自 天使动漫论坛 

 

    图源：神剃 

 

    录入：kid 

 

    亚斯大陆的中心地带。以四季之森为中心，四座山脉向东西南北延伸而出。季节分明已经来到夏季，山顶附近依旧白雪皑皑，描绘出伸向远方的深绿与强而有力的白线。 

 

    金翅鸟搬运的车厢正悠悠地飞越其中之一，标高远远超过五千公尺的东方山脉上空。 

 

    「看起来还真冷吶。」 

 

    米菈望向窗外嘀咕。 

 

    眼底是一片白雪覆盖的山景，但尽管位在五千公尺以上的高空，车厢依然温暖舒适。这是当然的，米菈专用的订制车厢在设计上，就算位于高空也能维持车内的环境。 

 

    米菈如同在家里放松一般，眺望窗外一片雄伟壮阔的绝世美景，沉浸在些许的优越感中。 

 

    「应该在那附近吧。」 

 

    他稍微探出身体，将视线转向西方。 

 

    山脉于中央盆地交错，盆地中的四季之森就是九贤者之一，神乐所组织的五十铃联盟根据地。 

 

    奇美拉克劳森危害人类善良邻居之精灵，五十铃联盟就是为了对抗他们而生。如今讨伐了最大也是最后的敌人奇美拉克劳森，他们正在致力于表面上的自然保护活动。 

 

    （奇美拉讨伐的传闻在车站城也传开了，看来他们还得继续忙碌，真是辛苦吶。） 

 

    五十铃联盟的真面目是对抗奇美拉克劳森的武装集团，现在正散落各地缉捕他们的余党。传闻散播得越广，他们想必也会越加忙碌。 

 

    米菈看著四季之森所在的彼方，在内心祈祷他们顺利，翻开在车站城买的火车便当的盒盖。 

 

    刺激食欲的香气顿时充满整个车厢。 

 

    「喔，甚是色彩缤纷吶。」 

 

   ",
2537,117392," ★☆★☆★☆轻小说文库(Www.WenKu8.com)☆★☆★☆★ 

  第十一卷 第一章  
     台版 转自 天使动漫论坛 

 

    图源：海 

 

    录入：kid 

 

    古代地下都市第七层，巨大的机械怪物──机械守护者（Machina Guardian）在最深处严阵以待。 

 

    它的全长高达五十公尺，外型宛如生物，无机质的身体却源源不绝地发出机械驱动声。八只金属制的脚伴随驱动声高速移动，发挥难以想像是机器的灵巧动作在大空间中肆虐，排除所有涉足此地的入侵者。 

 

    与之相对的是无数骸骨及大大小小的魔像军团。而操纵它们的死灵术士──「巨壁之索尔霍尔」也身在此地。 

 

    此时，战场上出现新的战力。是体型不输给机械守护者的皇龙艾森佛德，以及七名女武神。 

 

    不仅如此，穿越战场的还有过去以「军势」称号著称的召唤术士，如今是少女之姿的米菈。 

 

    死灵术建造的炮塔与堡垒罗列在战场上，索尔霍尔站在其中最大的要塞顶端，米菈降落在他身后并走过去。 

 

    「艾森佛德与女武神七姊妹。长老，你出现在这里是偶然吗？」 

 

    米菈还没开口，索尔霍尔便注视著战场装模作样地说，脸上带著冷笑回过头来。 

 

    「咦？」 

 

    下一秒，他反而露出堪称傻眼模范的呆愣表情。 

 

    「蛤？」 

 

    索尔霍尔整个人转过身来，一脸完全无法理解地看著米菈，再次发出疑惑的声音。话虽如此，这也理所当然。他脑中浮现的人物，和米菈现在的身影实在相差太多了。 

 

    「啊……许久不见了吶，索尔霍尔啊。」 

 

    米菈则是正面接下怀疑的眼神，面带苦笑挥了挥手。由于变成现在这副模样的理由令人难以启齿，他在心中期望对方能尽可能不要深究。 

 ",
2537,119239," ★☆★☆★☆轻小说文库(Www.WenKu8.com)☆★☆★☆★ 

  第十二卷 第一章  
     台版 转自 轻之国度 

 

    图源：拉菲 

 

    录入：拉菲 

 

    格林姆达特位在大陆北方。其领地附近之格兰林格斯城的高级旅馆之中，米菈正在悠闲自在地享受休息时光。 

 

    或许是因为在这座城市地下的古代地下都市达成寻找九贤者之一的机密任务，他的心情清爽畅快。 

 

    他顺利与死灵术的九贤者索尔霍尔重逢，并和他做下归国的约定。这是继华伦丁与神乐之后的第三人了。 

 

    再加上，米菈还在古代地下都市遇到令人心情高亢的邂逅。 

 

    力量仅次于精灵王的始祖精灵玛黛儿，以及神兽芬里尔。两人是力量足以超越艾森佛德的强大伙伴。 

 

    不仅如此，他还习得了宅邸精灵这前所未见的精灵召唤术。而那也是蕴含了无限可能性的全新法术系统。 

 

    此外，还得到了机械守护者的超珍贵素材。 

 

    更令人讶异的是，他在古代地下都市更下方发现的研究设施。那里随处都能窥见现代日本的影子，想必能助解开世界之谜一臂之力。 

 

    攻略古代地下都市原本只预定找到索尔霍尔，却意外获得了更多收获。 

 

    「不过，感觉发生太多事情了吶。」 

 

    米菈回想过去这一周，思考该如何向所罗门报告，觉得有些麻烦面露苦笑。 

 

    就像这样，米菈在沙发上休息了好一阵子，接著开始整理现在的状况。 

 

    内容主要是接下来的目的地。 

 

    他在这间旅馆的大厅，听到某群女冒险者谈论怪盗绒毛骰子将在名为哈克斯豪森的城市现身。 

 

    绒毛骰子据说曾捐钱给许多孤儿院，他可能会持有爱蒂西雅所在之孤儿院的情报。 

 

    然而，这次的旅程也获得了不少",
2537,120402," ★☆★☆★☆轻小说文库(Www.WenKu8.com)☆★☆★☆★ 

  第十三卷 第一章  
     台版 转自 轻之国度 

 

    图源：拉菲 

 

    录入：拉菲 

 

    怪盗绒毛骰子在一般大众的认知中是声名大噪的侠盗。他的偷窃目标不只全都是大坏蛋，据说还会捐献大笔善款给孤儿院。 

 

    如果是绒毛骰子，就有可能知道九贤者之一的爱蒂西雅所经营的孤儿院。 

 

    米菈基于这个可能性，来到了格林姆达特的邻国，林克斯洛特的哈克斯豪森城。 

 

    绒毛骰子锁定的贵族就在这座城市里。 

 

    穿过城市入口的大门，眼前出现一片辽阔的街景。 

 

    最先映入眼帘的是巨大的半圆形广场。在哈克斯豪森，东西南北的四扇城门后全部都是这种广场。广场面积十分可观，从门口到另一头的大街距离长达一百公尺。 

 

    米菈喜爱历史的朋友说，这个构造似乎有战争上的用途；但现在，眼前是一片和平的光景。路边摊生意兴隆，商人、冒险者与一般民众混杂在一起，讨价还价享受购物。 

 

    米菈搭乘的车厢、拉车的守护灰熊，与负责带路的尤里乌斯就走在广场上。 

 

    尤里乌斯自称是沃尔夫侦探事务所的助手，米菈现在正跟随他前去与那名侦探，沃尔夫所长会面。 

 

    他说，沃尔夫所长是最熟知怪盗绒毛骰子的人。 

 

    侦探与怪盗。换言之，那名沃尔夫所长就是相当于怪盗绒毛骰子死对头的存在。 

 

    「总觉得……怎么这么多戴面具的女性吶……莫非正在举办嘉年华吗？」 

 

    仔细一看，广场上约有半数女性都戴著遮住双眼的面具，甚至还能看见贩售面具的摊商。乍看之下，气氛宛如水都的嘉年华会。 

 

    但米菈隐隐约约察觉到原因。虽说察觉了，仍在心底祈祷是某种文化庆典的一部分，问走在",
2537,127655," ★☆★☆★☆轻小说文库(Www.WenKu8.com)☆★☆★☆★ 

  第十四卷 第一章  
     台版 转自 天使动漫论坛 

 

    轻书架×天使动漫录入组 

 

    图源：海 

 

    录入：kid 

 

    在哈克斯豪森迎接的早晨，是透彻无比的晴天。 

 

    米菈在男爵宾馆过了一晚，慢慢从床上起身展开早晨的例行公事。 

 

    他上完厕所，洗了个澡彻底清醒过来，在房内享用了奢华的早餐。 

 

    「唔嗯……麻烦归麻烦，但还是得去吗……」 

 

    米菈仰望窗外晴朗的天空，回想昨天的事情。 

 

    他协助了九贤者之一的拉斯特瑞德，也就是绒毛骰子的庐山真面目。 

 

    两人最后毁灭了名为基力安洛克的冒险者公会，米菈就和说还有事情要办的拉斯特瑞德道别，直接返回哈克斯豪森。 

 

    就在前往男爵宾馆的途中，经过大圣堂旁边时。 

 

    米菈看见那里正严肃地准备进行大型活动。 

 

    尽管前天，绒毛骰子预告当天才举办了大型节气典礼，现在就已经开始准备下一个活动了。 

 

    大型祭祀活动过后才不到几天，不可能马上举行下次祭祀。 

 

    换言之，现在准备的无疑是米菈捐赠「银天之欧洛斯」的捐赠典礼。 

 

    「也罢，没有办法吶……」 

 

    虽然麻烦，却没有办法拒绝。米菈早已下定决心捐赠，起身决定先去大圣堂看看状况。 

 

    （奶油烤马铃薯吗……回程时买一份或许不赖吶。） 

 

    米菈在大街上前进，望著映入眼中的甜点店，回想沃尔夫所长说的话。 

 

    昨天他和米菈分享了自己推荐的甜点排行榜，令米菈备感兴趣。 

 

    （听说有蒙布朗铜锣烧，老朽也许久没吃栗子羊羹了吶。） 

 

  ",
2537,129737," ★☆★☆★☆轻小说文库(Www.WenKu8.com)☆★☆★☆★ 

  第十五卷 第一章  
     台版 转自 天使动漫论坛 

 

    轻书架×天使动漫录入组 

 

    图源：海 

 

    录入：kid 

 

    清澈爽朗、万里无云的夏日午后，在阿尔凯特城所罗门的办公室中，米菈与所罗门正面对面认真地讨论。 

 

    内容关于终于有可能找到的梅铃，以及主要原因──尼尔瓦纳皇国的斗技大赛。 

 

    「不过，这规模还真不小吶。」 

 

    所罗门说昨天以特别形式送达的书信中，有一套解释斗技大赛各项细节的文件。 

 

    信中写道，参赛者的报名从通知寄抵各国的隔天起，为期两个月。初赛则于报名开始的一个月后依序召开，依照参加决赛的人数多寡而前后调整。 

 

    「光是报名就为期两个月，不晓得会有多少人参赛吶。」 

 

    「目前看来，可能会是近十年来最大的庆典呢。我想一定会有很多人参加喔。」 

 

    尽管会吸引多少参赛者还是未知数，所罗门推测有可能高达上万人。 

 

    米菈也笃定他猜得准没错。 

 

    这次召开的斗技大赛内容正是如此浩大。 

 

    首先，特别设置的会场中有足以容纳千人以上的选手村与餐厅。 

 

    资料中还写到，有战士、术士、年龄、双打、团体等各式各样的参赛类别，更有废除一切限制的无差别级比赛。 

 

    胜负由裁判判断能否继续战斗，或是其中一方宣告投降决定。 

 

    禁止置对方于死的行为。此外，原则上也禁止使用可能会留下严重后遗症的招术。 

 

    只是，大赛中布署了尼尔瓦纳引以为傲的菁英，十二使徒之一的圣术士「神言之爱丝梅拉达」以及她率领之救护团队。因此只要不是当场毙命的重伤，就算稍微粗暴一点，想必也",
2537,133737," ★☆★☆★☆轻小说文库(Www.WenKu8.com)☆★☆★☆★ 

  第十六卷 1  
     台版 转自 天使动漫论坛 

 

    轻书架×天使动漫录入组 

 

    图源：海 

 

    录入：kid 

 

    比夜晚还要漆黑的天空，闪耀著在地上绝对无法看见的漫天星斗。 

 

    即便如此，周遭仍十分明亮，能够清楚看见绵延至上空的岛屿。 

 

    白昼与黑夜同时存在的地点，正是英灵殿。 

 

    这里也是女武神的住所。 

 

    「唔嗯……岛又增加了吗？」 

 

    和上次造访的时候相比，群岛的数量好像变多了。米菈抱著这种印象爬上彩虹阶梯，来到位于最底层的岛屿。 

 

    这次米菈一行人造访英灵殿的目的，是为了解开街头巷尾流行之驱魔护身符的谜团。 

 

    护身符疑似与黑恶魔有关，使用了名为「亚姆露滴」，仅存在于神域与其附近的特殊物质作为核心。 

 

    正是因为这样，若要干涉此物，还是回到它自然存在的环境比较安全。 

 

    找出护身符中邪恶气息的真面目，揭露黑恶魔的野心就是此行的目的。 

 

    「好想跟女武神交手哟！」 

 

    「虽然有些麻烦的事情要处理──但我觉得最重要的还是缔结召唤契约。请务必给我缔结契约的机会！实不相瞒，我为了这一天──」 

 

    英灵殿入口的巨大门扉前，两名少女身穿朴素铠甲、手持佩剑守在那里。守卫问梅铃和布鲁斯来意，两人就分别回答。 

 

    梅铃显然忘了当初的目的，一如往常满脑子特训。 

 

    布鲁斯虽然确实掌握了目的，但是终于来到英灵殿，却让他难以压抑自己的愿望。以探究法术为第一优先，确实有银塔学者的风格。 

 

    话虽如此，两人的答案都称不上错。 

 

    这扇巨门",
2537,139683," ★☆★☆★☆轻小说文库(Www.WenKu8.com)☆★☆★☆★ 

  第十七卷 1  
     台版 转自 轻之国度 

 

    轻之国度录入组×虚空文学旅团 

 

    图源：Charles 

 

    录入：Charles 

 

    米菈在尼尔瓦纳的首都，拉陀那特拉亚的大街上快步前进，笔直前往堂堂耸立于正面的王城。 

 

    时间已经来到中午，斗技大赛又举办在即，大街上热闹非凡。 

 

    米菈悠闲地环视这个光景，心想风波终于平息了。感受着令人心旷神怡的喧嚣，他回顾至今为止的骚动。 

 

    （哎呦喂呀，想起来主任务已经几乎达成了呐。） 

 

    他来尼尔瓦纳的目的是执行机密任务。 

 

    而任务目标在城堡查一下资料就达成了。他虽然早就料到梅铃会来，想不到这么简单就找到了她。 

 

    她正以客人的身分借住在尼尔瓦纳的骑士世家，亚当家。 

 

    现在她一定在陪亚当家的孩子们修练，大开无双吧。梅铃就个性上不会因为是修练，就超出必要地手下留情。 

 

    不管对方是不是小孩，她都会毫不留情地摔飞。这就是梅铃。 

 

    米菈给了她变装用的衣服与染发剂，等斗技大赛结束，任务就能圆满达成了。现在可说只剩下时间的问题。 

 

    （不过，没想到那个驱魔护身符竟演变成那般非同小可的事件呐。） 

 

    找到梅铃的隔天，米菈发现黑恶魔的阴谋。商人带来亚当家的除魔护身符，竟牵涉出超乎想像的大事。 

 

    与华伦丁会合后，他们无意间发现了意想不到的历史事实──黑恶魔诞生的真相。 

 

    事情到底为什么会变得这么重大？米菈明明只是来找梅铃，苦笑心想找到她后居然卷进这么不得了的事件中。 

 

    （不过，若非这次的事件，后果可能会更加严重",
2537,149682," ★☆★☆★☆轻小说文库(Www.WenKu8.com)☆★☆★☆★ 

  第十八卷 1  
     台版 转自 轻之国度 

 

    轻之国度录入组×虚空文学旅团 

 

    图源：Charles 

 

    录入：Charles 

 

    晴空万里。尼尔瓦纳皇国的首都拉陀那特拉亚，今天也垄罩在斗技大赛的热情之中。 

 

    在赌上晋级决赛资格的小组预赛，就已经让观众情绪不断高涨，热度更是扩散到斗技场周边，群众的欢声充斥无数摊贩与活动会场。 

 

    现在的尼尔瓦纳堪称全大陆最热闹又最活力充沛的城市。 

 

    然而，同样在尼尔瓦纳皇国内却也有截然相反，弥漫着静谧沉重气息的地方。 

 

    王城中的会议室。 

 

    「好了，该怎么办？」 

 

    说出这句话的人是女王阿尔玛。她环视的眼光扫过米菈。 

 

    米菈等人凭借着重重计策，成功逮捕了邪恶组织「伊拉·姆艾尔堤」的成员。如今结束一连串讯问，众人在会议室集合。 

 

    神乐施展自白术，发现入侵者之一是「伊拉·姆艾尔堤」的最高干部葛洛佛，并从他口中获得了大量的情报。 

 

    「关于该如何活用这回取得的情报呐，先逮捕剩下两人果然是第一要务呐。」 

 

    如今获得了许多关于「伊拉·姆艾尔堤」的情报，揭发其支配下的组织、检举潜入各国的间谍等，下一步动作的选项一口气变多。 

 

    米菈表示其中最重要的，应该是逮捕剩下的两名最高干部。 

 

    葛洛佛招出的最高干部一共有三人。其中之一多亏拉斯特瑞德扮演的怪盗绒毛骰子大显身手，现已锒铛入狱。 

 

    需要捕捉的只剩下两人──骚扰巫女伊莉丝的尤古斯特，以及率领西尔维兰兹盗贼团的伊格纳兹。 

 

    「我也这么认为。虽然率领那四个人的",
2537,157350," ★☆★☆★☆轻小说文库(Www.WenKu8.com)☆★☆★☆★ 

  第十九卷 1  
     台版 转自 天使动漫论坛 

 

    轻书架×天使动漫录入组 

 

    图源：海 

 

    录入：kid 

 

    「唔……已经早上了啊。」 

 

    尼尔瓦纳城中，伊莉丝的房间。米菈在寝室迎接不晓得第几次早晨。令人心旷神怡的早晨不只在苏醒的那一瞬间，更能在各式各样的场面体会到。 

 

    余光中伊莉丝的睡脸。被她当成抱枕身处梦乡的团员一号。一手拿着书，腰上系着剑，小声问候「早安。」的夏露薇娜。 

 

    看见一切都一如既往，米菈不由自主地微笑，小声回应走出卧房。 

 

    洗了一个澡让脑袋清醒过来，他在回房途中遇见前来叫他们起床的阿尔玛。 

 

    令人心旷神怡的早晨比想像中还要脆弱。仅仅一人介入，就眨眼间烟消云散。 

 

    对伊莉丝来说，阿尔玛就像是姊姊，也像是妈妈。她熟练地叫醒伊莉丝，拍拍她的背要她起床盥洗。 

 

    就像这样，阿尔玛的到来让早上顿时喧闹起来。她俐落地准备早餐，米菈就在旁边帮忙。 

 

    等大家到齐就一起享用早餐。平凡的早晨热闹又温暖。 

 

    然后阿尔玛一如往常地被爱丝梅拉达带走后，喧闹的早晨也跟着结束，展开活力充沛的日常生活。 

 

    「好了，今天有什么消息呐？」 

 

    正在台面下进行的「伊拉·姆艾尔堤」歼灭作战势如破竹，联系到该组织头目的特殊术具也收集得相当顺利。 

 

    几天前，米菈在逮捕最高干部之一葛洛佛之后，又成功捕获了另一人。 

 

    米菈潜入号称坐拥大陆第一红灯区，各种欲望盘旋的米狄托利亚城，假扮成风月女子接近目标，成功逮捕最高干部之一的尤古斯特·葛拉登，并回收了他持有的术具。 

",
2537,165372," ★☆★☆★☆轻小说文库(Www.WenKu8.com)☆★☆★☆★ 

  第二十卷 1  
     台版 转自 天使动漫论坛 

 

    轻书架×天使动漫录入组 

 

    图源：海 

 

    录入：kid 

 

    天空一片晴朗，气候稳定。正在召开斗技大赛的尼尔瓦纳今天也无比适合举行庆典。连续好几天的庆祝与活动，使这里成为整座大陆最热闹的国家。 

 

    在首都拉陀那特拉亚，只要走出户外一步，充斥周遭的热闹与兴奋，似乎就会让人淹没在庆典气氛之中。 

 

    然而，聚集在尼尔瓦纳城某房间里的米菈等人，却与庆典的热闹无缘。 

 

    米菈一行人在「伊拉·姆艾尔堤」的根据地打倒了黑恶魔亚斯塔禄，成功毁灭了大陆最大的犯罪组织。他们收集了一点情报后归来，就直接在会议室集合。 

 

    阿尔玛、爱丝梅拉达以及米菈等九贤者，与格林姆达特的士官齐聚一堂。接下来即将展开报告兼今后动向的讨论会议。 

 

    「首先，大家辛苦了。」 

 

    由于现在格林姆达特的士官也在场，阿尔玛处于女王模式，充满威严慰劳众人。 

 

    那副模样和她美丽的外表相辅相成，让士官们不禁叹一口气。 

 

    相较之下，熟知阿尔玛真正为人的米菈等人几乎毫无反应，唯有哥特佛莱德不知为何一脸骄傲。 

 

    「那么，我看过这次的报告书了，有几个详细的问题想问──」 

 

    就这次行动的结果，诺因与士官们迅速整理好了报告书，在米菈等人归国之前，就已经请哔助寄给阿尔玛了。 

 

    因此阿尔玛大致掌握了在「伊拉·姆艾尔堤」根据地所发生的事情。 

 

    只不过，有些地方因为观点不同而有出入。为了确保资讯一致，会议先聚焦在潜入到打倒黑恶魔亚斯塔禄之间的过程。 

 

    话虽如此，内容并不",
2537,167254," ★☆★☆★☆轻小说文库(Www.WenKu8.com)☆★☆★☆★ 

  第二十一卷 1  
     台版 转自 天使动漫论坛 

 

    轻书架×天使动漫录入组 

 

    图源：海 

 

    录入：kid 

 

    庆典结束后总是会留下一股惆怅的心情。尤其是庆祝时越热闹，那段时间过去之后留下的失落感就越难以形容。 

 

    在尼尔瓦纳皇国举办的斗技大赛昨天结束了。说这是全大陆最热闹的时间也不为过，正因如此，米菈心中也充满类似失落感的心情。不过一看见斗技大赛的特别会场，那些感情顿时烟消云散。 

 

    「究竟要热闹到何时呐？」 

 

    斗技场前的广场在举办比赛的同时召开了各式各样的活动。如今比赛早已闭幕，依然有几项活动在广场举行。 

 

    结束的只有斗技大赛的重头戏比赛，这个特别会场要一阵子之后才会关闭。 

 

    就是因为这样，那里仍旧充满大量观光客。 

 

    玩不过瘾的人、热情尚未冷却的人、还不想回家的人，原因五花八门。 

 

    「不过，还真受欢迎呐……究竟为何如此有人气呐？」 

 

    在特别会场熙来攘往的观光客自大陆全土聚集而来，种族与服装各不相同，偶尔能看见颇具特征的人。 

 

    而在那之中，米菈莫名注意到服装和自己类似──也就是魔法少女风的人。而且由于日前才刚发表新系列，因此也看见不少人穿着小魔女风的衣服。 

 

    为什么会流行到这种程度？米菈没有发现自己也助长了那股风气，唯有抱着这个疑问横跨特别会场。 

 

    接着，他前去拜访昨天遇见且交谈了三言两语的莱威亚德。 

 

    他是无差别级的亚军，还是看穿米菈就是邓不利夫，本领高强的前玩家杀手。 

 

    这次以与老朋友交流为名目而来，但是米菈有更重要的目的。莱威",
2537,95891," ★☆★☆★☆轻小说文库(Www.WenKu8.com)☆★☆★☆★ 

  第一卷 序  
     台版 转自 轻之国度 

 

    图源：音无 

 

    扫图：风 

 

    录入：kid 

 

    修图：轻之国度录入组 

 

    VR（虚拟实境），这个系统完成以来如今已经过了约半个世纪，现在已然成为世界经济不可或缺的技术。 

 

    接受教育变成在家透过专用装置连上网路，经由虚拟实境上学听课。上下学时不会遭遇危险，更无须维护校舍的费用，使假想空间中的学校日渐驱逐现实世界的学校。 

 

    职场中也会于虚拟实境拜访客户，一切由电子程式代替便能省下影印资料的经费。与总公司大楼等设备的维护费用相比，管理VR专用伺服器的管理设施和租借法人用伺服器压倒性地经济实惠。 

 

    物理性质之外的需求全都能由虚拟实境弥补，使VR技术日新月异。 

 

    当然，游戏业者不可能忽视这项技术。尽管所需装置仍稍嫌昂贵，普及率依然高到一般家庭习惯买来当作成年礼物。虽有时期差异，市面上也推出了数款VR专用游戏。咲森鉴也是在成年礼收到VR装置的人之一。 

 

    工作全由VR装置在家里完成，休息时间便吃妈妈刚做好的午餐。他没有通勤时间，又于几乎不必加班的中小企业就职，生活上没有什么特别的不满。 

 

    某天，出现一部名为「Ark Earth Online」的VRMMO－RPG。这部游戏起初几乎没有宣传，封测在不知不觉间开始，并在不知不觉间结束。 

 

    鉴是看到深夜播放的电视广告，进而认识这部不知名的线上游戏的。那部广告没有声音也没有影片，只拨放了短短十五秒的VR专用网址。 

 

    在好奇心驱使下前往那个网址，全方位一片白色的虚拟实境中浮现「Ark Earth Online」的标题以及短短两",
2537,96842," ★☆★☆★☆轻小说文库(Www.WenKu8.com)☆★☆★☆★ 

  第二卷 第一章  
     台版 转自 轻之国度 

 

    图源：音无 

 

    扫图：风 

 

    录入：kid 

 

    修图：kid 

 

    头上万里无云，清一色的蔚蓝天空一片晴朗，唯有透明的风与长著翅膀的鸟儿能自由自在地飞翔。覆盖大地的绿意受到从天而降的灿烂阳光照耀，如同一齐抽出嫩芽般欣欣向荣。 

 

    风和日丽阳光普照的天空与太阳之下，是一片的辽阔森林。一条道路通过林中。自路上抬头仰望，每当树梢摇摆，树叶间洒落的光芒便有如星空般闪烁。 

 

    穿梭于树木间的微风带来新绿的气息，令这一带倏地春意盎然。 

 

    这是个似乎会有好事发生，不禁让人想走出户外，适合远足的午后。 

 

    道路正中央停著一台马车。马车旁，身穿军服的青年与穿著可爱哥德式服装的少女呆站在原地。 

 

    微风轻抚少女的脸颊，轻轻撩起银色的长发。那位少女——米菈双眼紧盯著一点，僵硬的表情甚至还有些发白。站在少女隔壁的青年——葛雷特也将嘴紧紧抿成一直线，看著卧倒在地面上的物体。 

 

    将土铺平压紧的道路足以让两台马车并驾齐驱。由于树梢间流泄的阳光在地上点点浮现，即使四周群树围绕视野也不差。 

 

    然而，即便如此，意外还是发生了。米菈回头瞥了马车一眼。视线前方是猛烈撞击之后，某种黏在车体上的深红色污渍。 

 

    心中带著难以言喻的焦躁感，米菈再次转向前方。 

 

    眼前有个衣衫褴褛的人，动也不动地趴在地上。 

 

    那个人有头、有身体、有脚；但他全身的关节都扭向不自然的角度，更有一只断臂飞到马车前方好几公尺外。 

 

    不论怎么看，都呈现了完美的车祸现场。 

 

   ",
2537,98074," ★☆★☆★☆轻小说文库(Www.WenKu8.com)☆★☆★☆★ 

  第三卷 第一章  
     台版 转自 轻之国度 

 

    图源：音无 

 

    扫图：风 

 

    录入：kid 

 

    修图：kid 

 

    绿意盎然的森林中，一台马车轻快地奔驰在描绘出和缓曲线的道路上。 

 

    那是几天前自镇魂都市科罗纳克出发，正在返回阿尔凯特王国首都月光湖的米菈所搭乘的马车。 

 

    和右手边相比，左手边的森林较为稀疏，反而使各种色彩丰富的花朵格外显眼。 

 

    就在这片风景的不同使米菈心里一喜一忧之时，在前方路旁不远处看到一群冒险者正在与数只魔物战斗。 

 

    话虽如此，这一幕在这个世界也十分稀松平常。驾驶座上手握缰绳的葛雷特瞥了冒险者的战况一眼，以熟练的动作将马车靠向另一侧路肩，稍微远离战场以免干扰对方。 

 

    然而，就在马车接近冒险者们后方之际，行进方向的地面上突然浮现魔法阵，一只宛如狸猫的生物从中现身。 

 

    「啊……」 

 

    突如其来的状况令人反应不及，马车豪爽地辗飞狸猫。随后，看似狸猫的动物发出一声「啾～」地可怜叫声再次消失在魔法阵中。 

 

    「方才那是啥！？」 

 

    似曾相识的低沉声响在车内响起，米菈连忙将头探向驾驶座，接著立刻环顾周遭的地面，确认有无人影倒在地上。 

 

    但是，附近却没有他想像的东西。 

 

    米菈放心短短一瞬间，立即回想起自己听到的那声撞击声相当大声。他心想对方说不定有可能被撞飞，于是环视更广的范围。 

 

    和缓的道路不停延伸，前方没有任何异状。继续将视野移向一旁则是看见在和风中徐徐摇曳的草原，以及在草原上战斗的冒险者们。他们后方耸立著深绿色的山脉，洁白的大片云",
2541,105416," ★☆★☆★☆轻小说文库(Www.WenKu8.com)☆★☆★☆★ 

  第二卷 一  
     台版 转自 深夜读书会 

 

    图源：深夜读书会 

 

    录入：ritdon.com 

 

    交流群号：714435342 

 

    1　晚秋 

 

    高中教育旅行结束后好一段时间，小熊度过了一成不变的日子。 

 

    骑乘Cub追赶没能搭上的教育旅行巴士——这个对小熊而言算是一段小小冒险的时光，如今感觉也如梦似幻一般。 

 

    在一如往常的时间醒来的小熊打开了收音机，脱下T恤和短裤后走进整体浴室，冲着夏天期间固定会洗的冷水澡。出乎意料的冰冷让小熊不禁想把手伸向热水那边的水龙头，不过她停下了手，继续淋着冷水。 

 

    小熊迅速地吹干不怎么需要花时间弄干的中长发，穿上内衣裤与制服。而后她帮未烤过的吐司涂上奶油，再以热水冲泡加了糖的即溶咖啡，做了一杯咖啡和牛奶各半的咖啡欧蕾。 

 

    吐司配上温暖的咖啡欧蕾，还有礼子送的青苹果——吃完平常的早餐后站起身的小熊，拿着装有教科书的帆布制一日背包走向玄关。 

 

    小熊拿起搁在鞋柜上的卡西欧电子表，还有把机车、公寓钥匙以登山扣环整理成一串的钥匙圈。她原本想伸手拿取挂在玄关一旁的机车夹克，但看见自己所穿的秋冬制服西装上衣，心想「这样子就够了」，同时把篮球布鞋从鞋柜中取出。 

 

    绑好鞋带的小熊，抓起放在玄关旁的安全帽及皮革手套，然后打开了门。 

 

    小熊到停车场去，先是解除了Cub的钢丝锁，进行简单的轮胎及机油检查后，再推起脚踏启动杆，踩下去发动引擎。这几天踩一次发不动的情形变多了。 

 

    今天早上，Cub的引擎也发出了可悲的声音拒绝启动。小熊碰触着位在转向把手左侧，天冷时发车用的阻风门拉杆。在拉起拉杆前",
2541,113502," ★☆★☆★☆轻小说文库(Www.WenKu8.com)☆★☆★☆★ 

  第三卷 一  
     台版 转自 天使动漫论坛 

 

    录入：会灰的鸟弹 

 

    小熊是个举目无亲，也没有朋友和兴趣的山梨高中生。开始骑乘一辆中古的Super Cub，便是她拓展自身世界的契机。 

 

    升上高中三年级的小熊，将藉由面对难以养车的困境，重新审视自己和Super Cub之间的关系。 

 

    我究竟为什么要骑Super Cub呢？ 

 

    我会骑著它到什么时候呢？ 

 

    对我而言，Super Cub是什么？ 

 

    1　岔路 

 

    小熊骑著Super Cub，驰骋在地图之中以细细的虚线所描绘的道路上。 

 

    在高二初夏购买Cub后，过了将近一年。小熊迎来夏天，并跨越了对机车骑士来说可谓考验的冬天。 

 

    今年南阿尔卑斯春天的气温似乎比历年要来得高，即使高耸的甲斐驹岳仍残留著白雪，周围低矮的山脉已展露出新绿的色彩。 

 

    只要再过一阵子等积雪和雾淞消失，山间道路便会从终日冻结中获得解放，就能骑车跑在上头了。 

 

    小熊与Cub至今为止度过的生活，受到诸多制约。 

 

    初次骑乘轻机不久的夏天，小熊的技术和装备都不足，能够透过Cub所认知到的世界还不怎么宽广。 

 

    来到秋天之际，小熊虽然获得了足以驾驭Cub的身子，以及依照经验法则所挑选出来的配备，可是Cub上路时需要燃烧汽油、加热机油，还有磨耗各处零件──她要维持这样一辆车所需的保养技术尚嫌不足，更重要的是金钱不够充裕。 

 

    到了冬季之后，物理上能够骑乘的道路会变少。尽管小熊所住的山梨在干道畅行无阻，可是遍布在山峰绵延的县内之中的林道将会冻结。就算是平地，一旦下起了雪",
2541,113625," ★☆★☆★☆轻小说文库(Www.WenKu8.com)☆★☆★☆★ 

  第四卷 一  
     台版 转自 天使动漫论坛 

 

    录入：会灰的鸟弹 

 

    1　孤身一人 

 

    高中生活最后的冬天，没有去年那么冷。 

 

    根据小熊在手机上看的网路新闻气象资讯显示，今年只是小寒来得比往年晚，并没有特别看到「暖冬」这个词汇，不过体感气温要比去年同一时期还要高。 

 

    高二时期的她在缺乏经验及装备的状况下，迎接了开始骑机车之后的第一个冬天。现在想必已经各种脱胎换骨了吧。 

 

    在甲府打完工，小熊驾驶著Super Cub骑在即将迎接十二月下旬的国道上，并以指尖触摸著安装在车上的透明挡风镜。 

 

    不光是挡风镜，她还准备了把手套、未脱脂的羊毛手套和袜子、整套连身的御寒服饰，以及阻挡冷风灌进领口的颈套等。机车是一种不利于冬季行驶的交通工具，而这些在去年的寒风中千挑万选的御寒配备，替小熊在冬天骑车时排除掉了苦难。 

 

    关于御寒配备，尽管失败和破财过许多次，小熊仍认为就结果而言买到了好东西。得以藉由最理想的方式，花掉学贷及打工所存下来的贵重财产。 

 

    要获得这些物品，需要的可不仅是金钱而已。 

 

    把手套是她和同样骑乘Cub的同学礼子一块儿四处晃荡时发现的。买下挡风镜的时候，小熊很犹豫是否该把钱花在效果未知的东西上，不过礼子的亲戚──那名信金课长借她试骑了附有挡风镜的业务车辆。小熊骑车协助进行文化祭准备时，和椎成了好友。手套和夹克内里，便是小熊拿椎送的未脱脂羊毛开襟衫，请手工艺社的顾问老师利用针织机重新缝制而成。日后，小熊便挂名在那个社团之中了。 

 

    总是在教职员办公室看著平装版外国小说的手工艺社老师，望见全身上下满是御寒配备，好似要立刻出发前往极地─",
2541,96151," ★☆★☆★☆轻小说文库(Www.WenKu8.com)☆★☆★☆★ 

  第一卷 一  
     台版 转自 轻之国度 

 

    图源：流哲不哼太 

 

    录入：kid 

 

    1　一无所有的女孩子 

 

    山梨县北杜市。 

 

    由中央本线的日野春车站延伸而出的下坡，越过国道后就会变为平缓的上坡。 

 

    有一名少女在初夏的阳光下踩著脚踏车。 

 

    身材娇小的她，在制服底下穿著运动服。 

 

    她留著妹妹头，脸蛋带著一抹淡淡的苹果色。要说是美少女，她的双眼又显得小而俗气。即使人在东京或神奈川的郊外，这个女孩也只会让人带有「乡下女学生」这样的印象。 

 

    少女名叫小熊，这个名字就像是要让她土里土气的外表变得更土一样。但就算想跟取名的人抱怨，也办不到了。 

 

    因为高二的小熊无依无靠、孤苦伶仃。 

 

    她的父亲在小熊出生后不久便因意外过世，母亲则是一点一滴消耗著父亲为数不多的遗产来把小熊带大。这样的母亲，在小熊升上高中后随即留下一张宣告失踪的纸条，一副任务已了似的消失无踪。 

 

    成为高中生后，小熊便忽然失去了至亲。由于父母是以接近私奔的形式结婚，和祖父母很疏远。而他们也早已仙逝，小熊并没有能够投靠的亲戚。 

 

    她和自己就读的高中及地方政府商量之后的结果，将接受助学贷款给付，能够继续在目前的学校读书。 

 

    小熊好不容易通过了为进行学贷审查而办的学力测验，暂时能度过一段平稳的生活让她松了口气。母亲虽然现在已不见踪影，但小熊姑且也感谢她没有将自己生成一个蠢蛋。 

 

    遭到唯一的母亲所拋弃的悲伤，在连续剧或漫画当中往往会被强调，却淡薄到连小熊自己都感到吃惊。 

 

    她和母亲从以前就过著鲜少交谈的生活",
2543,96323," ★☆★☆★☆轻小说文库(Www.WenKu8.com)☆★☆★☆★ 

  第一卷 伊贺乡杀人事件  
     台版 转自 轻之国度 

 

    图源：化物语 

 

    录入：化物语 

 

    0 

 

    「我有件事想拜托你们。」 

 

    在窗帘全拉上的广播社广播室，昏暗中，社长双肘放在桌上，双手在眼前交握如是说道。 

 

    「什么事情？」 

 

    社长认真的语调与平常相异，让伊贺桃戒备地回问。萤光灯反射下，让人看不清黑框眼镜后的眼睛，更增添怪异感。社长出现这种态度时，无一例外就是要教训人。 

 

    她们搞砸什么了吗？ 

 

    伊贺桃慌张地搜索脑中记忆，却毫无头绪。她上周因为太专心讲话而不小心在广播室里打翻柳橙汁，但这早被骂臭头了啊。 

 

    伊贺桃好友兼好敌手的上野青站在她身边，也吞了吞口水，今天罕见的两人一起被叫出来。 

 

    「我希望你们去采访周末要举办的伊贺乡悬疑推理之旅。」 

 

    「什么，要我们去采访？」 

 

    知道社长不是要说教后松了一口气，但这出乎意外的指令让小桃忍不住回问。 

 

    「感觉好麻烦。」 

 

    小青口出抱怨。她不是会把感情表露在外的类型，虽然表情没什么改变，声音却明显带著厌烦。 

 

    「喂，说采访麻烦也太超过了吧，你们是为什么加入广播社的啊？」 

 

    「那是因为没有推理研究社。」 

 

    小桃不加思索地回答。从五月加入至今两个多月，早已重复数次相同问答，小青也无声点头附和。因为没有推理研究社，所以她们一开始加入文艺社，但成员全跟太宰治没两样，她们俩完全无法融入其中，结果不知不觉就流落到广播社来了。 

 

    「好啦、好啦，问你们这两个广播社的问题儿童这种问",
255,134554," ★☆★☆★☆轻小说文库(Www.WenKu8.com)☆★☆★☆★ 

  第三十六卷 STEP 序  
     网译版 转自 百合会 

 

    翻译：木三 

 

    「贵安」 

 

    「贵安」 

 

    爽朗的早晨问候，回荡在清澈的蓝天中。 

 

    聚集在玛利亚大人庭院中的少女们，今天也带着天使般无暇的笑容，穿过高大的校门。 

 

    包围着不知污垢为何物的身心的，是深色的制服。 

 

    为了不弄乱裙子的纹路，为了不让水手服的领子外翻，慢慢的行走是这里的习俗。当然也不会有由于要迟到了，而不礼貌的快速奔跑的学生的存在。 

 

    私立莉莉安学院。 

 

    明治三十四年创立的这所学校，原先是为了华族的小姐而被创立的，是所传统的天主教系的女子学校。 

 

    在东京郊外，武藏野附近还有很多绿色的地方，被神所守护，从幼儿园到大学可以受到完整教育的女子学院。 

 

    星转斗移，元号从明治开始变了三次如今以是平成的今天，还留有用十八年连续教育，如同温室般纯粹培养出可以出嫁的大小姐的功能的这样的贵族学院。 

 

    一起走吧。 

 

    牵着手、唱着歌、时而小跳步。 

 

    不是我，是另一个我。 

 

    选择平稳的上坡路，总之先走到能去的地方。 

 

    很快就会出现小台阶。 

 

    但是，装作像注意不到那样的事。 

 

    因为两个人都知道，为了上台阶，就不得不松开彼此的手。   

  第三十六卷 STEP step 1  
     side A 

 

    １ 

 

    如果将当时的心情用惯用句来表达的话，“晴天霹雳”这个词正好贴切。 

 

    「你刚才说什么……？」 

 

    我先再问",
255,17548," ★☆★☆★☆轻小说文库(Www.WenKu8.com)☆★☆★☆★ 

  第十四卷 凉风飒飒 序  
     台版 转自 轻之国度 

 

    扫图 : carol521 

 

    录入 : carol521 

 

    “平安。” 

 

    “平安。” 

 

    清爽的晨间问候回响在澄澈的青空下。 

 

    聚集于圣母玛莉亚庭园内的少女们，今天也展露出天使般的纯洁笑容穿过高耸的门扉。 

 

    深色的制服包裹住她们不知污秽为何物的身心。 

 

    慢慢地行走、不让裙摆凌乱、也不使白色水手领翻起，随时注意自己的仪容是这里的教养；当然，在这里也不可能会有没规矩的学生因为快迟到而奔跑。 

 

    私立莉莉安女子学园。 

 

    创立于明治三十四年，原本是为了贵族千金们而创立的一间深具传统的天主教女子学校。 

 

    这所学园位于东京都内一处绿意盎然、且有着武藏野昔日风情的地区，是所受到神庇佑、可接受从幼稚园到大学系统性教育的少女园地。 

 

    只要在此接受十八年完整的教育，学校便能将这些千金小姐们以最娇贵柔美的教养风范送出校园。尽管时代变迁，年号从明治到平成历经了三次改朝换代，这里仍是硕果仅存、还留有这种修为养成训练的珍贵学园。 

 

    也许因为刚送走了热闹的夏天，秋日不知为何带着“孤寂”与“凄凉”之类的感觉。 

 

    然而那毕竟只是个印象，实际上，即使迎向往后各种活动的女高中生们，根本无暇为了飞逝的岁月而感叹，或与落叶一同流泪。 

 

    当然，不论寒暑、无关季节或天候，只要活着就会有种种邂逅吧。 

 

    只不过，其中大半皆为如同凉风飒飒拂过身旁那样微不足道。   

  第十四卷 凉风飒飒 第1章 起始的一步  
     １ 

 

",
255,19141," ★☆★☆★☆轻小说文库(Www.WenKu8.com)☆★☆★☆★ 

  第六卷 情人节的礼物 后篇 第一次约会．三人行  
     点菜 

 

    1 

 

    因为那只是随口说说的话。 

 

    所以，并没有特别期待会得到OK的回答。 

 

    没想到…… 

 

    「约会？」 

 

    祥子学姐瞬间瞪大眼睛望着祐巳（这是当然的，因为就连说出此话的本人也很惊讶），然后立刻露出小脸表示「听起来蛮满有趣的」。 

 

    「咦！？」 

 

    反倒是祐巳听到回答后显得有些迟疑，她的身体向后仰，忠实反应出心情的起伏不定，好不容易收集好的「惊奇巧克力」差点又散落一地。 

 

    情人节傍晚。 

 

    新闻社企划的寻宝活动结束后又发生了一些插曲，所幸两人最后好不容易能够在这里——蔷薇馆的二楼独处。 

 

    虽然出了点小意外，装巧克力的盒子无预警地爆炸开来，不过就姑且当作什么事也没发生吧。 

 

    然而，问题在于祐巳已为了找台阶下而不小心顺口开的玩笑。 

 

    由于祐巳临时想不到该接什么，只好说出请祥子学姐猜猜巧克力是优良品还是不良品，而且还说得这么脸不红气不喘。 

 

    结果，被问到猜中的奖品是什么时，甚至连「和我约会半日」这种心中的愿望都脱口而出，这已经不是用惊讶可以形容了，简直就是啧啧称奇。 

 

    不过，倒不是祥子学姐的回答令人意外，而是祐巳反而根本没有想过她会有什么样的反应，因为这是突然想到的点子。 

 

    但是祥子学姐对此毫不知情。 

 

    「什么时候？」 

 

    「这个嘛……」 

 

    看样子，祥子学姐似乎真的打算与自己约会，如果是客套话，应该会在说完「听起来满有趣的」之后，接着就说「下次吧」才",
255,19142," ★☆★☆★☆轻小说文库(Www.WenKu8.com)☆★☆★☆★ 

  第十一卷 撑起阳伞 序  
     “平安。” 

 

    “平安。” 

 

    清爽的晨间问候回响在澄澈的青空下。 

 

    聚集于圣母玛利亚庭园内的少女们，今天也展露出天使般的纯洁笑容穿过高耸的门扉。 

 

    深色的制服包裹住她们不知污秽为何物的身心。 

 

    慢慢地行走、不让裙摆凌乱、也不使白色水手领翻起，随时注意自己的仪容是这里的教养；当然，在这里也不可能会有没规矩的学生因为快迟到而奔跑。 

 

    私立莉莉安女子学园。创立于明治三十四年，原本是为了贵族千金们而创立的一间深具传统的天主教女子学校。 

 

    这所学园位于东京都内一处绿意盎然、且有着武藏野昔日风情的地区，是所受到神庇佑、可接受从幼稚园到大学系统性教育的少女园地。 

 

    只要在此接受十八年完整的教育，学校便能将这些千金小姐们以最娇贵柔美的教养风范送出校园。尽管时代变迁，年号从明治到平成历经了三次改朝换代，这里仍是硕果仅存、遗留有这种修为养成训练的珍贵学园。 

 

    事情不该是这样的。 

 

    尽管收下玫瑰念珠那一天，就连自己也明白我们是一对不甚相配的姐妹。 

 

    尽管也曾想过，哪一天姐姐或许会对自己感到厌了、倦了，不再需要这个妹妹。 

 

    可是…… 

 

    却从来不曾想过，姐姐竟然会像现在这样沉默地转身离开。 

 

    从来不曾想过她会说出“给您添麻烦了”这样的话，轻易地就把自己交给别人。 

 

    之所以会说出“不必了”然后逃开，一定是希望对方能够追上来的反话。 

 

    就算被丢在一旁，还是希望她能表现出认为自己是最重要的态度。 

 

    事情演变至此，如果自己能够说",
255,20343," ★☆★☆★☆轻小说文库(Www.WenKu8.com)☆★☆★☆★ 

  第十五卷 LADY,GO! 第一话 由爱生恨，反目成仇  
     「平安。」 

 

    「平安。」 

 

    清爽的晨间问候回响在澄澈的青空下。 

 

    聚集于圣母玛莉亚庭园内的少女们，今天也展露出天使般的纯洁笑容穿过高耸的门扉。 

 

    深色的制服包裹住她们不知污秽为何物的身心。 

 

    慢慢地行走、不让裙襬凌乱、也不使白色水手领翻起，随时注意自己的仪容是这里的教养；当然，在这里也不可能会有没规炬的学生因为快迟到而奔跑。 

 

    私立莉莉安女子学园。 

 

    创立于明治三十四年，原本是为了贵族千金们而创立的一间深具传统的天主教女子学校。 

 

    这所学园位于东京都内一处绿意盎然、且有着武藏野昔日风情的地区，是所受到神庇佑、可接受从幼儿园到大学系统性教育的少女园地。 

 

    只要在此接受十八年完整的教育，学校便能将这些千金小姐们以最娇贵柔美的教养风范送出校园。尽管时代变迁，年号从明治到平成历经了三次改朝换代，这里仍是硕果仅存、还留有这种修为养成训练的珍贵学园。 

 

    由山百合会成员前往协助的花寺学院高中学园祭，虽然发生不少事情，但也总算平安结束了。 

 

    「接下来就是例行的莉莉安学园祭了」。虽然想这么说，不过先等等！ 

 

    事物接踵而至也正意味着学校进入了秋天。 

 

    说到秋天…… 

 

    读书？ 

 

    食欲？ 

 

    不、不，这次的主角是运动。 

 

    ──好了。各就各位，预备…… 

 

    砰！ 

 

    由爱生恨，反目成仇 

 

    １ 

 

    「有其它自愿者吗？」 

 

  ",
255,25495," ★☆★☆★☆轻小说文库(Www.WenKu8.com)☆★☆★☆★ 

  第十七卷 你好,姐姐! 序章  
     「平安。」 

 

    「平安。」 

 

    清爽的晨间问候迴响在澄澈的青空下。 

 

    聚集於圣母玛莉亚庭园内的少女们，今天也展露出天使般的纯洁笑容穿过高耸的门扉。 

 

    深色的制服包裹住她们不知污秽为何物的身心。 

 

    慢慢地行走、不让裙襬凌乱、也不使白色水手领翻起，随时注意自己的仪容是这里的教养；当然，在这里也不可能会有没规炬的学生因为快迟到而奔跑。 

 

    私立莉莉安女子学园。 

 

    创立於明治三十四年，原本是为了贵族千金们而创立的一间深具传统的天主教女子学校。 

 

    这所学园位於东京都内一处绿意盎然、且有著式藏野昔日风情的地区，是所受到神庇佑、可接受从幼稚园到大学系统性教育的少女园地。 

 

    只要在此接受十八年完整的教育，学校便能将这些千金小姐们以最娇贵柔美的教养风范送出校园。儘管时代变迁，年号从明治到平成历经了三次改朝换代，这里仍是硕果仅存、还留有这种修为养成训练的珍贵学园。 

 

    【毕业旅行】为了让儿童、学生们体验日常不会经历的外地人文、风土环境，而由师长带领学生所参加的旅行。此为本国特有的教学活动。（广辞苑） 

 

    ──也就是因为这么回事…… 

 

    我们终於踏上了非平日所立的土地。 

 

    不过就算换了一个地方，依然不能让水手服领翻翘，必须端庄地行走才可以。 

 

    因为平日无时无刻看顾著我们的圣母玛莉亚，在这片土地上显得更是贴近我们。 

 

    握紧红色的护照，生平第一次的海外旅行现在就要启程。 

 

    嗨！义大利！ 

 

    众人在未知国度中为期一週的生活，即将",
255,25499," ★☆★☆★☆轻小说文库(Www.WenKu8.com)☆★☆★☆★ 

  第二十九卷 蔷薇花冠 序章  
     台版 转自 澄空学园二次元轻小说社   

 

    图源：琉璃 

 

    美工：砂藤莉莉 

 

    录入：chen8chen6 

 

    校对：chen8chen6；maplefrost；fatboy20649 

 

    「平安。」 

 

    「平安。」 

 

    清爽的晨间问候回响在澄澈的青空下。 

 

    聚集于圣母玛莉亚庭园内的少女们，今天也展露出天使般的纯洁笑容穿过高耸的门扉。 

 

    深色的制服包裹住她们不知污秽为何物的身心。 

 

    慢慢地行走、不让裙摆凌乱、世下使白色水手领翻起，随时注意自己的仪容是这里的教养：当然，在这里也不可能会有没规矩的学生因为快迟到而奔跑。 

 

    私立莉莉安女子学园。 

 

    创立于明治三十四年，原本是为了贵族千金们而创立的一间深具传统的天主教女子学校。 

 

    这所学园位于东京都内一处绿意盎然、且有着武藏野昔日风情的地区，是所受到神庇佑、可接受从幼稚园到大学系统性教育的少女园地· 

 

    只要在此接受十八年完整的教育，学校便能将这些千金小姐们以最娇贵柔美的教养风范送出校园。尽管时代变迁，年号从明治到平成历经了三次改朝换代，这里仍是硕果仅存、还留有这种修为养成训练的珍贵学园。 

 

    玫瑰念珠上的一颗念珠。用手指拨弄着，诚心祈祷。 

 

    圣母玛莉亚，请您守护我们，让我们能总是行公义、做善事。然后，一朵蔷薇绽放。 

 

    圣母玛莉亚，请您引导迷失的我们。 

 

    又一朵花开。 

 

    收集盛开的蔷薇花朵，做一顶花冠。 

 

    圣母玛莉亚。",
255,25950," ★☆★☆★☆轻小说文库(Www.WenKu8.com)☆★☆★☆★ 

  第十八卷 花都大观园 序章  
     “平安。” 

 

    “平安。” 

 

    清爽的晨间问候回响在澄澈的青空下。 

 

    聚集于圣母玛莉亚庭园内的少女们，今天也展露出天使般的纯洁笑容穿过高耸的门扉。 

 

    深色的制服包裹住她们不知污秽为何物的身心。 

 

    慢慢地行走、不让裙摆凌乱、也不使白色水手领翻起，随时注意自己的仪容是这里的教养；当然，在这里也不可能会有没规矩的学生因为快迟到而奔跑。 

 

    私立莉莉安女子学园。 

 

    创立于明治三十四年，原本是为了贵族千金们而创立的一间深具传统的天主教女子学校。 

 

    这所学园位于东京都内一处绿意盎然、且有着武藏野昔日风情的地区，是所受到神庇佑、可接受从幼稚园到大学系统性教育的少女园地。 

 

    只要在此接受十八年完整的教育，学校便能将这些千金小姐们以最娇贵柔美的教养风范送出校园。尽管时代变迁，年号从明治到平成历经了三次改朝换代，这里仍是硕果仅存、还留有这种修为养成训练的珍贵学园。 

 

    只不过是一介平凡女孩的她——福泽祐巳，某天突然成了高中部学生注目的焦点，如今距离当时也快要一年了。 

 

    回顾这一年下来，还真是发生了许多事情。 

 

    两人最一开始的相遇是在玛莉亚像前。那时祥子学姐为自己整理凌乱的领结……呃，现在可不是悠哉回想这些事情的时候。 

 

    不管身边是不是还有各种问题，而且那些问题还未解决，学园祭也迫在眉睫。 

 

    不管找尽各种理由，上帝仍然不会停止太阳的升降。因此，要是有闲功夫在日历前叹息，还不如赶快动脑动手。 

 

    好了，很多事情要忙呢。   

  第十八卷 花都大观园 ",
255,28845," ★☆★☆★☆轻小说文库(Www.WenKu8.com)☆★☆★☆★ 

  第二十卷 妹妹征选会 是与非，征选会  
     1 

 

    事情的起因，在于由乃的的一句话。 

 

    「既然如此，我想只能来办个征选会之类的活动了吧。」 

 

    由乃将紧握的拳头高举面前，认真地说道。 

 

    不过，为什么一点前言征兆都没有呀。 

 

    所以听到这句话的人们，理所当然地觉得十分唐突，不过在由乃的心中似乎不是这么想的。 

 

    感觉是她经过一番检讨，在拟定过许多方案之后，才得出结论的样子。 

 

    「征？」 

 

    「征选会」 

 

    在佑巳询问是什么东西的征选会之前，由乃就抢先附加一句说道 

 

    「当然是花蕾的征选会呀。」 

 

    「喔，花蕾的征选会。….那不就是妹妹的征选会嘛！？」 

 

    连擦拭桌子的手都不自觉地停了下来。 

 

    因为如果说到征选会的话，脑海中最先浮起的画面就是某艺能公司为了发掘新人才能所举办的活动； 

 

    再不然就是演员们为了争取连续剧或是电影中的某项要角所进行的一种选拔。 

 

    依照一般世俗标准来看，对于跟艺能界毫无接触的自己是一辈子无缘的世界才是。 

 

    慢着，已经毕业的某位人士好像曾经说过类似的话。应该是说山百合会干部征选会之类的。 

 

    「因为如果再这样下去的话，就算我们升上三年级还是没办法跟人结成姐妹的。」 

 

    由乃一边把窗户打开一边说道 

 

    十一月第一个星期一。放学后的蔷薇之馆。 

 

    现在聚集在此处的有，完成扫除工作的花蕾三人组。 

 

    就连平时以冷静沉着著称的乃梨子，似乎也被由乃的『征选会发言』给吓了一大跳， ",
255,29646," ★☆★☆★☆轻小说文库(Www.WenKu8.com)☆★☆★☆★ 

  第十九卷 In Library 序  
     “平安。” 

 

    “平安。” 

 

    清爽的晨间问候回响在澄澈的青空下。 

 

    聚集于圣母玛莉亚庭园内的少女们，今天也展露出天使般的纯洁笑容穿过高耸的门扉。 

 

    深色的制服包裹住她们不知污秽为何物的身心。 

 

    慢慢地行走、不让裙摆凌乱、也不使白色水手领翻起，随时注意自己的仪容是这里的教养；当然，在这里也不可能会有没规矩的学生因为快迟到而奔跑。 

 

    私立莉莉安女子学园。 

 

    创立于明治三十四年，原本是为了贵族千金们而创立的一间深具传统的天主教女子学校。 

 

    这所学园位于东京都内一处绿意盎然、且有着武藏野昔日日风情的地区，是所受到神庇佑、可接受从幼稚园到大学系统性教育的少女园地。 

 

    只要在此接受十八年完整的教育，学校便能将这些千金小姐们以最娇贵柔美的教养风范送出校园。尽管时代变迁，年号从明治到平成历经了三次改朝换代，这里仍是硕果仅存、还留有这种修为养成训练的珍贵学园。 

 

    我想图书馆是由梦想打造的城堡。 

 

    要是能尽量和城堡的居民——书本——成为朋友就好了。 

 

    其中或许会有让人难看，又或是难以亲近的书本，可是一旦成为朋友，或许就能与之交往一辈子。 

 

    请不要忘记—— 

 

    这些孩子既然生为书本，就一直在等着被谁给阅读。    

  第十九卷 In Library In Library-I  
     那是在学园祭结束两天后，礼拜二放学时所发生的事。 

 

    当天由于时间的关系，大伙儿没能把戏剧中使用的所有道具都清空，于是由乃同学、志摩子同学和小梨三人一",
255,30182," ★☆★☆★☆轻小说文库(Www.WenKu8.com)☆★☆★☆★ 

  第二十一卷 蔷薇千层派 序章  
     台版 转自 zbszsr@轻之国度 

 

    「平安。」 

 

    「平安。」 

 

    清爽的晨间问候回响在澄澈的青空下。 

 

    聚集于圣母玛莉亚庭园内的少女们，今天也展露出天使般的纯洁笑容穿过高耸的门扉。 

 

    深色的制服包裹住她们不知污秽为何物的身心。 

 

    慢慢地行走、不让裙摆凌乱、也不使白色水手领翻起，随时注意自己的仪容是这里的教养；当然，在这里也不可能会有没规矩的学生因为快迟到而奔跑， 

 

    私立莉莉安女子学园。 

 

    创立于明治三十四年，原本是为了贵族千金们而创立的一间深具传统的天主教女子学校。 

 

    这所学园位于东京都内一处绿意盎然、且有着武藏野昔日风情的地区，是所受到神庇佑、可接受从幼稚园到大学系统性教育的少女园地。 

 

    只要在此接受十八年完整的教育，学校便能将这些千金小姐们以最娇贵柔美的教养风范送出校园。尽管时代变迁，年号从明治到平成历经了三次改朝换代，这里仍是硕果仅存、还留有这种修为养成训练的珍贵学园。 

 

    千层派。 

 

    不用多说，大家都知道这是由几层薄饼夹住奶油、果酱和水果制成的甜点。 

 

    要是老实地用叉子刺入，它就会有如建筑物倒塌似地形成一场灾难，但如果轻轻地放倒它再吃，就毫无问题。 

 

    话说。日本人称作千层派（miruflyu）的这个点心，其原文拼做millefeuille。如果要准确发音的话，其实比较接近「千层塔（mirufyu）」。 

 

    如果要念得像日本人发音（miruflyu）的话，应该是拼做miIlefille才更为准确。不过这个词汇，则是「",
255,33415," ★☆★☆★☆轻小说文库(Www.WenKu8.com)☆★☆★☆★ 

  第二十二卷 未来的白地图 序  
     台版 转自 carol521@轻之国度 

 

    「平安。」 

 

    「平安。」 

 

    清爽的晨间问候回响在澄澈的青空下。 

 

    聚集于圣母玛莉亚庭园内的少女们，今天也展露出天使般的纯洁笑容穿过高耸的门扉。 

 

    深色的制服包裹住她们不知污秽为何物的身心。 

 

    慢慢地行走、不让裙襬凌乱、也不使白色水手领翻起，随时注意自己的仪容是这里的教养；当然，在这里也不可能会有没规炬的学生因为快迟到而奔跑。 

 

    私立莉莉安女子学园。 

 

    创立于明治三十四年，原本是为了贵族千金们而创立的一间深具传统的天主教女子学校。 

 

    这所学园位于东京都内一处绿意盎然、且有着武藏野昔日风情的地区，是所受到神庇佑、可接受从幼儿园到大学系统性教育的少女园地。 

 

    只要在此接受十八年完整的教育，学校便能将这些千金小姐们以最娇贵柔美的教养风范送出校园。尽管时代变迁，年号从明治到平成历经了三次改朝换代，这里仍是硕果仅存、还留有这种修为养成训练的珍贵学园。 

 

    就读国中时，老师在社会课上给每个人各发了一本空白地图册。 

 

    手里拿到崭新的空白地图时，我产生了一股难以言喻的幸福感受。 

 

    只有轮廓的日本地图。 

 

    都道府县(注1)的边界用虚线淡淡标示出来，只有河川绘有清晰模样的空白地图。 

 

    之后，我就要在这幅地图上孕育出山岭。 

 

    打造出城市与街道。 

 

    在每一个县里标上县市政府的位置。翻到不同的页面，还可以管理气象的状态。 

 

    我还未在地图上描绘出任何东西。 

",
255,33423," ★☆★☆★☆轻小说文库(Www.WenKu8.com)☆★☆★☆★ 

  第二十三卷 毛玻璃的彼端 序  
     台版 转自 银杏の中の樱@轻之国度 

 

    「平安。」 

 

    「平安。」 

 

    清爽的晨间问候回响在澄澈的青空下。 

 

    聚集于圣母玛莉亚庭园内的少女们，今天也展露出天使般的纯洁笑容穿过高耸的门扉。 

 

    深色的制服包裹住她们不知污秽为何物的身心。 

 

    慢慢地行走、不让裙襬凌乱、也不使白色水手领翻起，随时注意自己的仪容是这里的教养；当然，在这里也不可能会有没规炬的学生因为快迟到而奔跑。 

 

    私立莉莉安女子学园。 

 

    创立于明治三十四年，原本是为了贵族千金们而创立的一间深具传统的天主教女子学校。 

 

    这所学园位于东京都内一处绿意盎然、且有着武藏野昔日风情的地区，是所受到神庇佑、可接受从幼儿园到大学系统性教育的少女园地。 

 

    只要在此接受十八年完整的教育，学校便能将这些千金小姐们以最娇贵柔美的教养风范送出校园。尽管时代变迁，年号从明治到平成历经了三次改朝换代，这里仍是硕果仅存、还留有这种修为养成训练的珍贵学园。 

 

    外头应该很寒冷吧？ 

 

    这点小事，只要看看凝结在窗户内侧的无数小水珠就知道了。 

 

    因为有了室内与室外的温差，才会让透明的玻璃变成雪白的毛玻璃。 

 

    要是窗户外头站了一个人，还是能隐隐约约推敲出那个人的轮廓吧？可是却无从得知该人脸上的表情。 

 

    明明知道对方人就在那里，却无法知道他究竟是在哭仰或是在笑？无论怎样定神细瞧，依然是无从得知。 

 

    明明就很想要了解，却别无他法。 

 

    实际上只要用手轻抚一下玻璃，抹去上头的雾珠，马上",
255,35187," ★☆★☆★☆轻小说文库(Www.WenKu8.com)☆★☆★☆★ 

  第二十四卷 戴面具的女演员 序  
     台版 转自 桜羽(blog.sina.com.cn/makeinunovels) 

 

    「平安。」 

 

    「平安。」 

 

    清爽的晨间问候回响在澄澈的青空下。 

 

    聚集于圣母玛莉亚庭园内的少女们，今天也展露出天使般的纯洁笑容穿过高耸的门扉。 

 

    深色的制服包裹住她们不知污秽为何物的身心。 

 

    慢慢地行走、不让裙摆凌乱，也不使白色水手领翻起，随时注意自己的仪容是这里的教养；当然，在这里也不可能有没规矩的学生因为快迟到而奔跑。 

 

    私立莉莉安女子学园。 

 

    创立于明治三十四年，原本是为了贵族千金们而创立的一间深具传统的天主教女子学校。 

 

    这所学园位于东京都内一处绿意盎然、且有着武藏野昔日风情的地区，是所受到神庇佑、可接受从幼稚园到大学系统性教育的少女园地。 

 

    只要在此接受十八年完整的教育，学校便能将这些千金小姐们以最娇贵柔美的教养风范送出校园。尽管时代变迁，年号从明治到平成历经了三次改朝换代，这里仍是硕果仅存、还留有这种修为养成训练的珍贵学园。 

 

    面具。 

 

    那是形似脸孔的遮掩物。 

 

    在艺能表演上，自古就是演员为了诠释他物所使用的道具。 

 

    在化妆舞会上，是隐藏真实身分的伎俩。 

 

    同时，也有人为了保护自身而戴上它。 

 

    那么，那个人又是为了什么目的才戴上面具的呢？ 

 

    由于那做工实在太精巧了，不管怎么做都无从窥探她面具底下的表情。 

 

    最后在我什么也办不到的情况下…… 

 

    一场面具剧场已然开",
255,37585," ★☆★☆★☆轻小说文库(Www.WenKu8.com)☆★☆★☆★ 

  第二十六卷 十字 序  
     台版 转自 Lafrente(makeinu.weclub.info) 

 

    「平安。」 

 

    「平安。」 

 

    清爽的晨间问候回响在澄澈的青空下。 

 

    聚集于圣母玛莉亚庭园内的少女们，今天也展露出天使般的纯洁笑容穿过高耸的门扉。 

 

    深色的制服包裹住她们不知污秽为何物的身心。 

 

    慢慢地行走、不让裙摆凌乱、也不使白色水手领翻起，随时注意自己的仪容是这里的教养；当然，在这里也不可能会有没规矩的学生因为快迟到而奔跑。 

 

    私立莉莉安女子学园。 

 

    创立于明治三十四年，原本是为了贵族千金们而创立的一间深具传统的天主教女子学校。 

 

    这所学园位于东京都内一处绿意盎然、且有着武藏野昔日风情的地区，是所受到神庇佑、可接受从幼稚园到大学系统性教育的少女园地。 

 

    只要在此接受十八年完整的教育，学校便能将这些千金小姐们以最娇贵柔美的教养风范送出校园。尽管时代变迁，年号从明治到平成历经了三次改朝换代，这里仍是硕果仅存、还留有这种修为养成训练的珍贵学园。 

 

    藏下寻宝用的宝物。 

 

    有些紧张，还有点兴奋。 

 

    希望对方早点发现，但太快被找到又会心有不甘。 

 

    带着这种复杂的心情，披上「希望寻宝人可以展开一场开心旅程」的战袍，终于到了出征的时候。 

 

    先是摊开地图，在埋藏宝藏的地方画下╳记号（十字交叉）。 

 

    情人节活动已万事就绪，蓄势待发。   

  第二十六卷 十字 早安巧克力  
     1 

 

    虽然常常被人遗忘。 

 

    二月十四号",
255,39740," ★☆★☆★☆轻小说文库(Www.WenKu8.com)☆★☆★☆★ 

  第二十八卷 心框—Frame of Mind— 序  
     台版 转自 xinkj007、淡淡の绯夜、孤城天涯、浮云一般1、chen8chen6@澄空学园二次元轻小说社 

 

    「平安。」 

 

    「平安。」 

 

    清爽的晨间问候回响在澄澈的青空下。 

 

    聚集于圣母玛莉亚庭园内的少女们， 今天也展露出天使般的纯洁笑容穿过高耸的门扉。 

 

    深色的制服包裹住她们不知汗秽为何物的身心。 

 

    慢慢地行走、不让裙摆凌乱、也不使白色水手领翻起，随时注意自己的仪容是这里的教养；当然，在这里也不可能会有没规矩的学生因为快迟到而奔跑。 

 

    私立莉莉安女子学园。 

 

    创立于明治三十四年，原本是为了贵族千金们而创立的一间深具传统的天主教女子学校。 

 

    这所学园位于东京都内一处绿意盎然、且有着武藏野昔日风情的地区，是收到神庇佑、可接受从幼稚园到大学系统性教育的少女园地。 

 

    只要在此接受18年的完整教育，学校便能将这些千金小姐们以最娇贵柔美的教养风范送出校园。尽管时代变迁，年号从明治到平成经历了三次改朝换代，这里仍是硕果仅存、还留有这种修为养成训练的珍贵学园。 

 

    放学后，佑巳倒完垃圾，穿过一楼的走廊，走在通往教室的路上，「呃……红蔷薇花蕾。」突然有一道声音从身后叫住了她，佑巳转过身子，三位学生就像压在一起的馒头一样，紧紧贴着彼此伫立着。 

 

    「打扰您工作，不好意思。」 

 

    虽然佑巳对她们没有印象，不过应该是一年级生吧？有某种气氛表明了这种迹象，该说是低年级生于高年级生攀谈时会有的紧张感吗？总之，那三人酝酿出了独特的空气感，像是「尽可能的话，希望",
255,44280," ★☆★☆★☆轻小说文库(Www.WenKu8.com)☆★☆★☆★ 

  第三十卷 群光环绕 序  
     台版 转自 澄空学园二次元轻小说社   

 

    +图源：琉璃 

 

    +美工：女装少年 

 

    +录入：sstd1h; xinkj007 

 

    +校对：ことみちゃん; 衔烛之龙; 游离子; Clannad_sola 

 

    「平安。」 

 

    「平安。」 

 

    清爽的晨间问候回响在澄澈的青空下。 

 

    聚集于圣母玛莉亚庭园内的少女们，今天也展露出天使般的纯洁笑容穿过高耸的门扉。 

 

    深色的制服包裹住她们不知污秽为何物的身心。 

 

    慢慢地行走、不让裙摆凌乱、也不使白色水手领翻起，随时注意自己的仪容是这里的教养；当然，在这里也不可能会有没规矩的学生因为快迟到而奔跑。 

 

    私立莉莉安女子学园。 

 

    创立于明治三十四年，原本是为了贵族千金们而创立的一间深具传统的天主教女子学校。 

 

    这所学园位于东京都内一处绿意盎然、且有着武藏野昔日风情的地区，是所受到神庇佑、可接受从幼儿园到大学系统性教育的少女园地。 

 

    只要在此接受十八年完整的教育，学校便能将这些千金小姐们以最娇贵柔美的教养风范送出校园。尽管时代变迁，年号从明治到平成历经了三次改朝换代，这里仍是硕果仅存、还留有这种修为养成训练的珍贵学园。 

 

    环绕， 

 

    环绕。 

 

    回旋环绕。 

 

    姐姐、朋友、妹妹。 

 

    大家的脸上， 

 

    浮现闪亮的笑容， 

 

    亮晶晶地发着光芒。 

 

    不管是明天还是后天， 

 

    不管过几年， 

 

   ",
255,46532," ★☆★☆★☆轻小说文库(Www.WenKu8.com)☆★☆★☆★ 

  第三十一卷 玛格丽特与缎带 第一章  
     台版 转自 澄空学园二次元轻小说社  

 

    +图源：琉璃  

 

    +美工：CR  

 

    +录入：xinkj007  

 

    +校对：ことみちゃん; 红墨水蓝墨水; xinkj007  

 

    「那是玛格丽特吗？」 

 

    志摩子同学一走进房间，她便问了这么一句。 

 

    现在的时间是礼拜一的放学后，地点是蔷薇馆的二楼。 

 

    昨天去游乐园玩累了，加上又上了六个钟头的课，身心已到极限状态。不、不、不，是我自己要去玩的，还怪些什么呀？——佑巳对自己吐槽。 

 

    「对吧？这花看起来很像玛格丽特吧？」 

 

    由乃同学发出「哼哼~~」的笑声，虽然她今天早上在教室里碰到佑巳，看到她手上的东西时，明明也同样问了：「那是玛格丽特吗？」 

 

    「既然你这么说……也就是表示，它其实不是玛格丽特吧？」 

 

    志摩子同学把包包摆到椅子上后，走到佑巳刚刚才插进坡璃瓶里的「很像玛格丽特的花束」旁边，把脸贴过去嗅了一下。 

 

    「啊！」 

 

    待她思索一阵后，得到的答案是—— 

 

    「是春菊。」 

 

    宾果！ 

 

    「好厉害！志摩子同学你好厉害呢，还真给你答对了啊。」 

 

    由乃同学对正解者投以尊敬的视线。 

 

    「小瞳和小梨她们也都没能猜对耶。」 

 

    那两位一年级生正在倒茶，一听到有人说到自己的名字，于是回头一下，但马上又继续做事。 

 

    「因为花束散发出了春菊的香气啊……嗯，让我想起寿喜烧的味道。」 

 

    原来如此，一说",
255,48951," ★☆★☆★☆轻小说文库(Www.WenKu8.com)☆★☆★☆★ 

  第三十二卷 毕业前小景 序  
     台版 转自 澄空学园二次元轻小说社　 

 

    +图源：琉璃 

 

    +修图：RAJ 

 

    +录入：chen8chen6 

 

    +校对：ことみちゃん; 红墨水蓝墨水; chen8chen6 

 

    「平安。」 

 

    「平安。」 

 

    清爽的晨间问候回响在澄澈的青空下。 

 

    聚集于圣母玛莉亚庭园内的少女们，今天也展露出天使般的纯洁笑容穿过高耸的门扉。 

 

    深色的制服包裹住她们不知污秽为何物的身心。 

 

    慢慢地行走、不让裙摆凌乱、也不使白色水手领翻起，随时注意自己的仪容是这里的教养；当然，在这里也不可能会有没规矩的学生因为快迟到而奔跑。 

 

    私立莉莉安女子学园。 

 

    创立于明治三十四年，原本是为了贵族千金们而创立的一间深具传统的天主教女子学校。 

 

    这所学园位于东京都内一处绿意盎然、且有着武藏野昔日风情的地区，是所受到神庇佑、可接受从幼稚园到大学系统性教育的少女园地。 

 

    只要在此接受十八年完整的教育，学校便能将这些千金小姐们以最娇贵柔美的教养风范送出校园。尽管时代变迁，年号从明治到平成历经了三次改朝换代，这里仍是硕果仅存、还留有这种修为养成训练的珍贵学园。 

 

    人生中有各种戏码。 

 

    从小事情到大事件都有。 

 

    既有富有戏剧性的史诗剧，也有严肃的喜剧。 

 

    但不管是哪一种，对当事者来说，肯定都是无可替代、每个瞬间都是璀璨动人的戏码。 

 

    毕竟就要毕业了啊。 

 

    一到这个时期，莉莉安女子学园也是如此。 

",
255,50050," ★☆★☆★☆轻小说文库(Www.WenKu8.com)☆★☆★☆★ 

  第三十三卷 Hello goodbye 今天的目标  
     台版 转自 百度圣母在上吧 

 

    扫图：AILING0625  

 

    录入：百度圣母在上吧 

 

    １ 

 

    原本很担心已哭肿的眼睛，在睡过一觉之后就消了许多。 

 

    大概是回家马上敷了湿毛巾消肿的功效吧?不然就是多亏慢慢泡澡促进了血液循环吧?又或者单单只是靠时间经过，自然消肿的吧?不管原因是哪一个，都帮了大忙啊。 

 

    天晴时肿起来——好一个冷笑话，听了实在笑不出来（日文里天晴与肿同音）。 

 

    没错，今天得好好微笑。 

 

    虽说用不着无时无刻带着满面的笑容，但绝对不可以哭。 

 

    因为今天是姊姊离巢的大日子——毕业典礼。 

 

    佑巳看着洗脸台上的镜子，用力扬起嘴角露出一个像是在说「一」的笑容。没问题，绝对不会哭的，就是为了今天，昨天傍晚才会紧紧和姊姊依偎着，痛痛快快地哭一场，哭到让累积泪水的储水池干涸，再也流不出半滴眼泪。 

 

    不过也因为这样，害家人很是担心。 

 

    最后眼泪虽然止住了，不过佑巳哭红了整个眼睛和鼻子。看到回家的女儿变成这副德性，做父母的想当然也会紧张地探究发生什么事了，就连佑巳那与平日的作风不符，个性其实很单纯的弟弟，也震惊到呆站在原地不动。 

 

    不过经过佑巳一五一十地和家人们解释后，大家也不再追问什么了，毕竟所有人都清楚知道佑巳和她姊姊之间的羁绊非常强烈。 

 

    「祥子同学的姊姊也会来吗?」 

 

    当佑巳用手轻拍脸颊，给自己打气的时候，佑麒走进洗手间。 

 

    「来参加毕业典礼?」 

 

    佑巳头也不回地透过镜子",
255,63937," ★☆★☆★☆轻小说文库(Www.WenKu8.com)☆★☆★☆★ 

  第三十四卷 Little Horrors Little Horrors-1  
     台版 转自 百度圣母在上贴吧 

 

    扫图：人鱼的港湾、AILING0625 

 

    录入：fangzhao41012  

 

    就算是小菜，应该也讨厌幽灵吧？ 

 

    虽然是因为这句话，才让菜菜决定接下这份任务，但面对提不起劲的事就是提不起劲啊。 

 

    “唉~~” 

 

    在走廊上走了一小段路，等到看不见三年菊班的教室门牌后，有马菜菜深深地叹了一口气。 

 

    现在的时间是四月底的某天放学后。 

 

    莉莉安女子学园高中部算是学姊妹关系严格的学校，光是待在高自己一年级的学姊身旁就会感到紧张了，何况这回的对手是大她两年级的三年级生。再说，如果是体育性社团的学姊的命令，才刚入学的一年级生可谓没有拒绝的余地。 

 

    虽然菜菜不是全然赞成，但主要也是因为赞成学姊们部分的意见，才会接下这个任务。 

 

    （再加上……） 

 

    幽灵确实挺让人困扰啊。嗯-菜菜一边首肯，并加快本来有些拖拉沉重的步伐，虽然接下来要单挑的对手很难缠，但菜菜可不会认输，只要她认为自己是对的，就应该用凛然的态度去向对方对质，就算对方大菜菜两个年级，又是体育性社团的学姊，再加上还是她的姊姊，菜菜也不会动摇。 

 

    只不过……对方会不会乖乖听道理就是另一回事了。 

 

    “接下来……该怎么说服她呢？” 

 

    菜菜出了校舍，走到名为“蔷薇馆”的建筑物门口并叹了一口气。但这次的叹息与刚才的叹息蕴含着不同意义。 

 

    要说为什么？因为岛津由乃这个人，是个不按常理出牌，无法轻易收服的对手。 

 
",
255,63938," ★☆★☆★☆轻小说文库(Www.WenKu8.com)☆★☆★☆★ 

  第三十五卷 我的巢 序  
     台版 转自 负犬小说组 

 

    图源：ma0575 

 

    录入：七号插管 

 

    「平安。」 

 

    「平安。」 

 

    清爽的晨间问候回响在澄澈的青空下。 

 

    聚集于圣母玛莉亚庭园内的少女们，今天也展露出天使般的纯洁笑容穿过高耸的门扉。 

 

    深色的制服包裹住她们不知污秽为何物的身心。 

 

    慢慢地行走、不让裙摆凌乱、也不使白色水手领翻起，随时注意自己的仪容是这里的教养；当然，在这里也不可能会有没规矩的学生因为快迟到而奔跑。 

 

    私立莉莉安女子学园。 

 

    创立于明治三十四年，原本是为了贵族千金们而创立的一间深具传统的天主教女子学校。 

 

    这所学园位于东京都内一处绿意盎然、且有着武藏野昔日风情的地区，是所受到神庇佑、可接受从幼稚园到大学系统性教育的少女园地。 

 

    只要在此接受十八年完整的教育，学校便能将这些千金小姐们以最娇贵柔美的教养风范送出校园。尽管时代变迁，年号从明治到平成历经了三次改朝换代，这里仍是硕果仅存、还留有这种修为养成训练的珍贵学园。 

 

    大树枝上，有一个小鸟巢。 

 

    里头有一只雏鸟，望着辽阔天空，等待鸟妈妈归来。 

 

    没事的。 

 

    妈妈很快就会回来了。 

 

    等她回来，就一起吃饭，靠在一起睡觉吧，在母亲张开的羽翼下，是永远温暖又安全的。   

  第三十五卷 我的巢 我的巢  
     1 

 

    「然后呀……我跟对方聊了百同学你的事之后，对方似乎对你很感兴趣呢。呵呵呵。」 

 

    听到同学可爱的笑声，我也随着",
255,9641," ★☆★☆★☆轻小说文库(Www.WenKu8.com)☆★☆★☆★ 

  短篇小说 静夜里的幻影  
     圣母在上圣诞短篇小说 

 

    静夜里的幻影 

 

    平安夜。 

 

    莉莉安女学园高中二年生蟹名静。 

 

    独自在街上乱逛的她被一个女占卜师叫住…。 

 

    静在这个圣夜里看到甚麽幻影？！ 

 

    在火柴的火光里出现的幻影。 

 

    那可能是神可怜这个即将离开这世界的女孩而赐下的礼物。 

 

    一直不能实现的欲望、不能得到的东西，终於来到这卖火柴的女孩的手中。 

 

    最爱的祖母。 

 

    翌晨，变冷的女孩的脸上浮现笑容。 

 

    所以，就算旁人觉得这一切只是梦境与虚幻也不要紧。 

 

    不管旁人怎麽看，对她来说，想要的东西确实到手了。 

 

    那麽，我在火光里又会看见甚麽？ 

 

    当我要离开这个世界时，有甚麽才能令我带笑而去？ 

 

    ◆◇◆ 

 

    那是非常寒冷的一日。 

 

    没有下雪。 

 

    天色开始昏暗，走在路上的少女连帽子也没带。不过这也不等於寒冷。虽没带帽子，少女身上有好端端的穿着校服、大衣、围巾和鞋子。少女不是卖火柴的。 

 

    「真的是啊」 

 

    静边走边想，与其这样，倒不如下雪更好。 

 

    嗖嗖地吹起枯叶的寒风直入心脾，好像要无情的翻开心中细小的裂缝。 

 

    与之相比，即使同样寒冷，还是下雪比较好。悄悄地降下的雪花，会静静的包围着在空中飞扬的尘土。 

 

    「雪」 

 

    视线偶然停在时装店门前放着的枞树上。针状叶上挂着白色绵絮。旁边有细小的长靴和星形的装饰。色彩缤纷的蜡烛形电泡一闪一闪的亮着",
255,9660," ★☆★☆★☆轻小说文库(Www.WenKu8.com)☆★☆★☆★ 

  第二卷 黄蔷薇革命 黄蔷薇革命  
     “贵安” 

 

    “贵安“ 

 

    晴爽的早晨的问候，回荡在清澈的蓝天中、。 

 

    聚集在玛利亚庭院里的少女们，带着天使般纯洁无暇的笑容，穿过高大的校门。 

 

    深色的制服包裹着她们纯洁的身心。 

 

    为了不弄乱裙子的纹路，为了不让水手服洁白的领子外翻，缓慢行走是这里的习俗。当然这里不会有因为怕吃到就跑着赶去上课这种不知礼仪的学生。 

 

    私利莉莉安女子学园。 

 

    这所创立于明治三十四年的学校，原本是为贵族的千金小姐而设，是一所具有深厚传统的天主教女子学校。 

 

    这片位于东京郊外的武藏野，四面环翠，被诸神守护，是为少女提供由幼儿园直通大学的精英教育的乐园。 

 

    斗转星移，从明治到平成，其间三易年号。 

 

    这所特别的学校，时至今日仍然保存着通过十八年时间，如温室般培养正统千金小姐的制度。 

 

    无论是支仓令还是岛津由乃，都没有偏离过这样的千金小姐之路——直到现在。   

  第二卷 黄蔷薇革命 最佳姐妹  
     最佳姐妹 

 

    1 

 

    学园祭活动之后。 

 

    福沢佑巳如同懒猫一般悠闲地度过了轮换成假日的星期一，等待她的不是她一直期盼的和往常一样的平凡生活，而是自从学园祭活动之前就开始了的热闹生活的延续。 

 

    “啊啊，要迟到了！” 

 

    下了巴士穿过校门，幸亏前来上课的学生还只有零星几个，正好可以在银杏林荫道上快步行走……确切地说是小跑前进、 

 

    裙子下摆多少有些褶皱，衣领也有些乱糟糟的，今天只好求人家宽容一次啦，因为，今天是个特别的日子",
255,9668," ★☆★☆★☆轻小说文库(Www.WenKu8.com)☆★☆★☆★ 

  第三卷 荆棘之森 荆棘之森  
     “贵安。” 

 

    “贵安。” 

 

    晴爽的早晨的问候，回荡在清澈的蓝天中。 

 

    聚集在玛利亚大人庭院中的少女们，带着天使般纯洁无暇的笑容，穿过高大的校门。 

 

    深色的制服包裹着她们纯洁的身心。 

 

    为了不弄乱裙子的纹路，为了不让水手服洁白的领子外翻，缓缓地行走是这里的习俗。当然这里不会有因为怕迟到就跑着赶去上课这种不知礼仪的学生。 

 

    私立莉莉安女子学园。 

 

    这所创立于明治三十四年的学校，原本是为贵族的千金小姐而设，是一所具有深厚传统的天主教女子学校。 

 

    这片位于东京郊外的武藏野，四面环翠，被诸神守护，是为少女提供由幼儿园直通大学的精英教育的乐园。 

 

    斗转星移，从明治到平成，其间三易年号。 

 

    但这所特别的学校，时至今日仍然保存着通过十八年时间、如温室般培养正统千金小姐的制度。 

 

    转眼到了冬季。 

 

    街上洋溢着浓浓的圣诞气氛。 

 

    然而。 

 

    在这让所有学生期待的节日到来之前，还有一个严格的试炼在等待着他们。 

 

    圣诞节，难道不是指耶稣的生日么? 

 

    作为一所基督教学校，至少也该因此把第二学期的期末考试取消了才是，这样大家才能高高兴兴过个节啊。 

 

    但天空却似乎包容了学生们的所有叹息，今天依旧是一片刺眼的湛蓝。 

 

    而我，却选择让它永远地沉睡在这片寂静中。 

 

    所以这片森林中的荆棘，依然顽强地拒绝着来自外部的入侵。 

 

    或许，会一直持续到我死的那天。 

 

    期末考试",
255,9671," ★☆★☆★☆轻小说文库(Www.WenKu8.com)☆★☆★☆★ 

  第四卷 蔷薇·卡尼娜 蔷薇·卡尼娜  
     “贵安。” 

 

    “贵安。” 

 

    晴爽的早晨的问候，回荡在清澈的蓝天中。 

 

    聚集在玛利亚大人庭院中的少女们，带着天使般纯洁无暇的笑容，穿过高大的校门。 

 

    深色的制服包裹着她们纯洁的身心。 

 

    为了不弄乱裙子的纹路，为了不让水手服洁白的领子外翻，缓缓地行走是这里的习俗。当然这里不会有因为怕迟到就跑着赶去上课这种不知礼仪的学生。 

 

    私立莉莉安女子学园。 

 

    这所创立于明治三十四年的学校，原本是为贵族的千金小姐而设，是一所具有深厚传统的天主教女子学校。 

 

    这片位于东京郊外的武藏野，四面环翠，被诸神守护，是为少女提供由幼儿园直通大学的精英教育的乐园。 

 

    斗转星移，从明治到平成，其间三易年号。 

 

    但这所特别的学校，时至今日仍然保存着通过十八年时间、如温室般培养正统千金小姐的制度。 

 

    新的一年新的学期。 

 

    对于其他的应考生来说，这段时间正应该是用七草粥给元月的气氛画上一个句号，为了即将到来的升学考试拼命努力的时候，但这里是悠闲的千金们聚集的莉莉安女子学园。在这里完全感觉不到任何紧张的氛围。 

 

    开学当天，除了问候语由“贵安”变成了“新年好”以外，其他都和平时一样开始了日常的一天。 

 

    这一切，都是托圣母玛利亚加护的福。 

 

    感谢圣母，今后也请多多关照。在将小路一分而二的小树丛中，白色的圣母玛利亚像静静地伫立在那里。在那圣母像前将手从手套中拿出，双手合十祈祷的学生们的样子非常显眼。 

 

    在这些祈祷者之中。 

 

    有一",
255,9675," ★☆★☆★☆轻小说文库(Www.WenKu8.com)☆★☆★☆★ 

  第五卷 情人节的礼物 前篇 序  
     「平安。」 

 

    「平安。」 

 

    清爽的晨间问候回响在澄澈的青空下。 

 

    聚集于圣母玛莉亚庭园里的少女们，今天也展露出天使般的纯洁笑容穿过高耸的门扉。 

 

    深色的制服包裹住她们不知污秽为何物的身心。 

 

    慢慢地行走、不让裙摆凌乱、也不使白色水手领翻起，随时注意自己的仪容是这里的教养；当然，在这里也不可能会有没规矩的学生因为快迟到而奔跑。 

 

    私立莉莉安女子学园。 

 

    创立于明治三十四年，原本是为了贵族千金们而创立的一间深具传统的天主教女子学校。 

 

    这所学园位于东京都内处绿意盎然、且有着武藏野昔日风情的地区，是受到神庇佑、可接受从幼稚园到大学系统性教育的少女园地。 

 

    只要在此接受十八年完整的教育，学校便能将这些千金小姐们以最娇贵柔美的教养风范送出校园。尽管时代变迁，年号从明治到平成历经了三次改朝换代，这里仍是硕果仅存、还留有这种修为养成训练的珍贵学园。 

 

    接着，莉莉安女子学园将迎接二月的来临。 

 

    一说到二月的活动，首先第一个想到的便是情人节。 

 

    谁？谁说是节分的？(注1) 

 

    想想看，能够单纯享受制作鬼面具、扯开嗓门大叫并撒豆子的快乐，只有在小学三、四年级以前吧？证据就在这个时期的百货公司，贩卖巧克力的区域光是在食品部门占了庞大空间还不够，连平时用来举行皮包或领巾特卖会的场所都特别设置了卖场；而撒豆用的酥脆大豆则不然，顶多只是堆在超市收银台旁的花车上而已。 

 

    在味道方面，也是甜而溶于口的巧克力获得压倒性胜利。在场景方面，将巧克力送给喜欢的人更是比朝鬼怪",
255,9682," ★☆★☆★☆轻小说文库(Www.WenKu8.com)☆★☆★☆★ 

  第七卷 爱恋的岁月 前篇 序  
     爱恋的岁月．前篇（台版） 

 

    序 

 

    “贵安。” 

 

    清爽的晨间问候回响在澄澈的青空下。 

 

    聚集于圣母玛莉亚庭园内的少女们，今天也展露出天使般的纯洁笑容穿过高耸的门扉。 

 

    深色的制服包裹住她们不知污秽为何物的身心。 

 

    慢慢地行走、不让裙摆凌乱、也不使白色水手领翻起，随时注意自己的仪容是这里的教养；当然，在这里也不可能会有没规矩的学生因为快迟到而奔跑。 

 

    私立莉莉安女子学园。 

 

    创立于明治三十四年，原本是为了贵族干金们而创立的一间深具传统的天主教女子学校。 

 

    这所学园位于东京都内一处绿意盎然、且有着武藏野昔日风情的地区，是所受到神庇佑、可接受从幼稚园到大学系统性教育的少女园地。只要在此接受十八年完整的教育，学校便能将这些千金小姊们以最娇贵柔美的教养风范送出校园。尽管时代变迁，年号从明治到平成历经了三次改朝换代，这里仍是硕果仅存、还留有这种修为养成训练的珍贵学园。 

 

    当毕业典礼将近的三月到来之际，我在走廊上遇到白蔷薇学姊，她忽然之间问了我一个问题－－歌词中“回想起来，ぃととし（Itotoshi）的”ぃととし“是什么意思？ 

 

    那是“敬仰师恩”里的其中一句歌词。 

 

    没头没脑地这么一问，让我不知该如何回答，不对，就算她有提示好了，我依旧不知答案为何。尽管有些场合会唱到这首歌，我却不曾思考过歌词的涵义。 

 

    最后白蔷薇学姊告诉我是“匆促”的意思，她说是今天看到歌词本才知道，自己也吓了一跳。 

 

    问她之前以为是什么意思，结果她茫然地表示，原本还以为是“爱恋”",
255,9687," ★☆★☆★☆轻小说文库(Www.WenKu8.com)☆★☆★☆★ 

  第八卷 爱恋的岁月 后篇 will  
     will 

 

    遗忘之物 

 

    0 

 

    这世界上，总有些事让人感到无能为力。 

 

    那名为‘时间’之物，就是个很好的代表。无法捉住，无法停止，只能眼睁睁地看著它渐渐流逝。对生於富裕家庭的人来说，这的确是种莫大的无奈。 

 

    二月，正一步步接近尾声。从远处眺望拍摄毕业照的三年级学姊们，眼眶就会不禁湿润起来。 

 

    心底那若隐若现，挥之不去的不安，也因离别和孤寂的渐渐逼近而愈见清晰、强烈。 

 

    虽然百般不愿意，三月还是来临了。就在大家为欢送学姊们而忙碌的时候，‘还有两天’这几个字，已静悄悄地落在了事务室前的倒数板上。 

 

    “没事吧？” 

 

    连接著校舍和体育馆的走廊上，志摩子同学轻轻地碰了碰佑己的肩膀。 

 

    “没事？” 

 

    带著疑问，佑己抬起了头，出现在眼前的，是叠得整整齐齐的布块。 

 

    “嗯？” 

 

    那毫无疑问是块手绢。手绢 

 

    “志摩子同学，以为我在哭吗？” 

 

    “咦，不是吗？做事的时候，佑己的肩膀一直在抖” 

 

    “这多数是因为太冷了吧” 

 

    在没暖气的体育馆，把折椅整齐地排起来，的确不怎麼轻松。 

 

    “这样啊，但那哭一样的声音到底是” 

 

    “是在吸鼻子啦。在体育馆里，声音变得很响吧。其他人应该不会喜欢我在这儿擤鼻子。” 

 

    虽然没接到老师的指示，每个一年级学生都沉默不语地工作著。也不知道是天气寒冷，还是为毕业典礼严肃的气氛所感染的缘故。 

 

    “原来如此，那，还是该给佑己",
255,9691," ★☆★☆★☆轻小说文库(Www.WenKu8.com)☆★☆★☆★ 

  第九卷 樱花 银杏中的樱花  
     银杏中的樱花 

 

    「平安。」 

 

    「平安。」 

 

    清爽的晨间问候回响在澄澈的青空下。 

 

    聚集于圣母玛莉亚庭围内的少女们，今天也展露出天使般的纯洁笑容穿过高耸的门扉。 

 

    深色的制服包裹住她们不知污秽为何物的身心。 

 

    慢慢地行走、不让裙摆凌乱、也不使白色水手领翻起，随时注意自己的仪容是这里的教养；当然，在这里也不可能会有没规矩的学生因为快迟到而奔跑。 

 

    私立莉莉安女子学园。 

 

    创立于明治三十四年，原本是为了贵族千金们而创立的一间深具传统的天主教女子学校。 

 

    这所学园位于东京都内一处绿意盎然、且有着武藏野昔日风情的地区，是所受到神庇佑、可接受从幼稚园到大学系统性教育的少女园地。 

 

    只要在此接受十八年完整的教育，学校便能将这些千金小姐们以最娇贵柔美的教养风范送出校园。尽管时代变迁，年号从明治到平成历经了三次改朝换代，这里仍是硕果仅存、还留有这种修为养成训练的珍贵学园。 

 

    春天。 

 

    圣母玛莉亚伫立在宛如细雪缤纷飞舞般的樱花瓣中。 

 

    她没有拂去飘络于肩上的淡红色花瓣，只是专注地朝斜上方凝视着樱花树。 

 

    感觉到注视自己的视线后，她随即展露优雅的微笑。 

 

    「平安。」 

 

    仔细一看，立于该处的圣母玛莉利亚穿著和自已相同的制服。 

 

    纷落樱花 

 

    １ 

 

    「啊，那位不是乃梨子同学吗？」 

 

    「咦？」 

 

    低头走在银杏树道中的少女，注意到有人呼唤自己的名字后转过身，",
255,9697," ★☆★☆★☆轻小说文库(Www.WenKu8.com)☆★☆★☆★ 

  第十卷 忧郁的小雨 序  
     台版 转自 轻之国度 

 

    扫图：hrs1085 

 

    录入：corgen 

 

    校对：corgen 

 

    “平安。” 

 

    “平安。” 

 

    清爽的晨间问候回响在澄澈的青空下。 

 

    聚集于圣母玛利亚庭园内的少女们，今天也展露出天使般的纯洁笑容穿过高耸的门扉。 

 

    深色的制服包裹住她们不知污秽为何物的身心。 

 

    慢慢地行走、不让裙摆凌乱、也不使白色水手领翻起，随时注意自己的仪容是这里的教养；当然，在这里也不可能会有没规矩的学生因为快迟到而奔跑。 

 

    私立莉莉安女子学园。创立于明治三十四年，原本是为了贵族千金们而创立的一间深具传统的天主教女子学校。 

 

    这所学园位于东京都内一处绿意盎然、且有着武藏野昔日风情的地区，是所受到神庇佑、可接受从幼稚园到大学系统性教育的少女园地。 

 

    只要在此接受十八年完整的教育，学校便能将这些千金小姐们以最娇贵柔美的教养风范送出校园。尽管时代变迁，年号从明治到平成历经了三次改朝换代，这里仍是硕果仅存、遗留有这种修为养成训练的珍贵学园。 

 

    初夏季节。 

 

    换季后，制服虽然也跟着变轻了，可是不知为何心情却开朗不起来。 

 

    叹气的理由并非类似期中考成绩那般单纯的理由，尽管隐约看得见轮廓，然而还没有明确到可以具体断定就是“这个”。 

 

    若用最贴切的字眼来形容，则是“没来由的”四个字。 

 

    正因如此才更加棘手。 

 

    就像是望着仿佛预告要降下一场雨的灰沉天空，叹了一口气的感觉。 

 

    雨是会下还是",
255,9698," ★☆★☆★☆轻小说文库(Www.WenKu8.com)☆★☆★☆★ 

  第十二卷 小羊们的休假 序  
     「贵安」 

 

    「贵安」 

 

    清澈的问候声在澄清的蓝天下回荡。 

 

    聚集在玛利亚的庭院里的少女们，今天也带着天使般无垢的笑容，穿越与身同高的门。 

 

    覆盖住纯洁身心的，是深色的制服。为了不让裙子的褶边乱掉，不让白色的水手服领结外翻，舒缓地行走成了这里的习俗。当然这里也不会有因为怕迟到而跑步去上课这种不知礼仪的学生. 

 

    私立莉莉安女子学园。 

 

    明治34年创立的这所学园，原本是为华族的小姐们所设，传统的天主教系的女子学校。 

 

    座落在东京都内武藏野，这片神明护佑，至今还是绿意盎然的地区，是为少女提供从幼稚园到大学的完整教育的乐园。 

 

    时过境迁，从明治到平成的现在，其间三易年号，这所贵重的学校仍然保持着通过十八年温室般的纯粹培养来造就正统千金小姐的制度。 

 

    阴郁的梅雨季节过去了，清爽的季节随之而来。 

 

    但是，并不是所有的事情都让人高兴。让人期待的暑假前等待着的是，无法逃避的期末测试. 

 

    总之，为了顺利通过考试，把教科书，笔记，参考书，辞书，手册和年表之类的东西都堆在桌上，喜欢的娱乐节目也忍住不看，尽可能多地往脑子里装各科目的知识。 

 

    当然了，如果能全部记下也没什么好抱怨的。为了不让知识在考试途中从脑子里掉出来就要小心翼翼地避免头部剧烈运动，带着这种担心去了学校。 

 

    无论是什么，也要等考试结束之后再说了。 

 

    在那里等待着的是，令人期待的暑假。   

  第十二卷 小羊们的休假 暑假的安排  
     暑假的安排 

 

    1 

 

    ",
255,9707," ★☆★☆★☆轻小说文库(Www.WenKu8.com)☆★☆★☆★ 

  第十三卷 盛夏的一页 序  
     台版 转自 轻之国度 

 

    图源：yuyuko 

 

    录入：郁闷中的亮、某高（帮忙录了10分之1） 

 

    “平安。” 

 

    “平安。” 

 

    清爽的晨间问候回响在澄澈的青空下。 

 

    聚集于圣母玛利亚庭院内的少女们，今天也展露出天使般的纯洁笑容穿过高耸的门扉。 

 

    深色的制服包裹住她们不知污秽为何物的身心。 

 

    慢慢地行走、不让裙角凌乱、也不使白色水手领翻起，随时注意自己的仪容是这里的教养；当然，在这里也不可能会有没规矩的学生因为快迟到而奔跑。 

 

    私立莉莉安女子学院。 

 

    创立于明治三十四年，原本是为了贵族的千金而创立的一间身具传统的天主教女子学院。 

 

    这所学院位于东京都内一处绿意盎然、且有着武藏野昔日风情的地区，是所受到神庇佑、可接受从幼稚园到大学系统性教育的少女园地。 

 

    只要在此接受十八年完整的教育，学院便能将这些千金小姐们以最娇贵柔美的教养风范送出学园。尽管时代变迁，年号从明治到平成历经了三次改朝换代，这里认识硕果仅存，还留有这种修为养成训练的珍贵学院。 

 

    ——话虽如此，现在可是暑假期间。 

 

    无需在意裙子的皱褶或白色水手领，还会忙碌地到处跑来跑去。 

 

    唉呀唉呀，小姐们。 

 

    请别忘了无论何时，圣母玛利亚都在天上看着大家哦。 

 

    简称OK大作战（暂定）   

  第十三卷 盛夏的一页 第1章 提议与密谋  
     1 

 

    “什么？古语词典？” 

 

    感受到视线的佑巳回过头。 

 

  ",
2562,97163," ★☆★☆★☆轻小说文库(Www.WenKu8.com)☆★☆★☆★ 

  第一卷 1.盐城  
     台版 转自 轻之国度 

 

    图源：流哲不哼太 

 

    录入：kid 

 

    1 

 

    沙漠的晨光越过窗户流泻进来，照射在桌面上。餐桌上摆放著白底点缀上蓝色藤蔓图案的茶壶，以及三只相同设计款式的茶杯。那茶壶是在附近市集就买得到的产品，这一带地区的人家都使用著相同的款式。 

 

    茶壶里装的是红茶。 

 

    夏希使劲伸长双手，打算拿起茶杯。母亲见状，轻轻拿起茶杯递给夏希后，随即走回厨房。夏希默默喝了一口红茶。 

 

    尽管还是个孩子，夏希内心却有所挂念。这几天来，母亲的表情一直开朗不起来。 

 

    「老公。」母亲站在厨房里，一副战战兢兢的模样询问父亲说：「你今天也要去工厂上班吗？」 

 

    「那当然。」 

 

    父亲答道，视线依旧停留在报纸上。 

 

    「我不在现场像什么话。」 

 

    「可是，电视上说我们这首都也可能会有危险……」 

 

    父亲猛地站起身子。我才在猜想不知道父亲要做什么，下一刻父亲便粗鲁地摸了摸我的头说： 

 

    「我不会让这丫头遇到危险的。」 

 

    没多久，餐桌排上了三人份的早餐。 

 

    早餐的菜色是加入大量向日葵油炊煮出来的油饭。香喷喷的饭香伴随著热气萦绕著餐桌。听说这道料理是住在公寓隔壁间、拥有俄罗斯血统的维许涅芙丝卡雅阿姨所传授。 

 

    夏希把茶杯放回桌上，百无聊赖地环视室内一圈。 

 

    室内宛如游牧民族的帐篷，五颜六色装饰著当地的绣布。当中也有母亲亲手刺绣的织布。据说那是被称为「Suzani」的乌兹别克斯坦绣布，色调显得温暖的红色牡丹花图案爬满整块布料。",
2635,101053," ★☆★☆★☆轻小说文库(Www.WenKu8.com)☆★☆★☆★ 

  第一卷 第一章 转生至少女游戏世界的世界  
     台版 转自 天使动漫论坛 

 

    天使动漫录入组 

 

    图源：琉璃 

 

    录入：kid 

 

    「区区一个平民，竟然敢和我的桌子并在一起，给我有点自知之明！」 

 

    猛然回神时，我身处于搞不太清楚的状况中。烫著一头卷发的金发大小姐，用一副「连看向你都很火大」的模样看著我。 

 

    好喔，冷静点啊我，就算慌张也没有任何好处，冷静地观察情况吧。 

 

    环顾四周，映入眼帘的是像高中教室一样大的房间。和我以前就读的高中相比，桌子的数量很少，所以印象上宽敞许多。周围已经形成了一群人潮，远远地围绕著卷发大小姐和我。 

 

    问题是，包含大小姐在内，映入眼里的所有人不管怎么想都不是日本人。 

 

    暂且不管眼前的大小姐，我回溯起至今为止的记忆。在中小企业工作的我结束有点无良的加班，我记得，应该是在自己家里玩游戏才对。对几乎没有兴趣嗜好的我来说，唯一的娱乐──就是游戏。只要是称为游戏的东西，我大致上都玩过。从将棋及围棋这类的桌上游戏，到美丽3D图像的MMO都玩过。 

 

    在众多游戏中，我特别喜欢的就是恋爱模拟游戏。恋爱模拟游戏是玩家变成女主角，和男生谈恋爱的游戏。不过，我的玩法有点歪就是了…… 

 

    回想到这里时，我发觉眼前的大小姐很眼熟。 

 

    「啊，克蕾雅……？」 

 

    「天啊！你竟然直呼本小姐的名字！」 

 

    这个尖细的声音，不会错。她是克蕾雅·弗朗索瓦，是我最喜欢的恋爱模拟游戏「Revolution」的登场人物。 

 

    这么说来，这难道……是意料之外的那个吗？所谓的异世界转生吗？ 
",
2635,104245," ★☆★☆★☆轻小说文库(Www.WenKu8.com)☆★☆★☆★ 

  第二卷 第四章 恋爱的天秤  
     台版 转自 轻之国度 

 

    轻之国度录入组×虚空文学旅团 

 

    图源：月灵幻翼 

 

    录入：月灵幻翼 

 

    「喂，等等。你想害我被晒黑吗？洋伞没遮到光耶？」 

 

    初夏某个下午。虽然有天气转为阴天的徵兆，但是阳光依旧强烈，就在此时，走在身边的克蕾雅大人一副不高兴的模样说出上述发言。现在是刚做完学院骑士团的工作，正在返回宿舍的途中。 

 

    「啊，非常抱歉，克蕾雅大人。因为狂看克蕾雅大人让我乾眼，所以手拿得有点歪了。」 

 

    我慌忙调整阳伞的位置。克蕾亚大人如美玉般晶莹剔透的肌肤如果晒出痕迹来，那就太糟糕了。毕竟这世界也没有Chocola○B可以使用。 

 

    「虽然不知道你口中的乾眼是指什么东西，可以请你把你的工作确实做好吗？」 

 

    「对不起，都是我的错。」 

 

    「……哼。」 

 

    克蕾雅大人把脸撇向一边。赚到了，嘟起来的脸颊也是可爱无比。 

 

    话虽如此，换作是平常，再多碎念个两句也不奇怪，最近克蕾雅大人总感觉不太有精神。果然，长年在身边奉侍她的蕾妮不在了，还是让克蕾雅大人的心灵产生了阴影。就我个人来说，当然是希望克蕾雅大人能够恢复精神，但是该如何实现，目前还想不出可行的方法。 

 

    「克蕾雅大人。」 

 

    「什么事？」 

 

    「今天学院课程结束后，我做些甜点给您吃吧？」 

 

    「怎么了，那么突然？我并不想吃。」 

 

    「即使做的是克蕾雅大人最爱的焦糖烤布蕾也不要吗？」 

 

    「……你不是已经把这道菜的配方送给蕾妮作主了？」 

 

   ",
2635,137533," ★☆★☆★☆轻小说文库(Www.WenKu8.com)☆★☆★☆★ 

  第三卷 第九章 新生活篇  
     台版 转自 天使动漫论坛 

 

    天使动漫录入组 

 

    图源：真妹控 

 

    录入：kid 

 

    「还愣着干嘛，快点说感想如何！这可是本小姐亲手作的料理呢！？」 

 

    当我回过神来时，我发现自己搞不太清楚状况。一头螺旋卷曲金发的大小姐正用一副连投以视线都觉得不太高兴的模样看着我这边。 

 

    O～K，先冷静吧我，慌张没有任何好处。冷静下来搞清楚到底是什么状况。 

 

    视线在周围绕过一遍，映入眼中的是不算太宽敞的居家内部。但假如跟我从小长大的老家比起来，就给人称得上是相当宽敞的印象了。周围除了有螺旋卷大小姐跟我站在一起之外，还有围在桌子旁边的两名可爱幼女存在。 

 

    问题只在于，包含大小姐在内映入眼帘的所有人，怎么想都不是日本人。 

 

    眼前的大小姐暂时先放一边不管，我试着回想直到目前为止的记忆。对了，没记错的话，我转生到了异世界──一个跟欧洲中世纪虽然很相似，但是某些地方却异常有日本特色存在的莫名奇妙世界──得到新生，然后我在这世界遇到了某个人。 

 

    「啊。是克蕾雅大人。」 

 

    「哎呀！居然又加敬称了！不是跟你说过，直接称呼名字就好吗！」 

 

    这高亢尖锐的声音，不会错了。她正是克蕾雅·弗朗索瓦。是我最喜欢的恋爱模拟游戏Revolution的登场人物之一，同时也是我最爱的妻子。 

 

    这样看来，这情况难道、难道会是？那一回事吗？立旗用的回忆过去事件发生了。 

 

    「克蕾雅大人。」 

 

    「对嘛。零就应该像这样不加敬称……不对，你根本没有改呀！？」 

 

    「您还记得我的名字",
2635,139773," ★☆★☆★☆轻小说文库(Www.WenKu8.com)☆★☆★☆★ 

  第四卷 第十二章 舞会篇  
     台版 转自 轻之国度 

 

    轻之国度录入组 

 

    图源：月灵幻翼 

 

    录入：月灵幻翼 

 

    「幼儿舍，梅不想去。」 

 

    在教皇阁下的暗杀未遂事件结束，过了几天后的某一天早上。 

 

    从睡醒之后来到面前的双胞胎之间蹦出来的，就是这句话。我没预期过现在这种状况。因为，说出这句话的人居然是梅。 

 

    「怎么了，梅？幼儿舍有人欺负你吗？」 

 

    「不是。被欺负的是爱蕾亚，梅不想去爱蕾亚会遭到欺负的那种地方。」 

 

    梅嘟起脸颊，以表示她抗议的意志。 

 

    「爱蕾亚，有人对你使坏吗？」 

 

    「没人欺负本小姐。但是……」 

 

    「那就是在欺负你！大家都只关注梅，却把爱蕾亚丢在旁边不管！梅讨厌那群人！」 

 

    看来梅的心结很严重，克蕾雅大人和我决定今天帮她们两个请假，留在家中仔细了解这件事。吃饭也延后，让她们坐在桌子旁边，克蕾雅大人也坐在自己的位置上。我替克蕾雅大人和我自己准备红茶，为梅和爱蕾亚则是准备了热牛奶。 

 

    「所以，到底是什么情况？请详细告诉本小姐。」 

 

    当我也就位，全家人都到齐后，克蕾雅大人向梅询问道。梅以一副气得不得了的感觉开口表示： 

 

    「梅呢，在不久前用出魔法了。呃……学到一种叫做『整体式』的方法，实际用了那方法之后，不知怎么就顺利用出魔法来了……」 

 

    「！那不是很好吗？恭喜你。」 

 

    「恭喜你，梅。」 

 

    「才不好呢！一点都不好！」 

 

    梅用全身动作来表示否定的意思。 

 

    「当她",
2635,145272," ★☆★☆★☆轻小说文库(Www.WenKu8.com)☆★☆★☆★ 

  第五卷 第十六章 袭击帝都篇  
     台版 转自 天使动漫论坛 

 

    天使动漫录入组 

 

    图源：真妹控 

 

    录入：kid 

 

    「……魔王？」 

 

    咦，那是什么？虽然说连原作中存在感薄弱的魔族都已经出现了，那么会有魔王存在也不奇怪；但是这种设定应该会很繁杂的存在，我在设定资料集中却没看过。当然，这点是在朵菈西亚所说的「魔王」跟我的想像一致的情况下才会成立。 

 

    「母皇，魔王到底是指……？」 

 

    菲莉妮谨慎地询问朵菈西亚。她的脸上虽然已经没有以前那种胆怯，却可以看出她对于朵菈西亚所说的话感到困惑。 

 

    朵菈西亚似乎没有发现这一点，接着说道： 

 

    「正如其名，是统治魔物和魔族的存在，朕以前曾经遇过一次。」 

 

    令人吃惊的是，朵菈西亚的声音中竟然隐约有一点害怕的感觉。这可是那位根本就是「桀骜不驯」跟「豪放不拘」这两个词汇化身的朵菈西亚啊。 

 

    「那是发生在朕篡夺皇位之前的事。」 

 

    按照朵菈西亚的说法，她会遭遇到那位所谓的魔王，完全是偶然。当时的她才刚满七岁。很早就已经在剑术方面显露出才华的朵菈西亚，似乎是为了增加实战经验而参加讨伐魔族的战斗。 

 

    当然，即便说让她参加，但并非在最前线。就算朵菈希亚的武力再怎么惊人，她毕竟是一位皇族，所谓的实战经验，其实是为了帮她的资历镀金的意义比较大。前赴参考过去资料所选出来的比较安全的战场，原本其实应该只是要让她待在后方，在战场上见习而已。 

 

    然而，她却在那里遇到了。那被称之为「魔王」的存在。 

 

    「魔族的强大，朕在那时候就曾经听说过。但是，那家伙……魔王",
2651,102068," ★☆★☆★☆轻小说文库(Www.WenKu8.com)☆★☆★☆★ 

  第一卷 然后，她将苏醒 序幕  
     台版 转自 轻之国度 

 

    图源：吐司蛋喵 

 

    录入：kid 

 

    我偶尔会作梦。 

 

    梦到自己在日本某间从未去过的学校教室里。 

 

    所有人穿的制服都不一样。有的人穿立领学生服，有的人穿西装制服，有的人穿水手服。说是制服，却又五花八门没有统一，但不知为何没有不协调感。 

 

    自己走进教室时，原本各自在闲聊的所有人都停了下来，看向这边。 

 

    那是很温馨的空间。 

 

    和平，没有争执，没有人持有武器，只要稍微花点心思在学习上，剩下的都是自己的自由时间。 

 

    一开口打招呼，所有人都用温柔的笑容接纳自己，开心地聊起无关紧要的话题。 

 

    虽然班上的所有人都是朋友，不过其中有一个人是最要好的挚友。 

 

    两个人的感情非常好，好到彼此之间没有任何秘密。如果对方露出笑容，自己也会感到开心；自己开心的话，对方也会跟著开心。因为自己知道对方悲伤的过去，对方也知道自己懊悔的过去，所以才能够接纳彼此。 

 

    跟这样的挚友聊著无关紧要的事，等待上课时间的到来。 

 

    因为这个梦实在太愚蠢了，所以不敢告诉任何人。 

 

    我偶尔会梦到这样的梦。 

 

    ＊＊＊ 

 

    被召唤到异世界后，在城镇里的桥下过了一晚。 

 

    「为什么啊！」 

 

    光树忍不住向与小鸟的鸣叫声一起出现的朝阳如此喊叫。 

 

    他昨天在家里换上立领学生服想要回忆一下国中时代，结果在穿上制服的瞬间，就被召唤到这个世界。 

 

    接著，在跟疑似国王的人物见面后，只得到一句「不需",
2651,103266," ★☆★☆★☆轻小说文库(Www.WenKu8.com)☆★☆★☆★ 

  第二卷 White Out 序幕  
     台版 转自 天使动漫论坛 

 

    图源：吐司蛋喵 

 

    录入：kid 

 

    一片白净，眼前只有充斥著白色的世界。 

 

    弥漫在四周的白色比晨雾更加纯净，比飘荡在高山上的云海中更加宁静。 

 

    雾。 

 

    在占据了整个视野，轻柔白净、无法碰触的雾中，有一个小女孩。 

 

    以她为中心朝上下左右扩散开来，覆盖住整体视野的白雾中，小女孩缓缓地将手往前方伸出。 

 

    雾气缠绕了上去。彷佛要妨碍她的动作般，像铅一样沉重的白雾缠住小女孩的身体。 

 

    完全不是雾该有的质量。对举起手臂这样细微的动作产生反应，沉沉地黏附在小女孩的身体上。即使如此，小女孩依然试著勉强举起手臂，但她纤细的手臂承受不了缠绕在其上的雾气重量，啪地一声折断了。 

 

    「啊……」 

 

    手臂因骨头折断而扭曲的小女孩只是发出一声有点遗憾的叹息，看不出有一丝感到疼痛的样子。她扬起下巴，从周围的声音中找到了乐趣。 

 

    雾气浓到看不见扭曲手臂前方的手指。在无法仰赖视觉的空间中，一直响著不悦耳的声音。 

 

    随时都有某些东西在互相啃咬似的令人毛骨悚然的冲撞声、彷佛将许多鸟兽绞杀之际的叫声混合在一起的尖叫、肌肉与肌肉互相撞击而生的战斗声，以及死前的惨叫。正因雾气浓到连眼前都一片白茫茫，传进耳中的声音才会令人感到如此不安。 

 

    不只是耳朵。肌肤也暴露在令人不舒服的感觉中。持续不断地有液体滴落，将肌肤打湿。 

 

    如果以为打在皮肤上的感触是雨水，那就错了。 

 

    落在身上的每一滴液体都是鲜血。 

 

    在伸手不",
2651,118252," ★☆★☆★☆轻小说文库(Www.WenKu8.com)☆★☆★☆★ 

  第三卷 铁砂之槛 序幕  
     台版 转自 天使动漫论坛 

 

    天使动漫录入组 

 

    图源：吐司蛋喵 

 

    录入：kid 

 

    洁白无瑕的太阳水平地绕著圈圈。 

 

    白得很不自然的太阳没有升起也没有落下，只是沿著地平线水平地画著圆形打转。分不清哪里是起点还是终点，三百六十度，一刻也不停息地不停绕著圈圈。 

 

    没有白天也没有黑夜，时间被封闭的世界。 

 

    天空的景象是如此不可思议的话，大地也呈现平常不可能见到的模样。 

 

    乍看之下是很普通的风景。 

 

    各地有城镇或村落，人们在建筑物中生活。虽然有许多稍嫌老旧且刻意为之的西式建筑，但还不至于让人觉得有什么不对劲。草原与森林栖息著对人们的生活造成威胁的魔物，还有靠讨伐这些魔物为生的冒险者。 

 

    自然活动看起来如此理所当然的世界，全都是人造的。 

 

    生活在城镇与村落的人们，都是精巧地制作成类似人类的魔导人偶。看起来活生生的魔物也都不是拥有生态系的自然生物，而是没有血肉的魔导兵。不是只有四处走动的生物是魔导技术的创造物。甚至从大地到一草一木，所有的一切都是用原色之【力】制作来点缀这个世界的。 

 

    这个世界的自然活动是以原色概念构成的。 

 

    之所以会说原色概念可以创造出世界，是因为有实际将世界创造出来的功绩。 

 

    那就是东部未开拓领域「络缲世间」。 

 

    以近乎病态的缜密程度填满到看不见任何空隙。用三原色制作出来，令人不知为何感到一股恐惧的巨大情景模型，将世界改写了。 

 

    一旦察觉，身体便会因为强烈的空虚感变得无法动弹。 

 

    没有智慧",
2651,128686," ★☆★☆★☆轻小说文库(Www.WenKu8.com)☆★☆★☆★ 

  第四卷 赤红恶梦 序幕  
     台版 转自 轻之国度 

 

    轻之国度录入组 

 

    图源：Mega  

 

    录入：Mega 

 

    那是另一个故事的结局。 

 

    昔日旅程的终点。 

 

    一片雪白。 

 

    比白云还要沉重，比白雾还要凶暴，比白砂还要坚硬，比白光还要清澈，只是一片雪白的盐之大地展现在眼前。 

 

    这片大地被一把剑将所有的一切都变成了盐。邻接著海洋的海岸在海浪的冲刷下不断溶化到海里，花了很长很长的时间，变成了这座大小差不多能被称作岛屿的孤岛。尽管这片大地的体积在不久前增加了一点点──恰好相当于一位十几岁女孩子的大小，但也只能让消失的时间稍微延后些许。 

 

    在宛如具体展现出这个世上的清净，充斥著无边无际白色的世界里，有一位年轻的女性漫步在其中。 

 

    那位二十岁左右的女性有著一头披肩的黯淡红发。冷酷而端正的脸蛋看起来伶俐聪明，还带著几分尚未摆脱的稚气。穿著蓝色神官服，踏在盐之大地上的她，脸上没有浮现任何表情。 

 

    应该不会有人认为这个少女刚刚才杀过人吧。 

 

    身为崇敬「主」的第一身分，少女的左手抱著一本教典。由于神官被赋予要用左手拿著教典的义务，因此在大多数情况下，他们都倾向选择以右手拿可以单手操作的武器。 

 

    可能是依循这样的前例，少女的右手握著一把剑。 

 

    一把看起来非常弱的剑。 

 

    外型既不流丽也没有威严感，更找不出任何的实用性。比生锈腐蚀的剑还要寒碜，好像用手戳就会崩毁般地脆弱，被雨打就会溶化消失般地稀薄。 

 

    「盐之剑」。 

 

    被她随意拿在手上的东西，正是能够将",
2651,129358," ★☆★☆★☆轻小说文库(Www.WenKu8.com)☆★☆★☆★ 

  第五卷 约定之地 序幕  
     台版 转自 轻之国度 

 

    轻之国度录入组 

 

    图源：臭楠酮走开啊 

 

    录入：什么臭楠酮 

 

    好久没有做这个梦了。 

 

    那是自己在日本某间从未去过的学校教室里的梦。 

 

    所有人穿的制服都不一样。有的人穿立领学生服，有的人穿西装制服，有的人穿水手服。要说是制服却又五花八门没有统一，但不知为何没有异样感。 

 

    最奇怪的是自己的打扮，竟然穿的是神官服。 

 

    为什么在学校会穿得像是在角色扮演一样？明明是很不可思议的事，可是却没有任何人指出这点。 

 

    在班上的朋友们彼此笑著聊天时，穿著立领学生服的少年以轻松的语气问道： 

 

    我说，那个人什么时候才会来这里啊？ 

 

    那个人。不知道他问的是谁，我疑惑地偏过头。 

 

    就是那边的那个人啊。 

 

    望向他指的方向，有个空著没人坐的位子。 

 

    走近一看，桌上放著一朵花。是用白布摺出来，很单纯的人造花。 

 

    应该坐在这里的人，是谁呢。 

 

    嗯。 

 

    我微笑著答道。 

 

    很快，我就会带她过来。 

 

    跟我一起。 

 

    到时候再向你介绍。 

 

    我跟那个人的交情非常好，好到我们之间根本没有秘密可言。看到对方的笑容自己也会跟著开心，自己开心的时候对方也会变得开心。自己知道对方悲伤的过去，对方也知道自己后悔的过去，所以才会认同彼此。 

 

    等待著上课铃声响起的这段时间，我在梦中开心地谈论自己跟她是多要好的朋友。 

 

    ＊＊＊ 

 

  ",
2651,131330," ★☆★☆★☆轻小说文库(Www.WenKu8.com)☆★☆★☆★ 

  第六卷 盐之棺 序幕  
     台版 转自 天使动漫论坛 

 

    天使动漫录入组 

 

    图源：吐司蛋喵 

 

    录入：kid 

 

    时任灯里在被人带领到的房间里两眼无神地托着腮发呆。 

 

    对方表示「今天先好好休息后」带自己来到的房间豪华得让人吃惊。 

 

    宛如古董般的家具被理所当然地当成日常用品来使用。这种充满岁月的厚重感和最先进技术所拥有的新潮感不同，对身为现代人的灯里来说有点陌生。在被带到房间的路上，壮阔的城内景观已将她完全折服。 

 

    「异世界、啊……」 

 

    试着轻声说出自己所在的地方，但完全没有真实感。 

 

    将灯里召唤过来的，似乎是被称为古里札力卡王国的国家。当然，这个国家的名字她从来没有听说过。尽管地球上也有很多灯里不知道的国家，但在认识到自己能够使用所谓的魔导这个事实后，实在无法否认已经来到异世界了。 

 

    虽然在这边遇到的人都很温柔，可是对灯里来说，现在实在不是评论他人态度的时候。 

 

    自己在日本那边的处境会变成怎样呢？被召唤到异世界之后，还有办法回到原来的世界吗？父亲和母亲──反正也很少回家，就先不管了，但不能去学校这点真的很讨厌。自己既不想让课业在无法上学的期间落后，更不能接受因为出席日数不足被留级。 

 

    最重要的是── 

 

    教室里某个空白的座位在灯里的脑中一闪而过。 

 

    要是那个女孩回来的时候，自己不在的话，谁要负起这个责任？ 

 

    「唉～」 

 

    灯里重重地叹了口气，然后用力地握紧了拳头。无法发泄的不满在胸中不断堆积。内心难以接受世界已经截然不同的展开。 

 

    ",
2651,134566," ★☆★☆★☆轻小说文库(Www.WenKu8.com)☆★☆★☆★ 

  短篇 漫画版第四卷附录【母女】  
     网译版 转自 百合会 

 

    翻译：小草儿（kokibi） 

 

    校对：Allan 

 

    她实在无法看孩子的试镜会。 

 

    在休息室的角落有一台转播小剧场的舞台的电视。现在正在举行徵选电影里头的少女角色的试镜会。 

 

    她的女儿通过了书面审查，现在应该在评审前面披露演技才对。可是她却无法直视自己孩子的这场挑战。 

 

    正想打开宝特瓶的瓶口，卡哒卡哒的声响让她意识到手正在发抖。明明不是自己的事情却紧张难耐，对自己的懦弱只能感到呆然。笑了一声抬起头，与在休息室镜子里的自己四目相对。 

 

    20岁产下孩子以后过了快要10年。她看到的是没有半个特别的优点，接近30岁被世间称为『大人』的女性脸孔。 

 

    她从以前开始就过著随遇而安的生活。无法靠自己的力量达成任何事情。无论是抓住想要的事物的掌握力、还是判断的决断力一项都没有。安于现状从众，只是为了不会被社会排斥而活著。正是世间所言的一般的生活，她就只能紧紧依靠这所谓普通人概念而生活著。 

 

    女儿不像自己真是太好了。 

 

    看著懦弱的自己，她深切的这么想著。 

...
不打开教典的情况下构筑魔导的梅诺而言完全不成问题。 

 

    话虽如此，教典毕竟是随梅诺出生入死的道具。疏于保养实属愚策，所以她才会逐字确认构成的纹章是否有异常之处。 

 

    只是梅诺好歹也是位神官，实在是不好意思说出「教典的内容很无聊」这种话。 

 

    「能够解读出各式各样的事物很有趣哦。而且作为历史教材也很实用。教典的内容在这个世界可是必修的科目呢」 

 

    「呜欸－。梅诺酱好认真」 

",
2651,145445," ★☆★☆★☆轻小说文库(Www.WenKu8.com)☆★☆★☆★ 

  第七卷 LOST Prologue 序幕  
     网译版 转自 轻之国度 

 

    扫图：爱丽丝·莉泽 

 

    翻译：志麻贺津纪  夜夜 zArctander 

 

    修图：zArctander 

 

    校对：志麻贺津纪  

 

    这里有一名少女，正沉浸于梦中。 

 

    悄悄地、悄悄地，一只蝴蝶正停在她的黑发上。这个世界万籁俱寂，静得仿佛连蝴蝶的振翅都能听个一清二楚。只有她一人，合着双瞳，在眼睑内绘出了她的梦。 

 

    少女蜷缩着身体，纯白的剑刃刺在她胸前。剑尖周围，包裹她丰满胸部的布料被刺穿，稍微露出了她柔软的肌肤。 

 

    『盐之剑』。 

 

    这纯白的剑刃能够将它伤到的一切都化作白盐。为了抵抗这剑的碎片，她的时间停止了。她并没有死，但也不算活。她的意识封闭在了时间的狭缝。她就在这安全寂静又平和的环境中，闭着双眼。 

 

    自己一定在做着梦。 

 

    她等待着自己醒来的时刻。 

 

    时任灯里，一定是在梦着镜花水月。   

  第七卷 LOST 一章『阳炎的继承者(Flare Art)』  
     寒风吹过车站延伸而出的大道。 

 

    街上一片冷飕飕。披着各式外套的行人在石板铺设的大道上往来。偶尔也会有第二身份的有钱人，乘着排出导力光的导力车辆路过。虽然现在道路两旁只积有一些春雪，但在前两天，道路还被大雪掩埋。 

 

    小巷与车水马龙的大道相连，忽地从其中出现一名少女。 

 

    「已经这么暖和了啊」 

 

    这名感叹着北国季节变化的少女，约有十二三岁。 

 

    尽管这里的天气仍然寒气逼人，但对北方大陆的住民来说，已经",
2659,102498," ★☆★☆★☆轻小说文库(Www.WenKu8.com)☆★☆★☆★ 

  第一卷 降能式  
     台版 转自 深夜读书会 

 

    图源：深夜读书会 

 

    录入：ritdon.com 

 

    十五岁的生日正好是降能式的日子。 

 

    此乃魔损者之救赎，最后的堡垒。 

 

    那自然令人期待。 

 

    学校班上就只有我不会使用魔法。 

 

    神将赋予我救赎。 

 

    照理来说，会的。 

 

    邻镇教堂的彩绘玻璃非常漂亮。 

 

    即便信仰心薄弱如我亦能感受到其美丽与神圣。 

 

    象征神话故事的构图于其上闪耀得有如太阳。 

 

    「准备好了吗？」 

 

    我彻底沉迷于彩绘玻璃。 

 

    这才发现看似温柔的女性神官大人正对着我摆出笑容。 

 

    「呃，我、我该怎么做，是好呢？」 

 

    好像显得我有点举止可疑…… 

 

    神官大人的态度有如看着小动物会心一笑。 

 

    此处想必偶尔有我这样不擅长魔法的孩子造访，或许都给人这种印象吧。 

 

    「到这边来。请在这里双膝跪下。」 

 

    我依照指示前行，踏进一个绘有类似魔法阵（？）的圆形石板。 

 

    这是由大块白色原石直接凿磨而成，多处嵌着魔法石。中午的阳光透过稍早入迷观赏的彩绘玻璃投射至室内，感觉相当温暖。 

 

    「慢慢吐气，尽量想象平稳的心境。虽然，我了解所谓的平稳并非想象即可获得就是了。」 

 

    感觉颇具魅力的一位神官。 

 

    男人八成都偏爱这样的女性。 

 

    落在纯白制服上，微卷的栗色发丝特别抢眼。 

 

    令人羡慕。哪像我的头发是缺乏色素的金发。 
",
2661,102547," ★☆★☆★☆轻小说文库(Www.WenKu8.com)☆★☆★☆★ 

  第一卷 第一部分  
     网译版 转自 真白萌 

 

    图源：土之女神 

 

    翻译：土之女神 

 

    ——我希望你能允许我的存在。 

 

    「大家今天请多指教！ 时间很短，我将要介绍我们朝雾人偶工房的自动人偶，编号·系列的最新型『7号』！」 

 

    在说什么呢，因为一点也无法理解的话醒了。 

 

    虽然这么说，但眼帘还闭着。闭着眼睛，多少有些发愣地遐想在俺的房间里以惊人的大音量进行谜之演讲的犯人。 

 

    哎呀。是开着电视就睡着了吗。还是姐姐又开始愉快的游戏了吗。 

 

    既然闹钟没有响，那现在就肯定是清晨。无论犯人是电视还是姐姐，都需要在给邻居添麻烦之前立刻让她安静。 

 

    或者说，犯人十有八九是姐姐。大清早就在别人的房间里干什么啊，俺的姐姐，浅田和子（二十四岁单身没有男朋友）。 

 

    「7号和朝雾人偶工房至今为止发布的自动人偶同样，是廉价拜访、照管顾客家的租用服务型的自动人偶！」 

 

    莫名其妙的爆音演讲没有停。为了向持续太过超现实而笑不出来的恶作剧的姐姐发牢骚，俺一口气睁开了眼睛。 

 

    可是，飞入俺的眼睛的不是姐姐也不是电视，而是陌生的大叔的脸。 

 

    而且，不是一个。无数人探头看着俺的脸。 

 

    因为过于恐惧而失声，身体吓得一抖。于是，人们噢噢的发出欢呼声，向俺送来了拍手喝彩。 

 

    这是啥。啥情况这是。 

 

    「朝雾人偶工房以『人性』为主题，努力创造出更接近人的自动人偶。这次的7号是可以说是努力的结晶的，过去最高杰作。通过丰富的表情、复杂的身体动作表现感情和人同等，或者说在那之上也并非言过其实。后面的人也",
2680,103564," ★☆★☆★☆轻小说文库(Www.WenKu8.com)☆★☆★☆★ 

  第一卷 序  
     网译版 转自 百合食谱研究社 

 

    扫图：小雨 

 

    翻译：向暖，625 

 

    校对：奥利奥 

 

    就如同鱼游于天空一样。 

 

    就如同深邃的海底有无尽的花园在招摇一样。 

 

    觉得这种不存在的东西很美丽，一定是因为这个世界实在是过于不自由吧。 

 

    只会发生有可能发生的事，只能选择可以选择的未来。 

 

    我们从出生的瞬间起就一直不自由。 

 

    无法从自己的身体和灵魂中逃脱出来。即使痛苦地捂着喉咙也要仰望天空。只用脚尖行走于无法目视的丝线之上。 

 

    就像是仅仅知道笼中的世界一样。 

 

    就像是拖动系着的锁链前进一样。 

 

    所以我们——我在这什么都看不到的黑暗中伸出手。 

 

    仿佛在这死前的片刻之间跟挚爱之人跳舞一般。 

 

    这是我们的世界毁灭前仅仅三年的物语。   

  第一卷 0 我仍未知道你的事  
     仿佛行走于云海之中。 

 

    溶于遥远夜空中的月亮悬挂着。它洒下的光芒眨眼之间就被弥漫的浓雾吸入其中，接着变淡消散。 

 

    两侧双车道的公路干线道路上看不到一辆车。只有白雾以激流一般的速度在路面上流过。 

 

    吹自异乡的风。 

 

    那风总会带着火药一样的臭味。 

 

    这是引发斗争的味道。在那之后等着的是锈与血的香味。 

 

    除此之外不会诞生任何东西。美丽的也好，新的也好。 

 

    仅仅为了不失去而持续抗争。日复一日。 

 

    “……为了不失去” 

 

    “亚贵妃大人？” 

 

    被叫",
2685,103754," ★☆★☆★☆轻小说文库(Www.WenKu8.com)☆★☆★☆★ 

  第一卷 序章  
     台版 转自 天使动漫论坛 

 

    轻书架×天使动漫录入组 

 

    图源：海 

 

    录入：kid 

 

    这个世界已经完了。 

 

    尽管今天的天空依旧晴朗，还能看到形状可爱的云朵，交杂温暖与冰冷的五月微风相当清爽，河岸边的野花也很漂亮。 

 

    但不管怎么说，这座城镇──我想，这个令我讨厌的世界，已经死了。 

 

    ＊ 

 

    在舒适的日光底下，我悠哉地在车道中央漫步。 

 

    因为不会有车辆在路上行驶，所以完全无需担心。车道上能看到的，就只有烧毁的机车，还有在追撞后毁坏，遭到弃置的轿车。 

 

    就算在平日白天有个高中女生穿著制服在车道上阔步，也不会有人拦阻。 

 

    就算我手里拿著不像是高中女生流行服饰的「老旧木杖」，也不会被人好奇注目。 

 

    还活在这座城镇里的人类，大概只剩我一个。 

 

    但如果是死掉的人，那可就多了。而且还密密麻麻的，到处都是。 

 

    如今也在道路两旁──在大楼阴暗处不停蠢动。 

 

    他们步伐缓慢，身躯也不稳地晃动。 

 

    那些都是持续用蹒跚步伐徘徊的尸人。 

 

    他们的衣服破烂不堪，青白色的皮肤斑驳脱落，暴露出底下的红黑血肉与白骨。 

 

    ──不管看几次都教人恶心。活死人就是这样。 

 

    那些讨厌阳光的尸人，白天时就会这样在阴暗处徘徊。 

 

    不过他们就只是讨厌阳光，阳光并非是弱点。 

 

    如果发现猎物，他们还是会跑到阳光底下。 

 

    像现在就有一只又一只的尸人往我这里── 

 

    「哔！哔！",
2685,112425," ★☆★☆★☆轻小说文库(Www.WenKu8.com)☆★☆★☆★ 

  第二卷 京都末日旅行 序章  
     台版 转自 天使动漫论坛 

 

    轻书架×天使动漫录入组 

 

    图源：海 

 

    录入：kid 

 

    对我──榊帆乃夏来说，姊姊是比任何人都要「特别」的存在。 

 

    「知道吗？我是姊姊。我是姊～姊～喔。」 

 

    虽然这有可能是我后来产生的妄想，但我一直记得自己在还不会说话的时候，年幼的姊姊从上方看着我，不断重复这段话的脸庞。 

 

    姊姊总是会牵着我的手。 

 

    不只是在出门的时候，就连到玄关迎接爸爸跟妈妈回家的时候，还有晚上去厕所的时候也不例外。 

 

    正因为有姊姊在，所以就算我的父母因为工作常不在家，我也很少感到寂寞。我只要跟着姊姊，就不用担心会犯错。 

 

    「帆乃夏什么都会，好厉害喔。」 

 

    每次姊姊都会在我做了某些事情时这样称赞我，但我其实都只是模仿她而已。我只是一直跟在姊姊后头。 

 

    姊姊才是那个什么都会的人。就算搬到其他国家，姊姊也能立刻学会那里的语言，无论是钢琴、小提琴、长笛，还是网球、篮球、排球，还有烹饪、裁缝，姊姊甚至连射击都要远比我厉害。 

 

    可是──姊姊只有一件事令我担心。 

 

    「今天跟平常一样，就是简单的看诊而已。」 

 

    姊姊会在定期去医院的时候对我这么说。 

 

    尽管我从未看过姊姊在我面前透露过身体不适的模样，但她每天都会吃药──药的种类与分量也随着时间持续增加。 

 

    虽然我担心姊姊是不是有什么麻烦的疾病，然而姊姊只会要我不用担心。爸爸跟妈妈也从未跟我解释过姊姊的状况。 

 

    正因为这样，我总是抱有姊姊会不会哪天",
2685,151310," ★☆★☆★☆轻小说文库(Www.WenKu8.com)☆★☆★☆★ 

  第三卷 终末的终结 序章  
     台版 转自 天使动漫论坛 

 

    轻书架×天使动漫录入组 

 

    图源：海 

 

    录入：kid 

 

    「真无聊。」 

 

    如同墓碑般林立的高楼，在高楼之间的空隙──过去作为上班族休憩空间的小公园内，榊春香这么说道。 

 

    她坐在长椅上，脚下踩着未经整理而胡乱生长的杂草，带着不知所措的表情仰望狭窄的天空。 

 

    她斜靠在椅背上的「手杖」──镶嵌在手杖末端的蓝色宝石在黯淡的日光下微微发亮。 

 

    一阵风吹过。 

 

    「咳！」 

 

    吸入带着沙尘的空气，让她忍不住轻咳了几下。 

 

    在末日之际有许多地方发生火灾的这座都市，就算是过了一个月后的现在，依旧能闻到焦臭，来自附近海岸的海风里混杂着灰烬与尘土。 

 

    在城市各处徘徊的尸人也让空气中弥漫着腐臭。这是一座城市正在腐败的气味。 

 

    「……闻起来就觉得对健康不好。」 

 

    虽然她发着牢骚，但并没有想起身离开的意思。 

 

    因为她在等待。已经等了很久，很久。 

 

    况且就算只是空气糟糕一点，现在也用不着在意。 

 

    如今她已不用像过去那样，为了延长「寿命」去费心计较零碎的小事了。 

 

    因为她的寿命已经没有期限。 

 

    「唉。」 

 

    她低下头，看着被自己踩平的杂草。 

 

    过去的自己就跟这些杂草一样。 

 

    只能任凭上天不讲道理地随意践踏。 

 

    你没有机会变成大人了。 

 

    这是她在七岁生日时被告知的事。 

 

    如果是一",
2689,104058," ★☆★☆★☆轻小说文库(Www.WenKu8.com)☆★☆★☆★ 

  第一卷 第一话  
     网译版 转自 轻之国度 

 

    图源：水之祝福 

 

    翻译：huanghao009 

 

    夜深了，街道被寂静的黑暗给包围。 

 

    我正站在一家比较小的居酒屋门前。 

 

    从门口很容易就听见里面年轻人的喧闹声，如果我还是高中的时候，一定会紧皱着眉头低声地发着牢骚，但是现在只是佩服这些人的活力而已。当然，对于这样愚蠢的行为自己还是很难适应的。 

 

    一打开门，坐在入口附近的一名女性立刻就做出了反应。 

 

    ‘‘啊，是日菜的姐姐，对不起，我来晚了。’’ 

 

    ‘‘不……不用在意，那个……日菜在哪里?’’ 

 

    我刚问完，她就很快地指着桌子里面的方向。 

 

    在那里，有一名少女正被同是天文爱好者的朋友们团团围着，开心的笑着。 

 

    ……不，那已经不能算是少女了。 

 

    那个孩子和我都已经长大成人。 

 

    ‘‘日菜。’’ 

 

    只是叫了一下名字，她很快就发现了我。 

 

    ‘‘啊，姐姐！’’ 

 

    看到了我的身影，日菜的脸一下子变得明媚了起来。 

 

    看到那个孩子一如既往的反应，让我的心也变得放松起来。 

 

    心中涌起了完全不像是快要二十岁的人那种充满纯真的喜悦，原本想要对她发的唠叨也变成了泡影。 

 

    对着还是那样天真无邪的妹妹，我依然还是没有办法，只能苦笑着对那个孩子说道。 

 

    ‘‘回去了。’’ 

 

    ‘‘嗯，大家再见了！明天见！’’ 

 

    虽然朋友们有点不舍，但是日菜还是挥手着，离开了座位。刚入学前，我还有点担心她",
2734,106844," ★☆★☆★☆轻小说文库(Www.WenKu8.com)☆★☆★☆★ 

  第一卷 序章  
     台版 转自 轻之国度 

 

    图源：轻之国度录入组 

 

    扫图：轻之国度录入组 

 

    录入：Me 

 

    修图：撸管娘 

 

    「前锋很棒喔。」 

 

    这是艾德蒙家的家训。 

 

    实际上，萝拉的父母还在当冒险者的时候也都是前锋。 

 

    父亲·布鲁诺是剑士。 

 

    母亲·朵拉则是长枪兵。 

 

    他们以两人搭档，一起打倒巨龙、探索地下城，有时还会发现新种生物。 

 

    虽然他们已经离开前线，不过现在仍然会帮忙铲除城镇附近的魔物，身手丝毫没有退步。 

 

    「只有软弱的人才使用魔法，他们都是些躲在我们前锋后方，偷偷摸摸地战斗的卑鄙之徒。」 

 

    布鲁诺的想法非常偏颇，普通的冒险者听到可能会相当气愤。 

 

    但是布鲁诺和朵拉的确没有让魔法师加入队伍，只靠前锋就立下了许多丰功伟业。 

 

    他们是A级的冒险者夫妇，其事迹直到现在仍旧被人们传颂。 

 

    面对这些耀眼的功绩，任谁都无法反驳布鲁诺。 

 

    虽然没有布鲁诺那么夸张，但朵拉也怀抱著类似的想法。 

 

    所以两人当然不打算让女儿萝拉成为魔法师，他们连想都没想过。 

 

    听著「前锋很棒喔」这句话长大的萝拉，也早就决定要成为和父亲一样的剑士。 

 

    她认为自己未来会在公会登录成为冒险者，和长枪兵或斧手一起狩猎魔物维生。 

 

    她毫无怀疑地深信著这样的未来。 

 

    但是，萝拉有个从未告诉过任何人的秘密。 

 

    不知道为什么，她明明没有经过半点练习，却能够使用魔法。 

 
",
2734,119201," ★☆★☆★☆轻小说文库(Www.WenKu8.com)☆★☆★☆★ 

  第二卷 序章  
     台版 转自 轻之国度 

 

    图源：轻之国度录入组 

 

    扫图：撸管娘 

 

    录入：kid 

 

    修图：零食 

 

    萝拉的故乡是个叫做『米雷贝伦』的小镇。 

 

    人口只有两千人左右，也没有什么特别出名的特产。 

 

    不过附近的米雷贝伦湖景色相当优美，渔获种类也很丰富，所以小镇靠著观光和渔业维持著一定的收入。 

 

    学园替萝拉等人安排了前往米雷贝伦的马车。 

 

    于是萝拉她们三人将马车交给沉默寡言的车夫驾驶，三人则在车里边吃点心边聊天，度过了愉快的旅途。 

 

    表面上虽然是如此，其实每当马车愈靠近故乡，萝拉就感到愈来愈紧张。 

 

    毕竟她非常清楚自己的父亲究竟有多～么固执。 

 

    可能的话，萝拉当然很想只靠对话就说服父亲，和平收场……不过多半是不可能的。 

 

    肯定会打起来。 

 

    这可不是比喻，而是指货真价实的战斗。 

 

    而且假设真的打赢了父亲、令他无话可说，但那样能称得上是成功说服他吗？ 

 

    萝拉暗暗在心里祈求──虽然不奢求父亲为了自己就读魔法学系而感到高兴，但至少希望他能接受这件事。 

 

    「萝拉，你别露出那么难看的表情嘛，不用担心，有我们陪著你呀。」 

 

    「对啊，肯定会有办法的。虽然萝拉被转到魔法学系就读，但又不代表你放弃剑术，相信你爸爸一定能理解你是个能够同时学好剑术与魔法的人。」 

 

    夏洛特和安娜分别从左右抱住了萝拉。 

 

    光只是这样，便让萝拉感到情绪安定了不少。 

 

    这两人为了与自己毫无关联的问题，特",
2734,138209," ★☆★☆★☆轻小说文库(Www.WenKu8.com)☆★☆★☆★ 

  第三卷 序章  
     台版 转自 轻之国度 

 

    轻之国度×天使动漫录入组 

 

    图源：公子夜殇 

 

    扫图：linpop 

 

    录入：kid 

 

    修图：凪のあすから 

 

    离暑假结束正好过了一个星期。 

 

    学生们都脱离长假的闲散氛围好好收了心，为了成为优秀的冒险者回归每天认真学习的生活。 

 

    然而对萝拉她们几个来说，暑假还没结束。 

 

    暑假最快乐的就是可以尽情游玩一整天也没关系，从这点来说，她们跟其他学生一样已经收假回到学校，每天都有好好早起去上课。 

 

    这里所谓还没结束，指的是暑假作业的部分。 

 

    从学生的角度来说最多余、最讨厌的教育文化产物。 

 

    暑假作业这种东西没在暑假期间完成就不能叫做暑假作业啦，那么暑假结束的话，暑假作业也该顺理成章一起消失吧── 

 

    萝拉非常认真地这么想，可惜这称不上是很有说服力的论调。 

 

    至少不是教师会欣赏的说法。 

 

    所以只能认命把作业做完。 

 

    幸好只差一点就能完成了。 

 

    然而离期限也只剩下一点点时间了。 

 

    本来暑假作业在第二学期一开学就该交出的，不过在她们拼命请求下，爱蜜莉亚老师宽限她们多延一个星期。 

 

    而今天就是死线，是该缴交作业的日子。 

 

    如果不想办法在今天之内完成，不知道老师们会祭出多可怕的惩罚。 

 

    萝拉曾经弄破过老师办公室的窗户玻璃，那时候被老师打了屁股。 

 

    这次要是迟交，恐怕没那么简单就能了事。 

 

    因为待在自己房间没办法集",
2751,107817," ★☆★☆★☆轻小说文库(Www.WenKu8.com)☆★☆★☆★ 

  第一卷 序章  
     台版 转自 轻之国度 

 

    轻之国度×天使动漫录入组 

 

    图源：拉菲 

 

    扫图：linpop 

 

    录入：勤奋的懒惰的羊 

 

    修图：小尘 

 

    我真的，已经不行了。 

 

    午休时间。我就像是把头潜到水里忍耐到极限，最后才终于抬起头那般大声喊道：「那个！」。随后，交谈声戛然而止，八只眼睛同时望向这边。 

 

    「怎么了怎么了？」「怎么了吗？」「……」「小玲奈？」 

 

    唔…… 

 

    我的视线唯独不与那当中的一人——我们学校的超级巨星王冢真唯对上眼，然后举起手。 

 

    「对不起！我……那个，就是，突然有点急事……你们大家继续吃吧！对不起，对不起哦！待会见啰！」 

 

    我一口气把话说完，随之冲出了教室。 

 

    啊啊啊，我这样绝对会被当成可疑人物的。 

 

    可是，我已经忍到极限了…… 

 

    我快步地穿过走廊，才刚移动到空荡荡的楼梯转角，便顾不得裙子掀起来，急忙地冲上了楼梯。 

 

    我在感受风的同时朝着顶楼跑去。那里没有其他人，是只属于我的场所。 

 

    把钥匙插进铁门，将其打开，顿时感觉视野总算开阔起来。 

 

    在蓝天底下，我深深吸了一口气。 

 

    啊，太好了。我全身的细胞都因为吸到氧气而喜悦。 

 

    我反手把门关上，缓缓地走到顶楼边缘。随后，将手搭在高度只到胸口的护栏，靠了上去。 

 

    从远处传来校园内的喧嚣，这里就彷佛是别的世界一般。 

 

    活过来了～～…… 

 

    我就这样顺着护栏往下滑，跪倒在水泥地",
2751,118989," ★☆★☆★☆轻小说文库(Www.WenKu8.com)☆★☆★☆★ 

  第二卷 序章  
     台版 转自 轻之国度 

 

    轻之国度×天使动漫录入组 

 

    图源：拉菲 

 

    扫图：linpop 

 

    录入：kid 

 

    修图：凪のあすから 

 

    被骗了，被骗了，被骗了…… 

 

    我──毫无特色的平凡高一学生·甘织玲奈子──正在浑身颤抖。 

 

    这里是不适合一般民众轻易踏入的酒店派对会场。会场内到处都是身穿笔挺西装的男性与穿着晚礼服的淑女昂首阔步，根本就是人间炼狱…… 

 

    我身穿黑色的礼服，看起来的感觉就像是在玩Cosplay一样，现在的心情宛如在茫茫太平洋中乘着木筏随波逐流的漂流者那般无助。 

 

    视野渐渐变得狭窄，声音也离我远去。这根本比客场作战还夸张。好想吐。 

 

    我想，四周那些在桌边围成一圈的贵族们肯定在讨论股票或是外汇什么的。尽管我完全听不懂，但肯定是这样没错。 

 

    这时，从某处响起了一阵「哇～」的欢呼声。 

 

    这股喧嚣犹如台风那般席卷会场，伴随着周围无数的清词丽句，同时向我缓缓靠近。 

 

    随着人群左右分开，出现在我眼前的是一位金发美女。 

 

    她身穿一袭彷佛以绯红色的红宝石织就，令人眼睛为之一亮的的鲜红礼服。与身旁的其他女性相较之下，她散发出来的气质可谓独具一格，整个人从头到脚都洋溢着高贵的气场。 

 

    高挺的鼻梁，令人感觉到甜美魅力的双唇，以及好似太阳般灿烂的眼眸，将在场众人都迷得神魂颠倒，无法移开视线。 

 

    成为了万众瞩目的焦点，这位女性──王冢真唯在我眼前停下了脚步。 

 

    「如何？玩得开心吗？」 

 

    当她露出",
2751,122070," ★☆★☆★☆轻小说文库(Www.WenKu8.com)☆★☆★☆★ 

  第三卷 序章  
     台版 转自 轻之国度 

 

    轻之国度×天使动漫录入组 

 

    图源：拉菲 

 

    扫图：linpop 

 

    录入：kid 

 

    修图：凪のあすから 

 

    好难过，好想逃，好想回家。 

 

    我──毫无特色的高一学生·甘织玲奈子正坐在椅子上，静静等待时光流逝。 

 

    我、我也和这里也太格格不入了吧……！ 

 

    环顾四周，往来的众人看起来都是业界人士，打扮得光鲜亮丽。想必他们都正在讨论足以挑起日本未来的重要洋装产业吧。 

 

    虽说在现场也可以看到几个年轻人，但每个人都像是来自另一个次元那般华丽。我只是一个稍微会打扮的小姑娘，在周围的重压之下，彷佛快被挤压到变成深海鱼了……不对，该不会只是我还没发现，其实已经有两三个内脏被压烂了……？ 

 

    时值盛夏，这里是位于涩谷的展厅，某个时装秀的现场。 

 

    然而，今天我并不是被骗过来的。 

 

    暑假一直被作业游戏游戏作业游戏游戏游戏这样反覆的日子不断消磨掉，我因此产生了危机感。 

 

    不对，其实这样的人生也棒极了，但我可是心怀小小的憧憬，决定让自己以成为一个阳角为目标。如果再这样懒懒散散地度过暑假，精神状态感觉又要彻底恢复到上高中以前的家里蹲了，这样实在很不妙。 

 

    再怎么说，我都已经努力到了现在，磨耗心灵长达三个月之久。如果经过一个暑假又得从等级1重新开始，那简直就宛如「还可以再玩一次咚！」的地狱版本，还是饶了我吧。 

 

    话虽如此，对于完全不想从开着冷气的房间出去的我来说，也不可能这么凑巧有什么事件发生在我身上……正当我如此心想，朋友向我发来了邀",
2751,125697," ★☆★☆★☆轻小说文库(Www.WenKu8.com)☆★☆★☆★ 

  第四卷 序章  
     台版 转自 轻之国度 

 

    轻之国度×天使动漫录入组 

 

    图源：拉菲 

 

    扫图：linpop 

 

    录入：kid 

 

    修图：凪のあすから 

 

    棒极了！好开心！每天都有够幸福的！ 

 

    嗨～我是甘织玲奈子！是个本来是阴角，但成功在高中改头换面的女孩子☆ 

 

    我现在是芦谷高中的一年级生，加入校内顶级的小圈子。而且那个只有五人的小团体大家虽然都是女孩子，但现在扣除掉我自己，已经有两个人喜欢上我了喔☆哎呀～玲奈子好困扰喔！不要争抢我啦──（つД&#8834;）哭哭www 

 

    竟然会发生这种彷佛在做梦一样的事情，真是害我吓了一大跳呢☆明明我只是一个平凡无奇、随处可见的量产型女孩而已啊☆ 

 

    ──然而，如此受欢迎的我却在休息时间远离班上，把自己关在闷热的女厕隔间里面。 

 

    我用双手捂着脸。 

 

    「……为什么啊……我只是努力过好每一天而已啊……难道我体内那股非比寻常的阳角天赋终于觉醒了吗……」 

 

    诅咒般的声音从我口中滴落。 

 

    暑假结束了，才刚开学不过短短一周──我就陷入了每分每秒都会濒临极限的窘境。 

 

    此时响起了声音，有人进来了。既然是学校的厕所，有人进来也是理所当然，但我还是抖了一下，屏住了呼吸。 

 

    「好懒得来学校喔～可以永远放暑假吗～」 

 

    「就是啊就是啊。」 

 

    听起来好像其他不认识的女生小团体，我顿时松了口气。刚才那一瞬间我还以为是哪个朋友过来找我。自我意识过剩也该有个限度吧。 

 

    「话说，前阵子琢磨那家伙好像向",
2751,136813," ★☆★☆★☆轻小说文库(Www.WenKu8.com)☆★☆★☆★ 

  短篇 我怎么可能成为一个好的后辈！不行不行！（※并不是不行）前篇  
     网译版 转自 真白萌 

 

    翻译:殒裂 

 

    ＊＊＊ 

 

    芦谷有各种各样的教师。有可怕的人，有严厉的人，有温柔的人，也有毫无干劲的人。有人气高的老师也有人气低的老师。无论什么时候，学生们都会像老师评定她们一样评定老师。 

 

    高一A班的班主任。广崎美知留是英语教师。是一位三十多岁且个子娇小的女老师。总的来说是一个很温柔且受欢迎的老师。 

 

    因为一点也不摆架子，平易近人的氛围，所以没有和大人接触的紧张感，很容易说话。阳角他们（不，我也是阳角）总是小美小美的叫她，我也不认为这是她被小瞧了，所以我折中叫她美知留老师。 

 

    放学后我被她突如其来的叫了出去。 

 

    夏天过去了，这是我和真唯，还有紫阳花的关系暂时平稳下来之后的事——。班会结束后，我被「能稍微说点事吗？」这样搭话了。 

 

    虽然觉得不是说教的气氛，但是美知的老师总是这样，所以无法判断……。我呆呆地站在办公室里的美知留老师的面前，环视着很难访问的办公室。 

 

    感觉办公室的规模比起初中，多多少少变得宽敞豪华了吧？ 

 

    有一种说法是，阳角和老师关系很好。与阴角相比，阳角会被老师们宠爱，也会被老师们偏袒。但是，不知为什么我完全没有享受到那个恩惠。是的，因为和老师关系并不好。 

 

    讨厌啦，如果我在高中出道的时候，用更加轻快的语气喊着「小美」缠着老师的话。怎么说呢，假如换成是我被这样叫的话，感觉一定会变成「哈？连我人生一半都没度过的小鬼们……」。我本性是个阴角啊！ 

 

    我不知道！我不知道有什么方法可以和年龄相差悬殊的人搞好",
2751,141461," ★☆★☆★☆轻小说文库(Www.WenKu8.com)☆★☆★☆★ 

  第五卷 序章  
     台版 转自 轻之国度 

 

    轻之国度×天使动漫录入组 

 

    图源：拉菲 

 

    特典：初奈大小姐的仆从 

 

    扫图：linpop 

 

    录入：kid 

 

    修图：凪のあすから 

 

    好可怕，好可怕，好可怕…… 

 

    我是甘织玲奈子——一个平凡无奇的高一生，现在正被人逼到墙角。 

 

    我眼前站着一个女孩子，她以犹如蛇看着青蛙般的眼神看着我。 

 

    她在午休时间的空教室，不断对我做出教科书级别的壁咚。 

 

    「你也差不多该让我听听你的答覆了吧。」 

 

    「咿！」 

 

    听到纱月同学公事公办地叙述来意的嗓音，我不禁害怕得将身体缩了起来。 

 

    她那整齐干净、一根分岔都没有的柔顺黑发，彷佛窗帘般隔绝了外面的世界，而我则被困在了她的香气之中。 

 

    她是琴纱月同学，个性不苟言笑、冷若冰霜。但是，实际上她也有为朋友着想的温柔一面，其实人非常好……要这样形容是有点困难啦！不过对我来说是上高中之后交到的重要的朋友。 

 

    原本应该是这样的。 

 

    「甘织。」 

 

    硬质而清澈的嗓音传入了我的耳朵。 

 

    日本四季分明、冬冷夏热，所以十月上旬的秋季是能过得最为舒适的奖励期间，但现在我却浑身是汗…… 

 

    午休的校园传来了男孩子们因为运动而亢奋呐喊的声音。他们现在好像每天都为了即将举办的球技大赛而努力练习。 

 

    然而，在鸦雀无声的空教室里，只能听到我那紧张的喘气声。 

 

    脑袋有点晕晕的，感觉眼睛都在打转了。 

 

    「",
2751,148354," ★☆★☆★☆轻小说文库(Www.WenKu8.com)☆★☆★☆★ 

  第六卷 序章  
     台版 转自 轻之国度 

 

    轻之国度×天使动漫录入组 

 

    图源：拉菲 

 

    特典：初奈大小姐的仆从 

 

    扫图：linpop 

 

    录入：菲比 

 

    修图：撸管娘 

 

    各位贵安。呵呵，我是甘织玲奈子。 

 

    今天这个世界也真的是非常美丽呢……我爱着这世界的一切……爱着这彷佛宝石般至高无上的每一天…… 

 

    感觉转眼间就跳过了秋天，冬天已近在眼前。在这十一月的放学后，我走在路旁，踩着蹦蹦跳跳的轻快脚步（因为甘织玲奈子不会小跳步……），细细品味着这幸福的感觉。 

 

    到底发生了什么事呢？ 

 

    这个是因为呢，呵呵呵…… 

 

    我和紫阳花同学接吻了啊！ 

 

    虽说自那之后已经过了一段时间，但这种彷佛吃了无敌星星的感觉依然还在持续当中。我对我自己的自我肯定感随时都处于爆表的状态，彷佛获得了永远不会消失的开挂能力。 

 

    没错。我低头看着迎面走来的柴犬，同时将手靠在胸膛，默默倾诉这份思念。 

 

    想不到我现在竟然只要有那个意愿，就能随时要紫阳花同学吻我。怎么样？羡慕吗，小狗？ 

 

    我抬头仰望街上盛开的山茶花，露出欣慰的微笑。 

 

    确实，你也很漂亮。应该还算挺有魅力的吧？但是，和我心中那朵盛开的娇美的紫阳花相比的话就……呵呵，不好意思。把你们拿来相提并论是有点过分呢☆ 

 

    我抱着想在街头大喊『I LOVE YOU』的心情，手舞足蹈地抵达了约定的地点。 

 

    然后── 

 

    「你很慢耶～！玲奈亲！」 

 

    在眼前等着我的是小香",
2751,159480," ★☆★☆★☆轻小说文库(Www.WenKu8.com)☆★☆★☆★ 

  第七卷 第五章 痛苦的时光还要继续！？不行！  
     网译版 转自 百合会 

 

    图源：初奈大小姐的仆从 

 

    翻译：遥远之星芒（正文）、初奈大小姐的仆从（特典） 

 

    校对：初奈大小姐的仆从 

 

    初中二年级的秋天。 

 

    甘织玲奈子的人生，可谓枯燥无味。 

 

    驼着背来到学校的少女在自己的座位上坐下。 

 

    她就像是在消磨上课前的时间般，温温吞吞地准备着第一节的课程。 

 

    对她而言，在这教室里能说得上喜欢的事物，就只有耳机里流淌的音乐而已。 

 

    其他的一切都毫无意义。 

 

    只是重复着每一天。 

 

    没有参加社团，没有认真学习，对人际关系更是一点都不热衷。会坐在学校的课桌前，也只是因为需要这么做罢了。 

 

    她一边和朋友──班上理睬她的人──扯着无聊的闲篇，一边在脑海里回味着昨晚打的游戏。 

 

    灰色的青春。一切都是那么随便，令人提不起劲到要用这个词一以贯之。 

 

    每一天都十分空虚。 

 

    这大概就是所谓的轻微“脱节”吧。 

 

    不知何时开始，对于那些“为了闪耀的当下而奋斗吧！”的家伙们，她只能冷眼相对。这肯定是因为她觉得自己无法成为那样的人，从一开始她就放弃去尝试了。不过当时的她并没有意识到这点。 

 

    拼劲全力的样子真难堪。既然做事会累人，还不如一开始就别做。说到底，结果早在开始做之前就能预见了。 

 

    这就是她自己的立场。即使拼劲全力，也不会得到什么回报。 

 

    不过，即使是外人看来极度空虚的每一天。 

 

    对她来说仍然是称得上幸福的一段时",
2751,166872," ★☆★☆★☆轻小说文库(Www.WenKu8.com)☆★☆★☆★ 

  短篇集 我怎么可能当一个好学妹！不行不行！（也不是不可能！？）  
     网译版 转自 百合会 

 

    图源：初奈大小姐的仆从（正文）、NoirRei（特典） 

 

    翻译：遥远之星芒（正文）、初奈大小姐的仆从（特典） 

 

    在芦谷高中，有各种各样的老师。 

 

    既有可怕的人，也有温柔的人；既有严厉的人，也有提不起劲的人。既有人气高的，也有没有人气的。一直以来，学生们就像自己被打分一样，也给老师们打分。 

 

    一年A班的班主任，广崎美知留是英语老师。三十出头，身高不显，要说的话就是很温柔，在学生之间很有人气。 

 

    她不会给人咄咄逼人的感觉，总是落落大方的，和她交流没有那种面对大人的紧张感，沟通起来很轻松。阳角们（不我也是阳角就是了）总是小美小美这样叫她，不过本人似乎觉得这样有点失敬，最后采取了“美知留老师”这样的折中方案。 

 

    这样的她，在放学之后把我叫走了。 

 

    这是我在和真唯和紫阳花同学的关系总算是安定下来之后的事。在班会结束之后，她“能借用点时间吗？”这样叫住我。 

 

    也不像是要说教的样子，美知留老师平时给人的感觉都很柔和，搞不懂……我踏入了平时都没怎么来过的教职员办公室。 

 

    “打扰了……” 

 

    规模上来说，稍微比初中大一些？就这种感觉的。 

 

    有种说法是，阳角和老师关系好，会比起阴角来更容易受到夸奖，能得到老师的特别照顾。然而，为什么我却没有这种优待呢。对哦，因为我没有和老师搞好关系—— 

 

    哎呀，我也已经高中出道了，就放轻松点喊着“小美&#9834;”和她亲近一下不就行了吗。怎么说呢，总感觉这么说了之后会被回“哈？活",
2756,108273," ★☆★☆★☆轻小说文库(Www.WenKu8.com)☆★☆★☆★ 

  第一卷 序章  
     台版 转自 轻之国度 

 

    图源：拉菲 

 

    录入：拉菲 

 

    接下来要述说的，是关于某王国公主的故事。 

 

    这个故事要从一个对魔法怀抱憧憬的公主重拾前世记忆开始说起。 

 

    那个有时把人搞得团团转、有时又会让人大开眼界的公主，总是不停在追求魔法的真理与魅力。 

 

    而这就是故事的开头。 

 

    ＊　＊　＊ 

 

    我只是单纯喜欢「魔法」这个词句。因为那是一个能让他人幸福，给人带来欢笑的词句。我喜欢魔法这样的事物。因为那是个我永远无法触及、永远无法实现的愿望。如果我能实现一个愿望，我的愿望一定是希望自己成为一名魔法师。 

 

    我这么胡思乱想到一半，突然想起关于我「前世记忆」的事。 

 

    我名叫艾妮丝菲亚·温·帕雷提亚，是帕雷提亚王国的大公主。那是在我五岁仰望天空发楞时所发生的事。 

 

    如果有魔法，我就能在天上飞了。事情就在我莫名涌现这个想法的时发生了。 

 

    我突然对自己为何会有如此想法产生疑问，紧接著，我便重拾了我记忆中所遗忘的前世。 

 

    那种感觉就像某块拼图找到了对应的位置。我就如同发现自己所欠缺的那块拼图。而从这天开始，我也迎来了人生的转机。 

 

    在脑中复苏的前世记忆实在不可思议。在空中飞行的飞机、用柏油铺装的道路、在道路上行驶的汽车，这些在前世理所当然的文明产物一一在脑中浮现。 

 

    然而对我来说，那都是未知的东西。我现在所生活的世界没有飞机，也没有汽车。会飞在空中的东西只有鸟与魔物，道路不是用柏油铺装，在路上行驶的也并非汽车而是马车。贵族在前世只存在于故事当中，然而我现在却是王族",
2756,112633," ★☆★☆★☆轻小说文库(Www.WenKu8.com)☆★☆★☆★ 

  第二卷 序章  
     台版 转自 轻之国度 

 

    图源：拉菲 

 

    录入：拉菲 

 

    我努力藏住气息。从这里开始，我不能被任何人发现。如果被发现，我的计划就会失败。或许正是因为这样的紧张感，让我的心脏剧烈跳动。 

 

    我小心翼翼穿过王城的走廊。现在正是我溜出房间，前往目的地的途中。万一在这时被发现，我就会被带回房间，所以行动必须格外慎重。 

 

    我忍受著因为紧张感导致的剧烈鼓动，背靠在墙上，利用从房里带出来的梳妆镜窥看走廊上的状况。在确认四下无人之后，我便蹑手蹑脚地迅速来到某扇门前。为了避免发出太大的声音，我尽可能低调地敲响房门。 

 

    「──哪位？」 

 

    听到门内传来的声音让我脸上堆满笑容。我推开房门，迅速让身子从门缝中溜入房内，对房内的那个孩子露出微笑。 

 

    「我跑来玩啰！」 

 

    我进到房内，笑容满面地表明来意。只见房内的孩子先是圆睁双眼，随即轻叹一口气。 

 

    「……你怎么又偷溜过来了？这样会被人教训喔。」 

 

    一看到我的脸，那孩子便尴尬地皱起眉头对我这么说。但我并没有把他说的话放在心上，迳自来到那孩子面前。 

 

    「反正我本来就成天被人教训嘛！比起那种小事，我想到一个新的实验，你来帮我吧！」 

 

    「你到底又想到什么了……这次的实验没问题吗？」 

 

    看到对方脸上的狐疑表情，令我不禁语塞。可是一心认为不能在这种时候打退堂鼓的我，自然是用力点头。 

 

    「当然没问题！这次一定会成功的！应该说，就算说过去的失败都是为了这次的成功而存在，也一点都不为过！」 

 

    「……真是那样吗？」 

 
",
2756,118972," ★☆★☆★☆轻小说文库(Www.WenKu8.com)☆★☆★☆★ 

  第三卷 序章  
     台版 转自 天使动漫论坛 

 

    天使动漫录入组 

 

    图源：墨家小白 

 

    录入：kid 

 

    「……艾妮丝啊，这是无法更改的事。」 

 

    父王用沉重的语气对我说。这里是王城的办公室，手肘靠在办公桌上、双手交握的父亲，表情显得十分严肃。 

 

    在父亲身边随侍在侧的格兰兹公爵则是跟往常一样。母后虽然态度平淡，但双手也握得紧紧的。 

 

    我轻叹了一口气。因为我早有某些程度的心理准备，所以对父亲所告知的事情并不感到惊讶。只是心中还是难免有一股「事情果然会变成这样」的无力感。 

 

    我就像要掩饰内心涌现的感情般挤出虚饰的笑容。那是不会让任何人产生不安的完美笑容。因为如果我不那么做，就承受不了之后要面临的状况。 

 

    「父王，女儿都明白。女儿也早预料到会如此发展，这也无可奈何。」 

 

    「……你真的愿意吗？」 

 

    看见我带着笑容做出回应，父王不改严肃的表情再次确认。这让我的笑容转为苦笑。 

 

    「讨厌啦，您不都说这已经无法回头了吗？我也知道是没有其他选项的。」 

 

    「艾妮丝……你……」 

 

    母后的表情失守，皱起眉头看着我。可是她并没有说更多话。最后是格兰兹公爵代替沉默不语的母后开口。 

 

    「那我会安排在近日发表这项决定。虽然可能得劳烦艾妮丝菲亚公主处理一些事情，还请您见谅。」 

 

    「我明白，格兰兹公爵……啊，对了。之后尤菲会怎么样？」 

 

    「至于尤菲莉亚，还请殿下暂时将她留在身边。因为那会成为反映我公爵家意向的一项指标。」 

 

    「原来如此。真不好意思，我",
2756,127015," ★☆★☆★☆轻小说文库(Www.WenKu8.com)☆★☆★☆★ 

  第四卷 序章  
     台版 转自 天使动漫论坛 

 

    天使动漫录入组 

 

    图源：墨家小白 

 

    录入：kid 

 

    我在醒来的同时，也感受着一股强烈的倦怠感。 

 

    在朦胧的意识中，那不属于自身的体温让我自然地伸手确认。 

 

    那是一股让我感觉非常舒适，差点让我回到睡梦中的暖意。 

 

    「尤菲……」 

 

    「我在这里，早安，艾妮丝。」 

 

    当我听到尤菲声音的瞬间，我的意识迅速清醒。我伸手握住的东西是她的手。察觉到这个事实，我立刻挪动身躯，试图拉开距离。 

 

    可是尤菲却从正面将我紧紧抱住，阻止了我的行动。这种全身被尤菲体温与体香笼罩的状况，让我一下喘不过气。 

 

    「放～开～我～！」 

 

    「呵呵……艾妮丝很会使性子呢。」 

 

    尤菲不知为何带着轻笑声，并让我们的额头贴在一块。 

 

    而我则是连忙用额头轻轻顶开尤菲的脑袋，然后顺势起身。 

 

    只是刚睡醒的身体似乎跟不上自己的动作，让我有些发昏。看着我瘫坐在床上的模样，尤菲也跟着坐起身子。 

 

    「早安，艾妮丝。谢谢你昨晚的款待。」 

 

    看到尤菲开心的模样，让我忍不住嘟起嘴。感受着自己发烫的双颊，我想自己此刻肯定是满脸通红。 

 

    自从尤菲成为精灵契约者之后，我们睡在一起的机会就增加了。理由是为了让尤菲『进食』。虽说是进食，不过她吃的其实是我的魔力。 

 

    虽然拥有人类的肉体，但精灵契约者却是更接近精灵的生物。而精灵则是以魔力作为粮食。 

 

    虽然尤菲同样得像常人一样以进食来维持肉体，不过对魔力的需求",
2756,134755," ★☆★☆★☆轻小说文库(Www.WenKu8.com)☆★☆★☆★ 

  短篇 BD特典 全心全意 献给你的礼物  
     网译版 转自 百合会 

 

    翻译：linklois 

 

    我，尤菲莉亚·玛赞塔，出生在非常好的条件中。 

 

    在帕雷提亚王国的贵族中也是非常知名的玛赞塔公爵家。从颇有声望的双亲那继承来的美貌，再加上在各种领域都能留下优秀成绩的才能。 

 

    王家对这样的我抱有期待，所以让我当上了下任国王亚尔加德王子的婚约者。 

 

    这个立场需要我去背负责任。为了履行被赋予的义务，我将幸运获得的地位和才能奉献给国家。这就是我应该要做的事。 

 

    因此，我的行为举止会受到关注。我不能让人看到破绽，所以每一刻都无法松懈。 

 

    即便是在，我自己的生日。 

 

    「早上好，尤菲莉亚小姐」 

 

    「早上好。……一大早就这么夸张」 

 

    「这边是赠送给尤菲莉亚小姐的生日祝福」 

 

    「收到的物品的目录在这边。请您过目」 

 

    「嗯，谢谢」 

 

    我眼前的是堆积如山的礼物。 

 

    这些并不是单纯给我的祝贺。 

 

    因为是贵族，所以家族之间的联系是非常重要的。 

 

    因此，大家当然会想和王国的贵族代表玛赞塔公爵家打好关系。 

 

    我会去确认目录，也是为了根据礼物判断要和哪个家族建立紧密的联系。 

 

    『听好了，尤菲莉亚。会在你的生日给你送礼物的人，都打着自己的算盘。你只要思考一下自己的立场就能明白』 

 

    『好的，父亲大人』 

 

    『大家并不是全都是善意的。我们玛赞塔公爵家是贵族代表，这个权力会吸引到很多人。你必须要考虑那些人为了拉拢年纪尚小的",
2756,135147," ★☆★☆★☆轻小说文库(Www.WenKu8.com)☆★☆★☆★ 

  第五卷 序章  
     台版 转自 天使动漫论坛 

 

    天使动漫录入组 

 

    图源：墨家小白 

 

    录入：kid 

 

    从尤菲即位女王后又过了两个月。 

 

    在我父王、母后与格兰兹公爵的协助下，成为女王的尤菲为推进帕雷提亚的改革而努力。 

 

    而在此同时，我──艾妮丝菲亚·温·帕雷提亚则获得一段悠闲的时间。 

 

    虽然直到尤菲即位之前，我仍必须抽空与格兰兹公爵派阀旗下的贵族会面，不过频率也变少许多。毕竟现在我已经没有成为女王的可能性了。 

 

    如此这般，我接着必须努力完成的工作，就是让魔学与魔道具更加普及。 

 

    可是就尤菲的说法，她似乎认为现在还不到我率先行动的时候，希望能有更多时间准备。 

 

    『今后我是打算以女王的身分率先推动魔学跟魔道具的普及，可是现在准备仍不足够，如果你现在直接采取行动，很难预料会有什么样结果，所以我认为应该给贵族一些时间接受。』 

 

    『呃……所以结论是什么？』 

 

    『就是你应该休息一下。在准备完成之前，就请你好好养精蓄锐吧。』 

 

    尤菲笑容满面地说。简而言之，就是要我在普及魔学跟魔道具的政策准备完成之前先去休息。 

 

    我想尤菲就真的只想让我休息吧。话虽这么说，我之前都理所当然地到处奔走，所以现在要我休息反而有些不知所措。 

 

    如此这般，我最近开始着手过去一直都没有接触的新研究。虽然尤菲刚开始还会狐疑地确认我是否有好好休息，可是最后她也干脆想成这样才像我的作风，轻叹一口气后面露微笑。 

 

    我虽然这样过着埋首于自己嗜好的生活，但也不是完全没有在工作。就算是现在我还是会收",
2756,143520," ★☆★☆★☆轻小说文库(Www.WenKu8.com)☆★☆★☆★ 

  第六卷 序章  
     台版 转自 天使动漫论坛 

 

    天使动漫录入组 

 

    图源：墨家小白 

 

    录入：kid 

 

    「──你真的打算离开这里吗？」 

 

    我提出疑问的语气透露出比我自己想像中更多的焦躁。 

 

    因为我话语而转头回望的人，是一名有着黑发红眼的美女。 

 

    在她脸上挂着我十分熟悉，总是让我不悦的笑容。那是一种令人感觉冷漠，让人难以捉摸她内心想法的奇妙表情。 

 

    「因为继续待在这里也没意思了。」 

 

    「就算个性再怎么古怪，搞到这种地步也太可笑了。……你是认真的吗？」 

 

    「嗯。你是在为我操心吗？」 

 

    「谁会为你操心啊！有机会能摆脱你，我高兴都来不及呢！」 

 

    「哎呀，看来我被你讨厌了呢。」 

 

    「……说真的，你为什么突然要走？你离开这里肯定会后悔的。你应该知道就算有人想取你性命也不奇怪。就算你再有本事，真的面对那种状况……」 

 

    「所以你是真的在为我操心吗？」 

 

    「我才说过不是了！你到底在想什么！？啊！真是叫人火大！」 

 

    一股难以忍受的恼火让我忍不住跺脚。虽然这样丝毫没法化解我的烦躁，但就是克制不了。 

 

    「算了！这下我很清楚我是无法理解你的想法了！继续跟你说话也只会让我一起怀疑，你要走就快走吧！」 

 

    「卢埃拉。」 

 

    她──堤莉丝用平静的语气唤了我的名字。 

 

    她与我是有长年交情的挚友，也是与我切磋琢磨的竞争对手，同时也是让我直到现在仍捉摸不透的对象。 

 

    「我真的不明白。我不懂我们族人所追求的",
2756,145929," ★☆★☆★☆轻小说文库(Www.WenKu8.com)☆★☆★☆★ 

  第七卷 序章  
     台版 转自 天使动漫论坛 

 

    天使动漫录入组 

 

    图源：墨家小白 

 

    录入：kid 

 

    在寒冷的雨季结束后，清晨明显变得暖和许多。 

 

    然而那有别于暖和空气包覆我全身的温暖，让我──艾妮丝菲亚·温·帕雷提亚自然露出微笑。 

 

    「真难得……今天竟然是我先醒来呢，尤菲。」 

 

    我看着仍处在睡梦中的心上人──尤菲莉亚·费兹·帕雷提亚这么说。 

 

    我目不转睛地看着她的睡脸。 

 

    光是这么做，就让我感到一股源源不绝的爱意涌上心头。 

 

    我伸出没被搂住的手臂轻拨她的浏海。尤菲虽发出微弱的呻吟，但没被我吵醒。 

 

    「现在已经是光之上月了，你可不能赖床喔。」 

 

    对帕雷提亚王国来说，光之上月是相当于一年之初的重要月份。在雨季时回到各自领地的贵族也都会在这个月份回到王都，而身为女王的尤菲也将格外忙碌。 

 

    老实说，我其实很希望能多宠爱一下这个努力且认真的可爱恋人。可是考虑到我们的身分，事情可没有那么简单。 

 

    「不对，正因为这样，我该趁着可以宠她的时候好好宠她才对……」 

 

    所谓的王族，就是举手投足都必须在意外人眼光的身分。虽然我长时间放弃了那样的责任，不过现在重新面对，那种责任的沉重与难受也让我感觉更加强烈。 

 

    「还有一点时间，就让尤菲多睡一下好了。」 

 

    「……那你可以把这段时间都用在我身上吗？」 

 

    我的自言自语意外得到了答复。 

 

    我以为还在睡梦中的尤菲这时慵懒地睁开眼睛对我说。 

 

    「啊，抱歉，我吵醒",
2756,159532," ★☆★☆★☆轻小说文库(Www.WenKu8.com)☆★☆★☆★ 

  第八卷 序章  
     台版 转自 天使动漫论坛 

 

    天使动漫录入组 

 

    图源：墨家小白 

 

    录入：kid 

 

    所谓充实的生活，往往让人感觉时间过得飞快。 

 

    我──艾妮丝菲亚·温·帕雷提亚在处理公务的同时不禁闪过如此想法，忍不住叹气。听到我叹气声的普丽西菈抬起头问： 

 

    「艾妮丝菲亚王姊殿下，怎么了吗？」 

 

    普丽西菈虽以我专属侍女的身分跟我一同来到魔学都市，可是由于她出众的事务能力，所以实际上是在我身边担任秘书。虽然她在性格跟态度上有些许瑕疵，不过那不会造成实质的坏处，所以我完全不需担心她的工作表现。 

 

    「没什么，我只是感叹魔学都市已经有模有样了。」 

 

    我看着窗外的景色脱口说出如此感想。 

 

    魔学都市艾妮丝菲亚。当我在心中想起这个名称时，总是不禁害臊。 

 

    所以我始终都只使用「魔学都市」这四个字称呼。其他人似乎也能理解我内心的尴尬，当听到我用这种方式称呼时，眼神偶尔会流露一股莫名的慈祥。 

 

    都市的建设过程十分顺利，也准备了未来进一步向外扩张的规划。由于优先顺位的关系，我们的居住区域已接近完工。 

 

    之所以能有如此惊人的建设速度，主要是在工程中大量运用魔法。如果没有发生什么意外，应该能在年内宣告完工。 

 

    但正因如此，我才会这样忙碌。只不过这种忙碌也让我感到充实，所以没有任何坏处。 

 

    「接下来还会更忙，所以请殿下别光顾着叹气，继续工作。否则工作只会越积越多。」 

 

    「我不是叹气！只是有些感慨啦！」 

 

    「原来如此，恕我失礼了。」 

 

    「",
2756,165934," ★☆★☆★☆轻小说文库(Www.WenKu8.com)☆★☆★☆★ 

  短篇集 王宫秘话 第1话 转生公主与天才千金的空中散步  
     台版 转自 天使动漫论坛 

 

    天使动漫录入组 

 

    图源：墨家小白 

 

    录入：kid 

 

    天空对我来说曾是个未知的世界。就算被她的邀约而飞过几次了，但我从来没有机会好好感受天空。 

 

    风轻抚过脸颊的感触，脚触不到地面的浮游感。我过去一无所知的感受如今也反覆体验过了。 

 

    此刻我正与「她」一起在空中飞行。任凭如日光般的白金色发丝随风飘荡的她正望着前方，用愉悦的语气跟我说话。 

 

    「再一下就到了！尤菲！」 

 

    这名开心唤着我名字的女孩名叫艾妮丝菲亚·温·帕雷提亚。 

 

    她是这个借着魔法与丰富精灵资源而繁盛的国家，帕雷提亚王国的大公主。 

 

    尽管她在这个看重魔法技能的国家生为公主，却没有丝毫魔法天分。 

 

    然而她并没有向逆境屈服，靠着独特的创意让自己能以借由道具的形式施展魔法，堪称是前所未见的风云人物。 

 

    我名叫尤菲莉亚·玛赞塔。我是帕雷提亚王国玛赞塔公爵家的千金，现在正住在作为艾妮丝殿下住处的离宫，担任她的助手。 

 

    像我这样的人，为何现在会跟艾妮丝殿下一起在空中飞行呢？ 

 

    关于这件事，那就得从今天一早发生的事情说起了。 

 

    ＊　＊　＊ 

 

    我，艾妮丝菲亚·温·帕雷提亚早上总是在固定的时间起床。 

 

    我并没有什么非遵守不可的行程，我这么做只是让我的专属侍女伊莉雅比较容易工作。 

 

    只是最近我自己打理杂事的情况变多了。原因是长期以来都只有我跟伊莉雅同住的离宫多了新的住客。 

 

 ",
2756,167146," ★☆★☆★☆轻小说文库(Www.WenKu8.com)☆★☆★☆★ 

  第九卷 OPENING  
     网译版 转自 真白萌 

 

    扫图：清水汐音 

 

    翻译：志麻贺津纪 

 

    修图：自清 

 

    校对：志麻贺津纪 

 

    西部贵族激怒尤菲的争吵以及贪污败露， 以此为契机开办了武道大会，自武道大会结束后，如今已过了一个月。 

 

    季节临近收获，迎来了满怀期待的时期。想必农家都纷纷期盼收获的到来，希望今年是一场丰收。 

 

    与此同时，魔学都市欣欣向荣。 

 

    其理由是，为了让前来观看武道大会的观众及来宾，必须要抓紧建设供以下榻的住处，因此快速建设都市的建筑。 

 

    这个速度也延续到了武道大会结束后，如今都市的建设可以说基本已经完工了。按这个速度下去，应该明年可以正式完工。 

 

    即便是现在还没完工，也有很多人纷至沓来，有的冒险者公会在这里正式设立支部，有许多商会开设分店，也有行商在这摆摊。有人聚集会推动越来越多的人拜访都市。 

 

    因此，魔学都市前所未有地一片欣欣向荣。 

 

    我们置这份喧嚣于一旁，站在骑士团的训练场。这个训练场在武道大会时作为会场使用，在大会结束后便用来供骑士团训练。 

 

    但是，今天除了我们之外，并没有其他骑士。因为这里今天让魔学研究室包场了。 

 

    「夏尔奈，准备好了吗？」 

 

    「准备好了，随时可以开始」 

 

    我开口后，专属女仆夏尔奈精神饱满地回应道。她的手握着一把弓。 

 

    这把弓与这个世界常见的弓，形状有所差异。弓上有各式各样的零件组合而成，这和前世复合弓的形态很接近。 

 

    它的造型由于功能上的精炼，给人难以言明的尖锐感，金",
2768,109073," ★☆★☆★☆轻小说文库(Www.WenKu8.com)☆★☆★☆★ 

  第一卷 序章 消失以及诞生的生命  
     网译版 转自 真白萌 

 

    翻译：兴国物语 

 

    中村佑，二十五岁。 

 

    现在佑面临了年龄可能会变成享年的最大危机。 

 

    佑在高中毕业后便就业，过了七年不算长也不算短的岁月，为了新的目标而离开公司。因为他终于存够学习想要前进领域的资金了。 

 

    长年的亲友为了庆祝踏出新的一步的自己，用中彩票的高额奖金邀请自己一起去欧洲旅行。 

 

    有著和日本迥然相异的历史与建筑，让第一次拜访的佑无比感动，并感谢亲友。 

 

    然而，又有谁能想到，这次旅行最大噱头的豪华客船会沉没呢。 

 

    ————好痛苦。 

 

    没有空气的世界，有著简单断绝人类性命的力量。 

 

    被抛出去的身体已经沉入海中，挣扎的力量也渐渐被冰冷的海水夺走。 

 

    (已经不行了吗……) 

 

    放弃的念头充满心中。停止挣扎的身体，像是被深海所吸引般，滑稽地直直往下落，往下落。 

 

    (至少，至少天马一个人，只有他也好) 

 

    希望他能活下去。 

 

    如此许愿的瞬间，挣扎地伸出的手腕，被某人抓住了。 

 

    (————天马!!) 

 

    抓住自己手腕的是亲友。摆出从没见过拼命样的他，正拼命地想把自己往上拉。 

 

    明明在无法听见声音的海中，却感觉天马也和自己一样，在呼叫著自己的名字。 

 

    一瞬间便明白他是想救自己。 

 

    同时明白这绝不可能。 

 

    (……真是笨蛋，和孤单的我不同，你还有在等你回去的家人啊) 

 

    冰冷的海中，佑浅浅地笑了。 
",
2768,116454," ★☆★☆★☆轻小说文库(Www.WenKu8.com)☆★☆★☆★ 

  第二卷 敬启 天马，此处乃是地狱  
     网译版 转自 真白萌论坛 

 

    扫图：被放逐的残星没人爱戴 

 

    翻译：转生残星今天也想插旗 

 

    校对：残星从悔婚开始的悠闲监狱生活 

 

    天马，你过得还好吗？ 

 

    从回想起自己是中村祐后，我便每天以信的形式写起了日记——纵使无法传达给你。 

 

    你平安生还了吗，你回到日本了吗。 

 

    回想起前世的记忆后，我一次又一次地如此担心。 

 

    但你不仅运动神经优秀，运气还好到抽中好几次彩票大奖。 

 

    而且人还长得那么帅，所以我相信你一定过得很好。 

 

    ———咦，和脸没关系？ 

 

    长得好看就代表幸运已经是你的伙伴了唷。羡慕嫉妒恨！ 

 

    不过今生的我也是可爱的女孩子！ 

 

    而且还是转生成贵族千金，这已经是人生胜利组了吧！ 

 

    没想到我居然会转生成女生，而且还是转生到与以前完全不同的世界，你一定很惊讶吧。 

 

    无法看见你惊讶的表情真是可惜。 

 

    我回想起自己是中村祐后，便下定决心作为男爵千金索菲·莉尼艾路坚强地活下去。 

 

    当然我也不会忘记前世，会珍爱这份珍贵重要的记忆。 

 

    嘛，先别说这些了，天马。 

 

    我现在身处地狱。 

 

    此处乃是——地狱。 

 

    我透过思考本日日记内容——以给前世亲友写信的形式——来尝试逃避现实，然而过于强烈的现实并不容许我这样逃避，使我不禁一阵眩晕。 

 

    索菲面前并排著左右共计八名男性。 

 

    尤其最前排的左右两人不仅长相水平异常之高，",
2773,109485," ★☆★☆★☆轻小说文库(Www.WenKu8.com)☆★☆★☆★ 

  第一卷 一章  
     网译版 转自 轻之国度 

 

    翻译：孤岛上的魔法使 

 

    校对：孤岛上的魔法使 

 

    致花 

 

    今天也感受到了那股奇怪的感觉。 

 

    因为绕路去了一趟书店才，回到家妈妈都已经准备好了晚饭（是这边本地的书店，请放心！这种时间，松老师应该也不会来吧。因为家住的远，在这种时候就很方便）。 

 

    我马上就洗了手，换掉了身上的制服，把茶碗还有筷子之类的东西在餐桌上摆好。嗯，说是餐桌，其实也就只是个吃饭的小矮桌而已。你还没有来过我家对吧。来了的话你肯定会被吓一跳的。因为整个房子就只有厨房加六叠房间（客厅兼做父母的我是）再加四叠半房间（我学习的地方兼卧室）。啊，浴室还是有的。估计在所有圣法兰切斯卡上学的学生中，我家应该是最贫穷的吧。不过，要是方便的话，随时欢迎来玩！ 

 

    说到哪里来着的。对了，就是在准备吃晚饭的时候。母亲的那份碗筷，我的那份，还没有回家的父亲的那份。 

 

    明明应该就只有这几份，但是不知道为什么，总感觉应该还有一个人的。「诶，家里不是应该有四个人么？」因为心里这样觉得，没有多想就又数了一遍餐具的数量。但不管怎么数都只有三人份，我家是三口之家有三副餐具是理所当然的，但这股违和感却没有消失。与其说是违和感，更像是错觉？ 

 

    明明是第一次去的地方，但却莫名的感觉怀念，有时候不是会有这样的事情么。或者是，「这封信，好像以前就已经写过了」，又或者是「同样的对话，同样的情景好像以前也有出现过」类似这样的事。感觉就像是大脑里头的线路混乱了一样。我体会到的，就跟类似这样的感觉。 

 

    我感觉到那第四个家庭成员，应该就在旁边四叠半的房间里。大概，是我的姐妹。会是",
2788,110290," ★☆★☆★☆轻小说文库(Www.WenKu8.com)☆★☆★☆★ 

  第一卷 序章  
     网译版 转自 轻之国度 

 

    扫图：小雨 

 

    翻译：青啾，邪教粉头，咸鱼指挥官，米夏，Shallowsmile. 

 

    校对：虚构の偶像，叶樱 

 

    在加油声鼎沸的200米跑道上，我——红羽彩良用力地在进行深呼吸。 

 

    「红组——！请加油——！」 

 

    「红羽大人——」 

 

    秋风拂过，让火热的肌肤备感舒爽。 

 

    站在邻侧跑道上的美少女——稀筱琉衣对我微微一笑。 

 

    「尽管听说过红羽同学运动全能，但是这次可不是个人战而是团体战。我会让你见识到青组团队协作的能力。」 

 

    许是遣词用句颇有礼貌的缘故，乍一听像是堂堂正正的挑战书，但并非如此。她是话里有话，只有我和她才知晓的话。不管你的运动神经有多好，从此刻开始逆转也是不可能的。她的视线由上而下地挑衅着我。 

 

    「为了不辜负红组的信赖与托付，我也会竭尽全力的。作为接力赛中重要的最后一棒。稀筱同学也是这样想的吧？一起加油吧。」 

 

    其实我想说的是。您才是，明明跑得就不快，为什么要当最后一棒呢？ 

 

    我的话语好像充分传达给她了。她满脸通红地装作集中精力在接力赛的样子转回身去。之后，又压低了声音说道。 

 

    「……请注意不要过度紧张，以免让身体受伤。作为深受大家喜爱的『贝尔&#9642;芙露露』大人候补，你的身体可是学园的宝贝啊。」（注：贝尔&#9642;芙露露，词源是法语BelleFleur，意思是美丽的花，这里可以理解成群芳之首。） 

 

    也就是说，既然差距都那么大了，还是放弃吧，这个意思？ 

 

    我把平常垂直而下的红发扎成",
2792,110406," ★☆★☆★☆轻小说文库(Www.WenKu8.com)☆★☆★☆★ 

  第一卷 0 序章  
     台版 转自 天使动漫论坛 

 

    轻书架×天使动漫录入组 

 

    图源：会灰的鸟弹 

 

    录入：kid 

 

    鲜血飞溅。怒吼飞腾。还有魔法射来射去。 

 

    除了那些，再加上头颅也在飞翔。 

 

    在一大片辽阔草原的正中央，正展开一场看了令人毛骨悚然的战争。 

 

    东军是全由兽人组成的顽强战士。拉贝利克王国军。 

 

    西军是成员清一色为吸血鬼的少数精锐。姆尔纳特帝国军。 

 

    「唔，这些家伙是怎么一回事──他们是怪物不成！」 

 

    然而双方早就形同分出胜负了。 

 

    兽人他们的士气明显变弱。理由一看就知道了。因为那堆积如山的尸体，几乎都是穿著拉贝利克王国的军服。 

 

    「《火焰啊火焰，将震颤的森林燃烧殆尽吧。》」 

 

    「可恶，又是魔法啊！看我在发动前把他们全都宰了咕啊啊啊啊啊啊！？」 

 

    「东尼？喂，东尼！你振作一点！」 

 

    原本拿著剑猛冲的熊男瞬间化为灰烬。剩下的兽人们为那有著天壤之别的战力差距，大张著嘴都说不出话来了。看样子身为军人的尊严还在，谁都没有人把手中的武器丢下，然而每当吸血鬼们滔滔不绝地咏唱著撼动大气的咒文，有些人就会吞口水，有些人会怕到浑身紧绷。 

 

    「搞屁！开什么玩笑，我要先溜了！」 

 

    「《冰啊冰，将敌人的心脏冻结吧。》」 

 

    虎男正准备临阵脱逃，一根冰做成的箭矢贯穿他的后脑勺。一看到伙伴的尸体重重倒向地面，那些剽悍的兽人也免不了发出像动物般的悲鸣。整支军队已经有如一盘散沙。鹿男丢下武器，猫男对天磕头、拜了又拜，狮子男发出惨叫，开",
2792,115084," ★☆★☆★☆轻小说文库(Www.WenKu8.com)☆★☆★☆★ 

  第二卷 0 序章  
     台版 转自 天使动漫论坛 

 

    轻书架×天使动漫录入组 

 

    图源：会灰的鸟弹 

 

    录入：kid 

 

    早上了。从窗帘缝隙射进来的阳光在提醒我这点。 

 

    可是我早就起来了。已经起床了。 

 

    换作平常，这个时间带的我会在被窝里狂睡，还管什么春眠不觉晓，连黄昏都要给他跳过去。可是今天的我连打瞌睡都没有，而是盯著桌面看。 

 

    「完成了……总算完成了……！」 

 

    我心中欢喜无比。 

 

    这也难怪。 

 

    因为我完成了。完成新写的小说。 

 

    心想我做得真棒。平日里被迫从早上工作到傍晚，回来以后还要被变态女仆跟前跟后烦死人，到了星期六就很累，很想要偷懒放松──在这么忙碌的日子里，我还是挤出时间努力写作，花了一个月终于完成一部作品，也许我有这方面的特殊才华也说不定。 

 

    再来要做的就是送去给出版社。 

 

    虽然只是送过去──还是要多加小心。 

 

    因为那个变态女仆的关系。如果被那家伙发现有这份原稿存在，那就惨了。 

 

    这次的作品可是超越「草莓牛奶」的大杰作，若被人擅自公开，我一定会羞耻到恨不得去死。因此我要慎重再慎重，以免被那家伙看见。 

 

    「早上好，可玛莉大小姐。」 

 

    「哇啊啊啊啊啊啊啊啊！」 

 

    这害我拚命用身体盖住原稿。 

 

    也不知道是什么时候来的，穿著女仆装的女孩子已经站在我背后了，就是自称「可玛莉大小姐专属女仆」外加别名「变态女仆」的薇儿海丝。她还是和往常一样，一脸淡然的样子。但可不能被骗了，她脑子里肯定在想些变态的事情",
2792,118848," ★☆★☆★☆轻小说文库(Www.WenKu8.com)☆★☆★☆★ 

  第三卷 0 序章  
     台版 转自 天使动漫论坛 

 

    虚空文学旅团×天使动漫录入组 

 

    图源：书友同萌会 

 

    录入：kid 

 

    鲜血在飞散，怒吼声飞窜，还有魔法飞来飞去。 

 

    然后约翰的头也飞了。 

 

    在一望无际的草原上，看了令人心惊胆颤的血战正在各处上演。东军是吸血鬼组成的少数精锐，姆尔纳特帝国军。 

 

    西军是刀剑民族组成的战斗集团，盖拉·阿尔卡共和国军。 

 

    「阁下！那个『月桃姬』的部队打过来了！我们迎战吧！」 

 

    卡欧斯戴勒在此刻大喊。喊叫期间仍然继续用奇妙的空间切断魔法将逼近的敌人切成碎片。其他部队成员也都杀红眼了，一看到敌人就冲过去，把那些翦刘种陆陆续续粉碎掉。而那些翦刘种遭人粉碎后，红色的血液像喷泉般乱喷，将草原都弄湿了。 

 

    「去死吧──！」 

 

    「这些盖拉·阿尔卡的铁皮杂碎──！」 

 

    「可以被阁下夸奖的人是我──！」 

 

    「喂臭小子，那是我的猎物耶！」 

 

    「搞屁啊，是我先发现的！」 

 

    「抢什么抢，去死吧──！」 

 

    「呀啊啊啊啊啊啊啊啊！」 

 

    …………………… 

 

    ………… 

 

    「您应该感到高兴才对，可玛莉大小姐。敌人都吓得屁滚尿流。」 

 

    「这有什么好开心的！？」 

 

    我发出来自灵魂深处的怒吼。 

 

    这里是核领域。也就是说，我们现在在打仗。望著那些到处作乱，跟野兽没两样的部下，我每次都提心吊胆、一颗心七上八下，但这次情况不一样。 

 

    第七部队有一半",
2792,124189," ★☆★☆★☆轻小说文库(Www.WenKu8.com)☆★☆★☆★ 

  第四卷 0 序章  
     台版 转自 天使动漫论坛 

 

    轻书架×天使动漫录入组 

 

    图源：海 

 

    录入：kid 

 

    读书之秋。艺术之秋。食欲之秋。 

 

    好像还有个说法是运动之秋，但那跟我是一点点关系都没有。总之秋天是适合当家里蹲的季节。夏天会有一大堆形形色色的活动，秋天才正适合发挥家里蹲的精髓。 

 

    「窗户搞定。门也没问题。都已经确实锁好了。」 

 

    这样就不会有人来妨碍。 

 

    趁着变态女仆跑去上洗手间的空档，我将我的房间弄得像要塞一样。还有为了以防万一，我有在门板上贴了一张纸，上面写了一道命令「今天不用继续工作去外面玩吧」。 

 

    确定可以放心外加安全无虞后，我从书架上拿出「安德罗诺斯战记」最新的集数，整个人「砰！」地飞扑到床铺上。这是前几天才刚发售的续集，而且听说这本书的作者还是七红天芙蕾·玛斯卡雷尔的姊姊。如果去拜托芙蕾，是不是还能拿到签名……不对，光是去跟她讲话就会被杀掉吧。还是放弃好了。 

 

    「很好──！已经把薇儿关在外面了，今天就不用再工作了吧，我要尽情享乐！」 

 

    「不好意思。我人还在这边，今天也还有工作要做，不能尽情享乐。」 

 

    「喔哇啊啊啊啊啊！？」 

 

    听见不可能出现在这的声音，我从床铺上跌了下来。 

 

    这是幻听吗？还是我太累了──想到这边，我害怕地看看床铺上头。 

 

    奇怪的是那个变态女仆正将海豚抱枕（第二代）推开，人就躺在我的床铺上。 

 

    「你……你怎么在这！？没有看到贴的那张纸吗！？」 

 

    「我决定当作没看见。」 

 

    「那不",
2792,126100," ★☆★☆★☆轻小说文库(Www.WenKu8.com)☆★☆★☆★ 

  第五卷 0 序章  
     台版 转自 天使动漫论坛 

 

    轻书架×天使动漫录入组 

 

    图源：海 

 

    录入：kid 

 

    姆尔纳特帝国开始吹起寒冷的北风。 

 

    如今已经来到十二月中。今年为了七红天争霸战、六国大战和天舞祭，我忙得要死（就像字面上说的真的快死了），而今年要不了多久就要过完了。 

 

    来到这个时期，娱乐性战争就没有那么多。 

 

    女仆说了「新年一开始将会召开超杀戮大感谢祭，所以这段时间暂时可以休息一下」。可以休息，我是很欢迎啦，但是那个超杀戮什么的是怎样？明显像是有几条命都不够用的活动啊？ 

 

    我想要追问详细情形，薇儿却只保持神秘的微笑，什么都不告诉我。她平常就是这样。晚点再去问佐久奈好了。 

 

    总而言之── 

 

    虽然参杂让人不安的要素，但我目前还是能够放点像样的假。像今天就是星期天，如假包换的假日。而且女仆还被皇帝叫过去，她人不在这，那可谓是空前绝后的奇迹。 

 

    我觉得这个奇迹一定是神赐予我的奖励。我连一秒都不能浪费，必须有效运用──想着想着，我坐到暖炉旁边的懒人躺椅上，一下子打瞌睡一下子看书。 

 

    简直太幸福了。法喜充满呀。希望这样的时光可以永远持续下去。 

 

    对喔。我接下来就来冬眠好了。 

 

    只要跟大家放话说「其实我是会冬眠的吸血鬼」，就算疯狂睡到明年春天，应该也不会有人说话才对。这样的点子实在太天才了──才刚想到这边…… 

 

    「可玛姊姊！早安！」 

 

    我好像听见一道邪恶的声音。 

 

    是幻听吗？这里应该是我的房间吧……？ 

 

    「我说可玛",
2792,127183," ★☆★☆★☆轻小说文库(Www.WenKu8.com)☆★☆★☆★ 

  第六卷 0 序章  
     台版 转自 天使动漫论坛 

 

    轻书架×天使动漫录入组 

 

    图源：海 

 

    录入：kid 

 

    这里是核领域里的某个地方。 

 

    也是前些日子天照乐土的前大神消逝的古城。 

 

    外观上乍看之下是座废墟。不管任谁看了，都会觉得这里明显已经很久没有人出入。就因为这个地方如此的寂寥，更是适合拿来秘密会谈。 

 

    「──那接下来，看样子所有人都到齐了。」 

 

    在古城的某个房间里，一道英气凛然的声音响起。 

 

    身上穿着阿尔卡的军装，头上绑着桃红色的双马尾，这位翦刘种──她便是纳莉亚·克宁格姆。放眼环顾围绕着圆桌的多张面孔，她脸上浮现满意的笑容。 

 

    「这次要谈的事情，都已经写在信件里了。二月十八日即将到来，我们必须对此做些准备。」 

 

    「纳莉亚小姐，可以问一个问题吗？」 

 

    叮铃──来自铃铛的声音响起。 

 

    就在纳莉亚对面，有位身穿和服的少女坐在那边。 

 

    她是天照乐土的大神，还（自称）是全宇宙最强的人，名字叫做天津·迦流罗。 

 

    「怎么了？我们没有准备绿茶喔。」 

 

    「我也很喜欢红茶，没关系的。重点不是这个──我们今天来这边聚集到底是为了什么？我听说是十万火急的会议，才中断手边忙到一半的工作跑过来。」 

 

    「你的头发好像睡到翘起来了？刚才真的在工作吗？」 

 

    「那当然。不要看我这样，我好歹也是天照乐土的领袖。」 

 

    「迦流罗大人一直在打瞌睡，也就是说她跷班了。」 

 

    「等等啊小春！？拜托不要面不改色戳破别人好吗",
2792,135838," ★☆★☆★☆轻小说文库(Www.WenKu8.com)☆★☆★☆★ 

  第七卷 0 序章  
     台版 转自 天使动漫论坛 

 

    轻书架×天使动漫录入组 

 

    图源：海 

 

    录入：kid 

 

    「翎子，你看，冰雪之花正在盛开呢。」 

 

    这里是夭仙乡的京师。 

 

    是神仙所居住的华美桃源乡深处。天子爱兰弈詝指着从白极联邦调度而来的「雪花石」，笑得跟个孩子一样。 

 

    「这是在夭仙乡看不到的贵重物品。只要像那样放着，这样东西就会散发白色的魔力，看起来就很像冰雪之花盛开一样。可是这样还不够──听说核领域那边有更珍奇的石头。」 

 

    此人的年龄已经逼近两百岁。可是他的一言一行都隐约透露着稚气，令人不忍逼视。于是翎子再也忍不住了，她开口朝着对方说了这么一句话。 

 

    「陛下，热爱自然固然是很棒的事情……但如今您是不是该稍微关心一下朝廷的事。」 

 

    天子对于女儿说的这番话似乎感到很意外，还用那样的表情看她。 

 

    「你这究竟是怎么了。」 

 

    「再过不久就要展开朝议，还请您务必亲临。」 

 

    「没那个必要。」 

 

    有雪片从天空中纷飞飘落。 

 

    他将那样东西放在手掌中摆弄，脸上浮现不懂事的稚气笑容。 

 

    「只要都交给丞相就没问题了，这么做对夭仙乡来说才是最好的。」 

 

    不管说什么都没用。 

 

    听说他从前还是个器宇轩昂的夭仙。到底是什么让他堕落到如今这般地步，翎子并不晓得。可是经历了这番堕落，爱兰朝那长达六百年的历史即将拉下帷幕。去防止这种事情发生，那将是她这位公主责无旁贷的义务。 

 

    「容我说句话，那个丞相才是会害爱兰朝倾覆的始作俑者",
2792,137995," ★☆★☆★☆轻小说文库(Www.WenKu8.com)☆★☆★☆★ 

  第八卷 0 序章  
     台版 转自 天使动漫论坛 

 

    轻书架×天使动漫录入组 

 

    图源：海 

 

    录入：kid 

 

    在夭仙乡那场骚动发生的不久之前，那天是三月十二日，发生了一件事情。 

 

    在姆尔纳特宫殿的「血祭之厅」里头，跟那骇人听闻的大厅名字有很大的出入，里面的装潢算是很奢华。 

 

    有色彩斑斓的魔力灯。还有在看来高雅的桌巾上，正摆放了几道佳肴。 

 

    大厅正面摆放写着「Happy Birthday！！」的看板── 

 

    「──这面看板是之前帮可玛莉大小姐庆生用过的那个吧。」 

 

    「咦！？啊……真的耶！？你是不是不喜欢……？」 

 

    「也不是不喜欢，只是心情上有点复杂。明明就没必要弄得那么豪华……」 

 

    就像字面上说的那样，薇儿坐在寿星该坐的位置上，看似难为情地扭动身躯。 

 

    没错，三月十二日这天就是我家那个变态女仆薇儿海丝的生日。 

 

    当作是上个月那件事的回礼，我们决定替她举办生日派对。 

 

    原本是想要给她一个惊喜，我们暗中做准备，可是过分敏锐的薇儿却好像以秒为单位察觉我的企图。在生日即将到来的一个星期前，那家伙就大吵大闹说「生日礼物可以送我可玛莉大小姐本体就好」。 

 

    可是等到了庆生宴当天一看，她却又显得不自在，宛如借来的猫。 

 

    就算大家跟她说「生日快乐」，她也只是爱理不理地点头回礼，嘴上说声「谢谢」了事。 

 

    就连第七部队成员在那做街头表演，上演切腹秀，她也只是面无表情地「啪啪啪」拍手。 

 

    的确，这家伙平常一直都是个冷酷的女仆。 

 

",
2792,139843," ★☆★☆★☆轻小说文库(Www.WenKu8.com)☆★☆★☆★ 

  第九卷 6 恐怖分子的目的  
     台版 转自 天使动漫论坛 

 

    轻书架×天使动漫录入组 

 

    图源：海 

 

    录入：kid 

 

    〈姆尔纳特就拜托你了　这个世界常存于你心中〉 

 

    这来自一封信── 

 

    在吸血动乱的混乱漩涡中，我在核领域的某间旅馆里，拿到迦流罗哥哥给我的信件，是尤琳·岗德森布莱德写的。 

 

    现在回想起来，会觉得这是一个谜到不行的讯息。 

 

    世界？心中？这是不是在做某种比喻？ 

 

    妈妈常常对我说「你将会引领世界」。 

 

    可是这句话的真实含义，我到现在都还搞不清楚。 

 

    那个骆驼夏洛特曾经说过一件事，妈妈已经成了佣兵集团「满月」的首领，一直在为世界和平奋斗。 

 

    她是宵暗英雄。 

 

    真的好厉害。我没办法变得跟那个人一样。 

 

    因为我将会壮志未酬身先死。 

 

    胸口那边老是有种刺痛感。 

 

    可是比起身体的疼痛，心灵的痛苦更加剧烈。 

 

    不知道薇儿、柯蕾特、艾丝蒂尔和纳莉亚，还有拉米耶鲁村的人，他们是否平安无事。 

 

    我伸出手，只因心中感到无比寂寞。 

 

    我不想输给星砦。 

 

    想要快点回到薇儿她们的身边。 

 

    可是我的身体却动不了。 

 

    妈妈，我该怎么办── 

 

    「──很简单啊！只要跟我一起将碍事的家伙通通杀了就好！」 

 

    此时有个人握住我的手。 

 

    不是妈妈。 

 

    而是更加邪恶、更加冷酷，一个既纯真无邪又爱嘲弄世人的吸血鬼。 

",
2792,142600," ★☆★☆★☆轻小说文库(Www.WenKu8.com)☆★☆★☆★ 

  第十卷 13 愚者天文台  
     台版 转自 天使动漫论坛 

 

    轻书架×天使动漫录入组 

 

    图源：海 

 

    录入：kid 

 

    常世陷入不得了的状况中。 

 

    星砦似乎已经不见踪影了，可是他们留下一些伴手礼，导致各国之间的紧张情势如丝线般应声断裂，真正的战争持续不断，让人觉得那些娱乐性战争都变得像儿戏一样。就连拥有矿山都市「涅普拉斯」的「多马尔共和国」也找了一些理由，像是领域受到侵犯，或者是其他的，据说已经对好几个国家宣战。 

 

    若是想要阻止这些纷争，那就必须搜集六个魔核。 

 

    只要搜集六个，「弑神之塔」的封印就能解开，还能够见到丝毕卡·雷·杰米尼的朋友──那位初代巫女姬。听说初代巫女姬能够使用比薇儿更加强大的预测未来力量，透过她的力量，据说就能得知让世界变得和平的方法。 

 

    可是我们要暂时休息一下。 

 

    因为跟特莱梅洛作战，带来太多牺牲。 

 

    尤其是芙亚欧·梅特欧莱德。 

 

    她为了伙伴举起刀剑，打倒邪恶的敌人，之后便耗损过度消散了。 

 

    不管是我还是丝毕卡，都受到了不小的打击。为了不要让她的死亡白费，我们必须努力──虽然明白这样的道理，但对于某些部分，内心里还是无法接受。 

 

    人的根源是心灵。 

 

    只要心灵受伤，那就连提起精神好好吃饭都做不到。 

 

    所以我们才决定暂时休息一段时间，只是── 

 

    「为什么要来露营……？」 

 

    湖里的水荡漾摇曳。 

 

    我抱着膝盖屈膝坐在湖畔，嘴里「唉～」地吐出一声叹息。 

 

    在旁边那个广场上，逆月那帮人正",
2792,144990," ★☆★☆★☆轻小说文库(Www.WenKu8.com)☆★☆★☆★ 

  第十一卷 0 序章  
     台版 转自 天使动漫论坛 

 

    轻书架×天使动漫录入组 

 

    图源：海 

 

    录入：kid 

 

    我觉得我的脑袋好像快爆炸了。 

 

    就在这一刻，在我的眼前，放了一张从笔记本上切下来的书页，上面写着「残存课题列表」。身为七红天大将军黛拉可玛莉·岗德森布莱德应该要做的事情都整理完写在上面了。并不是写说要去哪里的哪间店吃蛋包饭，或者是在今天以内写个几千字的小说内容，都不是那些日常琐碎的事情。而是看起来更加认真、更加麻烦的那种。 

 

    那上面写着丝毕卡的事情、常世的事情、星砦的事情、愚者的事情，还有妈妈的事情──除此之外更是记载了好多好多的课题。害我都不由得想要大叫了。 

 

    「──要思考的事情也太多了吧！？」 

 

    「有些工作甚至是放着不管还会死掉的那种。尤其是天文台和星砦，这两方面可无法忽视，毕竟那帮人都会为了杀掉可玛莉大小姐而赌上性命。」 

 

    「为什么那些人那么喜欢战斗啊？我都快烦死了，就用厨艺对决之类的来决胜负就好啦，例如规则可以定为做出最好吃蛋包饭的人获胜。」 

 

    「那么可玛莉大小姐很有可能会被拿来当成蛋包饭的食材。」 

 

    「你也该跳脱那种野蛮的思考模式了吧！！」 

 

    「总之──可玛莉的心情，朕很能体会。」 

 

    有个少女在说话时将茶杯放到桌子上，坐在我对面的她开口如此说道。 

 

    她身上穿着豪华的洋装，还有一头如月亮般皎洁的金发，再加上桀骜不驯、胆大包天的眼神。 

 

    这位就是姆尔纳特的名产之一，变态皇帝卡蕾·艾威西尔斯。 

 

    「有逆月，再加上天文台、星砦──",
2792,148556," ★☆★☆★☆轻小说文库(Www.WenKu8.com)☆★☆★☆★ 

  第十二卷 0 序章  
     台版 转自 天使动漫论坛 

 

    轻书架×天使动漫录入组 

 

    图源：海 

 

    录入：kid 

 

    天文台的愚者？ 

 

    那些杂碎她根本没放在眼里。 

 

    我应该抱持杀意的对象是── 

 

    那个深红的吸血姬。 

 

    就只能是她。 

 

    ☆ 

 

    神圣雷赫西亚帝国的夜晚很热闹。 

 

    战乱终结，如今这个地方逐渐成为常世的中心地，来自世界各地的各色人种正滔滔不绝地涌入此处。根据大圣堂的统计，据说人口甚至膨胀到半年前的三倍之多。而这座飘荡静谧氛围的神之领域即便入夜也灯火通明，摇身一变成了一座不夜城。 

 

    那些繁华的街道因紫色曼陀罗矿石增色不少。 

 

    在某间酒吧里，有两个奇妙的人正在交谈。 

 

    「我有试着做做看了，这个是复制品。只要用上我的【增幅灵宝】，要让歼灭外装增殖根本不是什么难事──我原本是想这么说，但事实上似乎没办法复制完全。这个东西顶多只能在三天内发挥完整性能。」 

 

    那是一个身穿白衣，看起来很疲惫的翦刘种。 

 

    她从怀中取出一把小小的匕首，将那个东西懒洋洋地扔到桌上。 

 

    就在那把匕首旁边，还放了一把形状跟这把一模一样的匕首。 

 

    真品和贗品，外观上看起来并无差异。 

 

    「可是经过解析就能明白这个歼灭外装似乎和拥有者密不可分。即便是透过我的力量，也无法将那种设定完全断开。虽然能够勉强让拥有者之外的对象使用，可是复制品的极限只到第一解放为止。」 

 

    「第一解放？那是什么？」 

 

    「这种歼灭外装有三",
2812,111584," ★☆★☆★☆轻小说文库(Www.WenKu8.com)☆★☆★☆★ 

  第一卷 序章  
     台版 转自 轻之国度 

 

    轻之国度×天使动漫录入组 

 

    图源：月灵 

 

    扫图：撸管娘 

 

    录入：kid 

 

    修图：零食 

 

    我看著天空裂开的景象发楞。 

 

    虽然这是定期会看到的光景，但我却怎样都没法习惯这样的景象。 

 

    我明明已经在这座城市生活了十六年，说起来也挺奇怪的。 

 

    是从何时开始的呢？ 

 

    不知从何时开始，当看到天空裂开的瞬间，我强烈感觉那是假造的。不知从何时开始，我默默期望能看到真的天空。 

 

    我让「真的」这个词句在口中打转。真的。……真的？ 

 

    ──我的下巴从托著脸颊的手掌上滑落。 

 

    怎么样是「真的」？ 

 

    对生活在地下都市的我们来说，从出生时就一直活在这假造的──活在有机萤幕所显示的天空影像底下，我们根本就没看过真的天空。 

 

    不只是天空。 

 

    在这座城市，无论是阳光，还是雨水，全部都是由人工制造，受到管理的东西。 

 

    彷佛就跟从前的地上都市没有两样。 

 

    当有机萤幕发出低沉声响逐渐裂开，就会看到里面有称之为「分隔墙」的巨大黑门。 

 

    如果穿过黑门后面一路通往上头的隧道，就会抵达地上。 

 

    ……不过人类毕竟都已经移居到地下都市生活了，现在根本就不会有人想跑到地上去。 

 

    大约两百年前，有许多繁荣都市的地上，自从臭氧层遭破坏后，便暴露在有害的紫外线下，因为皮肤癌等种种理由，已经不是人类能够居住的环境──我是这么听说的。 

 

    对从小就在地下都市长大的我来",
2818,111814," ★☆★☆★☆轻小说文库(Www.WenKu8.com)☆★☆★☆★ 

  第一卷 序章  
     台版 转自 轻之国度 

 

    图源：流星雨北斗 

 

    扫图：撸管娘 

 

    录入：kid 

 

    修图：撸管娘 

 

    仔细回想起来，人类的历史一直离不开无边无际的辽阔海洋。 

 

    驱使人类前往大海另一头的陆地的，即是人类永无止尽的欲望及野心。他们在漫长的历史中发展出航海技术，在海平线另一头的陆地登陆，在持续进行贸易与交流的同时，发展科学技术与学术知识。 

 

    然而到后来，为了让自己的国家更加繁荣，人类永无止尽的欲望开始引起争夺。 

 

    在风平浪静的世界情势下，其实一直潜藏著纷争与战乱的暗流。 

 

    就在此时，由于未知敌人的出现，人类的立场产生了天翻地覆的转变。 

 

    自海中出现的异形强敌──『赛壬』击沉船只，将人类拖入黑暗深渊。 

 

    面对拥有压倒性力量的外敌，人类失去了90％以上海域的制海权，并且因科学技术倒退，物流与经济体制遭到破坏，生活水准随之大幅下降。 

 

    时间流逝，过了数十年。 

 

    人类为了再次在这颗星球上找回曾经的辉煌，各个阵营放下过往的纠纷，所有人类团结在一起组成军事联盟──创立了『碧蓝航线』。 

 

    碧蓝航线一度以为已经成功击退了赛壬，但果然无法完全压制那股未知的强大力量。随著时间经过，战局渐渐陷入胶著，而在这样的情势中，各个阵营的理念差异也浮上了台面，逐渐发展成阵营之间的争斗。 

 

    碧蓝航线的创立与四个阵营有著密切的关联。 

 

    重视科学与自由的联邦制国家──白鹰。 

 

    历史悠久，具有全世界最长造船经验的君主制国家──皇家。 

 

    由独裁",
2818,125018," ★☆★☆★☆轻小说文库(Www.WenKu8.com)☆★☆★☆★ 

  第二卷 序章  
     台版 转自 轻之国度 

 

    轻之国度×天使动漫录入组 

 

    图源：流星雨北斗 

 

    扫图：撸管娘 

 

    录入：Agnus 

 

    校对：kid 

 

    修图：我脱裤子我凉快 

 

    仔细回想起来，人类的历史一直与广阔无际的海洋息息相关。 

 

    人类永无止尽的欲望及野心驱使他们前往海洋尽头，于悠久历史中发展出航海技术，登上位于海平线彼端的陆地。在持续贸易与交流的同时，也逐步发展科学技术与学术知识。 

 

    然而到了最后，为了使自己的国家更加繁荣富强，人类永无止尽的欲望便开始渴求你争我夺。 

 

    于风平浪静的世界局势之下，纷争与战乱往往暗潮汹涌。 

 

    就在此时，由于未知敌人的出现，使人类的立场产生天翻地覆的转变。 

 

    自海中现身的异形强敌──『塞壬』击沉船只，将人类拖入幽暗深渊。 

 

    面对拥有压倒性力量的外敌，人类失去了90％以上海域的制海权，并且由于科学技术倒退、物流与经济体制历经摧残，进而导致生活水准大幅下降。 

 

    时光流逝，数十年过去了。 

 

    为了夺回人类在这颗星球上的昔日荣光，各大阵营尽释前嫌，创建了人类团结一致的军事联盟──『碧蓝航线』。 

 

    碧蓝航线一度以为已经成功击退了塞壬，但果然无法彻底压制那股未知的强大力量。随著时间流逝，战况渐渐陷入胶著，于这样的局势之中，各大阵营之间的理念差异也浮上台面，逐步演变为阵营之间的纷争。 

 

    碧蓝航线的创立与四个阵营有著密切关联。 

 

    重视科学与自由的联邦制国家──白鹰。 

 

    具有全世界最悠久",
2818,127341," ★☆★☆★☆轻小说文库(Www.WenKu8.com)☆★☆★☆★ 

  第三卷 序章  
     台版 转自 天使动漫论坛 

 

    轻之国度×天使动漫录入组 

 

    图源：流星雨北斗 

 

    扫图：撸管娘 

 

    录入：kid 

 

    修图：零食 

 

    仔细回想起来，人类的历史一直与广阔无际的海洋息息相关。 

 

    人类永无止尽的欲望及野心驱使他们前往海洋尽头，于悠久历史中发展出航海技术，登上位于海平线彼端的陆地。在持续贸易与交流的同时，也逐步发展科学技术与学术知识。 

 

    然而到了最后，为了使自己的国家更加繁荣富强，人类永无止尽的欲望便开始渴求你争我夺。 

 

    于风平浪静的世界局势之下，纷争与战乱往往暗潮汹涌。 

 

    就在此时，由于未知敌人的出现，使人类的立场产生天翻地覆的转变。 

 

    自海中现身的异形强敌──『塞壬』击沉船只，将人类拖入幽暗深渊。 

 

    面对拥有压倒性力量的外敌，人类失去了90％以上海域的制海权，并且由于科学技术倒退、物流与经济体制历经摧残，进而导致生活水准大幅下降。 

 

    时光流逝，数十年过去了。 

 

    为了夺回人类在这颗星球上的昔日荣光，各大阵营尽释前嫌，创建了人类团结一致的军事联盟──『碧蓝航线』。 

 

    碧蓝航线一度以为已经成功击退了塞壬，但果然无法彻底压制那股未知的强大力量。随著时间流逝，战况渐渐陷入胶著，于这样的局势之中，各大阵营之间的理念差异也浮上台面，逐步演变为阵营之间的纷争。 

 

    碧蓝航线的创立与四个阵营有著密切关联。 

 

    重视科学与自由的联邦制国家──白鹰。 

 

    具有全世界最悠久的造船历史以及经验的君主制国家──皇家。 ",
2818,130995," ★☆★☆★☆轻小说文库(Www.WenKu8.com)☆★☆★☆★ 

  第四卷 序章  
     台版 转自 轻之国度 

 

    轻之国度×天使动漫录入组 

 

    图源：流星雨北斗 

 

    扫图：撸管娘 

 

    录入：kid 

 

    修图：零食 

 

    仔细回想起来，人类的历史一直与广阔无际的海洋息息相关。 

 

    人类永无止尽的欲望及野心驱使他们前往海洋尽头，于悠久历史中发展出航海技术，登上位于海平线彼端的陆地。在持续贸易与交流的同时，也逐步发展科学技术与学术知识。 

 

    然而到了最后，为了使自己的国家更加繁荣富强，人类永无止尽的欲望便开始渴求你争我夺。 

 

    于风平浪静的世界局势之下，纷争与战乱往往暗潮汹涌。 

 

    就在此时，由于未知敌人的出现，使人类的立场产生天翻地覆的转变。 

 

    自海中现身的异形强敌──『塞壬』击沉船只，将人类拖入幽暗深渊。 

 

    面对拥有压倒性力量的外敌，人类失去了90％以上海域的制海权，并且由于科学技术倒退、物流与经济体制历经摧残，进而导致生活水准大幅下降。 

 

    时光流逝，数十年过去了。 

 

    为了夺回人类在这颗星球上的昔日荣光，各大阵营尽释前嫌，创建了人类团结一致的军事联盟──『碧蓝航线』。 

 

    碧蓝航线一度以为已经成功击退了塞壬，但果然无法彻底压制那股未知的强大力量。随著时间流逝，战况渐渐陷入胶著，于这样的局势之中，各大阵营之间的理念差异也浮上台面，逐步演变为阵营之间的纷争。 

 

    碧蓝航线的创立与四个阵营有著密切关联。 

 

    重视科学与自由的联邦制国家──白鹰。 

 

    具有全世界最悠久的造船历史以及经验的君主制国家──皇家。 

",
2828,112677," ★☆★☆★☆轻小说文库(Www.WenKu8.com)☆★☆★☆★ 

  第一卷 序  
     网译版 转自 轻之国度 

 

    翻译·制图：笑えないAE 

 

    如果在樱花花瓣落地前捉住它，愿望就会实现。 

 

    日和曾经告诉过我这样的咒语。 

 

    我们立刻跑向并排的樱花树下，跳着去抓从枝头飞散的花瓣。 

 

    但是，我那天一次都没能捉住花瓣。 

 

    花瓣仿佛芭蕾舞女般不断旋转着落下。连手臂的风压都会让它敏感地反应，从手掌中逃离。 

 

    虚幻而美丽的浅粉色花瓣，越是用力伸手追寻，越是轻易地从手指间溜过。 

 

    这是在有些奇妙的小镇发生的故事，平平无奇的我们为实现愿望而伸手的故事。   

  第一卷 【I】天空与你的秘密  
     １ 

 

    有种干燥的味道。或许是音乐教室墙上的小洞在散发出木头的香味。 

 

    「小翼长大以后要当钢琴家吗？」 

 

    「那种事情我不知道啦。」 

 

    「但是，那就是说，要是你忙着全国巡演，我们就基本上见不到了吧。我可不愿意那样啊。」 

 

    我的手指在键盘上绊了一下。 

 

    「啊，错了。」 

 

    「还不是因为日和你说奇怪的话嘛。」 

 

    她毫不在意崭新的水手服会起褶皱，抱住了三角钢琴的后面。她那色素较淡的头发仿佛波浪一般在钢琴上散开。 

 

    「呵呵。好像在听小翼的心音一样。」 

 

    日和感受着钢琴的振动，仿佛全身都变成了鼓膜一样。 

 

    「我好喜欢这首曲子。」 

 

    『飞鱼二号』。这首歌在让人想要舞动的轻快的旋律中歌唱略有寂寞的恋情，是前不久热门电视剧的主题曲。 

 

    「我原本是拿这首曲子给日和当作",
2828,114310," ★☆★☆★☆轻小说文库(Www.WenKu8.com)☆★☆★☆★ 

  短篇 迎来明日的小镇  
     网译版 转自 轻之国度 

 

    翻译：Aeroblast 

 

    九重镇。从我搬到这个不方便却十分安稳的小镇以来，已经过去了大概两个月。但是，我一直留意保持生活节奏和之前的城市一样。菜色、学习时间、上学时听的音乐。只要是我自己能选择的东西，我都尽力保持原样。 

 

    我不喜欢变化。我觉得没必要改变迄今没出现问题的事物。 

 

    但是，我好像在今天进被窝前忘记关手机了。我刚要入睡，手机振动起来，我揉着眼睛接起了电话。 

 

    『流花。这么晚抱歉啦！有点着急，明天有个事情拜托你……！』 

 

    声音比较低沉。电话对面，是同班同学神屋敷翼。 

 

    『我无论如何都需要流花你的身体……不对，力量！明天可以来学校吗？』 

 

    我还是半睡半醒的状态，没有仔细确认她的请求就回应说
...
樱花从天而降。 

 

    那是这个小镇特有的“理所当然”，很少有人在意。日和也没有注意到天气的变化，一直在抱着肚子笑。而翼正充满怜爱地看着她，仿佛要将贵重的绘画印在眼睛里一样。 

 

    我很久没有像这样和别人一起闹腾了。或许这是第一次。 

 

    我讨厌变化。可是，为什么呢，现在这个瞬间，那烧伤一般时常在心里深处刺痛的痛楚正在淡去。 

 

    与过去不同的小镇，不同的时间，不同的人，不同的自己。我不觉得这净是不确定和未知的地方满溢着希望。但是，我也无法断言这里连一片樱花花瓣大小的希望都没有。 

 

    「话说翼同学。」 

 

    「嗯？」 

 

    「把数据删掉。」 

 

    「可恶，你还记得啊。」      

 ◆◇◆◇◆◇◆◇◆◇◆◇◆◇◆",
2845,114050," ★☆★☆★☆轻小说文库(Www.WenKu8.com)☆★☆★☆★ 

  第一卷 第一话 出芽  
     网译版 

 

    ※1 神乐殿是设于神社境内用于演奏神乐歌舞的建筑。虽然没有明说文中的神社应该就是祭祀大国主神的出云大社。 

 

    ※2 指大国主神。“无数的武器”可能指大国主神的别名之一“八千矛神”。 

 

    ※3 充满生命力的刀，大国主神三种神器之一。原为须佐之男之物被大国主神从黄泉带走。大刀指日本刀出现以前的直刀。 

 

    本日午后， 

 

    临濑户内海于丸龟城。 

 

    每立此地，当自省己誓—— 

 

    必夺回失土。 

 

    勇者虽少， 

 

    必以身为矛，达此夙愿。 

 

    于此乱世，同侣之中， 

 

    友奈向上之姿，实属珍物。 

 

    然■■■存不详之相…… 

 

    勇者御记 公元二零一八年八月  

 

    乃木若叶记 

 

    －－－－－－－－ 

 

    二零一八年七月三十日。 

 

    乃木若叶立于香川县丸龟城主城石垣之上，注视着濑户内海。 

 

    手中所持是一把刀。对于从懂事开始就修炼拔刀术的若叶来说，这份重量身体再熟悉不过。 

 

    盛夏的阳光从头上倾泻而下，汗水渗出肌肤。四周知了吵嚷不停。 

 

    她闭上了眼睛。 

 

    现在依然历历在目——那一日的绝望与愤怒。 

 

    *    *    * 

 

    二零一五年七月三十日，夜。 

 

    当时还是小学五年级的乃木若叶正在位于岛根县的神社的神乐殿(※1)避难。 

 

    因修学旅行从香川来到岛根的若叶遭遇了强烈的地震。震后余震不断，教师们判断情况紧急，把学生转",
2845,114071," ★☆★☆★☆轻小说文库(Www.WenKu8.com)☆★☆★☆★ 

  第二卷 第十一话 种子  
     ■■ ■■■■■■■■■ 

 

    ■■■■■■■■■■■■■■■■■■ 

 

    ■■■■■■■■■■■■ 

 

    勇者御记 ■■■■■■■ 

 

    ■■■■ 

 

    (译者：大赦当个人吧，连名字都涂黑了) 

 

    －－－－－－－－－ 

 

    ——若叶合上了读完的日记。 

 

    她的手在颤抖。难以释怀的忧愤在胸中涌动。 

 

    其他人也聚集到若叶身边，窥探了日记的内容。悲伤、胆怯、愤怒、不安……各种感情浮现在脸上。 

 

    “若叶……” 

 

    日向担心地窥向若叶。 

 

    “……我没事，日向。” 

 

    若叶摇了摇头说道，好让日向放心。但自己是否很好地表现出了平常的举止态度？她没有自信。 

 

    若叶默默地把日记放在了堆积着尸体的喷泉之前。接着她静静地双手合十，反刍着日记的内容—— 

 

    二零一五年，某日。 

 

    自从我们躲藏在地下以来，究竟过了多少天呢？手机的电池早就没电了，没有办法确认日期。存放在地下街商店的电池和移动充电器被一部分人霸占了，我们无法使用。不过就算手机能用，好像信号也不通，最多只能确认一下日期和时间罢了。 

 

    总之，再这样下去就会失去对日期的感觉。为了避免这样，我打算从今天开始写日记。而且，等我们得救了，在这里度过的日夜的记录，说不定会有什么意义。 

 

    二零一五年，某日。 

 

    还是先整理一下状况吧。 

 

    七月末，我们住的城镇被从天而降的怪物毁了。死了很多人。爸爸和妈妈也…… 

 

    我和妹妹九死一生，逃进梅田地下。",
2855,114552," ★☆★☆★☆轻小说文库(Www.WenKu8.com)☆★☆★☆★ 

  第一卷 序章  
     网译版 转自 轻之国度 

 

    图源：爱丽丝·莉泽 

 

    翻译：凤仙爱莉丝（序章—第三章）、刀学家阿盖（第四章—后记） 

 

    总监督：凤仙爱莉丝 

 

    存在于日本的灵验之刃——『御刀』，唯有国家公认的侍神巫女方能携带。 

 

    自古以来，她们以讨伐与人类为敌的异形存在『荒魂』为使命，人们将其称之为『刀使』。 

 

    －－－－－－－－－－ 

 

    等注意到的时候，渴望已经萌生。 

 

    想要变得更加强大——她对此不断祈望着。 

 

    若要生存下去，力量是必不可少的。但如果力量过强，对生物来说就成了一种扭曲。一般的生物面对威胁时，相比于让自己变得更强来勇敢对抗，更倾向于选择如何顺利逃跑。因此，过于渴求力量，这行为本身就是扭曲的。 

 

    但是她觉得那种扭曲在某些意义上正是身为人类的证明。应该只有人类才会如此过于渴求力量。因为只有人类才会创造出格斗术以及剑术等特异技能来强化自身。 

 

    而她——朝比奈北斗也一直渴求着力量。 

 

    二〇一六年五月。 

 

    北斗用力做了一个深呼吸，慢慢睁开了眼睛。 

 

    地点是奈良县的刀使育成学校，平城学馆的武道场里。周围有很多来参观的学生。现在北斗即将面临的一战是御前比试预赛中也备受瞩目的一场。 

 

    御前比试是全国的刀使聚集一堂互相切磋剑技，一年一度的重大活动。现在作为预选，正进行着决出校内代表的比赛。 

 

    站在朝比奈北斗面前的是以短发和中性的面容为特征的女生。如果没有胸部的隆起，说不定会有人误以为她是罕见的美少年。 

 

    裁判老师发出了信号。 

 
",
2895,116710," ★☆★☆★☆轻小说文库(Www.WenKu8.com)☆★☆★☆★ 

  第一卷 夕阳与夜澄掩饰不了？ 第？回～夕阳与夜澄掩饰不了？～  
     台版 转自 轻之国度 

 

    图源：Naztar（LKID：wdr550） 

 

    录入：Naztar（LKID：wdr550） 

 

    「……唉──我根本没办法习惯跟你主持广播节目呢。」 

 

    「……是呀。我也这么觉得。根本没办法习惯。」 

 

    「再说啊，阴沉的渡边跟夕暮夕阳的角色实在相差太大了啦。真亏你好意思讲什么『没那回事喔』。每次听到你那种轻飘飘的讲话方式，就让我起鸡皮疙瘩耶。」 

 

    「这点是彼此彼此吧。为什么像佐藤这样感觉智商很低的辣妹，会发出歌种夜澄那种活泼又可爱的声音啊？感觉有点恐怖耶。」 

 

    「啥？要这么说的话……嗯？唉──嘿──？哦──？」 

 

    「……怎样啦，干嘛发出那种恶心的声音？」 

 

    「你说像我这样的辣妹发出歌种夜澄那种活泼又可爱的声音很恐怖？」 

 

    「我是那个意思啊，怎样？」 

 

    「我的声音活泼又可爱？」 

 

    「──我没那么说。我绝对没说那种话。啊，我是说你在装可爱，但你没听见吗？如果想解释成我是在称赞你，就随你高兴吧。」 

 

    「这家伙……明明在一开始的开场白吃螺丝而重录了，却表现得挺欢腾的嘛。」 

 

    「唔，你这种地方真的应该适可而止耶。在别人失误之后说什么『你也很习惯讲这套开场白了呢』，真亏你讲得出这么恶劣的嘲讽呢。明明平常是你一堆失误。」 

 

    「我的事情现在扯不上关系吧，是在讲渡边啊。还有我平常也没那么多失误好吗？在推托给别人之前，你先好好反省一下如何？」 

 

    「又来了。我真的很讨厌你这种",
2895,116842," ★☆★☆★☆轻小说文库(Www.WenKu8.com)☆★☆★☆★ 

  第二卷 夕阳与夜澄放弃不了？ 第21回～夕阳与夜澄还会继续？～  
     台版 转自 天使动漫论坛 

 

    天使动漫录入组 

 

    图源：吐司蛋喵 

 

    录入：kid 

 

    OK了──听到这样的声音，录音室里的氛围一口气松弛下来。 

 

    「哎呀，真的给各位添麻烦了！实在很抱歉！」 

 

    神代导演不停向周围的工作人员鞠躬行礼，让气氛变得更加柔和。 

 

    「呼～……」 

 

    歌种夜澄──也就是佐藤由美子，感觉到身体放松下来。 

 

    用电棒烫成大波浪的卷发、无懈可击的妆容、故意不穿整齐的制服。 

 

    搭配著心型项炼与银色耳环。 

 

    直到刚才，由美子一直用这种无论由谁来看都是辣妹的装扮在进行现场直播。 

 

    为了洗刷广播节目的搭档夕暮夕阳──也就是渡边千佳的污名。 

 

    结果就是由美子与千佳暴露出一直隐藏起来的模样。 

 

    那模样跟她们作为偶像声优的形象完全相反。 

 

    粉丝会怎么想呢？ 

 

    工作会变怎样呢？ 

 

    当然也会感到不安，但现在内心充满平静。 

 

    因为原本流泪表示「我不当声优了」的千佳，说她会继续当声优。 

 

    由美子将视线转向旁边。 

 

    留长到盖住眼睛的浏海、娇小的身体、穿戴整齐的制服。 

 

    给人阴沉印象的容貌，是平常在学校会看到的模样。 

 

    她看著与工作人员交谈的神代等人。 

 

    不知不觉间，他们到录音间外面了。 

 

    现在录音间里只剩下自己们。 

 

    「那个……佐藤。」 

 

",
2895,117002," ★☆★☆★☆轻小说文库(Www.WenKu8.com)☆★☆★☆★ 

  第三卷 夕阳与夜澄想要突破？ 第34回～夕阳与夜澄与再会～  
     台版 转自 天使动漫论坛 

 

    天使动漫录入组 

 

    图源：吐司蛋喵 

 

    录入：kid 

 

    关系到歌种夜澄和夕暮夕阳的声优生涯，给许多人添了麻烦的事件──已经结束了好一段时间。 

 

    歌种夜澄亦即佐藤由美子，逐渐恢复原本的生活。 

 

    她今天也跟以前一样打扮成辣妹。 

 

    烫出蓬松的卷发，仔细地化好妆，搭配花俏的假睫毛和耳环。 

 

    胸口上挂著喜欢的心型项炼。 

 

    制服故意不穿整齐，即使是冬天也要把裙子折短。 

 

    「嗯哼。」 

 

    看著自己映照在店面玻璃上的身影，少女忍不住露出笑容。 

 

    由美子直到昨天都还打扮成制服穿得整整齐齐，戴眼镜绑辫子的少女，用认真好学生的样子去上学。 

 

    也就是所谓的变装。 

 

    夕暮夕阳的陪睡事件爆发时，两人的学校也跟著曝光了。 

 

    拜此之赐，开始有人会跑去由美子她们的学校，害她们必须变装。 

 

    变装时的认真好学生打扮也很可爱。 

 

    不过，她果然还是最喜欢现在的打扮。 

 

    心情自然也跟著好了起来。 

 

    「嗯。是渡边。」 

 

    由美子看见了在行人穿越道前面等交通号志的夕暮夕阳──亦即渡边千佳。 

 

    长到能遮掩双眼的浏海十分引人注目。 

 

    底下藏著凶猛的眼神。 

 

    包在整齐制服里的娇小身躯，看起来像是个认真又懦弱的少女。 

 

    但她的个性其实非常粗暴。 

 

    虽然千佳经常用猴子之",
2895,118770," ★☆★☆★☆轻小说文库(Www.WenKu8.com)☆★☆★☆★ 

  第四卷 夕阳与夜澄想帮上忙？ 序  
     台版 转自 天使动漫论坛 

 

    天使动漫录入组 

 

    图源：吐司蛋喵 

 

    录入：kid 

 

    「………………」 

 

    柚日咲芽玖瑠摸着自己的肚子，觉得有点饿。 

 

    她正躺在自己家里的床上，心不在焉地滑着智慧手机。 

 

    肚子突然叫了一下。时间即将来到晚上十二点。 

 

    今晚有现场直播的工作，所以她很早就吃晚餐了。而且吃得不多。 

 

    所以她才会在这时候就觉得肚子饿。 

 

    「不行……这时间吃东西会胖……绝对会变胖……」 

 

    她翻了一个身嘟囔道。 

 

    再来就只剩睡觉了。虽然想吃东西，但必须忍耐。不忍不行。 

 

    就在她忍着不吃东西时，手机收到了一则讯息。 

 

    芽玖瑠心想一定是花火传的──确认过后，发现果然如此。 

 

    萤幕上显示出简短的讯息内容。 

 

    『好想吃拉面喔～』 

 

    讯息后面还附上一张图片。 

 

    是豚骨拉面的照片。 

 

    两人前阵子工作结束后，一起去吃某间知名拉面店，这是当时拍的照片。 

 

    高雅的白色汤头、晶莹剔透的细面，还有青葱、叉烧、卤蛋…… 

 

    芽玖瑠一看见这张照片，就立刻回想起那碗拉面的味道。 

 

    「居然偏偏挑这个时候……那个卑鄙小人……」 

 

    芽玖瑠摆动着双脚抱怨。居然在深夜传这种照片。 

 

    简直就像是看穿了这边肚子饿的时间。 

 

    芽玖瑠抬起上半身，低头审视自己。 

 

    毛茸茸的睡衣温暖地包覆着娇小的",
2895,122477," ★☆★☆★☆轻小说文库(Www.WenKu8.com)☆★☆★☆★ 

  第五卷 夕阳与夜澄无法长大？ 第52回～夕阳与夜澄与再度共同演出～  
     台版 转自 天使动漫论坛 

 

    天使动漫录入组 

 

    图源：吐司蛋喵 

 

    录入：kid 

 

    「那个，真的让你担心了……今天要答谢你，那个，随你喜欢尽量吃吧？真、真的不用客气！」 

 

    「咦──？可是我又没特别做什么～到头来是秋空小姐解决掉所有的问题的呀～如果你要向我答谢，反而会让我很困扰的～」 

 

    「没、没有那种事啦。别这么坏心嘛，小夜澄～」 

 

    乙女在桌子的对面发出示弱的声音。 

 

    她露出困扰的表情，合起双手。 

 

    然而，那并非是像从前那样遭到不安支配的表情，气色也很好。 

 

    她的笑容也重拾开朗且可爱的样貌。 

 

    这里是位于都内，看起来就很高级的寿司店。 

 

    我们位在其中的一个房间。 

 

    从店铺的格局就主张着「这里是很高级的寿司店！」，而且装潢也让人感觉到高雅的和风。与回转寿司截然不同。闪耀着一种分外成熟的气场。 

 

    这不是高中生该来的地方。 

 

    起初虽然觉得有点无地自容，但进了包厢后就逐渐平静下来。 

 

    刚才那坏心眼的发言，也是因为没有店里的人看着才说得出口。 

 

    「我非常感谢你们两位～……！要是没有小夜澄你们，我现在不知道自己会变成什么样子！所以，你快点消气啦……」 

 

    乙女不断地对由美子察言观色。 

 

    她明明有着令人惊艳的美貌，但是表情从刚才开始就固定在困扰的神色。 

 

    长达腰部的柔顺秀发俐落地绑在后面。 

 

    身上穿的淡红色上",
2895,134661," ★☆★☆★☆轻小说文库(Www.WenKu8.com)☆★☆★☆★ 

  第六卷 夕阳与夜澄想要长大？ 第1回～夜澄与芽玖瑠的初次广播～  
     台版 转自 天使动漫论坛 

 

    天使动漫录入组 

 

    图源：吐司蛋喵 

 

    录入：kid 

 

    「OK了。」听到这句话，佐藤由美子摘下了耳机。 

 

    她呼一声吐了口气。 

 

    在眼前的是熟悉的景象。 

 

    桌上摆着麦克风、开关盒、剧本、时钟、码表以及饮料。 

 

    在玻璃对面，几名工作人员正对着机材工作。 

 

    这里是录音室的广播用录音间。 

 

    直到刚才，由美子都在这里进行录音。 

 

    广播的搭档就坐在自己的眼前。 

 

    如果是平常的录音，对方会是那个熟悉的对象。 

 

    看不顺眼的阴沉女。 

 

    然而，今天的搭档是── 

 

    「……唉。没想到竟然又得沦落到和你主持广播啊。明明上次帮你擦屁股就已经够我受的了。」 

 

    随着一声重重的叹息，她用手托着下巴。 

 

    小巧的脸蛋、圆润的眼眸、娇弱的肩膀、丰满的胸部。 

 

    富有光泽的柔顺头发是刚好及肩的长度。 

 

    那位女性有着十分可爱的外貌，再加上身材娇小，整个样貌会激起别人的保护欲。 

 

    不过她的内在绝不是那种受人保护的乖乖牌。 

 

    这人是隶属于蓝王冠的声优，柚日咲芽玖瑠。 

 

    她确实地把开关盒静音，抓准编剧不在的时间点挖苦由美子。这种无懈可击的行为模式很有她的风格。 

 

    以前，这样的芽玖瑠看起来充满了压迫感。 

 

    但是，现在由美子甚至因为自己能看到她这副模样而感到开心。 

 

",
2895,150951," ★☆★☆★☆轻小说文库(Www.WenKu8.com)☆★☆★☆★ 

  第七卷 柚日咲芽玖瑠掩饰不了？ 皇冠☆之星☆广播！第17回～芽玖瑠与乙女的演唱会前广播～  
     台版 转自 天使动漫论坛 

 

    天使动漫录入组 

 

    图源：吐司蛋喵 

 

    录入：kid 

 

    柚日咲芽玖瑠有时会有种非常奇妙的感觉。 

 

    为什么自己会在这里呢？ 

 

    顶多只能在演唱会蓝光光碟的特典里才能看到的景象，就呈现在自己眼前。 

 

    舞台幕后。 

 

    与明亮的舞台相较之下，幕后显得十分昏暗。 

 

    尽管能感觉到许多人的气息，但无法看清楚脸庞。 

 

    工作人员匆匆忙忙到处走动，调整过光量的萤幕微微发出淡光。 

 

    舞台上有闪闪发亮的照明与布景正在闪烁着光，已经入场的观众则是满心期待着开幕的到来。整个会场热气腾腾。 

 

    幕后这边也为了要让演唱会成功，满是紧张与兴奋的情绪。 

 

    她强烈地感受一股平静的热气。 

 

    ……为什么自己会在这边呢？ 

 

    而不是在观众席挥舞着萤光棒。 

 

    「芽玖瑠？你怎么在那里发呆？平常的那个？」 

 

    「平常的那个。」 

 

    一位女性不知不觉间站到了芽玖瑠身边，随口向她搭话，芽玖瑠也回应了她。 

 

    夜祭花火。 

 

    她是与芽玖瑠同样隶属于蓝王冠的同期，比任何人都理解芽玖瑠的人。 

 

    她穿着与「奎宿九（Mirach）」VS「河鼓二（Altair）」的演唱会上不同的装扮，露出了亲切的笑容。 

 

    既高挑身材又好的她，相当适合这次「贯索四（Alphecca）」的装扮。 

 

    芽玖瑠也穿着",
2895,153172," ★☆★☆★☆轻小说文库(Www.WenKu8.com)☆★☆★☆★ 

  第八卷 夕阳与夜澄不能输？ 夕阳与夜澄的高中生广播！第64回～夕阳与夜澄无法休息的暑假～  
     台版 转自 天使动漫论坛 

 

    天使动漫录入组 

 

    图源：吐司蛋喵 

 

    录入：kid 

 

    ◆ 

 

    渡边千佳将视线从萤幕上移开。 

 

    抬头望向旁边的她。 

 

    「佐藤。」 

 

    「嗯……」 

 

    她喊了陪在旁边的佐藤由美子。 

 

    由美子面露紧绷的神色望着萤幕。 

 

    现在，正在进行「皇冠☆之星演唱会『奎宿九』VS『河鼓二』」的活动。 

 

    千佳等人为了准备唱安可曲，暂时先回到了休息室。 

 

    站在千佳旁边的少女是她的搭档，以歌种夜澄这个艺名进行声优活动，在「夕阳与夜澄的高中生广播！」跟千佳一起担任主持人。 

 

    她平常的外貌完全是个辣妹，但现在是当声优时的模样。 

 

    那身深红的舞台衣装非常适合她。 

 

    在旁边的千佳也穿着蓝色的舞台衣装。 

 

    直到刚才，两人还在休息室激烈斗嘴。 

 

    争论的内容是「哪边的组合把气氛炒得更加热烈」。 

 

    「皇冠☆之星」的演唱会是依据作品内容，原汁原味地采用了演唱会决斗的形式。 

 

    由两个组合正面交锋，竞争哪边更能炒热气氛。 

 

    这两个组合的队长是歌种夜澄和夕暮夕阳。 

 

    当然，演唱会决斗说穿了只是一种形式，并不会实际分出输赢。 

 

    然而，双方「不想输！」的念头过于强烈，导致她们在这次的演唱会也在互相较劲。 

 

    但是，这样的争论却被眼前强烈的画面吹到九霄云外",
2895,155026," ★☆★☆★☆轻小说文库(Www.WenKu8.com)☆★☆★☆★ 

  短篇集 DJCD Track 1 序章『回顾往事』  
     网译版 转自 真白萌 

 

    汉化制作　by　aeroya烤肉 

 

    翻译·制作：AE 

 

    ——啊哈……哎呀。两人的表情都很不错呢 

 

    －－－－－－－－－－－－－－－ 

 

    加贺崎林檎看着手机上显示出的照片，不禁轻轻地笑了出来。 

 

    成濑珠里注意到加贺崎的笑声，抬起头说：「发现有趣的照片了？」 

 

    「是啊。就是这个」 

 

    加贺崎将手机屏幕展示给两人。 

 

    上面显示出的是刚刚开始做广播的歌种安美和夕暮夕阳。 

 

    「啊啊，真怀念呢。这是在节目里最早拍的照片」 

 

    播送作家朝加美玲眯起眼睛，好像在看着什么耀眼的东西。 

 

    比现在稍微年幼一些的由美子和千佳显示在屏幕上。 

 

    两人让身体紧紧贴着对方，笑眯眯地摆出姿势。 

 

    她们笑容满面，脸颊都完全贴在一起了。 

 

    若是一无所知的人看到这张照片，大概会心里涌起暖意，想「这两个人关系很好呢」。 

 

    「两人都很可爱呢」 

 

    成濑用慈爱的眼神看着照片，就好像在看着女儿……甚至孙女一样。 

 

    那时候的两人都是拍照用的容貌，打理得很漂亮，最重要的是笑容很棒。 

 

    加贺崎也觉得很可爱。 

 

    但是，她想展示的不止是这个。 

 

    在成濑和朝加望着照片的时候，加贺崎用手指迅速划动屏幕。 

 

    「然后，就是这样」 

 

    「噗……」 

 

    「啊哈……哎呀。两人的表情都很不错呢」 

 

    她一",
2895,159563," ★☆★☆★☆轻小说文库(Www.WenKu8.com)☆★☆★☆★ 

  第九卷 夕阳与安美想要享受？ 【夕阳与安美的高中生广播！】第74回～夕阳与安美与成绩～  
     网译版 转自 真白萌 

 

    汉化制作　by　aeroya烤肉 

 

    翻译：pokemonchp，AE 

 

    校对·制作：AE 

 

    夕阳与安美的高中生广播！第 74 回 

 

    安美 「那么，我要读来信了—。呃—，来自广播昵称“精力旺盛毛利元就”桑」 

 

    夕阳 「来了个非常有广播昵称风格的广播昵称呢」 

 

    安美 「『安安，夕姬，你们好！』好的，你好—」 

 

    夕阳 「你好」 

 

    安美 「『在第 73 回的播送里，讲了安安成绩下降导致被班主任叫去谈话对吧』……嗯……为什么选了这个信啊……」 

 

    夕阳 「说明朝加桑和听众都在担心你吧」 

 

    安美 「『安安后来有认真学习吗？知道自己是考生吗？现在偷懒的话将来为难的人可是你自己哦？』……好、好烦—！不许当老妈！」 

 

    夕阳 「说得太对了啊。你真的在认真学习？」 

 

    安美 「好烦啊！我正准备开始呢！」 

 

    夕阳 「求您不要把我也变成老妈」 

 

    安美 「不是嗯……学习……我倒是明白啦……」 

 

    夕阳 「等下。等下……？你该不会在疏于学习吧……？要是在广播里那样说完之后结果真的没有学习，那可没法开玩笑了哦……？」 

 

    安美 「不、不是。我自己知道差不多要糟糕了！我会认真学习的，好的……我知道自己是考生……」 

 

    夕阳 「似乎是这样，所以请大家饶了她吧。这个广播会让考生感到不安真是抱歉。顺便一提，我做得很好」 

 

    安",
2895,164223," ★☆★☆★☆轻小说文库(Www.WenKu8.com)☆★☆★☆★ 

  第十卷 夕阳与安美想得到认同？ 【夕阳与安美的高中生广播！】第84回～夕阳与安美的吵架情况～  
     网译版 转自 真白萌 

 

    汉化制作　by　aeroya烤肉 

 

    翻译：AE 

 

    校对·制作：AE 

 

    夕阳与安美的高中生广播！第 84 回 

 

    夕阳 「夕阳与」 

 

    安美 「安美的—」 

 

    安美 夕阳 「「高中生广播—」」 

 

    夕阳 「大家好，我是夕暮夕阳」 

 

    安美 「大家好—，我是歌种安美」 

 

    夕阳 「本节目，是由十分偶然同一高中同一班级的我们两人给大家传递教室气氛的广播节目」 

 

    安美 「好的，就是这样。我们照常开始了。迅速来读一封来信。呃—，广播昵称“大叔脸的高中生”桑，『夕姬，安安，你们好』」 

 

    夕阳 「你好」 

 

    安美 「『上次广播里说过，夕姬有跟家长吵架呢。我家也偶尔会吵架，吵架之后会很尴尬呢。夕姬跟家长和好了吗？』……他这么说」 

 

    夕阳 「啊真是的……为什么要挑这种来信啊……？」 

 

    安美 「那当然是那个啦。大家在担心啊，担心夕你家的亲子关系」 

 

    夕阳 「我看你好像在享受……？嗯，唔……我家时不时会吵架，但是不会影响很长时间。大家放心吧」 

 

    安美 「时不时就吵架，我感觉挺意外的。啊，我见过好几次夕的妈妈，知道是什么样的人」 

 

    夕阳 「我家的母亲挺烦人的。经常是我感觉不爽就回嘴，就这样开始斗嘴」 

 

    安美 「诶—……我家几乎不会吵架呢。没怎么经历过这种」 

 

    夕阳 「啊……你的妈妈，嗯确实呢",
2896,116723," ★☆★☆★☆轻小说文库(Www.WenKu8.com)☆★☆★☆★ 

  第一卷 序章  
     台版 转自 轻之国度 

 

    轻之国度×天使动漫录入组 

 

    图源：轻之国度录入组 

 

    扫图：轻之国度录入组 

 

    录入：kid 

 

    修图：不会修图的kid 

 

    「女性之间是不可能的吧。」 

 

    听了朋友的话后，我笑着如此回答。 

 

    事情的起因，是来自我一进教室，朋友就向我问道「喂，你知道吗？前阵子我看到两个女的，在那边亲亲我我耶。」话锋就这么甩了过来。 

 

    从那一刻起，话题便以此为展开，三人开始津津热道地谈论起来。 

 

    「鞠佳要是被女生缠上的话，会怎么做呢？」被这么一问，我有些夸张地摇了摇头，表示不可能。 

 

    她们也笑笑地表示「也是呢──」就这么欣然接受。 

 

    我叫榊原鞠佳，是高中二年级生。很注重时尚、发型和妆容，以及很会看气氛与场合，所以在班上保持着人气王的地位。 

 

    我的个人标志是──梳理整齐后，扎成两束的头发。虽然看似简单，但实际上是活用了在发廊学习到的──蓬松感技巧的时尚发型。如此这般不经意的视觉发量感，能带给人一种明亮、开朗和万人迷的感觉。 

 

    「话说回来，为什么会想要和女生交往啊？这样有意义吗？迁就过度了吧。是有多不受男生欢迎啊！」 

 

    我更进一步深入探究时，身为朋友的悠爱和知沙希也哈哈大笑。 

 

    「要笑死我了，鞠佳。」 

 

    哈哈、哈哈哈，团内爆笑担当的悠爱笑过一阵后。 

 

    我忽然察觉到一股气息，便抬起了头。 

 

    目光……自己正被某道目光盯着。 

 

    盯着我看的人，恰恰就是那位不破绚，她那一头",
2896,116915," ★☆★☆★☆轻小说文库(Www.WenKu8.com)☆★☆★☆★ 

  第二卷 序章  
     台版 转自 轻之国度 

 

    轻之国度×天使动漫录入组 

 

    图源：轻之国度录入组 

 

    扫图：风 

 

    录入：执花椿 

 

    修图：不会修图的kid 

 

    「不、不，女性之间是不可能的！」 

 

    我才出声便意识到说错话，立刻捂住了嘴。 

 

    不、不、不、不对、不对、不对，先错的人是绚啦。她突然说出这种话，任谁听了都会大喊出声。 

 

    因为呀── 

 

    「『我可以跟班上的人说，我和鞠佳正在交往的事吗？』这是绝对不行吧？绝对不能说的吧！」 

 

    我合上正在看的漫画，震惊地望着她。 

 

    今天是假日的午后，我们在绚的房间。 

 

    虽然暑假结束了，但有些事情却和暑假之前明显不同，像是我和绚之间的关系，还有我们之间的距离感。 

 

    不破绚是一名高中二年级的女生，我们是学校的同班同学。还有，如果要给同侪们冀求的外表，列一张排行榜的话，她绝对是能拿第一名的大美女。 

 

    她有着人人羡慕的晶莹肌肤、柔顺秀发、晶亮双眸，以及高超的化妆技巧。而且，还是个能将Instagram上的女演员们，不断宣传「如何？这种风格如何？这不正是女性该追求的目标吗？」在无意间展现出这般理想形象的女人── 

 

    ──而她，现在是我的恋人。 

 

    我和绚在黄金周过后，发生了一点事，彼此的关系变好了。 

 

    不对，单纯说关系变好……有些过于轻描淡写……该怎么说呢……类似于，我惨遭了绚的毒手，而且还是整整一百天吧──…… 

 

    坐在我对面的绚，似乎对我的排斥感到不满。就像减肥伙伴只点了一份低卡百",
2896,117063," ★☆★☆★☆轻小说文库(Www.WenKu8.com)☆★☆★☆★ 

  第三卷 序章  
     网译版 转自 百合会 

 

    时光荏苒，转眼间已是十二月上旬，秋天添置的衣物还未穿够三个来回，悄然吹拂的季节之风便开始轮转。令人期待的寒假已经进入倒计时，然而还有一个名为期末考试的麻烦横亘在眼前。 

 

    「说到日本的四季啊，虽然一年变化四种不同的颜色，还可以享受享受把自己打扮得漂漂亮亮的乐趣，但冷静一想，每年都会买来只穿三个月的衣服然后就堆积在家里，让人不禁怀疑人类都在做些什么莫名其妙的傻事啊」 

 

    「我很喜欢打扮得漂漂亮亮的鞠佳哦」 

 

    夕阳的余晖洒落在窗前，我一边眺望窗外的风景一边发着牢骚。绚被夹在床铺与桌子间与我相对而坐，似乎没听懂我在说啥，就抛给了我这样的回答。不过也罢，若真像小猫小狗一样，一年四季披着相同的皮囊，我想我也会感到腻烦。 

 

    放学后，我顺路造访绚的卧室，整个房间因为空调的辛劳化作一片暖洋，让人舒适到特别不情愿再挪动身子打道回府。没错，外面太冷了啦。 

 

    我伸出被包裹在水手服裙子里的双腿，坐于桌前，视线落在桌面的答题纸上。榊原鞠佳的名字右侧，89这个数字灿然生辉。如果再把这次数学科目的平均分只有63分这一点考虑进来，该数字任谁看来都无疑是一个足以自豪的好成绩。 

 

    正如我这个酷爱学校的人再三强调的，我可是个很会学习的无懈可击的女生。 

 

    然而…… 

 

    桌面上还静躺着一张写有不破绚名字的答题纸，接着便是开玩笑似的三位数赫然纸上。满分。 

 

    我笑了。居然满分。我笑不出来了…… 

 

    89分和满分，两者本身只有11分之差。然而打个比方，如果答对100道题中的89道就能获得89分，但若想拿100，则需要拥有毫无失误",
2896,117226," ★☆★☆★☆轻小说文库(Www.WenKu8.com)☆★☆★☆★ 

  第四卷 序章  
     网译版 转自 百合会 

 

    ……说实话，不可能。 

 

    此刻，我都被自己的想法吓到了。然而，当初冒出这个念头的时候，我却是极其认真的。如果在临门一脚之时就打退堂鼓，感觉越来越不如过去的自己一样，同样也让人很不爽。 

 

    现在是2月初。从刚才开始，我就一直在一家杂货店内东张西望犹豫不决。虽然要买的东西早就找到了。 

 

    啊——真是的！不要轻易放弃啊，榊原鞠佳！ 

 

    明明看上去是班级中开朗类型的代表人物，却在这种地方磨磨蹭蹭了30分钟，成何体统。 

 

    对了，想想你是为了什么才特地大老远跑来这里的。差不多也该给我做好觉悟了！ 

 

    我抿了抿口罩遮住的嘴角，压低灰色鸭舌帽的帽檐，一副彻头彻尾形迹可疑的嫌疑人模样，逐步朝那个角落挪动。 

 

    经过护理用品、营养品的货架之后。 

 

    虽然刚刚已经用眼角的余光确认过位置了，但实际看到后还是让我不禁皱眉苦恼。为什么商店要把这些东西摆在一起还摆得这么显眼啊。这样的话我不就没法装作物色其他商品从而慢慢调查了嘛。 

 

    色彩缤纷如铅笔盒大小的长方体盒状物，整整齐齐地排列在我的面前。 

 

    对，这里是卖避孕用品的…… 

 

    用途当然是为了和男生做……才不是！我是为了和绚之间嘿咻的需求才特意跑到这里来买的。 

 

    该事件的发生追溯到一周前。 

 

    那时我在教室里读时尚杂志。 

 

    正当我和朋友三峰悠爱、松川知沙希一起看好像是什么JK恋爱豆知识的文章。 

 

    突然来了一句『话说啊——』，之后这两人轻描淡写地开始聊起了避孕套的话题。据说就算是女孩子之间的pl",
2896,127444," ★☆★☆★☆轻小说文库(Www.WenKu8.com)☆★☆★☆★ 

  第五卷 序章  
     网译版 转自 百合会 

 

    翻译：砂糖君、天气 

 

    校对：翻车鱼 

 

    润色：甘木田 

 

    无论如何这都是……不可能的吧……？ 

 

    我不仅全裸，还被迫以正坐的姿势跪在床上。 

 

    班里的人气开朗角色，拥有大量粉丝的榊原鞠佳，眼下竟不得不做出如此屈辱的姿势，简直不敢相信……真希望是一场梦啊。 

 

    这是比忘记吹干头发就睡下，第二天醒来后一头乱糟糟的发型，更不能让别人看到的样子，然而一位亭亭玉立的美少女却挡在我眼前。 

 

    那是一手扶着自己纤细的腰，气势汹汹地杵在对面的绚。 

 

    “鞠佳。给我解释，到底怎么回事。” 

 

    只穿内衣的女友一边毫不遮掩地显露自己匀称的身材，一边脸色可怖地瞪着这边。我呢喃道：“不是的，听我说……” 

 

    绚微微摇了摇头，语气似乎很失望。 

 

    “这可是，出轨了哦……” 

 

    “搞错了吧？！” 

 

    我拼命摇头否定。这也太不讲理了！ 

 

    真是的……为什么会变成这样……！ 

 

    时间稍许回溯到我俩放学回到家中的时候。 

 

    桌子上放着两张打印材料。 

 

    各自写有榊原鞠佳和不破绚的名字。 

 

    “志愿调查吗。” 

 

    我双手顶在桌上托着两颊，视线落到那张纸。 

 

    “总觉得，终于有种三年级学生的感觉了。” 

 

    窗外正春意盎然，我强忍着哈欠。对于讨厌寒冷的我来说，春天是拯救我于凌烈寒冬中的季节，同时也是我最为厌恶的时期。 

 

    没错，罪魁祸首就是花粉症。 

 

    ",
2896,149574," ★☆★☆★☆轻小说文库(Www.WenKu8.com)☆★☆★☆★ 

  第六卷 序章  
     网译版 转自 百合会 

 

    翻译：宅猫 

 

    校对：翻车鱼 

 

    润色：甘木田 

 

    对不破绚来说，她没有未来的梦想。 

 

    没有想成为什么人，或者想过怎样的人生之类的。 

 

    也没有像是松松软软的棉花糖那样甜蜜天真的幻想，非要说的话就想着先攒点钱，于是卖力打工。 

 

    而高中毕业后的计划，也是没决定好的。 

 

    话虽如此，然而。 

 

    当听到恋人不经意地提到有关前途的话题时，绚大受震撼。 

 

    （肯定是因为，我一直认为自己必须要保护鞠佳。） 

 

    这样被绚一直认为要保护好的恋人，比绚先决定了未来，这让她有种被抛弃了的感觉。 

 

    （仔细想想，鞠佳她啊，一直都是这样。） 

 

    明明在自己身后，可不知不觉中却跑到前面了。 

 

    甚至先前她在酒吧帮忙时也是如此。 

 

    当然，绚知道鞠佳已经习惯了接待客人的工作。毕竟鞠佳说现在正在打工的家庭餐厅是她第三份兼职，所以就工作经验来说大抵上和绚没有什么区别。 

 

    不过，无论怎么说。 

 

    绚都没料到有人能在新的工作场所中，从第一天起就完全不紧张，表现出完全不同的一面。 

 

    与绚不同。鞠佳不仅能干，思考也灵活。就像粘土一样可以随意改变形状，不管怎样的缝隙都能巧妙贴合。因此她和谁都能相处得很好。 

 

    （与之相比，我呢……) 

 

    感觉自己步伐迟缓，一点也没有向前迈进。 

 

    即使别人是别人，我是我，按自己想法而活的绚，无论如何，她都忍不住只拿鞠佳跟自己比较。 

 

    不过，",
2896,154846," ★☆★☆★☆轻小说文库(Www.WenKu8.com)☆★☆★☆★ 

  第七卷 序章  
     网译版 转自 百合会 

 

    翻译：Antarc 

 

    校对+润色：甘木田 

 

    这既非虚无缥缈的梦境，也非不着边际的妄想。 

 

    刺眼的阳光、湛蓝的大海、白色的沙滩。 

 

    以及眼前身穿泳衣的，我最爱的女友。 

 

    “……鞠佳。” 

 

    女友的指尖滑过我的肌肤。唇瓣凑近，堵住我的嘴唇。无论做得多么大胆都不要紧。因为，这里没有第三个人。 

 

    回荡在耳边的，唯有来来去去的波浪声。 

 

    我们终于来到了南方的小岛—— 

 

    才怪。 

 

    “不对不对！人多得要死啊喂！” 

 

    海水浴场的四周，传来女高中生们喧嚣的欢闹声。 

 

    我和我的女友——不破绚，在有些偏僻的地方，躲在岩石的阴影处，肌肤相亲……或者说是，我被绚袭击了吧…… 

 

    将头发束在脑后的绚，就像即将享用猎物的猛兽一样舔了舔自己的嘴唇，紧紧盯着我的表情。 

 

    “和平时不一样的情景。你也挺喜欢的吧，鞠佳。” 

 

    “绝、绝对，没这回事……普通的，就够让我幸福了……” 

 

    绚轻笑一声，那是和坐在婴儿车上的小宝宝目光交汇时的笑。 

 

    “是啊。鞠佳肯定会这么说。没事的哦，我全都会给你做的。” 

 

    “我——不——是那个意——思……” 

 

    比基尼已经被掀开，我的胸部暴露在外。 

 

    明明在室外啊。 

 

    “是因为在太阳底下吗，鞠佳的身体，比平时更耀眼呢。” 

 

    “我可没有这种兴趣——” 

 

    附近传来一个女孩子的声音，吓得我一缩。 ",
2905,117172," ★☆★☆★☆轻小说文库(Www.WenKu8.com)☆★☆★☆★ 

  第一卷 序章&#9829;黑帮第七回决胜竞赛  
     台版 转自 轻之国度 

 

    轻之国度录入组 

 

    图源：喵子 

 

    录入：工具喵 

 

    十月即将结束，宛如残香般残留的夏日氛围也快被冬日气息完全取代。 

 

    东京都某处──料亭的一间包厢内，有两个帮派互相面对面。 

 

    一方是神枝组。 

 

    另一方则是久利山组。 

 

    在这满是凶神恶煞的包厢内，最里头有两名美丽的女性相对而坐。她们正是统领两个帮派的大姊头。 

 

    两人年纪约三十至四十岁，美得彷佛大大盛开的花朵，而且是一碰手指就会受伤的玫瑰。 

 

    包厢中充满紧张感，率先开口的──是神枝组的大姊头。 

 

    「差不多该做个了断了吧？」 

 

    久利山组的大姊头哼笑一声。 

 

    「哎，神枝姊。什么叫『差不多该了断』？说得好像你之前一直在放水似的。你看起来一点也不像在玩哪，没想到你这么体贴。」 

 

    神枝组大姊头的太阳穴爆出青筋。 

 

    那挑衅的口吻加深了周围的紧张感。 

 

    危机一触即发。 

 

    神枝组与久利山组长久以来互相扶持。他们之所以至今仍未被大规模帮派吞并、能够独立活动，全是因为有彼此。 

 

    然而，正因如此。 

 

    究竟哪方是「上」，哪方是「下」？ 

 

    他们必须明确区分上下关系。 

 

    「少啰嗦，女狐狸。我说过我已经看腻你那张脸了。赶紧引退，把位子让给你女儿如何？你也差不多到了容易腰酸的年纪吧？」 

 

    这次换久利山组大姊头的脸抽动一下。 

 

    「你真爱耍嘴皮子呢",
2920,117810," ★☆★☆★☆轻小说文库(Www.WenKu8.com)☆★☆★☆★ 

  第一卷 「Girls on the line」  
     台版 转自 天使动漫论坛 

 

    天使动漫录入组 

 

    图源：Yuan 

 

    录入：kid 

 

    「师父～～要我帮忙拿东西吗～～」 

 

    听到慌慌张张跟在后方的徒弟如此提议，师父回过身子。 

 

    她评估了一下拎著大量行李的双手所承受的重量，同时动脑思考。 

 

    有没有什么东西就算摔了砸了也不要紧？ 

 

    不，当然没有那种东西。 

 

    「跟著我别走丢了。」 

 

    「遵命～～」 

 

    看到徒弟被车站内部的人潮轻易撞开后展开蛇行试图前进的模样，师父忍不住叹息似的呼出一口气。即使眼见身材娇小的徒弟很快就淹没在人群当中失去踪影，判断对方应该能找出办法追上自己的师父还是转回前方。 

 

    她甚至觉得要是没办法确实跟上，那么乾脆丢下徒弟也是一种办法。 

 

    这对师徒是在相隔两星期后再度来到市区。 

 

    她们其实是陶艺家，平时都住在山中小屋从事陶艺活动。尽管山居生活并非自愿，不过一来别无其他住处，再者师父本身也觉得人际往来是件麻烦事，最后倒也认为这种日子或许还算适合自己。 

 

    住家和工坊都来自她的双亲，只是两人已经不在了。 

 

    在车站内前进的师父承受著挥之不去的闷热感，尽管在表情上的变化只有眯起眼睛，心里却感到相当烦躁。时值六月，就算没有下雨，湿气依旧会从某处侵入室内。那种不快的感觉就像是随时被一只温热的手抚摸著脸颊。如果周围人数众多，状况自然更加严重。 

 

    把车子停进车站附设的收费停车场里并开始移动后，师父突然回身看向车站内部。 

 

    ",
2945,118999," ★☆★☆★☆轻小说文库(Www.WenKu8.com)☆★☆★☆★ 

  第一卷 第1话 我的前世是明智光秀，今生又再次英年早逝  
     台版 转自 轻之国度 

 

    图源：会灰的鸟弹 

 

    扫图：撸管娘 

 

    录入：谁だ 

 

    修图：也许吧O狼 

 

    大家好，我叫做明智早苗，是任职于某大公司的一名平凡上班族。 

 

    虽然在大公司工作或许称不上平凡，不过相较于艺人等类似职业，我绝对算是非常平凡。 

 

    而且我经常需要加班，这部分也能显示出我的平凡吧。工作一段时间后，我变得不敢再计算自己已加班了多少时数。总之，我就是被工作操得没日没夜…… 

 

    可是，我拥有一个绝对算不上平凡的特徵。 

 

    那就是我清楚记得自己的前世。 

 

    无论前世过著怎样的人生，或是以何种方式死去，全都恍如昨日记忆般历历在目。 

 

    尽管此事乍听之下十分荒诞，但我可是句句属实── 

 

    其实我前世是明智光秀。 

 

    没错，我就是在本能寺之变杀死自己的君主信长大人，自以为成功夺取天下，结果三两下就败给秀吉，在逃跑期间被农民用竹枪刺死的明智光秀。 

 

    后来我又诞生在姓氏为明智的家族里，可能是命中注定吧。 

 

    由于我对历史特别不感兴趣，因此大学是就读经济系，之后加入大公司直到现在。 

 

    比起随时可能会丧命的战国时代，现代真是好多了。毕竟走在路上，不太可能会突然被人拿枪刺死。 

 

    此刻我正喝著提神饮料，与眼前的电脑搏斗中。 

 

    在前世，大家写字都是使用毛笔，倘若碰上字迹潦草的家伙，经常会因为看不懂内容让人吃足苦头，反观电脑上全是以印刷字体显示。真庆幸能生在文明发达的年代。早知道会变成",
2963,119968," ★☆★☆★☆轻小说文库(Www.WenKu8.com)☆★☆★☆★ 

  第一卷 序章  
     网译版 转自 百度超次元游戏海王星贴吧 

 

    翻译：Keil Simion 

 

    死寂无人的古旧洋馆之中，一名男子正穿行于走廊之间。 

 

    将惯用的柯尔特蟒蛇左轮架起，仿佛是在检查立足之处似地、一步一步移动着。那与所谓“轻快”丝毫不搭边的动作，将他的紧张感表露无遗。 

 

    这里是从日常之中刨取切离而出的异空间，换言之便是战场。轻举妄动便无异于自寻死路，他对此现状有所认识。 

 

    绝不能懈怠对四周的警戒。确保居高临下的观察视野，竖起耳朵，以皮肤感知空气的流动，全力探查【敌人】※ 的存在。 

 

    （译注：原文中使用的符号“『』”，在本译本中全部替换为“【】”，下同。） 

 

    一言以蔽之便是极限状态。但，即便如此，他的表情也毫无波澜。此人乃是跨越了众多生死境地的、身经百战的战士。 

 

    “咔哒、咔哒”地，脚步声轻响在这空旷的建筑物之中。又戛然而止。 

 

    从拐角处飞身跃出，将枪指向前方。 

 

    枪口的彼端并没有敌人。取而代之地，一扇厚重的木质门扉浮现而出。 

 

    保持着周身警戒，他靠近那扇门，搭上了把手。 

 

    在“吱呀”的一声钝响之后，门随之开启。 

 

    在那之后，等待着他的是—— 

 

    ◆    ◆    ◆ 

 

    叮铃铃铃铃铃—— 

 

    “真是的，明明正到精彩部分呢。” 

 

    将头戴耳机取下、略有些不耐地晃了晃头，金色的长发随之摇曳。 

 

    鼓着脸颊丢下手柄的她，名字叫做贝露。 

 

    乃是守护着游戏业界中所存在的四个国家之一、绿荫箱庭的女神。 
",
2971,120661," ★☆★☆★☆轻小说文库(Www.WenKu8.com)☆★☆★☆★ 

  第一卷 序章 英雄王英格利斯  
     台版 转自 轻之国度 

 

    图源：流星雨北斗 

 

    扫图：撸管娘 

 

    录入：kid 

 

    修图：撸管娘 

 

    席鲁瓦尔王国，王都席鲁瓦利亚── 

 

    建立起版图遍及整块大陆之王国的英雄王英格利斯，正在可以俯瞰王都的小丘上的王城迎来自己的临终之时。 

 

    家臣们在豪华大床旁排成一列随侍在侧，纷纷露出不安的神情，宛如找不到父母的迷路孩童。 

 

    这也无可厚非──这位老国王对他们来说就是如此具有绝对性的存在。 

 

    青年英格利斯年轻时就受到女神亚莉丝泰尔的加护，觉醒为超越人类肉身限制、能够控制神力的『神骑士』。 

 

    他用这股力量打倒威胁人类的魔物与邪神，建立起席鲁瓦尔王国。 

 

    他广施仁政，令国家欣欣向荣，带给人民许多笑容。 

 

    并在自己这一代就建立起众人皆认为能延续千年的席鲁瓦尔王国。 

 

    他所留下的功绩以及无私为人民尽心尽力的高洁精神── 

 

    都让学者们胆敢公言，英格利斯王正是史上最伟大的王者。 

 

    吟游诗人们为了盛赞英格利斯王所做的诗，想来也有成千上百首。 

 

    这个国家正要失去的就是如此的英杰。 

 

    无论是何等英雄，都无法逃离老死的命运。 

 

    对任何人来说，没有英格利斯王的席鲁瓦尔王国，都是充满了未知。 

 

    即使要他们放心也办不到。 

 

    「各位，别露出那种表情，这不是存心让朕牵挂、无法安心离世吗？」 

 

    英格利斯王用平静的口吻，随口开了个让人忐忑不安的玩笑。 

 

    因为",
2971,127783," ★☆★☆★☆轻小说文库(Www.WenKu8.com)☆★☆★☆★ 

  第二卷 第1章 15岁的英格莉丝 卡莱尔王立骑士学院 之1  
     台版 转自 轻之国度 

 

    轻之国度×天使动漫录入组 

 

    图源：流星雨北斗 

 

    扫图：撸管娘 

 

    录入：kid 

 

    修图：撸管娘 

 

    王都的骑士学校，也就是卡莱尔王立骑士学院的入学典礼日到来了。 

 

    「天上领也开始供给机甲鸟──今后对于骑士的运用及战术也会出现巨大转变，期待诸君走在潮流尖端、开拓崭新时代……！」 

 

    身穿奢华服装与披风站在讲台上的金发美青年，正在致词激励列队的新生。 

 

    他就是拉斐尔的上司·韦恩王子，年纪看来要比拉斐尔大一点。 

 

    因为他的外表年轻俊美，自然集周围女学生的热情视线于一身。 

 

    而且就是他想出了把冰封的虹之王搬走的点子，看来他不是只有外表，毫无疑问也相当有能力。 

 

    这间骑士学院的养成课程基本上是三年，不过据说允许成绩优秀者跳级。 

 

    学生基本上多为贵族或骑士子弟。 

 

    偶尔也有平民出身的学生，不过那种人大部分都拥有很好的魔印。 

 

    想必是因为魔印得天独厚，才能找到靠山来这里就读吧。 

 

    听说骑士学院还有来自其他国家的留学生，而英格莉丝偶然听到，与她们同届之中就有几个。 

 

    「哇～韦恩王子很帅呢～」 

 

    「不行喔，拉妮。我们是来求学的，不可以说那种话。」 

 

    「？欣赏而已，有什么关系嘛。」 

 

    「不行。对拉妮来说还太早了。不行就是不行。」 

 

    「是～克莉丝唯独对那方面特别啰唆呢……」 

 

    「好了",
2971,136029," ★☆★☆★☆轻小说文库(Www.WenKu8.com)☆★☆★☆★ 

  第三卷 第1章 15岁的英格莉丝 天惠武姬护卫指令 之1  
     台版 转自 轻之国度 

 

    轻之国度×天使动漫录入组 

 

    图源：流星雨北斗 

 

    扫图：linpop 

 

    录入：kid 

 

    修图：撸管娘 

 

    天惠武姬莉波暂时寄居于骑士学院。 

 

    不过平常的训练并没有因此而暂停── 

 

    今天英格莉丝他们一年级生前往了位于波鲁多湖畔的机甲鸟机库，进行骑士科与随从骑士科的共同训练。 

 

    然后回程──跟往常一样，要长跑回学院。 

 

    「呵哈哈哈哈哈！跑吧、跑吧────！快喔，随从骑士科的诸君！骑士科都在内心小看诸君是无印者，现在是还以颜色的好机会！骑士科诸君，输给下等的随从骑士科就不配当骑士了喔！展现骨气吧────！」 

 

    负责随从骑士科的马古斯教官，乘坐机甲鸟在前方带队。 

 

    「吁、吁……！讲、讲话真讨厌……那个教官，个性真差……！我们并没有小看随从骑士科……！」 

 

    拉菲妮亚气喘吁吁地抱怨。 

 

    「不、不可能小看啦……！毕竟那个……！」 

 

    里欧妮看著马古斯教官乘坐的机甲鸟。 

 

    他乘坐的机甲鸟并没有起飞。 

 

    而是由英格莉丝背著跑。 

 

    因为每次训练都是宝贵的机会，英格莉丝为了要提高训练强度就变成那样了。 

 

    在随从骑士科学生之间，这是司空见惯的光景。 

 

    「真、真是离谱呀……但、但是，至少速度要跟上！」 

 

    莉洁洛特下定决心、加快速度。 

 

    她上气不接下气地追上了英格莉丝与机甲鸟。 

 

 ",
2971,140645," ★☆★☆★☆轻小说文库(Www.WenKu8.com)☆★☆★☆★ 

  第四卷 第1章 15岁的英格莉丝 两位女主演 之1  
     台版 转自 轻之国度 

 

    轻之国度×天使动漫录入组 

 

    图源：流星雨北斗 

 

    扫图：linpop 

 

    录入：kid 

 

    修图：撸管娘 

 

    英格莉丝等人顺利解决了天惠武姬莉波身上发生的异变。 

 

    莉波向众人深深致谢，再度前往与邻国韦涅菲克的交界处回归战线。 

 

    然而，代价是骑士学院校舍崩塌。 

 

    校舍内的学生餐厅也同样遭殃，英格莉丝与拉菲妮亚失去吃到饱的来源，面临危机状况。 

 

    两人每天都饿着肚子，一边祈祷学生餐厅早一刻重新开张，一边协助修复校舍、帮忙土木作业。 

 

    虽然想加快动作早日修复，但愈动肚子就愈饿。 

 

    咕噜～！ 

 

    「哇……！？是哪位的肚子叫了？真是没规矩呀。」 

 

    抱着工具走在前面的莉洁洛特吃惊地回过头。 

 

    「「……」」 

 

    英格莉丝指着拉菲妮亚，拉菲妮亚则指着英格莉丝。 

 

    「她说谎！是克莉丝──！」 

 

    「不，是拉妮……！」 

 

    「不要指别人！左右两边都传来了喔？」 

 

    走在两人中间的里欧妮揭发了真相。 

 

    「「呿……」」 

 

    「……两个人都饿过头，愈来愈暴躁了──」 

 

    里欧妮苦笑。 

 

    「有那么饿吗？明明我们吃一样多……」 

 

    协助校舍修复姑且可以领到便当。 

 

    「「完全不够！」」 

 

    「哎、哎呀，就当作正好减肥……？喏，这边减一点下来，或",
2971,146468," ★☆★☆★☆轻小说文库(Www.WenKu8.com)☆★☆★☆★ 

  第五卷 第1章 15岁的英格莉丝 作恶的天惠武姬 之1  
     台版 转自 轻之国度 

 

    轻之国度×天使动漫录入组 

 

    图源：流星雨北斗 

 

    扫图：linpop 

 

    录入：kid 

 

    修图：撸管娘 

 

    飕──────飕────── 

 

    寒风夹着雪，呼啸吹过。 

 

    夕阳染红了妆点周围树木的雪。 

 

    这里是英格莉丝他们的国家·卡拉利亚王国的边境。 

 

    与北方邻国阿尔卡德的交界处附近。 

 

    现在就已经十分寒冷，但入夜以后气温会更低吧。 

 

    「呼──很冷呢。我还是第一次冷成这样。」 

 

    里欧妮一边打哆嗦，一边观察树木之间的堡垒情况。 

 

    那里据说是阿尔卡德军的国境警备据点。 

 

    接下来我方将越过国界，潜入阿尔卡德境内。 

 

    我方将一台机甲亲鸟当作移动据点，载运了多台可以与机甲亲鸟连结的机甲鸟当作舰载机。 

 

    其中包含英格莉丝她们私人拥有的星星公主号。 

 

    而且还载运了堆积如山的粮食──小队编制就是这样。 

 

    一言以蔽之就是相当显眼。 

 

    在天色还很亮的时候开着机甲亲鸟飞过去，肯定会被发现吧。 

 

    因此为了趁着夜色越过国境，一行人正在这里等待。 

 

    「就是说呀──风很冷，吹得脸颊都痛起来了。」 

 

    莉洁洛特这么说道。 

 

    虽然做好了防寒措施，此时正穿着毛茸茸的毛皮衣服，还戴着耳罩── 

 

    尽管如此，不习惯天寒地冻的他们仍然觉得刺骨。 

 

    「因为",
2971,155763," ★☆★☆★☆轻小说文库(Www.WenKu8.com)☆★☆★☆★ 

  第六卷 第1章 15岁的英格莉丝 神龙与老王（前世）之1  
     台版 转自 轻之国度 

 

    轻之国度×天使动漫录入组 

 

    图源：流星雨北斗 

 

    扫图：linpop 

 

    录入：kid 

 

    修图：撸管娘 

 

    「然后啊，胸口稍微敞开一点，袖口又轻飘飘的──」 

 

    「──嗯嗯嗯……像这样？」 

 

    「啊，对对对！真不愧是拉妮。」 

 

    「这是当然，因为我很擅长帮你打扮啊～&#9834;」 

 

    拉菲妮亚志得意满地挺起胸膛。 

 

    如今英格莉丝与拉菲妮亚正在船身破洞的机甲亲鸟甲板上摊开纸张，喜孜孜地讨论着。 

 

    拉菲妮亚配合英格莉丝的需求于纸上作画，逐笔勾勒出带有公主风装饰的典礼用晚礼服。 

 

    「颜色就选水蓝色和白色吧？好可爱喔～但在这种地方穿，我觉得会冷耶？」 

 

    「不要紧的喔，因为会马上变暖和的。」 

 

    「？什么意思？我没办法做出具有魔印武具（神器）效果的衣服喔。」 

 

    「嗯？没关系，没关系。这能做得出来吗？」 

 

    「这个嘛，因为我们带来的物资都没受损──」 

 

    拉菲妮亚将上半身探入货物中一件大型行李内── 

 

    「嗯……！你看，有了！我认为这能做出你说的衣服！」 

 

    她的手上拿着淡蓝色与白色的布料。 

 

    「喔……！太好了，那就事不宜迟，麻烦你了。」 

 

    「OK！交给我吧！」 

 

    此时，有人扬声责备两人。 

 

    「你们等一下……！现在不是玩裁缝游戏的时候吧──！？」 

 

 ",
298,10595," ★☆★☆★☆轻小说文库(Www.WenKu8.com)☆★☆★☆★ 

  第一卷 Ⅰ 美寻  
     Ⅰ美寻 

 

    小爱好酷，这是当然的。 

 

    因为她是我的小爱嘛。 

 

    小爱宛如英雄一般，在幼儿园时拯救了被同样是桃班的男孩子欺负的我。当时，小爱抢走男孩子手中的毛毛虫，并且丢入对方背后的衣服里，反过来替我教训了他一顿。 

 

    小爱就是像这样，从幼儿园时开始便是我最重要、最值得依赖，而且又帅气的好朋友。 

 

    可是每当我这么说时，小爱总是会先愣一下，接着露出腼腆的笑容说： 

 

    「小寻妳真是的，不是要妳别再提那些陈年往事了吗?」 

 

    话虽如此，不过对我而言，那些陈年往事是非常珍贵的回忆。 

 

    我小时候既畏缩又怕生，所以很讨厌上幼儿园，不但经常被男孩子欺负，也没有其它朋友，因为……我不是那种一看到大家在嬉闹就会积极加入的小孩。 

 

    虽然帮助了胆小的我、一直以来都陪我一起玩耍的小爱和我一样是女孩子……不对，正因为我们都是女孩子，所以无论什么时候，她都是我的偶像。 

 

    事实上，我也一直渴望着有一天能变得和小爱一样出色……但是如今已经升上高二的我，还是没能追上小爱。 

 

    直到现在，小爱仍然是聚集全校焦点的开心果…… 

 

    『好的，接下来是上回大受好评的邱比特☆爱智琉的恋爱咨询时间!虽然我知道自己不是当邱比特的料，不过这样的单元名称好像比较浅显易懂。』 

 

    小爱夹杂着轻笑的开朗声音，在午休时间的校园内回响。 

 

    就像有些学校以棒球社闻名一样，我们的高中以小爱参加的广播社最具知名度。这个社团甚至受欢迎到连入社都要举办甄选会，并以少数精锐制自豪，之所以能将人气延烧至今，都要归功于负责校内播报的主持人小",
298,10601," ★☆★☆★☆轻小说文库(Www.WenKu8.com)☆★☆★☆★ 

  第二卷 揭晓答案 Ⅰ 愁也  
     Ⅰ愁也 

 

    从远方隐约传来人的气息与声音。这种感觉就像是……在上课或搭电车时，不知不觉就进入一种明明神智是清醒的，但是身体却睡着的恍惚状态，而我现在就是处在这种状态。 

 

    总之，我的身体现在似乎陷入沉睡状态。 

 

    『小儿科的佐藤医生，请您尽速前往第三医院大楼的会议室。小儿科的佐藤医生……』 

 

    叮咚当咚。在一阵随处都可听见的广播铃声响起后，播出了上述的广播内容，我总觉得那个人的声音听起来好陌生。 

 

    还有，这里到底是哪里？ 

 

    为什么我会躺在一个有这么多人，而且还有这种陌生广播的地方呢?现在几点了……?我连现在是早上、晚上，还是中午都不晓得，唯一能够肯定的就是我正躺在这里，而且还在睡觉。 

 

    正当我迷蒙地这么想着时，脑中突然传来一种……虽然这样讲很奇怪……不过那就像是脑袋被什么重物压着的感觉。接着那种感觉开始慢慢地从脑部内侧蔓延开来，然后变成一股闷痛。 

 

    怎么回事……?真是不舒服。 

 

    就在我因为疼痛而不禁皱起眉头时…… 

 

    「早安，哥哥。」 

 

    「你醒了啊，哥哥。」 

 

    当我睁开眼所映入眼帘的，是妹妹们那两张一模一样的脸。 

 

    两人都将两条马尾高高地绑在两侧的耳朵上方，倾泄的长发各自从床的两侧垂到我的手腕边。她们的大眼睛就如榊木所说的「像猫咪一样」，既圆眼角又有点上扬，这两个面无表情到犹如美丽人偶般的双胞胎妹妹们，即使我从小看着她们长大，还是分不出谁是谁。 

 

    「这里……是哪?」 

 

    我茫茫然地寻问后，在床的两侧紧盯着我的两个妹妹们收回了窥视我的",
298,17775," ★☆★☆★☆轻小说文库(Www.WenKu8.com)☆★☆★☆★ 

  第三卷 决心与手持麦克风 序  
     ○ 

 

    那个男人。 

 

    自从片平总一郎作为新教务主任赴任以来，学校就变了。 

 

    我想在那之前，学校在排名里……可说是中下左右的程度吧。 

 

    总之在这间学校里，学生们比起想进入好大学就读，反而是大多数人都以自己喜欢的道路为目标。像是去偏差值没那么高又有想加入的研究室的大学；或者是在专门学校里将想做的事情学个透彻。 

 

    我连片平总一郎是怎么样当上教务主任的也不知道。也没想过要知道。 

 

    只是由身为学生的我们的角度来看，的确是没有其他老师会对片平总一郎的作法插嘴。 

 

    每天每天不断重复的小考、成绩排名毫不留情地每周一都会张贴出来、有时成绩若不好还会受到惩罚。 

 

    为何当时都没有人在批判片平总一郎的做法呢？不，也不是说完全都没有，只不过那是极少数派。 

 

    至少……只要照着他的作法走，无法否认地成绩都会变好。只要成绩变好，在现代社会中孩子的未来就会变得更有出路。所以没有父母会对孩子的成绩提升这件事有所不满。 

 

    而片平总一郎得到的评价，以家长会为首，在家长之间是非常良好的。因为在他们看来，他是个——开拓孩子可能性的理想教育者吧。实际上，现在全国里还有很多父母是这么看待他。 

 

    证据就是，有个民营电视台老早以前就常常在采访片平总一郎，还制作成特辑播出。对那种凶手，真亏他们做得下去啊。竟对那种披着教育者面具的杀人凶手做得下去呐。 

 

    ……尽管如此，我以前也相信过那个男人，没办法说别人什么。 

 

    当时，在片平总一郎担任教务主任的高中就读的我，被总是在我身边笑着的希美这么说过。 

 

  ",
298,20499," ★☆★☆★☆轻小说文库(Www.WenKu8.com)☆★☆★☆★ 

  第四卷 反校长宣言 I 月子  
     前任广播社主持人美星空学姐，曾经形容过爱智琉是个横冲直撞的人，对此我也深有同感。 

 

    想到什么就做什么，完全不管周遭的人怎么说，一旦开始起跑就不会再停下脚步，也绝对不会回头。 

 

    唯一能够阻止爱智琉的那个超级好友美寻，这回却是与爱智琉站在同一阵线上，爱智琉更是不可能轻易罢手。 

 

    「~~~~~~你这个大笨蛋！！」 

 

    「你说什么——！？」 

 

    「谁叫你说那种话的啊！？你是脑袋秀逗了吗——！」 

 

    「谁脑袋秀逗啦！会说这种话的阿彻才是脑袋有问题呢！！」 

 

    「我哪里脑袋有问题了啊！？」 

 

    「本来就是嘛！既然什么都不做一样会被退学，我们还要乖乖等着被人赶离学校吗！？反正不会再有更糟的处分了，事到如今装成一个好孩子又有什么用！倒不如勇往直前，别让自己后悔啊！！」 

 

    爱智琉字字句句铿锵有力，散发出凛然霸气。原本极力反驳的彻可能是输给了她的魄力，一脸困窘地不发一语。 

 

    ——提出反校长活动宣言！不过是数分钟之前，爱智琉朗声发表了这项宣告。 

 

    地点是全校集会场所的体育馆，当时片平校长正在向全校学生说明为何会有学生遭到退学。 

 

    遭到退学的正是我们五人。广播社主持人潮崎爱智琉、社长兼音控长的七尾愁也、我的表哥兼器材长的榊木彻，以及身为执行长的我共计四名广播社社员，还有爱智琉的好友优月美寻。 

 

    最主要的原因，就是我们每天在学校举办的编班考试中持续缴交白卷，会对其他学生带来负面影响。 

 

    唉，其实一开始片平校长只是想给我们一点警告，而且当初美寻也不在退学处分的名单当中，看",
2997,122164," ★☆★☆★☆轻小说文库(Www.WenKu8.com)☆★☆★☆★ 

  第一卷 序言  
     网译版 转自 轻之国度 

 

    图源：爱丽丝·莉泽 

 

    翻译：星迹流砂 

 

    时间来到24世纪。 

 

    在曾经被称作东京的城市的边缘的边缘，废墟大楼林立的郊外《荒川》那里，有一家食堂。 

 

    它的名字叫《伽蓝堂》。 

 

    店铺日日生意火爆，但是，这家店有三条规矩必须要遵守。 

 

    ──规矩第一条，《伽蓝堂》的方圆百米之内禁止战斗。 

 

    再说一次，现在是24世纪。地面上已经变成不法之徒的住处了。由于大规模的灾害和战争的影响，国家已经解体。被选中的人们上百年以前就躲到了地下都市Metropolitan——通称《TOKYO Metro》里。现在还敢在光天化日下大摇大摆的也就是黑手党，小混混和恐怖分子了。多种多样的暴力团伙为了争夺权利和领地，日夜争斗不停。 

 

    但是，《伽蓝堂》是例外。 

 

    美食，不需要干架。说到底不能把店砸了。 

 

    即使是平常互相敌视的家伙们，在《伽蓝堂》也得默默的坐到同一张桌子上。不管是昨天自己人被杀了，还是上周钱被抢了，一切的争斗都是不被允许的。 

 

    当然，不妙的商谈也是被禁止的。就算这里是休战地带，变成非法交易的现场的话就毫无意义了。毒品、金块、枪弹武器，这些东西只要有一点点被人发现，就会有铁拳制裁飞过来。 

 

    从哪里？ 

 

    那，当然是从服务员那里。 

 

    ──规矩第二条，服务员是不可违抗的。 

 

    《伽蓝堂》有一名可怕的服务员。头顶乌鸦羽毛般长长的黑发，身背一把约一人高的木刀。但是实际上，只是个二十岁的小姑娘。 

 

    说话难听，动作快。板",
2997,125114," ★☆★☆★☆轻小说文库(Www.WenKu8.com)☆★☆★☆★ 

  第二卷 【音频记录】  
     网译版 转自 轻之国度 

 

    图源：爱丽丝·莉泽 

 

    翻译：星迹流砂 

 

    ──Hello，Hello，地球的各位。 

 

    这里是同步卫星第谷149号。 

 

    在这万里无云，如同蓝色玻璃球般的今宵，各位又过得如何呢。 

 

    介绍失去的旧世纪菜谱的《美食·文物》。 

 

    第44239回也是来自各位上空的35000千米处， 

 

    从没有火也没有材料的厨房为您播报今日的菜单。 

 

    ——那么，接下来是今天的回忆菜单环节。 

 

    主题是会想在炎热的夏天吃的，清爽套餐。 

 

    主菜是梅肉酱汁浇香煎猪肉，副菜是即席盐渍夏季萝卜，汤则是加入了大量野山姜和小葱的味噌汤。 

 

    先从副菜开始制作吧。为了保留住萝卜清脆的口感，要切成五毫米左右的棒状。抹上盐和生姜末之后，就放置一段时间吧。 

 

    味噌汤则是将味噌溶进你喜欢的高汤中，并将野山姜和小葱切碎备用。最后再加进去。 

 

    猪肉则使用厚切的肩肉配上盐、胡椒。这个只要简单的煎一下就好了。如果能用炭火进行铁网烧烤的话，就能将油脂烤出会更加好吃。酱料则是将梅肉和白芝麻切碎后，把用盐腌渍的萝卜拿来挤压一下，将挤出的水分一起拌进去。如果水分不够的话，请视情况适当调整。 

 

    啊，对了，焖米饭的时候如果把萝卜叶也一起放进去的话，鲜艳的绿色会显得很漂亮的。 

 

    向味噌汤里加入野山姜和小葱之后稍微加热一下，就全部完成了。 

 

    ——您感觉如何呢。 

 

    野山姜和小葱已经于2102年灭绝，萝卜也因为基因污染而没能留下原种。 

 ",
2997,125301," ★☆★☆★☆轻小说文库(Www.WenKu8.com)☆★☆★☆★ 

  短篇 天气轰炸转蒲公英，今天是野餐的好日子  
     网译版 转自 轻之国度 

 

    翻译：星迹流砂 

 

    １ 

 

    「就算你这种时间来啊，那种玩意，不是肯定卖完了嘛」 

 

    「哈啊？太阳还没落山呢，平常不都是卖剩的跟山一样吗！你以为平常把那些买下来的，都是谁啊！」 

 

    「……就算你这么说，没有的东西那就是没有啊」 

 

    「飞蜥蜴的尾巴居然一根都没进货，你就不觉得这是在砸肉店招牌吗！」 

 

    在柜台上砸下拳头，大声喊叫着的是一名女孩。长长的黑发和端正的长相也算是个美人坯子，但全身燃烧着的怒气搞砸了一切。向着体格看起来足有她两倍的肉店店主，她似乎想用眼睛杀人一样在瞪视着。 

 

    但是店主那边也没有服输。卖肉给小混混已经多年。这种程度的投诉，就像是饿肚子不开心的小狗的悲鸣一样的东西而已。他无视了她的抱怨，一脸平淡地继续说道。 

 

    「说到底啊，你要买就提前说啊。平常都是从你那边发来进货的订单，我才按照那个准备的。就算像今天这样突然跑过来，也没办法啊」 

 

    「唔咕……这个就……」 

 

    「真是的，怎么了，今天这么拼命？平常的话，你是不会说得出，这种会增加自己采购货物量的话的啊」 

 

    「唔咕咕……！」 

 

    看到说不出话的女孩，「哈啊……」地叹了口气的是在旁边的另一名少女。如同蚕丝一般的金色头发和古典式女仆装这副打扮，在充满着斗争和荒废的24世纪，纯洁到了异样的地步。她浮现出善解人意的笑容，摇了摇头说「放弃吧，莉可」。 

 

    「没有必要拘泥于飞蜥蜴的尾巴，我觉得也可以的啊」 

 

    「不――行！我想咬那个肉！就是这种心情！",
3017,123358," ★☆★☆★☆轻小说文库(Www.WenKu8.com)☆★☆★☆★ 

  第一卷 Rusalka 上 序「──战翼日」  
     台版 转自 轻之国度 

 

    轻之国度录入组 

 

    图源：飞船 

 

    录入：月灵 

 

    1 

 

    ──这时候，军中流传著听起来好像真有那么一回事的谣言。 

 

    「听说了吗？军方秘密开发的最新兵器，好像终于要部署到实战单位喽。」 

 

    「────」 

 

    「你说最新兵器，是指传闻中弹药对那些可恨家伙有效的玩意儿？」 

 

    「────」 

 

    「嗯，据说上头搭载了能扭转战况的划时代装备。」 

 

    「────」 

 

    「据说冒出能一骑当千的王牌飞行员粉碎了那些光柱，这话居然是真的啊？」 

 

    「────」 

 

    「喂，不要默不吭声，一起讨论啦──露莎卡。」 

 

    「……我吗？」 

 

    听到探头观察自己神色的同僚这么说，露莎卡眨了眨那对凤眼。 

 

    仔细一看，围住同张桌子吃著军用口粮当晚餐的同僚们，全都看向自己。露莎卡在众人注视下，反刍起他们方才的对话。 

 

    如果没记错，内容是── 

 

    「呃，是要我针对荒诞无稽的梦话发表感想，没错吧？」 

 

    「要说没错也是没错啦！你会这么说的心情我也懂啦！」 

 

    「这个嘛，我认为是很有梦想的话题。虽然只是个梦。」 

 

    「这女人居然还多补了一句！」 

 

    尽管露莎卡自认用词已经相当小心，但同僚们的反应不太好。 

 

    果然，男女之间有难以弥补的意识隔阂。话虽如此，就这么死心却也对不起并肩作战的战友们。 

 

    「所以",
3017,123436," ★☆★☆★☆轻小说文库(Www.WenKu8.com)☆★☆★☆★ 

  第二卷 Rusalka 下 序「──古老摇篮曲」  
     台版 转自 轻之国度 

 

    轻之国度录入组 

 

    图源：飞船 

 

    录入：月灵 

 

    1 

 

    ──有件事，从小就令我觉得不可思议。 

 

    自己和妹妹，为什么性格会相差这么多呢？明明是脸和身材一模一样、成长环境也一样的双胞胎，为什么会如此？ 

 

    「这是因为啊，同样的东西可以从不同的角度看。」 

 

    回答这个幼稚疑问的，是在旁边听的爸爸。 

 

    肩膀感受著爸爸温暖的我，接纳了这个答案。但是，坐在爸爸另外一边的好强妹妹，对于爸爸的答案则是不满地「咦～」了一声。 

 

    「要是角度不同，不就吵起来了吗？这样我会和姊姊吵架喔。」 

 

    「嗯，或许会这样呢。你也不喜欢和姊姊吵架？」 

 

    「嗯，不喜欢。因为，我不吵一定赢的架。」 

 

    听到妹妹毫不怀疑自己会胜利的自信口吻，爸爸不禁笑了出来。 

 

    「这想法很了不起──听好喽，你们两个。不能随便讨厌别人、憎恨别人喔。虽然有时候，人会做些讨厌的事，不过……」 

 

    「并不是那个人的全部，对吧？真是的，我已经听到耳朵长茧了啦。」 

 

    「哈哈，是这样吗？」 

 

    这几句话我们听过好多次。妹妹嘟起嘴，表示她听到烦了。另一方面，应该和妹妹听得一样多的我，却完全没这种感觉。这也是我和妹妹的差别之一。 

 

    「你们或许和一般人有些不同。但是，只要两个人在一起就不会有问题。不足的地方要互相弥补、互相帮助喔。」 

 

    爸爸伸出他强壮的双手，摸摸我们的头。两只手，摸我们两人的头。我喜欢让他",
301,10869," ★☆★☆★☆轻小说文库(Www.WenKu8.com)☆★☆★☆★ 

  第一卷 主要人物  
     森下历美 

 

    笨拙且身材娇小的女高中生。由于无意中发现一张诡异传单，因此决定学习现代魔法。 

 

    姉原美锁 

 

    现代魔法的第一把交椅，现存的最强魔法师之一。与聪史郎两人住在银座的古老西洋式建筑中。 

 

    一之濑弓子克里斯汀娜 

 

    银发紫眼的美少女。擅长使用古典魔法，曾祖父为欧洲的除魔师。 

 

    坂崎嘉穗 

 

    历美的同学。擅长使用计算机。 

 

    姉原聪史郎 

 

    美锁的弟弟。是个身材高大挺拔的高中生。完全不相信世界上有魔法。 

 

    黄盖瑞 

 

    不隶属于特定企业的程序专家。将烫手的工作推给美锁。 

 

    您也能成为魔法师! 

 

    在动荡的现代，据说无法跟上文明开化潮流的人并没有在新世纪生存的资格，每天都有革新的浪潮袭卷而来，例如蒸气机、电力或是电话等等。 

 

    不过请放心，因为现在正是魔法派上用场的时候。 

 

    本校是为了培育正牌魔法师所创设的学校。 

 

    本校承袭三千年历史的魔术结社系统，教学上采用活页式教科书，并且以浅显易懂的上课方式说明艰涩难懂的概念，无须繁杂的入校仪式，任何人都能轻松地学会魔法的精髓。 

 

    对自己没有自信的您。 

 

    想要改变自己的您。 

 

    无论男女老少，随时都欢迎您的加入!   

  第一卷 一卷全  
     第1章 

 

    程式码 

 

    —————————— 

 

    [code] 

 

    1.在电脑上输入命令或情报时所用的记号。 

 

    2.把异世界",
301,10871," ★☆★☆★☆轻小说文库(Www.WenKu8.com)☆★☆★☆★ 

  第二卷 序章  
     被王子拯救的白雪公主或桃太郎打倒恶鬼后，故事书总是描写他们过着幸福快乐的日于。可是，真的是那样吗? 

 

    这在我的心中一直是个疑问。 

 

    故事多半都会有个快乐的结局。桃太郎听从爷爷与奶奶的话打倒恶鬼，得到毕生享用不尽的财宝，而路过的王子将白雪公主从睡梦中唤醒，仿佛所经历的辛苦皆得到回报般，他们在故事打出END标记后都过着幸福快乐的生活。 

 

    可是，在没有任何不便的富裕生活中，他们能够尝到更胜以往的炙热焦躁感吗?在富丽堂皇的建筑当中，真的有属于他们的容身处吗? 

 

    与恶鬼交战肯定十分辛苦，在昏暗的森林中彷徨肯定会让人害怕，而那些痛苦与难过的经验则会化为他们的血肉，深深地烙印在他们的内心深处。 

 

    桃太郎绝对不会忘记交战时的手感。 

 

    不论是曾经挥舞闪耀的利剑、挡架恶鬼猛力挥落的棍棒、划开敌人肉体的感触或是与无可取代的伙伴们赌命奋战的那段时光，将残留在他的内心深处难以忘怀。 

 

    白雪公主也始终记得。 

 

    不论是自己啃咬毒苹果时流过背后的冷汗、无法相信任何人的负面思绪、被人追杀而提心吊胆的每个日子。那种名为战栗的盔甲比王子的拥抱更加炙热，无论经过几年甚至几十年，都不会让她的心灵获得解放。 

 

    平稳的生活并无法让他们的心灵得到安息，不管是柔软的羽绒被、热腾腾的餐点或是顶级的水果酒，都无法滋润留存在肉体中的渴望。 

 

    因此他们从优雅的舞会中离席，独自仰望夜空。 

 

    从前的他们围着营火啃咬硬梆梆的肉干，在潮湿的泥土上就寝，还有恼人的蚊虫在身边飞舞，猴子、小狗或是七矮人一边唱着走调的歌曲一边跳舞。虽然那是一段不知明日该如何安身的日子，",
301,10884," ★☆★☆★☆轻小说文库(Www.WenKu8.com)☆★☆★☆★ 

  第三卷 第一章  
     sixyearsago#1 

 

    prolopue 

 

    一之濑弓子克莉丝汀娜没有穿内裤。 

 

    这并不只是「因为照明和角度看起来像没穿，但其实有穿喔，所以请不要来信抗议。」 

 

    之类的诡辩，而是名符其实地没穿。 

 

    然而这不代表她加入了不穿内裤同盟，或是沉迷于不穿内裤之类的养生法，而且她也不是平常就没穿，只是今天这个时候正巧没穿，用机率来说，大约是相当于三万六千分之一左右的罕见情况。 

 

    这是真的。 

 

    没有骗人。 

 

    呃……虽然她在婴儿时期可能也没穿内裤，而是穿尿布，不过她平常也不可能在裙子底下什么都没穿的状况下跑到街上乱晃，实际上弓子的内裤穿着率（推测）超过了百分之九十九.九九七，这点弓子可以对自己到目前为止活了十年有余的岁月以及双蛇魔杖发誓。 

 

    总而言之。 

 

    弓子没有穿内裤。 

 

    她每次踏出步伐裙子都会直接碰触腰部，轻轻扬起的布料会在弓子脚跟接触地面的同时贴上臀部，并随着下一个步伐再次扬起，因为紧张的关系，从腹部表面渗出的汗珠会从没有内裤阻拦的腰部通过，滑落大腿内侧，直到接触袜子才停止。 

 

    弓子烦躁地叹了口气。 

 

    明明都已经小学五年级了，为什么那种叫做男生的生物却还那么幼稚呢?是因为男女的成长差异远比自己想象得还要大吗?还是说，那些人脑部的成长，其实在幼儿园的阶段就停止了? 

 

    尤其是那个性骚扰大变态!竟然掀女生的裙子，实在是下下下下下流透顶! 

 

    就是因为这样，弓子才讨厌去上小学，要是和过去一样请家教来教，根本什么问题都不会有，虽然只过了三个月，但是",
301,17145," ★☆★☆★☆轻小说文库(Www.WenKu8.com)☆★☆★☆★ 

  第四卷 序章  
     Entrance 

 

    「你认为有所谓的外星人吗?」 

 

    笑这么说道。 

 

    但自己为什么会说出这种话，就连笑自己也不清楚。 

 

    小野寺笑是名现年16岁、性别女、逃家，而且以现在进行式非法入侵建筑物的少女。 

 

    虽然她原本应该是穿着水手服、扮演高中一年级生的女孩，可是在最近这一个多月以来，她所过的却是从名牌服饰店柜台里偷最新流行的衣服来穿，衣服穿脏便随手往纸箱里一扔了事，类似这种让设计师看见肯定会气死的生活。 

 

    在六本木的大规模多功能大楼内，外包服饰店的贩卖服装和笑自己的品味相比，其实大概老气了十岁左右，尤其店里的裤子更是土气到让笑觉得莫名其妙的程度，但是也不能就这样什么都不穿，因此在别无选择的情况之下，笑只好穿上老气的衣服以及土里土气的内裤，为了融人大楼带有高级感和冰冷感的内部装潢，这种一点都不帅气的名牌服饰其实也是有其必要性。 

 

    身为非法入侵者兼窃盗惯犯的笑，正处于躲避敌人追捕的状态，她的敌人有大楼警卫、会说流畅日语的银发外国人，以及说不定是外星人的男人。 

 

    在大楼中某间被打扫得发亮的厕所内，有间得不到照明的肮脏工具室，笑在冰冷的磁砖地板上扑上瓦楞纸，曲腿坐在上面，在这狭窄的空间当中充斥着潮湿抹布的气味，隔着墙壁还能听见水在水管内流动的细微声响，而紧邻在脸颊一旁的东西，则是沾有深褐色毛茸茸物体的肮脏拖把。 

 

    如果眼前这根木制的扫除工具，是一名在忧郁眼神内蕴藏着世界真理的男子，那么就算这里是一间满是涂鸦的公共厕所，或许也会让人感觉到罗曼蒂克的气氛。 

 

    但现在笑却是孤独一人，唯一能让她交谈的对象，就仅有手中那只银色的掌上型电脑",
301,18174," ★☆★☆★☆轻小说文库(Www.WenKu8.com)☆★☆★☆★ 

  第五卷 Prologue菜鸟当家hiyoko days  
     大雄的书桌里有时光机。 

 

    只要打开紧连在桌面底下的大抽屉，就会发现里面连接着神奇的四次元空间。蓝色机器猫从高度最多不超过五公分的地方突然现身，带他迈向一次又一次的冒险之旅。 

 

    那么，就算没有能够在时空中移动的交通工具，自己的抽屉里面，会不会也有一些难以说明的东西存在呢? 

 

    打开抽屉之后，会不会发生什么不可思议的事情呢? 

 

    自己以前曾这么想过。 

 

    为了在时光机出现时，不会让抽屉里的东西就此消失，自己还曾经特地将抽屉清空。 

 

    那已经是很久很久以前的事了。 

 

    当时自己连加法都还不会，无论是阿基米得的定理、运动方程式，物质绝对无法超越光速的什么特殊理论，自己也统统都不知道。对当时的聪史郎来说，不懂的东西就是在自己不懂的状态下存在着，而这个世界就是这样一个让人什么都不懂的地方。 

 

    顺带一提，大雄是一个在堪称全民皆知的少年漫画中登场、可说是不良典范的小学生。他的成绩不好，也没有运动神经，总是被同学当成是跑腿小弟。不过，却有来自未来世界的猫型机器人借给他许多神奇道具，帮他解决日常中各式各样的难关。 

 

    ……那终究只是漫画里的故事，和现实无关。但是…… 

 

    聪史郎已经不记得自己是从什么时候开始，明白真实是既严格又冷酷的了。有可能是发现圣诞老人的真实身分，其实是大自己八岁的姐姐的那个时候左右，但就连那是几年前的事，聪史郎也记不清楚了。而现在，聪史郎的书桌抽屉内，已经放了满满的东西。 

 

    现在的姉原聪史郎，已经不会再作着书桌某处藏有未来道具等等的梦想。并且认为人在醒着的时候作梦，只",
301,29966," ★☆★☆★☆轻小说文库(Www.WenKu8.com)☆★☆★☆★ 

  第六卷 poloque  
     「这世界必须被火焰吞没。」 

 

    魔女这么说道。 

 

    魔女的一头银发罩住了大半身躯，手握一柄银色魔杖。魔杖上带有双蛇互相缠绕的复杂雕刻，并与魔女的银发一样，散发着冰冷的光泽。其名为双蛇魔杖，是以在萨尔斯堡战场上吸取六百六十六名强者鲜血长大的合花楸为媒介，并浸泡在由六百六十六名司祭花费六百六十六天祈祷祝福的银液中制成的魔杖。 

 

    魔女的双眼是紫色，由于其中仿佛有人形的火柱摇曳，使历美忍不住想探头过去看个仔细。魔女对历美的反应皱起眉头，眼中的影像也随即扭曲。历美发现自己看错了，在魔女眼中的，只是挂在对街大楼上的橙色招牌。 

 

    这里既不是中世，也非奇幻世界，而是满布电子机器的现代城市；在柏油路上往来行驶的不是飘在空中的魔毯，也不是南瓜变成的马车，而是以内燃机关为动力源的汽车；在空中交错飞驰的也不是精灵或咒文，而是手机、电视，与出租车无线电所发出的无形电波。森下历美原本应该是在这里约好要与弓子见面。她充其量只是个平凡无奇的高中女生再多加一点特殊才能罢了，突然说些世界危机也只会令她不知所措。然而此刻在她眼前的弓子，内心已经不是弓子了，而是传说中的魔女，并且还说出莫名其妙的恐怖话语。 

 

    历美对弓子开口问道： 

 

    「呃……你所说的『吞没』，指的应该不是好事吧?那应该不是指像吃东西那样的吞没，而是指发生像战争啦、饥荒啦、灾难啦，之类的事情吧?」 

 

    化为魔女的弓子点了头。 

 

    「不可以那样啦。」 

 

    「我别无选择，我必须战斗。」 

 

    「要和谁战斗?弓子你并没有敌人呀。」 

 

    魔女笑了，在那笑容的嘴角上带着寂寥。 

 

 ",
3056,125389," ★☆★☆★☆轻小说文库(Www.WenKu8.com)☆★☆★☆★ 

  第一卷 截稿日之前，邂逅的进度特别快  
     台版 转自 轻之国度 

 

    轻之国度×天使动漫录入组 

 

    图源：樱木真乃 

 

    扫图：撸管娘 

 

    录入：Agnus 

 

    校对：kid 

 

    修图：XUII 

 

    一个孤独的人不再孤独，这就是这么纯粹又稀松平常的爱情故事。 

 

    ＊ 

 

    白川爱结是在国中二年级的时候，发现自己喜欢同性。 

 

    她从电视等地方学到了LGBT的概念，但是她对于承认自己是同性恋这件事有点抗拒。为了「证明自己不是」，她读遍了LGBT的书和网站，最后才终于确定自己是LGBT中的女同性恋「L（女同性恋）」，也就是喜欢女生的顺性别女生。 

 

    在确定自己是同性恋之后，她还是一直瞒著周遭的人，假装自己是多数派，一直到国中毕业。 

 

    升上高二后没多久，学校有堂课教了LGBT的事，当天放学之后，她和几个要好的同学一起在超市的美食广场闲聊，课程内容也成为了他们的谈天话题。其中地位形同小圈圈里队长的少女，她和爱结从一年级感情就很好，可以算是爱结的闺蜜。当时闺蜜说「就算我身边有这样的人，我也一点都不会介意」，其他朋友也异口同声赞同。 

 

    「我也完全没有偏见喔，同性恋在现代很普通吧。」 

 

    「就是啊，歧视同性恋也太扯了吧。」 

 

    原来是这样啊，爱结又惊又喜，也松了口气。 

 

    最近同性恋情侣在日剧和电影的出现都极为稀松平常，BL剧《大叔之爱》与《昨日的美食》在朋友圈中也很红。也许LGBT的存在，已经比自己以为的更见容于世了吧。 

 

    因此爱结当场就出柜，表明自己是同性恋。 

",
3056,130465," ★☆★☆★☆轻小说文库(Www.WenKu8.com)☆★☆★☆★ 

  第二卷 截稿日之前，向编辑鬼扯藉口的进度特别快  
     台版 转自 轻之国度 

 

    轻之国度×天使动漫录入组 

 

    图源：樱木真乃 

 

    扫图：linpop 

 

    录入：勤奋的懒惰的羊 

 

    修图：凪のあすから 

 

    七月一日，已过上午十点。 

 

    白川爱结目前坐在从富山开往东京的新干线「光辉」号上。 

 

    而她身旁有一名犹若天仙下凡般的美女，正发出睡得香甜的鼻息。 

 

    她的名字叫海老原优佳理。 

 

    职业为小说家。 

 

    她是爱结的雇主兼同居者，同时还是──女友。 

 

    ……我真的和老师…… 

 

    至今自己心里仍然有些怀疑，这是否全是一场梦。 

 

    爱结是同性恋。 

 

    距今约两个月前，她向老家的学校朋友倾吐这件事后，却传遍全班，人尽皆知，造成她情绪失控，进而引发了暴力事件。而父母也无法理解她的性向，导致失望透顶的爱结一时激动便逃离乡下，只身来到东京。 

 

    接著，她透过在东京的出版社工作的堂姊·白川京介绍，认识了优佳理，并对她一见钟情。 

 

    爱结成为优佳理的家务小帮手兼监视者，住进她家工作。在爱结与优佳理相伴走访各地，一同烹饪、制作置物架与浮游花的这些日子里，她的爱意愈发强烈──而就在昨晚，她在两人下榻的温泉旅馆中，向优佳理表明了自己的心意。 

 

    优佳理一定会像老家的朋友或父母一样，觉得自己恶心并排斥自己，自己已经无法继续待在她身边了。 

 

    爱结原本是这么以为的。 

 

    ──爱结妹妹啊，我们交往吧。 

 

    结果优佳理的回答却如奇迹发",
3078,126726," ★☆★☆★☆轻小说文库(Www.WenKu8.com)☆★☆★☆★ 

  第一卷 武士道十六岁 1 气剑体  
     台版 转自 负犬小说组 

 

    图源：正太道十三岁 

 

    录入：七号插管 

 

    在巨大的掌声中，我们彼此构持，以剑尖指向对方。 

 

    能在这种场合中与这个人重逢、战斗，心中充满喜悦。 

 

    这是最棒的舞台、最棒的对手。 

 

    来吧， 

 

    共同活在这个时代、独一无二的对手， 

 

    我们开始吧！ 

 

    开始我们的战斗，我们的时代—— 

 

    ******* 

 

    换上剑道服，我前往小道场。没有戴上防具，只提着一把竹剑。 

 

    我独自坐在空无一人的道场中央冥想。 

 

    不去思考，不去观望，不去感受。 

 

    只集中精神融入这无人道场的空气中。不，就连这也不行，只能化为「无」，因为这就是让自己化为「一切」。 

 

    远方传来了声响，我差点不自觉地侧耳聆听；而这可不是忽略它就好，必须从心底驱离。 

 

    忽然间，脸颊感觉到空气的流动。那是从窗口吹入、仍带有几分炎热的九月之风。闷热的草味里，混杂着淡淡花香—— 

 

    可恶，我还太嫩了！这不就是在微微地感受风？不就是在思考那股气味吗？ 

 

    只能化为空、化为虚，甚至连自己的存在也必须从意识中消失。 

 

    那就是所谓的暗吗？暗即是黑。不对，黑并非无。那么是白吗？白即是光。但那也不可能是无。 

 

    在内心里创造出一个连明暗都不存在的虚无。 

 

    空无一物。无论是身体的内或外，甚至是介于内外之间的分界—— 

 

    该死，有人来了。 

 

    先下手为强。 

 
",
3078,126855," ★☆★☆★☆轻小说文库(Www.WenKu8.com)☆★☆★☆★ 

  第三卷 武士道十八岁 1 集大成  
     台版 转自 负犬小说组 

 

    图源：种老板我爱你！ 

 

    录入：七号插管 

 

    我们再也不会迷惘。 

 

    因为，我们决定走在这条路上。 

 

    路上会有陡斜的上坡与下坡吧。 

 

    也会有岔路和转角吧。 

 

    但是，这种时候就让我们想起来， 

 

    那个人，一定也正走在这同样严苛的道路上—— 

 

    ****** 

 

    等不及春天来临，我们的新年度便已开始。 

 

    十一月有新人战，过完年的一月有选拔大赛县预赛，而从该县预赛脱颖而出后便抵达这里。今天和明天，三月二十七日与二十八日两天，于爱知县春日井市综合体育馆举办的全国高中剑道选拔大赛。此外，至今为止都是参加团体赛。 

 

    我们东松学园高中女子剑道社本季的队员编排如下： 

 

    先锋，新升上来的二年级生，田原美绪，她拥有卓越运动神经和吸收能力。我认为她若能再具有一些思考能力会更好，但就算说了也不见得能心想事成。 

 

    「面耶耶——呀！」 

 

    「面……胜负已分。」 

 

    噢，很好、很好，做得好啊。只要你能稳稳拿下两支，后面的赛事会更顺利。总之，是为了突破第一天的三校循环赛，先夺下好彩头的一胜。 

 

    接着的次锋是新升上来的三年级生，田村咲月。和我同届的社员只有两人，她就是其中之一，在社团里的角色是副社长。国中时期曾缔造全国前十六强的辉煌个人赛成绩，但与在同场比赛中拿下亚军的我身在同一队里，或许算是一种不幸。因为不管她怎么努力，也不会引人注意。 

 

    「手哦啊啊——！」 

 

    「手。」 
",
3089,127556," ★☆★☆★☆轻小说文库(Www.WenKu8.com)☆★☆★☆★ 

  第一卷 1 铅笔事件  
     网译版 转自 轻之国度 

 

    翻译：念旧c 

 

    校对：念旧c 

 

    图源：某路过的好心人 

 

    “是小偷哦。” 

 

    奈良突如其来地说道。 

 

    “看来是遇到小偷了。” 

 

    “…………诶？” 

 

    海鸟吃了一惊，停下了将桌子里的东西放进书包的动作。 

 

    某县立高中二年级的教室。 

 

    第六节课已经结束，学生们纷纷进行着回家的准备，只有两个女生停下了动作。 

 

    一边是奈良芳乃，短发少女。 

 

    另一边是海鸟东月，长发少女。 

 

    “……那个，小偷？” 

 

    海鸟说着，将抱着的书包暂时放到椅子下面。 

 

    “突然怎么了？你说有小偷，是有什么丢了吗？” 

 

    “不是丢了，而是被偷了。” 

 

    奈良用疲惫的声音打断道。 

 

    “……听、听起来好像很严重啊。是钱包或者手机被偷了吗？” 

 

    海鸟担心地问后，奈良却摇头表示否认。 

 

    “钱包？手机？完全不对哦。我被偷的是——铅笔。” 

 

    “诶？” 

 

    “我的铅笔被偷了。” 

 

    “……哈？” 

 

    奈良的话让海鸟一时陷入沉默。她脸颊紧绷，一副无话可说的样子——不久后，她讶异地皱起眉头。 

 

    “……等、等一下，奈良。你在说什么？铅笔被偷了？意思是你的铅笔丢在哪里了吗？” 

 

    “不对哦海鸟。不是丢了，是被偷了。” 

 

    又被奈良打断后，海鸟不知所措地挠了下脸颊。 

 

    “……不，我",
3097,128077," ★☆★☆★☆轻小说文库(Www.WenKu8.com)☆★☆★☆★ 

  第一卷 序章 春天时发生的事  
     台版 转自 天使动漫论坛 

 

    虚空文学旅团×天使动漫录入组 

 

    图源：书友同萌会 

 

    录入：kid 

 

    世界与绘画很像。 

 

    在无法一气呵成的这点上。 

 

    －－－－－－－ 

 

    高一的春天，生平交到的第一个朋友对我说，她是魔法师。 

 

    穿着同一所学校制服的她，不论怎么看，都是普通人。没有穿着黑色长袍，没有戴着尖帽子，也没有拿着魔杖或扫帚。 

 

    「我将来，会成为魔法师哦。」 

 

    「哦。」 

 

    平常的话，我会当成开玩笑。可是她的话中带有力量。是咒语。 

 

    我对午休教室中的喧嚣充耳不闻，窥探着她的眼睛。不像开玩笑，也不像想骗人。 

 

    「说是将来，表示现在还不能使用魔法了？」 

 

    「嗯。不过我知道今天下午的天气哦。」 

 

    她说完，预言了傍晚会开始下雨。她没说错。 

 

    「是从湿度猜到的吗？」 

 

    「唔──我不太会说明呢。硬要说的话，就是既视感吧。」 

 

    她暧昧地笑着──难道她也知道今天会重复吗──令我有点期待。 

 

    四月六日A 

 

    新学期第一天。 

 

    从脚边穿过的风，仍然有点寒冷的时期。 

 

    没有任何脏污的西装外套与裙子、笔挺的衬杉。我穿着全新的制服，享受着一切的一切全都如此新鲜的感动。 

 

    我正襟危坐地坐在新教室的椅子上，侧耳倾听还不知道名字的同班同学们的声音，心中充满对即将开始的高中生活的不安与期待，一个人安静地兴奋不已。 

 

    就在",
3097,128114," ★☆★☆★☆轻小说文库(Www.WenKu8.com)☆★☆★☆★ 

  第二卷 序章 接续那天的今天  
     台版 转自 天使动漫论坛 

 

    虚空文学旅团×天使动漫录入组 

 

    图源：书友同萌会 

 

    录入：kid 

 

    时间有如流星。 

 

    就算看不见，也会落在什么地方。 

 

    没有人知道终点在哪里。 

 

    －－－－－－－－ 

 

    十月二十三日A 

 

    期中考最后一天。 

 

    宣告最后一科考试结束的铃声响起。 

 

    响起的瞬间，教室充满数不清的叹息。 

 

    「最后一题是什么？」「相泽同学是不是后半场都在睡？」「真的假的？」「总算考完了……」 

 

    监考老师宣布下课后，班上满是放松的氛围。 

 

    总算结束了。可以去玩了。可以滑手机了。 

 

    不论成绩优秀的学生，或是很有可能满江红的学生，全都一样心浮气躁。不对，越是可能满江红的学生，越想在成绩出来前大玩特玩吧。 

 

    「考得怎么样？……就算问你，应该也没啥意思吧。」 

 

    我正在收拾书包，一名已经把书包挂在肩上的少女走了过来。那女孩脸上挂着彷佛是为了受众人喜爱而生下似的灿烂笑容。她的名字是稻叶未散。 

 

    「你才是，没问题吧……？」 

 

    「放心，我有把空格填满哦！」 

 

    未散可靠地说着……但我心中只有不好的预感。未散不及格的话，我会很伤脑筋的。在一起的时间会变少，也不能轻易地出去玩……不对不对，我在想什么啊。 

 

    先别管考试的事了。教室中松懈的氛围也影响了我，害我只想及时行乐，不想思考之后的事。今天中午就放学了，可以约未散一起吃午餐…… 

 

    去吃",
3101,128204," ★☆★☆★☆轻小说文库(Www.WenKu8.com)☆★☆★☆★ 

  第一卷 得到一间店！ 序幕  
     台版 转自 天使动漫论坛 

 

    天使动漫录入组 

 

    图源：墨家小白 

 

    录入：kid 

 

    「…………」 

 

    眼前的光景让我哑口无言。 

 

    已经腐烂的木制栅栏。 

 

    长满杂草的庭院。 

 

    感觉随时会垮掉的墙壁跟朦胧不清的窗户。 

 

    「炼金术」一词意味着国内数一数二的菁英，但写着这三个字的招牌却歪歪斜斜的，几乎要从屋顶上脱落下来。 

 

    「这里就是我的新天地……？」 

 

    我成功克服好几次艰难的测验，才终于得到国家炼金术师的身分。 

 

    之后就在师父的推荐之下得到属于自己的店面，满怀期待地千里迢迢从王都来到这里。 

 

    这段路程耗费了大约一个月的时间。 

 

    可是── 

 

    「……哪有这样的啊～」 

 

    不对，我本来就觉得不太对劲了。 

 

    虽然店面是位在偏僻的乡下小镇，却只需要少少的一万雷亚就能买下它。 

 

    在王都租一个小套房两个月，都还不一定比这个价格低。 

 

    差不多就是这么便宜。 

 

    只不过这是扣掉国家补助款的价格，所以原本应该还会再贵一点，但还是算很便宜。 

 

    ──只属于自己的店面── 

 

    我的确有一部分是因为这种让人听了很心动的话上钩的。 

 

    的确是这样没有错，可是我本来不是打算来这种地方啊。 

 

    我本来的计画是在都市找间店工作一段时间锻炼技术，顺便存点钱。 

 

    然后再用这些钱找个不错的小城市开一间气氛舒适的小店。 

 
",
3101,138803," ★☆★☆★☆轻小说文库(Www.WenKu8.com)☆★☆★☆★ 

  第二卷 来做生意吧！ Prologue 序幕  
     台版 转自 天使动漫论坛 

 

    天使动漫录入组 

 

    图源：墨家小白 

 

    录入：kid 

 

    「呃……视野变得好好啊！」 

 

    地狱焰灰熊侵袭的好几天后。 

 

    终于不再为全身肌肉酸痛所苦的我，决定亲自走到家里的每一个角落确认损害情况。 

 

    我半自暴自弃地说完这句话之后，基于担心而陪我一起来的萝蕾雅她们脸上也浮现苦笑。 

 

    可是我也很难不做出这种反应啊。 

 

    毕竟现在用不着打开后门，就可以从室内一眼看遍后院跟森林了。 

 

    而且我家现在根本没有后门──不对，连墙壁都不见了！ 

 

    连围住后院的围墙跟围墙门，还有我精心栽培的药草田都被破坏得面目全非啦！哈哈哈！ 

 

    「唉……」 

 

    虽然早就知道了，但我还是忍不住为一如脑海想像的惨况发出深深叹息。 

 

    我很心痛刚处理好的围墙跟药草田就这样被弄坏，至于刻印被破坏掉的家里墙壁则是让我的钱包在喊痛。 

 

    不晓得修好要花多少钱…… 

 

    一想到修理刻印要花多少钱买材料，就烦恼到都想真的动手捂住头了。 

 

    「店长阁下，我们有帮忙稍微清理过，可是药草之类的实在不知道该怎么处理……」 

 

    「啊，没事没事，我不要紧，谢谢你们帮我清理。」 

 

    听到艾莉丝小姐安慰一脸沮丧的我，我也连忙摇摇头，要她别放在心上。 

 

    厨房原本的情况很凄惨，到处都是散落的瓦砾。 

 

    光是帮忙把厨房清理干净就够让我高兴了。 

 

    而且这里是我家。 

",
3101,140562," ★☆★☆★☆轻小说文库(Www.WenKu8.com)☆★☆★☆★ 

  第三卷 钱财短缺了？ 序幕  
     台版 转自 天使动漫论坛 

 

    天使动漫录入组 

 

    图源：墨家小白 

 

    录入：kid 

 

    在我们请某位有点让人伤脑筋的商人离开约克村一阵子之后。 

 

    原本村子里还像泡沫经济炒热景气那样，非常热闹，就在我大幅调低了冰牙蝙蝠牙齿的收购价，外加洞窟里的蝙蝠数量变少之后，现在已经不像之前那么多人了。 

 

    有少部分采集家抱怨没得赚，但大多听到「要避免明年以后资源短缺」这个理由就不会再多说什么，所以也没有引发大问题。 

 

    而且大部分冒险家之前就赚够本了，再加上待在这个村子里，也只有想喝稍微高级一点的酒才会花比较多钱。 

 

    这让大家的财产必定只会愈来愈多，暂时不需要烦恼过不了生活。 

 

    「虽然我自己是付出了不少劳力，却没赚到多少利益啦。」 

 

    我一想起最近让我特别费力的某件事情跟后来的结果，就忍不住摇头哀叹。 

 

    萝蕾雅听到我这么说，就疑惑地眨了眨眼睛。 

 

    「是……吗？可是我感觉你没有自己说得那么吃力不讨好啊……」 

 

    「……咦？会吗？」 

 

    我明明是炼金术师却要去洞窟里狩猎，又要去南斯托拉格讨论一些作战计画，还要跟商人交涉，算下来也花了我不少劳力耶。 

 

    我看向艾莉丝小姐跟凯特小姐，接着她们也表示同意萝蕾雅的看法。 

 

    「我不是想否定店长阁下的辛劳，可是你应该赚到不少利益吧？」 

 

    「虽然店长小姐好像没有留多少现金在身边，可是你现在应该拥有不少债权……不对，是做了不少投资吧？」 

 

    「是可以这么说没错……」 

 

 ",
3101,142267," ★☆★☆★☆轻小说文库(Www.WenKu8.com)☆★☆★☆★ 

  第四卷 有点麻烦的访客 序幕  
     台版 转自 天使动漫论坛 

 

    天使动漫录入组 

 

    图源：墨家小白 

 

    录入：kid 

 

    洛采家的债务风波结束过后一阵子，我们在花了点时间处理调停手续，也寄了感谢信跟谢礼给协助我们的人等事情之后，终于得以迎接安稳的时光。 

 

    虽然讨伐火蜥蜴的过程稍嫌惊险，不过我最后也拿到了一些现金跟稀有材料，算是有赚到吧？ 

 

    而且也达成了我最主要的目的，也就是帮助艾莉丝小姐逃离那场婚姻。 

 

    至于不需要再急着还债的艾莉丝小姐她们现在── 

 

    「珊乐莎，我们回来了。」 

 

    「店长小姐，我们回来了。」 

 

    「你们回来了啊，今天还顺利吧。」 

 

    还是跟先前一样住在我家，继续采集家的工作。 

 

    我跟她们说「用领地的税收慢慢还钱就够了」，可是艾莉丝小姐说「还钱跟报恩是两回事」。 

 

    我其实有点高兴她这么说，因为我也会舍不得跟她道别。 

 

    听说连厄德巴特先生都说要亲自去当采集家还债，是在夫人制止之下，才心不甘情不愿地放弃。 

 

    他的确有足够实力当采集家，但会被制止也不意外。 

 

    毕竟他领地小归小，也一样是拥有领地的贵族。就算没能力处理公务（艾莉丝小姐说的），还是不能离开家里太久。 

 

    我现在唯一在意的事情是── 

 

    「艾莉丝小姐，你还要继续那样叫我吗？」 

 

    「……不行吗？」 

 

    「不，也不是不行……」 

 

    自从前几天跟艾莉丝小姐提到结婚的话题，她就改为直呼我的名字，也不知道是认真的，还是单纯",
3101,143932," ★☆★☆★☆轻小说文库(Www.WenKu8.com)☆★☆★☆★ 

  第五卷 入冬与贵客临门 序幕  
     台版 转自 天使动漫论坛 

 

    天使动漫录入组 

 

    图源：墨家小白 

 

    录入：kid 

 

    约克村在已经连续下了好几天的雪中陷入一阵寂静。 

 

    太阳出来之后仍然没多少人在路上走，使得我从二楼窗户看出去的景象相当寂寥，却也隐约有种特别的美感。这幅景色让我觉得像这样悠悠哉哉地欣赏美景也还不赖。 

 

    ──意思就是非常风雅。 

 

    不过，做生意的人根本不需要这种风雅，只想把它丢得远远的。 

 

    冬天的生意少到门可罗雀，我有点被逼急了。 

 

    「所以，我们该想办法赚钱了。」 

 

    这几天，我们四个人天天都会聚在一起开茶会。 

 

    我在茶会途中用沉重的语气宣告很需要钱，艾莉丝小姐也不断点点头，说： 

 

    「喔喔，店长阁下终于愿意面对现实了啊。我懂，我懂你的心情。我一开始也会刻意不去想自己欠了多少钱。」 

 

    「也不是愿意面对现实，是不得不面对现实了……虽然我本来就料到采集家应该会减少外出工作，可是减少的幅度比我预料的还要夸张。」 

 

    「这几天没出去采集的我们可能没资格说别人，不过真的有很多采集家一到了冬天就会选择休息。」 

 

    「相对的，愿意出去采集的人就能赚到很多钱。」 

 

    冬天要进去大树海采集，得想办法克服许多困难。 

 

    除了气温、下雪跟只有冬天会出现的魔物等会直接造成采集家威胁的障碍以外，原本就很容易迷路的森林还会在冰天雪地之下变得截然不同，更加棘手。 

 

    不过，有些采集物只有这个季节才采得到，愿意出门工作就能赚上不少钱，如果自身拥",
3101,145494," ★☆★☆★☆轻小说文库(Www.WenKu8.com)☆★☆★☆★ 

  第六卷 我突然有了徒弟！？ 序幕  
     台版 转自 天使动漫论坛 

 

    天使动漫录入组 

 

    图源：墨家小白 

 

    录入：kid 

 

    我搬来约克村已经一年了。 

 

    撑过寒冬跟麻烦事的我，终于迎来了春天──而且是双重意义上的春天。 

 

    ──嗯？问我这么说是什么意思吗？ 

 

    正值青春年华的少女眼中的「春天」，当然跟恋爱有关。 

 

    认识迷人的异性，跟对方谈恋爱，再一起创造各种闪亮耀眼的回忆，最后跟彼此结婚。 

 

    这就是「春天」！ 

 

    如果问青春期的女生同不同意我的看法，应该有八成的人都会认同！ 

 

    所以，简单来说就是我──跟艾莉丝结婚了。 

 

    ──咦？说好的「迷人的异性」呢？闪亮耀眼的回忆呢？ 

 

    应该说除了「结婚」以外都蒸发了。 

 

    ……不过，我的确喜欢艾莉丝。这是真的。 

 

    她不是童话故事里会出现的「迷人王子」，可是她的个性开朗又率直，还很上进。而且她明明年纪比我大，却有点少根筋，也是满可爱的。 

 

    只是要说这份感情是不是恋爱……嗯。 

 

    但说不定我们这种关系反而比较轻松？假如我发神经爱上菲力克殿下那种「贵公子」，未来一定会被迫吃上不少苦头。 

 

    而且这次结婚还让我多了两个很仰慕我的可爱妹妹。 

 

    尤其我的岳母迪亚娜女士也是很温柔的好人，可说是好处多多。 

 

    这也不能怪我会不小心在结婚申请书上面签名吧？ 

 

    ……嗯，没有半点坏处。这场婚姻是正确的选择！ 

 

    至于我们结婚带来了什么变化……顶多就是",
3101,147434," ★☆★☆★☆轻小说文库(Www.WenKu8.com)☆★☆★☆★ 

  第七卷 防治传染病！ 序幕  
     台版 转自 天使动漫论坛 

 

    天使动漫录入组 

 

    图源：墨家小白 

 

    录入：kid 

 

    南斯托拉格领主宅邸办公室里的所有人忙得不可开交。 

 

    还可以看见有一名少女站在中央，毫不客气地对周遭大人下令──没错，那名少女就是我。 

 

    「我们必须封锁格连捷。请命令港口的船只禁止出港，还有在出入格连捷的道路上设拦检站。也麻烦在中午之前召集好士兵……我希望人数最好是最低人数的两倍。我会挑出抵抗力应该比较强的人去格连捷支援。」 

 

    「遵命。我会在中午之前召集最低人数两倍的士兵过来。」 

 

    我对立刻复诵跟接下命令的团长点点头，同时拿起笔。 

 

    「委任状──」 

 

    我在克兰西迅速递出的委任状上签名，再交给团长。他的其中一名副官也随即跑出办公室。 

 

    「克兰西，粮食存量够吗？」 

 

    「目前存量经不起额外消耗。今年秋天还有大约一半的农田还没结束收成作业。要是疾病蔓延开来，很可能会影响到收成进度。」 

 

    「如果状况危急，我会再派罗赫哈特领的士兵帮忙收成。已经上缴的跟村子里收成的作物也不要在疾病销声匿迹前卖掉，先存起来以备不时之需。要是不换成现金会不方便缴税，就延后缴税期限。」 

 

    「遵命。」 

 

    他马上拿出新的纸张，并拿起笔。应该是准备写一份正式的委任状。 

 

    「摩根，谷物目前的市价怎么样？」 

 

    「跟收成量普通的年份差不多。现在这个时期因为有新一波作物流入市面，价格有稍微下降，但这场疾病的消息传出去以后就很难说了……」 

 

    「应该",
3128,129602," ★☆★☆★☆轻小说文库(Www.WenKu8.com)☆★☆★☆★ 

  第一卷 第一章 痛之所在  
     网译版 转自 百合会论坛 

 

    翻译：yyk2a 

 

    比起感觉到自己被踢飞，肚子上的疼痛更为真切。亲身体会到了人的身体可以如此顺滑地在地上滚动。我捂着热得像破了一样的肚子，手指根部仿佛能感觉到衣服上没有流出来的血。 

 

    我躺在地上呻吟，牙齿因为疼痛而颤抖，就在这时又被踢了一脚。大人的脚毫无保留地命中身体，我又被踢飞了起来。在半空中看着踢我的脚，随后狼狈地摔在地板上。不知道是不是重重地撞到了骨头，一阵与最初不同的尖锐疼痛向我袭来。 

 

    仿佛忘记夏天炎热般的，身体状况急剧恶化。我的意识逐渐远离，好像和身体分开了，保持着距离观察状况。然后，又被踢了一脚，滚到墙边。意识还好，身体却痛得要命。 

 

    我的脸倒是没被打过，大概是因为一旦被人发现就麻烦了。 

 

    中途听到了骂骂咧咧的话，但太痛了，听不清楚。 

 

    好像在说如果没有你就好了之类的话。 

 

    大人像踢足球一样踢了我三次之后，就满足地离开了房间。房间里剩下我一人，只听见心脏扑通扑通跳动的声音。好疼啊，我的嘴唇在颤抖。 

 

    我在想自己是不是就这样死了。 

 

    抬起头看到微弱的光，我像是被这光吸引似的匍匐着靠近。从缝隙中看到的白天，平静的风光仿佛是另一个世界，我好想去那边。 

 

    但我无法出去，只能躺在地上，让阳光照着鼻子。 

 

    虽然什么都不知道，但觉得自己一定是做了坏事。即便如此，如果明天又被殴打的话可能就会死掉。虽然不明白活着的意义，但也没有死的理由。所以我必须做点什么，那么，我该怎么做呢。 

 

    纤细柔弱的手臂在颤抖。想撑起身体，但又无力地倒下，",
3128,130682," ★☆★☆★☆轻小说文库(Www.WenKu8.com)☆★☆★☆★ 

  第二卷 『障』  
     网译版 转自 轻之国度 

 

    翻译：flankoi 

 

    心想要趁额头不再流血之前行动，于是一边走出房间一边哇哇大哭，总算是引起了不小的动静。人们终究还没堕落到对伤成这样的人束手旁观的程度——即使那是平日里遭到排挤的存在。对于流血，人类无法视而不见。 

 

    等人聚得差不多了，我便开始大声哭诉，说是这家大人把我伤成这样的，但刻意没有指名道姓。因为一旦说了，那家伙肯定会跳出来极力否定。但此时揪出他来，也没有太大意义。 

 

    就算眼下的骚乱暂时平息，只要继续哭，别的大人也还是会出现的。 

 

    我需要的，是可以长期避风挡雨的屋檐。 

 

    我一边偷偷观察着提心吊胆地躲在不远处的那个大人，一边疼得痛哭流涕。事实上，确实疼得难以靠哭来糊弄过去。这时，父亲显得慌张而又极不情愿地小步跑来，然后一脸不耐烦地低头看着我。他不喜欢到这家人聚集的地方来。 

 

    因为，他很清楚自己如今的立场。 

 

    见他这样，我也开始思考下一步该怎么走。毕竟，依赖父亲是没用的。 

 

    从过去到现在，他都只是对一切视若无睹的大人们的其中一员。 

 

    就这么僵持了一会儿，这家人里个子最高的一位老人也凑了过来，那悠哉的态度，就像是到火灾现场看热闹一样。一见到他，其他的大人都逃也似地让出了路来。 

 

    他穿着不配裙裤的和服，蹲下来细细观察了一下我的伤口。而我则在他表态之前，始终坚持不发一言。期间脑子一直晕晕沉沉，稍不留神就可能横在地面上。 

 

    「疼得要命吗？」 

 

    老人盯着我的眼睛询问道。对此，我实事求是地点了点头。 

 

    而似乎是对我的回答十分满意",
3128,142015," ★☆★☆★☆轻小说文库(Www.WenKu8.com)☆★☆★☆★ 

  第三卷 无法闭上双眼，如同失去了眼睑一般  
     网译版 转自 百度安达与岛村吧 

 

    翻译：倒计时 

 

    特别感谢：安达与岛村萌战群（QQ群号：982607232）  

 

    本书与同日发售的《安达与岛村》第十一卷之间存在关联，建议先读完本书再阅读《安达与岛村》第十一卷。 

 

    说实话，我从没幻想过能变成这样。 

 

    如果从一开始就已经失控了，那么无论是过程还是结果……恐怕都会乱七八糟吧。换句话说，如果能演变成期待的结果，那我会高兴得跳个三尺高。 

 

    即使那个夏天已过，公寓仍然显得狭小。即使蝉已经销声匿迹，仍然弥漫着像是「夏天的余韵」般的香味。 

 

    那是水池海的香味。 

 

    它已经完全浸染了整个房间，有时我也想过要不要干脆无视它。 

 

    但总感觉这样做会失去初心，也有点暴殄天物……之类的。好了，先不提这些纠结的，我觉得清早的时间有点诡异。把各种杂七杂八的事情精确分配到分分秒秒的结果就是，时间被切得太细碎了反而浪费了「边角料时间」，于是我每天早上都感觉时间不够用，这到底是什么原理啊。 

 

    就在这种忙得不可开交的时候，被窝里还缩着一团分不清是头发还是脸的生物。 

 

    我也才知道海有起床困难症，很意外吧。 

 

    「该起床了」 

 

    我摇了摇她的肩。刚和她相遇的时候，她仿佛是一只浑上下都散发出警惕心的生物，如今却呢喃着暧昧不清的梦话，根本没有睡醒的征兆。我一边摇着她的肩，一边想象着如果我有妹妹的话会不会也是这种触感。 

 

    是放松警惕了呢，还是已经习惯了呢？ 

 

    到底是哪种答案，等我慢慢地——没错，等到去了教室以后",
3137,130256," ★☆★☆★☆轻小说文库(Www.WenKu8.com)☆★☆★☆★ 

  第一卷 序章  
     台版 转自 天使动漫论坛 

 

    虚空文学旅团×天使动漫录入组 

 

    图源：书友同萌会 

 

    录入：kid 

 

    「感谢各位今日的聆听。让我们于下个淡雪飘零的时候相见吧。」 

 

    ：辛苦啦。 

 

    ：今天也听得很开心喔──！ 

 

    ：说是淡雪飘零的时候，但最近根本天天开台耶。这开台频率真口怕…… 

 

    ：是因为每天都降下淡雪的关系啦，体谅一下人家的用心啊！ 

 

    ：每天都下淡雪，真是温柔的气候异常～ 

 

    眼看留言告一段落，我将直播台关了。 

 

    「嗯？」 

 

    电脑好像出了点状况，反应有些卡卡的。 

 

    「真是的……」 

 

    我敲了敲键盘、按了按滑鼠，电脑却迟迟没有反应。 

 

    我对电脑并不在行，所以不晓得这种时候该怎么做才能解决。 

 

    「哦。」 

 

    虽然不太明白，但直播台似乎顺利关掉了。可喜可贺。 

 

    「唉……」 

 

    我叹了口气，旋即起身，在独居的公寓里走向冰箱。 

 

    与此同时，心音淡雪这号人物也被我拋向九霄云外，变回了无业的二十岁女性田中雪。 

 

    ……没错，我没有工作。既不是大学生也没在打工，是个不折不扣的尼特族。 

 

    ……请别用那种冷漠的眼神看我。我这么做是有正当理由的。 

 

    我在高中毕业后就找了份工作，却万万没想到是个黑到不能再黑的黑心企业，每天都像是破抹布一般遭到颐指气使，让我度过了好一段两眼无神的社会人士生活。 

 

    而在这样的生活中，我唯一的慰藉便是最近如日",
3137,134707," ★☆★☆★☆轻小说文库(Www.WenKu8.com)☆★☆★☆★ 

  第二卷 序章  
     台版 转自 天使动漫论坛 

 

    虚空文学旅团×天使动漫录入组 

 

    图源：书友同萌会 

 

    录入：kid 

 

    『心音淡雪阁下──可以让我成为阁下的女人是也吗？』 

 

    殷切期盼的后辈──四期生的出道直播日终于来临。满心雀跃地期待后辈表现的我，眼下正被以第一棒身分登场的相马有素做出爱的告白。 

 

    …………啥？ 

 

    『我总是觉得，自己一直以来都过著与凡人无异的人生，内心也隐隐为此感到空虚是也。以偶像身分活动的理由也是为了埋补这份空虚之情是也。不过，我的内心似乎相当乾涸，因此一直追求著能够满足我心的伟大事物是也。』 

 

    毫不理会依然混乱不已的我和聊天室，小有素自顾自地说了下去。 

 

    啊──嗯……尽管脑子里的思路还是一团乱，但我已经察觉到一项事实了。 

 

    『正值此时！我偶然地在网路新闻上看到那起堪称传说的淡雪阁下忘记关台的事件是也！当下受到的冲击是我人生至今所累积之物所远远不及的是也。最接近我当时心情的词汇……应该就是「一见钟情」吧。』 

 

    （插图005） 

 

    这孩子的脑袋也被Live-ON同化得很彻底啊！ 

 

    ：这是怎么回事……真是出其不意啊…… 

 

    ：你开玩笑的吧www 

 

    ：？…………？（明明讲的是日文却听不懂） 

 

    ：what? 

 

    ：所以说到底是怎么一回事啦！ 

 

    ：她似乎对某人一见钟情──对方是忘记关台后把强零喝了个爽，对同性VTuber做出诸多性骚扰发言后烂醉而睡，直到起床后才边呕吐边关台的自称清秀之人。 

 

    ",
3137,138391," ★☆★☆★☆轻小说文库(Www.WenKu8.com)☆★☆★☆★ 

  第三卷 序章  
     台版 转自 天使动漫论坛 

 

    虚空文学旅团×天使动漫录入组 

 

    图源：书友同萌会 

 

    录入：kid 

 

    「今天我打电话过来，其实是有事情想拜托雪小姐。」 

 

    「咦？有事想拜托我？」 

 

    在借宿结束、真白白返家后又过了一天。今天是和经纪人铃木小姐开会的日子。我原以为要一如往常地讨论开台内容，想不到她一开口就如此耐人寻味。 

 

    怎么回事，是想邀我参与新的企画吗？但总觉得她还是第一次对我用上「拜托」这个词汇。 

 

    「一期生的朝雾晴小姐捎来了合作的委托，希望您能拨冗参加。」 

 

    「咦？真的假的？」 

 

    这、这一天终于来了吗！ 

 

    自从上次在像创直播中被她说了些意有所指的话语后，我就一直满怀期待地等待着，与晴前辈的合作连动终于要来了吗…… 

 

    什么叫拜托我呀，反倒是我想出言拜托好吗？ 

 

    身为晴晴教信徒的我，自然没有点头同意以外的回答www 

 

    「请务必让我参加！」 

 

    「呃，那个，您愿意参与固然让我相当感激。不过保险起见，您不妨在听过企画内容后再做答覆……」 

 

    奇、奇怪？这种支支吾吾的口吻，很不像铃木小姐平时的作风耶……？ 

 

    毕竟是出自那位晴前辈的主意，也不能否定她会脑洞大开地想出狂整直播主的企画的可能性。 

 

    「呃……我要做什么呢？」 

 

    「我这就说明详细内容，在相关情报正式公开之前还请您保密──其实呢，我们已经租借了场地，正在筹办朝雾晴的个人演唱会。这次甚至请来现场伴奏，是认真举办的一场演唱会。」 

 

",
3137,143296," ★☆★☆★☆轻小说文库(Www.WenKu8.com)☆★☆★☆★ 

  第四卷 序章  
     台版 转自 天使动漫论坛 

 

    虚空文学旅团×天使动漫录入组 

 

    图源：书友同萌会 

 

    录入：kid 

 

    「铃木小姐，你知道圣大人的收益遭到没收的事吗？」 

 

    「我当然已经收到相关讯息了。这事最近在公司里也是传得沸沸扬扬呢。」 

 

    我在没开直播的时间和铃木小姐通电话开会，才刚一接通，就问起了圣大人的事。 

 

    「进展如何呢？应该很快就能恢复了吧？」 

 

    「嗯……说来有些丢人，但我们目前无法给出肯定的答覆呢。毕竟Live-ON和YoTube的关系算不上紧密。不过，为了能尽快恢复收益，我们会和圣小姐一同合作，商量有效的对策。」 

 

    唔嗯，既然有必要商量对策，就表示Live-ON也是头一次遇到这种事，正在为事发来由感到困惑吧。 

 

    「由于圣小姐的直播风格走的都是重口味路线，我想应该是无意间触犯了YoTube的规范吧。如果圣小姐找您商量，也请您一定要支持她喔。」 

 

    「这是当然的。」 

 

    「呵呵，您的回应真帅气。圣小姐有一群很好的同伴呢。诗音小姐甚至还气势汹汹地要我们尽快解决。」 

 

    「真是贴贴呢。」 

 

    「不过……当事人圣小姐对于这件事的反应，似乎和诗音小姐产生了些许鸿沟喔。」 

 

    「鸿沟？怎么回事？」 

 

    听到我的提问，铃木小姐以略显困惑的语气回答： 

 

    「和积极主动的诗音小姐相比，圣小姐似乎没什么干劲。」 

 

    「是这样啊？啊──我在得知她的收益被没收之际也曾致电关心过，但她那时也是一副不置可否的态度呢。」 

 

    「若",
3137,146794," ★☆★☆★☆轻小说文库(Www.WenKu8.com)☆★☆★☆★ 

  第五卷 序章  
     台版 转自 天使动漫论坛 

 

    虚空文学旅团×天使动漫录入组 

 

    图源：书友同萌会 

 

    录入：kid 

 

    「我想和大家开一场合宿会！」 

 

    小光嘹亮快活的嗓音在我的耳边回荡。 

 

    圣大人的收益问题不仅奇迹似的获得解决，还迎来了和诗音前辈成双作对的结局，甚至让我不禁苦笑着冒出「要是我也顺利解决一次收益问题，是不是同样能交到女友呢？」这样的想法。而在事情结束后没多久，我们又得面临新的活动了。 

 

    目前所有三期生都加入了通话聊天室，谈论着某个话题。这是非直播的私下联系。 

 

    谈论的主题是「三期生的出道一周年纪念日究竟要办什么活动」。 

 

    没错，我们日复一日地度过不知无聊为何物的时光，结果距离出道日居然即将届满一年了。 

 

    于是我们打算在周年纪念日办些特别的活动。 

 

    正当我、真白白和小恰咪尚在抱头苦思之际，一马当先的果然是身为阳角（但不见得有常识）的小光。 

 

    「小真白和小淡雪之前做过借宿直播对吧？光那时候可是非常羡慕呢！要是四个人齐聚一堂开个合宿直播，应该会超级开心的吧？」 

 

    所有人都附和了这样的提议。 

 

    「合宿会挺好的呀，咱也想久违地和大家实地见个面呢。」 

 

    「呵、呵、呵！好几个人一起合宿──一旦顺利落幕，我也能跻身阳角之林了！虽说和人面对面会让我很紧张，但如果是同期生的大家，应该还不成问题吧。」 

 

    「我也赞成！这么说起来，我们三期生确实没有当面聚在一起开直播过，观众们想必也会很开心的！」 

 

    「哦，大家的反应都挺好的嘛？那么那么！",
3137,148607," ★☆★☆★☆轻小说文库(Www.WenKu8.com)☆★☆★☆★ 

  第六卷 序章  
     台版 转自 天使动漫论坛 

 

    虚空文学旅团×天使动漫录入组 

 

    图源：书友同萌会 

 

    录入：kid 

 

    『在此郑重向各位告知，我──星乃玛娜……已决定将从VTuber的事业毕业。』 

 

    「真的假的……」 

 

    在未开台的时间，有个奇怪的女子正凝视着手机里播放的动画，在家来回踱着方步。那便是本人田中雪。 

 

    『实际的毕业时间是一个月后。突然发布这则通知，真是非常不好意思。』 

 

    「真的假的……呜哇真的假的……」 

 

    我发出了缺乏教育水准的呓语，漫无目的地在家里绕了一圈又一圈。 

 

    之所以会陷入这种茫然若失的状态，当然是因为显示在手机上的这则影片。 

 

    星乃玛娜要毕业了……况且宣布得相当突然。 

 

    但凡是对VTuber界稍有涉猎的人，肯定听过星乃玛娜的大名，我在前阵子回覆蜂蜜蛋糕的时候也稍有提及。此时的我持续在家里绕着圈圈，并追忆起与她相遇的那段日子── 

 

    她诞生于晴前辈于Live-ON出道的很久很久之前──当时的Live-ON尚未崭露头角，连箱的概念都还不够普及，是整个VTuber业界的黎明期。 

 

    至于她留下的功绩，便是在那个VTuber仍是个极少人从事的行业的时期里，透过隶属企业的支援，积极地制作了许多标新立异的影片。这样的行为可说引领了整个业界，并为业界的发展打下基础。 

 

    很快地，小玛娜成了一提到V就会立即让人联想到的知名人士。而她与同时期一样表现出众，博得大量人气的三名V，便被称作「VTuber四天王」，成了宛如闪耀明星般的存在。 

 

    约莫从",
3137,152300," ¡ï¡î¡ï¡î¡ï¡îÇáÐ¡ËµÎÄ¿â(Www.WenKu8.com)¡î¡ï¡î¡ï¡î¡ï 

  µÚÆß¾í µÚÒ»ÕÂ  
     Ì¨°æ ×ª×Ô ÌìÊ¹¶¯ÂþÂÛÌ³ 

 

    Ðé¿ÕÎÄÑ§ÂÃÍÅ¡ÁÌìÊ¹¶¯ÂþÂ¼Èë×é 

 

    Í¼Ô´£ºÊéÓÑÍ¬ÃÈ»á 

 

    Â¼Èë£ºkid 

 

    ÎåÆÚÉú1 

 

    ¡¸¿ì¿ª²¥ÁËÄØ¡£¡¹ 

 

    ¡¸ÊÇÑ½£¬ÎÒµÄÐÄÔàÌøµÃºÃ¿ì¡­¡­¡¹ 

 

    ¡¸ÖÕÓÚÂÖµ½ÎÒµ±ÉÏÇ°±²µÄÈÕ×ÓÊÇÒ²ÁËÂð¡­¡­¡¹ 

 

    ¡¸ºÇºÇ£¬Ð¡ÓÐËØ£¬Äã¾õµÃÈçºÎ£¿ÓÐ¸ÐÊÜµ½×Ô¼ºµÄ³É³¤Âð£¿¡¹ 

 

    ¡¸àÅ©¤©¤¡­¡­ÀÏÊµËµÎÒÒ»µãÌ¤Êµ¸Ð¶¼Ã»ÓÐÊÇÒ²¡£¡¹ 

 

    ¡¸¶Ô°É¡£ÔÛµ±Ê±Ò²ÊÇÒ»Ñùà¸¡£¡¹ 

 

    ¾àÀëLive-ON¹«²¼ÁËÎåÆÚÉú³öµÀÏûÏ¢¹ýÁËÔ¼Ò»¸öÔÂ£¬ÕâÌìÖÕÓÚÀ´ÁÙÁË¡£ 

 

    ËÄÆÚÉú³öµÀÖ®¼Ê£¬ÎÒÊÇ¶À×ÔÊÕ¿´µÄ£¬µ«Õâ´ÎÎªÁË»»¸ö·ç¸ñ£¬ÎÒ±ãÊÔ×ÅÑûÕæ°×°×Ò»ÆðÀ´¿´¡£ÔÚÄÇÖ®ºó£¬Ð¡ÓÐËØÒ²ÑûÎÒÒ»Í¬ÊÕ¿´£¬ÓÚÊÇ×îºó¾Í±ä³ÉÏñÕâÑù£¬ÓÉÎÒÃÇÈýÈËÒ»Í¬ÊÕ¿´ÁË¡£ÓëËÄÆÚÉú³öµÀÊ±ÏàÍ¬£¬ÎªÁËÈÃ¾Û¹âµÆ¼¯ÖÐÔÚÐÂ³ÉÔ±ÉíÉÏ£¬ËùÓÐ³ÉÔ±ÃÇÓÚÊÇ±Ü¿ªÔÚÍ¬Ê±¶Î¿ªÌ¨£¬¼¸ºõÊÇºÍ¹ÛÖÚÃÇ",
3137,154919," ★☆★☆★☆轻小说文库(Www.WenKu8.com)☆★☆★☆★ 

  第八卷 第一章  
     台版 转自 天使动漫论坛 

 

    虚空文学旅团×天使动漫录入组 

 

    图源：书友同萌会 

 

    录入：kid 

 

    情人节企画──巧克力制作对决 

 

    「情人节企画──巧克力制作对决！就此开幕啦啊啊啊！」 

 

    晴前辈背对着像是用于拍摄料理节目的巨大厨房，高声宣布。而我、猫魔前辈、小爱莱和小剑则是一脸呆滞地看着她。 

 

    某天，我们在网路上举办了「Live-ON猜拳大赛」这样的活动。 

 

    这真的只是找来Live-ON的直播主们一起猜拳，也没有要当成直播节目的意图。若要说有什么古怪之处，大概就是除了只有晴前辈的一期生之外，我们被要求以各期生为组别进行对决吧。但书是我们必须在猜拳大赛结束后，在网路上公布自己的成绩──就是这么一场有些乏味的活动。 

 

    只不过，面对这场大赛，我们罕见地拿出了真本事迎战。 

 

    其理由在于企画书上头记载的一段文字： 

 

    「将热烈款待各期生最后一名参加特别企画。」 

 

    居然特地说要「热烈款待」「最后一名」参加「特别企画」──这让我涌现了极为强烈的不祥预感。 

 

    而看到这行文字的成员们，恐怕都冒出了「虽然不明所以，但输了肯定没好事」这样的念头吧。 

 

    从那天起，我便展开了修行之旅，甚至特地开台寻求观众们协助，彻底研究能让猜拳百战百胜的法门。 

 

    虽然只是猜拳，却可不是那么简单──我试着分析与即将对决的同期生们的个性进行预测，透过说特使出障眼法，甚至连心灵魔术都用上了。 

 

    「请试着想像小咻瓦的容貌。会浮现出强○对吧？这就是心灵魔术喔。」 

 

",
3210,132833," ★☆★☆★☆轻小说文库(Www.WenKu8.com)☆★☆★☆★ 

  第一卷 序幕「我的朋友」  
     台版 转自 天使动漫论坛 

 

    轻书架×天使动漫录入组 

 

    图源：公子夜殇 

 

    录入：kid 

 

    ──「何谓真正的恋爱呢？」 

 

    看着手机上如此显示的画面，我不禁躺在沙发上稍微想了一下。 

 

    我正在看的，是某部今年四月首播的电视剧的官方网站。 

 

    尽管现在已经是五月，黄金周也过完了，这部电视剧更是都播了一半，但我连一集都还没看过。 

 

    这部电视剧是以高中生之间充满青涩酸甜气息的恋爱为主题，我之所以拖到现在才开始查，纯粹只是因为刚好看到网路上热情推荐「这是本季最有意思的作品」的文章罢了。 

 

    「剧情真的很写实，令人看得心跳加速」、「会让人觉得就像回到了青春时期一样。」……看了这些评论，再看看这部电视剧的宣传标语「何谓真正的恋爱呢？」之后，我不禁想了许多。 

 

    （所谓的写实是指什么样子呢……？） 

 

    间四叶，十六岁。 

 

    我是名副其实正在体验高中生活，如花似玉的高二学生……明明是这样的说。 

 

    「但别说是真正的恋爱了，就连不真实的恋爱也从没接触过啊……」 

 

    总之，我就这样一边喃喃自语地感叹着，一边过着平凡的日子。 

 

    话虽如此，不过要是恋爱剧的世界变成了现实，那么从这个观点来看，我的高中生活或许就连平凡都称不上了。 

 

    尽管已经上高中一年多了，但我与恋爱这档事简直是毫无缘分可言。我不仅没有男性朋友，甚至连早上通勤途中可以偶遇打声招呼的对象都不存在。 

 

    这部所谓「写实恋爱剧」的主角明明跟我一样是高二学生，她却受到三位帅哥的关注，",
3210,137424," ★☆★☆★☆轻小说文库(Www.WenKu8.com)☆★☆★☆★ 

  第二卷 序言「恋爱与愿望」  
     网译版 转自 百合会 

 

    翻译: あねき，千棠，月见，kagayaki，烟雨，小森 

 

    校对: 涟，凛雨，火骨尧德，烟雨，片桐 

 

    二校统合: 烟雨 

 

    图源: uu，烟雨，涟 

 

    嵌字: xirse，自清，快乐的骚骚 

 

    特别鸣谢特典提供: uu，烟雨，涟 

 

    ——谈了恋爱后感觉世界都不一样了呢！ 

 

    在亲眼目睹一对情侣将紧牵的手插进另一只外套口袋的漫画般的亲热场面后，脑中不知为何浮现了这样一句话。 

 

    啊……想起来了。这是刚才在进过便利店时偶然看到的杂志封面上写的一句话，那是一本面向十几岁少女的时尚杂志。 

 

    一月一日，今天是元旦，连便利店里摆放的那个杂志是年末特别号还是新年特别号都不知道的我，当然完全不知道“恋爱”是什么。 

 

    间四叶。16岁，毫无特点的高中一年级的学生 

 

    学习和运动都不咋滴，朋友也基本交不到……恋爱对于这样的我，与其说没有缘分，不如说就和住在城堡里的公主，邪恶的巫师，王子，龙一样童话中的登场人物一样遥远。 

 

    嘛，就算谈了恋爱整个世界变了又能怎么样？ 

 

    即使无缘恋爱，只要好好活着就很了不起了！！ 

 

    ……一边在脑海里不知道对着谁说着给自己找借口的话，一边把手伸进年末甩卖时刚买的粗呢大衣都口袋里，不过实际上我在大概九个月前，以高中入学为契机迎来了巨大的转机！ 

 

    小四叶&#9834; 

 

    四叶。 

 

    光是想象一下那莺舌百啭般的声音就会让大脑里的多巴胺加速分泌——而现在有种这样天籁之声",
3210,142152," ★☆★☆★☆轻小说文库(Www.WenKu8.com)☆★☆★☆★ 

  第三卷 第一话 如果我的青梅竹马是国民级偶像  
     网译版 转自 百合会 

 

    汉化制作:白鸠汉化公会 

 

    翻译: 烟雨,火骨尧德，Ghttty，月见女，低版本，白菜 

 

    校对: 烟雨 

 

    二校统合: 烟雨 

 

    图源: uu 

 

    第一话 如果我的青梅竹马是国民级偶像 

 

    我间四叶的人生，现在无疑迎来了高潮。 

 

    可以这么说。大概。一定。 

 

    现在是正值十六岁的华丽高二生！ 

 

    不知道哪的历史里似乎人们把“人生五十年”这个说法作曲传唱。 

 

    从这个角度考虑的话虽然我只活了三分之一不到吧。不过眼下这个状况是多么的出人意料而又幸福，我自认为是理解的。 

 

    一直以来把孤独视为挚友的我，在高中入学之后，立刻交到了两个超棒的朋友。 

 

    而在相遇一年之后……我们三个人开始交往了。 

 

    换言之就是劈腿！是我的熟人里最有常识的小金崎舞听了都会在缓过吃惊和轻蔑的劲后爆笑起来的蠢事。 

 

    但我是超认真的考虑过后，选择了这样的关系。 

 

    百濑由那 

 

    合羽凛花 

 

    她们都是闪闪发光的女孩子，当我的朋友简直可惜了的那种。 

 

    如果能转生的话好想变成她们啊，不过那样的话就只能在对着镜子的自拍里看到她们两个了……一不注意我就会产生这种无用的纠结。 

 

    她们俩是我的憧憬。不论是做为朋友还是恋人，即便不是那样的关系……也是做为我最喜欢的人存在。 

 

    这样的两个人喜欢上了我，鼓起勇气向我告白。 

 

    那种事我想都没想过所以被震",
3210,161286," ★☆★☆★☆轻小说文库(Www.WenKu8.com)☆★☆★☆★ 

  第四卷 序言「如果当时，她在的话」  
     网译版 转自 百合会 

 

    资源: reason 

 

    翻译: reason 

 

    校对: reason 

 

    嵌字: reason 

 

    ——什么是真正的恋爱呢？ 

 

    我呆呆地望着显示着这样标语的网站。 

 

    这是今年4月到6月放送的某电视剧的官方网站。 

 

    它的热度自不必说，又因为前几天的某场发表会，变得更加有名了……大概。 

 

    说大概是因为，我本身其实不怎么，或者说基本不看电视剧…… 

 

    甚至也可以说连电视节目都不怎么看的。 

 

    只是偶尔会把新闻节目放着代替闹钟听的程度…… 

 

    因此，客厅里放着的超薄电视机就变成了单纯的室内装饰。 

 

    又因为薄不容易积灰，我也就没怎么在意它。 

 

    电视机的话题先放一边，说到这部电视剧的梗概， 

 

    是个「随处可见的普通女子高中生，被三个帅哥追求」……的故事。 

 

    说实话，都会觉得这算哪门子的『随处可见的普通女子高中生』吧？ 

 

    即便我不怎么看电视，也不认为我的常识会和社会有很大的偏差。 

 

    （但是……也不能说完全没有） 

 

    脑海中浮现出某个女孩天真无邪、毫无防备的笑容，我不禁叹了口气。 

 

    她和这部电视剧的女主角——的饰演者『天城真纪』完全不同。 

 

    是那种放在人堆中一不小心就可能找不着，没有任何特殊气质的普通人。 

 

    ……不过，这并不是说她不好，反过来想，也可以说她很容易亲近人， 

 

    对我而言，长相也算是",
3210,166202," ★☆★☆★☆轻小说文库(Www.WenKu8.com)☆★☆★☆★ 

  第五卷 第一话 秋风、新的邂逅  
     网译版 转自 百合会 

 

    资源: reason 

 

    翻校: reason 

 

    嵌字: reason 

 

    十月伊始，已经开始吹起微寒的风了。 

 

    我们永长高中也在文化祭即将来临之际，换上了冬装。 

 

    时隔半年再次穿上冬季校服……总觉得格外怀念。 

 

    升上高二后，我的人生发生了巨变。原以为与恋爱无缘的我，竟然交到了非常完美的恋人，而且还是两位！ 

 

    四月还穿着这身冬装的时候，我完全未曾预料到这些，毕竟那时连朋友都只有两个。 

 

    结果没想到，会被那两位朋友告白，而且对方都是女孩子，我还顺势脚踏两条船了!! 

 

    连我自己都不明白我在做什么……但她们还是接受了我这个任性的劈腿行为。 

 

    这绝对是我人生中最重大的转折点。 

 

    自那以后，我交到了除她们以外的朋友、知晓了妹妹们一直深藏的心意、与成为国民级偶像的青梅竹马重逢……经历了太多事情，连我都怀疑现在的我是否和以前是同一个人。 

 

    每件事都如此刻骨铭心，至今还记忆鲜明…… 

 

    「……哈!?这该不会就是走马灯吧!?」 

 

    一些令人难以置信的记忆片段，突然在脑海中浮现，让我恍惚出神，结果不小心把手上的剪刀掉到了地上。 

 

    「哇，间同学。没事吧？」 

 

    「啊，嗯！抱歉，向井同学。」 

 

    刚好在我身边的向井同学瞪大了双眼，惊讶地替我捡起了剪刀。 

 

    「走神的话很危险哦？」 

 

    「呜、抱歉。啊哈哈……刚才突然回想起了好多事情。」 

 

    ",
3232,133919," ★☆★☆★☆轻小说文库(Www.WenKu8.com)☆★☆★☆★ 

  第一卷 一个不幸孩子的故事 I  
     网译版 转自 轻之国度 

 

    图源：真霄蜗牛 

 

    翻译：百合豚勿扰 

 

    魔女之夜就要到了。 

 

    点起篝火吧。 

 

    拿嫩草和枝条把大门装饰起来吧。 

 

    唱响春天的歌谣吧。 

 

    谁都不能出门。 

 

    谁都不能玩到太晚。 

 

    魔女之夜就要到了。 

 

    魔女之夜就要到了。 

 

    点起篝火吧。拿嫩草和枝条把大门装饰起来吧。唱响春天的歌谣吧。 

 

    谁都不能出门。谁都不能玩到太晚。 

 

    魔女之夜就要到了。 

 

    在森林里的空地上，沿着内圈点燃了火光。 

 

    魔女们将相聚今宵。 

 

    与人相似却又不同——受魔法眷顾的她们将举办宴会。 

 

    今晚，村民们绝不敢靠近这片空地。因为，他们可不想被变成猪或者蛤蟆。附近的教会也大门紧闭，神职者们将彻夜祷告。 

 

    宴会的准备工作在夜幕中顺利进行，不被任何人打搅。 

 

    桌子形状的岩石上摆上了金杯子。装葡萄酒的木筒变了出来，没人碰就自己揭开盖子，源源不绝的美酒纷纷倒入那些杯子里。接着，琳琅满目的梦幻佳肴罗列其上。 

 

    有妖精来偷看，勾勒着圆圈翩翩起舞。 

 

    此时，许多乘着扫帚的人影陆续降落。 

 

    大名鼎鼎的魔女们带着她们的猫或是乌鸦随从登场。 

 

    她们悄无声息，或从天空中降临，或自黑暗中现身。 

 

    风儿载着春日里花朵的芬芳，吹拂魔女们的发丝。闪电般的金色，彗星般的银色，火焰般的红色都跃动起来。她们迈出优雅的脚步，漆黑服装",
3249,134644," ★☆★☆★☆轻小说文库(Www.WenKu8.com)☆★☆★☆★ 

  第一卷 第一章 新市街  
     网译版 转自 百合会 

 

    翻译：penny1406 

 

    Freda—1 

 

    特工什么的，只是没有实体的影子罢了。弗莉达现在怀疑能用手触摸到的世界突然全部都变成了虚幻的东西。这样就算能洗刷掉罪过，也不能拂去她生存之处的寒冷。 

 

    “果然推给其他人就好了呢。”弗莉达叹了口气。 

 

    地壳中突兀隆起的山上绿色了了，从山脊到山顶都被石头建造的倾斜都市覆盖着的缘故。金色的夕阳照射在埋没于废墟中斜坡上。火烧云的正下方，上百万扇窗户反射出的光线看上去如同星星的渊薮。 

 

    盘踞在山顶上的巨大世代宇宙船，其推进喷口由于自重而陷入了山体。这艘承载着众多垦荒者，经过了不知几个世纪的单程旅行的宇宙船，为什么挑了这么块不稳定的地方着陆呢？她觉得这是个疑问。 

 

    玛伊鲁普兰宇宙港内通往入国关口的通路的透明墙面，是为了让来访者们对此奇观感到心满意足吧，然而此路却没有自动步道。但凡习惯于旅行的人们一眼就能看出，这在殖民行星上看来非自然的景色大约是殖民初期内战留下的证明。 

 

    “好壮观啊！这样的景色第一次看到！” 

 

    弗莉达明锐的耳朵捕捉到观光客模样的男性所发出的声音。人们都一脸发呆样，一个个分散开，傻站在回廊里。 

 

    “爱克帕特的旧市街哟。这里的人都叫它倾斜都市呢。”擦身路过的绅士，捻着落伍于时代的胡须，自豪地说明道。可是，映入弗莉达眼中的只是死去的街道而已。而且对于她这个杀人专家、暗杀者来说，用优美的名字来装饰无价值的东西之类的事情统统都感到讨厌。“话虽如此，离最初的碰头时间迟到了两个小时什么的糟透了。” 

 

    本地组织如此的松散，让她吃惊不",
3250,134718," ★☆★☆★☆轻小说文库(Www.WenKu8.com)☆★☆★☆★ 

  第一卷 1 邂逅——没有收件人的信 [LETTER]  
     网译版 转自 百合会 

 

    翻译：erosuke 

 

    墨水呈锈黑色，信纸抬头上的日期是1882年5月14日。 

 

    ——杰克·芬尼《情书》[1] 

 

    在那扇门后，我发现了永恒。 

 

    沉入夕阳中的那间房——我猜是所谓的“书斋”——正映出灿烂的金黄色，光辉闪耀到让人睁不开眼。本来紧闭于门后的一切，披着光芒在静静吐息。 

 

    从天花板上垂吊而下的花瓣状的西洋灯，灯身展示出柔美的曲线，虽然明知它是玻璃制品，恍惚间却有种要迎风摇曳的错觉。而那座仿佛是出现在童谣歌声中的高大座钟，就算心知它没可能还在忠实地记录时间，可那巨大的存在感却不禁令人生疑，以为它随时都可能敲响钟声。 

 

    标题写着古旧字体的书脊整齐排满一面墙的书柜，装饰有线条鲜明的镂空雕饰的精致转椅，如同刚刚涂上色彩般光泽艳丽的书桌。房间里的一切都像是被时光遗忘一般，默默静待着谁人到访。 

 

    脑袋里拍摄的事务早被吹到九霄云外，我完全折服于眼前这压倒性的景象。 

 

    将目光挪向窗外，那虽不知名但明显不止几十年树龄的庭植正舒展着枝叶，上面红叶的鲜艳之色勾人目光。从一楼的窗户望去时，则根本没注意到这样的景色。不时传来啼叫之声的小鸟，总让我不由地相信，好几代前它们就已在此定居。 

 

    明知不可能还有人住在这里，我却像警戒着屋主随时会回来一样谨慎地挪着双脚，一步一步，踏过地上的绒毯。 

 

    终于抵达那张书桌面前，一尘不染的桌面刚一映入眼帘，我就在几乎无意识之中拉过了椅子，一把坐了上去。我想，大家肯定都会这样。就如同过去在此生活的人们，一定都会做的那样。 

",
3251,134735," ★☆★☆★☆轻小说文库(Www.WenKu8.com)☆★☆★☆★ 

  第一卷 最后也是最初的偶像 I  
     网译版 转自 百合会 

 

    翻译：スピードワゴン、erosuke 

 

    古月美香是个偶像迷。在“偶像战国时代”的现代社会，偶像迷并不少见。随着偶像们如雨后春笋般不断涌现，她们的拥趸也在蓬勃增长。但古月美香与前述的一时风潮有着天壤之别。毕竟，她出生刚满六个月，就已成为“偶像宅”。那时，她还是个夜夜啼哭不止的婴儿。她昼夜不分地啼哭不停，搞得双亲难以入眠、头脑混乱。双亲苦恼不已，于是开始寻找能让婴孩着迷之物，以求安定她的情绪。他们分别尝试了人偶、响板、游戏机、模型、陀螺、风筝、机器人、围裙、手电筒、智能手机、纸箱做的迷宫、仓鼠等等，但古月美香好像都没什么兴趣。 

 

    双亲精疲力竭，只好在夜里换台试错。电视里总统、营业员、厨师、医生、狗、吹奏乐团、汽车次第出现。然后，映出的是“偶像”。这时，古月美香停止了哭泣。她圆睁双眼，紧盯着屏幕上舞动的偶像的容颜。她活动起脸部的表情肌肉，终于展现笑脸。这是一副纯真无邪的笑容。笑容纯粹至极，堪称婴儿笑容中的典范。 

 

    就是这个！双亲如此确信。终于找到止住啼哭的杀手锏了。 

 

    古月家并非多么富裕。然而，古月美香身边却满是偶像商品。录像带不知反复播放了多少次，已经摩擦破损到接触不良。古月美香的妹妹古月美耶于一年后出生，她也和姐姐一起沉迷偶像。随着姐妹俩的成长，录像带也更迭为DVD。还是小学时，她们就已计划参加演唱会。古月美香原本是个内向认生的室内派，情绪也不稳定，却多亏偶像迷的身份结识了许多朋友。可以说，是“偶像”拯救了她。 

 

    另一方面，扭曲了古月美香人生的，也正是“偶像”。由于连番远征演唱会以及不断购买DVD，花费增长让家计愈发紧张，直接导致家中三",
3269,135382," ★☆★☆★☆轻小说文库(Www.WenKu8.com)☆★☆★☆★ 

  第一卷 第一章  
     网译版 转自 百合会 

 

    翻译：erosuke 

 

    两位少女，正在歌唱。 

 

    由于这是储存介质仍为录像磁带的时代所留下的影像，画质非常粗糙。在数日前的巨人队与养乐多燕子队一战中刚见证了由王贞治创下的第756次本垒打记录的后乐园球场note，现正铺设着如同童话城堡般的舞台和花道，完全被装点成属于少女们的空间。缺少顶部的遮盖，在晚上十点半这本该一片漆黑的暗之世界里，被聚光灯映照的两人的衣装蕴荡出耀眼的光芒，将她们一举手一投足的轨迹映刻于虚空之中。 

 

    后乐园球场：现东京巨蛋 

 

    随着曲目不断变换色彩的衣装，又变回以两人的主题色为基调的裙装：一位少女身着纯红，另一位少女身带群青。两人沿着舞台的上场口到下场口——即所谓的“花道”移动，配合着歌词摆出舞姿，让现场的观众为之迷醉，其实她们的动作远不及21世纪近乎特技的舞台表演般快速又激烈。毕竟手里还拿着碍事的有线麦克风，连转身的舞步都无法做到。即使如此，这一夜已连唱20首以上的两位少女，就算身体的代谢比普通人再稳定多少，此时她们的额头上也已渗出了汗水。而且，这些汗水也不仅是因为疲劳所致。 

 

    她们知道，在这之后，还有一件重要的事务在前方等候。 

 

    那时还没有荧光棒的存在，现场的观众席只有一片黑暗。但仍能清晰看到，观众中的一个身影已从画面中消失。随着演唱会走向终盘，倒下的观众正在不断增加。身处最前排的观众逐一倒下之时，为避免被其他观众踩踏，现场的工作人员连忙赶来，扶着观众带向后排。由此空出的位置又被其他观众填塞，最前排再度满满当当，全场仿佛一支伤兵后移的统一队列。后排虽然已在画面之外，想必也都是莉莉丝note亲卫队身穿法披的身影吧。曾经",
3275,135628," ★☆★☆★☆轻小说文库(Www.WenKu8.com)☆★☆★☆★ 

  第一卷 ~序文~【关于单人偶像大月实栗的现场问题】  
     网译版 转自 百合会 

 

    翻译：erosuke 

 

    偶像宅即所谓的沉迷于偶像的阿宅。基本上而言，偶像宅就是一种为他人带来困扰的生物，而单人偶像大月实栗的偶像宅们，又在其中显得尤为恶劣。 

 

    基本上而言，偶像宅是非常之吵闹的。严格地说，日常生活中的他们其实多是安安静静的人，但到了live现场，他们便像要用吵闹填塞全场一样，吵闹到超出必要的限度。如果这番举动控制在不让偶像和其他偶像宅感到困扰的范围内，那可谓是幸福满溢的现场了。如果光靠偶像宅的良心自觉维护这样的环境，那简直是幸福到顶点的现场，然而这种情况实在过于稀少，一般而言都需要运营人员出手管控他们的吵闹。然而，大月实栗的运营却完全不管。他们只让偶像宅随心所欲，从未提出过警告或施以过处罚。而这并不是他们有意要体现宽容的政策或营造自由的现场，仅仅只是放手不管的态度问题。结果，因偶像宅们的肆意妄为，大月实栗live现场的无序程度，已然达到所能想象的极限。 

 

    偶像的live和一般艺人的最大区别在于，观众们与其说是前来“聆听”，重心更多放在来“参加”的这一点上。一般艺人的live中也会有随着歌曲响起的拍手声和打call声，而在偶像的现场，偶像宅们自行骚动起来制造声响则是理所应当，老老实实专注听歌的观众反而罕见。在偶像的live中，常出现一些固定的动作和呼喊，也即是被称为【wota艺】的各种动作，和被称为【mix】的各种call。 

 

    偶像现场在一定程度内是默许wota艺和call的。如果这些都不被允许，那偶像宅也不会对偶像现场有兴趣。总而言之，只要偶像本人和周围的人还未表露不悦，随你怎么疯怎么闹都可以。但是，大月实栗的现场",
3280,135793," ★☆★☆★☆轻小说文库(Www.WenKu8.com)☆★☆★☆★ 

  第一卷 第一章 乌丸红子恋爱事件  
     台版 转自 棒槌学堂 

 

    书源、OCR、校对：lingsigh 

 

    身为哲学家、物理学家，诗人、剑客、音乐家，机智卓绝，妙语连珠，同时也是我无私的——恋爱的殉道者！——厄尔居勒·沙维尼安·德·西哈诺·德·贝杰拉克长眠于此。 

 

    艾德罗·罗斯丹著《大鼻子情圣》 

 

    一九六九年是我等值得纪念的一年。自我们这个由哲学家、物理学家、诗人、剑客、音乐家所组成的“读书俱乐部”，诞生了一名“王子”。尽管这是名伪王子，日后将为学园带来不幸，但我等尚称满意。 

 

    圣玛莉安娜学园是一所历史悠久的女校，在东京山手地区拥有傲人的广大校地。从幼稚园乃至高级中学的校舍均位于同一校区，唯有大学另处一地。校史可追溯至十九世纪成立于巴黎的修道会，该修道会于二十世纪初派遣修女圣玛莉安娜来日建校。校园中庭竖起圣玛莉安娜的巨像，日复一日微笑着俯视学生们。学园的教育理念为培育笃信天主大爱、致力开创美好社会的女性。在外人眼中，学园里的一切有如覆上一层薄纱，女学生的生态不为人知，只知道是良家子女。她们身穿颜色柔和的奶油色制服，下自三岁上至十八岁，静静地来这所学校上学，一头黑发或剪短，或整整齐齐地编成麻花辫”个个清纯可人，袅袅婷婷。 

 

    她们的伪王子乌丸红子，于一九六八年如一阵黑色旋风般出现在圣玛莉安娜学园。然而就连王子本人也始料未及，竟会在一年之后，为学园里的纯真少女带来不幸。 

 

    乌丸红子是个身长玉立，拥有高贵美貌的少女。当时她身高达一六七公分，与可爱的奶油色制服毫不相衬。在高中部的开学典礼上，多数打幼稚园起便一同成长的少女发现了这个比众人高一个头、被陌生的赞美诗搞得七荤八素的高大女子，悄悄互使着",
3294,136178," ★☆★☆★☆轻小说文库(Www.WenKu8.com)☆★☆★☆★ 

  第一卷 第一话 人死谈何开花结果  
     网译版 转自 百度贴吧 

 

    翻译：huangby_1996、jack2002s 

 

    神世纪三百年秋—— 

 

    耸立于海面的巨壁之上，少女们于此集结。其总数为三十二人。全员都是纯洁无垢的初中生少女。 

 

    除了少女们之外，同行的还有头戴假面身着白衣的女性神官、以及仍残留着稚气的巫女各一人。 

 

    她们脚下的巨壁由植物组织构成，将四国周边完全包围。 

 

    此壁是为『结界』。覆盖并保护着承载人类的小巧方舟。 

 

    站在少女们中心的楠芽吹，作为队长向队伍全员发出号令。 

 

    「所有人，进入战斗态势！」 

 

    在芽吹的号令之下，少女们全员掏出智能手机，启动了某个应用。 

 

    少女们的身体开始发生变化。她们原本穿着的衣服在一瞬间变成了某种特殊的装束，在她们的手中同时出现了或是铳剑、亦或是巨大盾牌一类的武器装备。随之，至今为止未曾感受过的力量从她们体内深处涌现而出。 

 

    （这就是神树大人的力量——） 

 

    芽吹的大脑深处阵阵发痛。她并未因这套装束与这份力量感到喜悦。她所感受到的，仅有悔恨与焦躁。 

 

    （我所渴望的才不是『这个』……我本来应该获得的是——） 

 

    「即使身着战衣，也绝不能以星屑以上的存在为对手。」 

 

    像是要盖过芽吹的思考似的，女性神官如此发话。 

 

    又是这句话吗，芽吹心想。这是已经被重复了数十次的话语。在这句话之后，必然还要再付加上另外一句话。 

 

    「你们是防人。你们的目的并非将敌人打倒。绝不能勉强自己。」 

 

    『防人』",
3295,136188," ★☆★☆★☆轻小说文库(Www.WenKu8.com)☆★☆★☆★ 

  第一卷 上 第1章 上里日向是巫女 第一话 巫女们  
     网译版 转自 百度贴吧 

 

    封面修图：巨大橘子 

 

    翻译：八重、村哥、巨大橘子 

 

    校对：jack2002s 

 

    “没有人真心相信自己终有一死。” 

 

    我有一个爱读书的友人如是说过。即使是精神分析学的鼻祖西格蒙德·弗洛伊德，似乎也说过“人类无法正确想象自身的死亡，因而无法真心相信自己会死亡这一事实。” 

 

    人生在世如履薄冰。人类决不会去相信“死亡”，却不知何时何地就会被其血盆大口所吞噬。 

 

    2015年发生的那场灾害——虽然那并不单单是简单的灾害，但也没有更合适的词语表达——毕竟，没有人相信这种事情可能发生。但它就是发生了。 

 

    Vertex。 

 

    被如此称呼的怪物们突如其来地从天而降，夺走了众多生命，使人类的文明土崩瓦解。 

 

    就在这时，一些少女身上萌发出了特殊的力量。 

 

    能够对抗Vertex的力量——被发现拥有这种力量的少女被称为“勇者”。 

 

    能够聆听神谕并以此引领勇者和民众的力量——被发现拥有这种力量的少女被称为“巫女”。 

 

    我，安艺真铃，就是巫女中的一员。 

 

    “冷死了！！我受不了了！！绝对不行！要死了！” 

 

    2019年3月，一个寒冬尚未褪去的初春清晨。我从巫女每日必修的瀑布洁身中，叫喊着飞奔了出去。 

 

    “安艺，你进来还没两分钟呢……” 

 

    上里日向面带苦笑地这么说着。她也是一名巫女，比我小一岁，和我一起在这瀑布下洁身。 

 

    “两分钟都能泡面了！本来体型苗条的我就因为",
3295,136200," ★☆★☆★☆轻小说文库(Www.WenKu8.com)☆★☆★☆★ 

  第二卷 下 第3章 乌丸久美子不是巫女 第一话 备死 且勠力 樱哉[注1]  
     网译版 转自 百度贴吧 

 

    修图：巨大橘子 

 

    翻译：八重木绵树、卜又卜、奴村彩、村哥、巨大橘子、星喵酱 

 

    校对：jack2002s 

 

    我的臣仆们都叫我快乐王子，的确，如果欢愉就是快乐的话，那我真是快乐无比。我就这么活着，也这么死去。而眼下我死了，他们把我这么高高地立在这儿，使我能看见自己城市中所有的丑恶和贫苦，尽管我的心是铅做的，可我还是忍不住要哭。 

 

    ——奥斯卡·王尔德《幸福的王子》 

 

    我听着窗外的蝉鸣声。 

 

    空气中浸满了夏日的湿气和夕阳的茜色。 

 

    2019年，夏—— 

 

    我在大社的自己的房间中，从同僚神官那收到了高岛友奈战死的报告。 

 

    “通过寄宿酒吞童子讨伐了三只Vertex之后，在神树附近失去了生命反应……在树海化解除之后，也没能确认到高岛友奈的存活，依此认定为已经死亡……” 

 

    我读着报告书，抬头瞥了一眼神官。神官垂下眼帘点头肯定道。 

 

    我在大社中不仅是一名神官，更是拥有着“高岛友奈的巫女”这一立场。在之后被称为“7·30天灾”的2015年Vertex出现的那一天，我发现了勇者·高岛友奈，并将她引导到了四国。 

 

    尽管在友奈作为勇者加入大社的同时，我也以巫女的身份加入了，但那时我已经失去了巫女的力量。无论是发现乃木若叶的上里日向，还是找到土居球子和伊予岛杏的安艺真铃，抑或是寻到郡千景的花本美佳，在发掘出巫女之力的时候都不到及笄之年。而我当时已经超过二十岁了。想必是因为超过了为神树使用巫女之力的年纪，所以很",
3316,136794," ★☆★☆★☆轻小说文库(Www.WenKu8.com)☆★☆★☆★ 

  第一卷 Introduction 1  
     台版 转自 天使动漫论坛 

 

    虚空文学旅团×天使动漫录入组 

 

    图源：书友同萌会 

 

    录入：kid 

 

    德田和彦今年二十八岁，离过一次婚，膝下无子。职业是杂志作家。 

 

    杂志作家这个职业听起来光鲜亮丽，实际上只是任凭编辑差遣的写手。 

 

    「不管什么案子都尽管吩咐（Order）&#9834;」如此爽快地接下工作后，往往为了短促的截稿时间与低廉的稿费而烦恼，借此糊口的人。 

 

    这般小人物的德田，最近向时常往来的杂志编辑部主动提出企画。因为他平常基本上只有接案，这次算得上稀奇。 

 

    他有他的理由。 

 

    理由在于前些日子偶然邂逅一间咖啡厅。 

 

    那间咖啡厅是彷佛刻意躲避世间尘嘈的存在，至今似乎也不曾上过电视等主流媒体，只有少数人知晓的低调店家。 

 

    希望自己可以加以介绍，一举打响名声……德田萌生了这般念头。 

 

    虽然这么做无法得到稿费之外的任何好处，但是他希望能挺起胸膛宣称：那是由自己发现，由自己向大众介绍的咖啡厅。 

 

    这个类似认同欲望的念头，促使他展开行动。 

 

    地点在东京的东边，墨田区锦糸町。从车站走上一小段路。那间咖啡厅就伫立在如此安静的场所。 

 

    若是明白此地的性质，想必会皱起眉头问道：「都来到锦糸町了，居然介绍咖啡厅？」 

 

    确实，毕竟这里是俗称「西有歌舞伎町，东有锦糸町」的地方，即使在东京也算得上是特别繁华的红灯区，而且距离吉原也不太远。 

 

    话虽如此，这个地方并非只有那些。 

 

    如今大多数夜",
3332,137255," ★☆★☆★☆轻小说文库(Www.WenKu8.com)☆★☆★☆★ 

  第一卷 登场人物  
     网译版 转自 轻之国度 

 

    图源：布莱克小鸟 

 

    翻译：寻结 

 

    校对：彼岸lesis 

 

    甲田八剃希 

 

    16岁。小说部成员。特摄宅，喜欢特摄玩具的高中女生。 

 

    岩永木樱 

 

    16岁。小说部的部长。八剃希的好友，有志成为小说家。 

 

    神本白雪 

 

    虽然看不出来，但已经27岁了。八剃希她们的班主任，小说部顾问。   

  第一卷 序言 开始部  
     我——甲田八剃希，最喜欢英雄了。 

 

    即使现在上高中一年级了，还是一直在看特摄英雄剧。 

 

    最近，英雄作品总被称为帅哥演员的登龙门，应该有不少女生看剧组或知道剧组。 

 

    而我却是超级沉迷，沉迷到了浪费人生的程度。 

 

    只是喜欢特摄剧集的话还好，我甚至因喜欢英雄而热衷于收集特摄玩具。 

 

    通透的肌肤、端正的鼻梁、充满健康光泽的盈润双唇、随风飘动的黑亮秀发。 

 

    丰满的双丘。 

 

    如果让我用小说式的细腻描写来形容手办的美貌，那我一定会写满十行以上的赞美之辞。 

 

    这是我为了自信满满购买玩具而不断努力积累自我钻研的结果—— 

 

    对我而言，收集玩具并不是爱好——而是人生。 

 

    某天的我也在放学路上去逛附近的大型超市。 

 

    为了买假面骑士的食玩。 

 

    快到食玩区域时，我会确认在目标商品货架前是否有家长带着小孩占领阵地。 

 

    在哭闹乞求着家长“买嘛买嘛”的小孩面前，大量购买食玩的行为令人讨厌。就算再怎么有自信，我也无法",
3332,138097," ★☆★☆★☆轻小说文库(Www.WenKu8.com)☆★☆★☆★ 

  第二卷 序章 圈圈部  
     网译版 转自 轻之国度 

 

    图源：布莱克小鸟 

 

    翻译：虫皇武神 

 

    校对：彼岸lesis 

 

    我——甲田八剃希，最喜欢英雄了。 

 

    即使现在已经升入高一，我也一直有在看英雄节目。 

 

    如今，英雄节目被称作帅哥演员的敲门砖。看过、或是知道英雄节目的女性应该不在少数。 

 

    但是，我对它的狂热已经达到把人生本身浪费掉的级别了。 

 

    而且如果只是喜欢英雄节目倒还好，可我还是个因为喜欢英雄而变成特摄玩具收藏者的人。 

 

    通透的肌肤、标致的鼻梁、流动着健康光泽的双唇、随风飘动的美丽黑发、傲人的双峰。 

 

    如果用小说的文字来描述我的容貌，恐怕要用十行以上的赞美之词吧。 

 

    这正是我为了充满自信地买玩具而不断努力与自我钻研中累积出的成果。 

 

    我的玩具收集行为，并非爱好——而是人生意义所在。 

 

    总感觉，莫名有种既视感。 

 

    我之前好像也像这样，流露出忧愁的表情思考这些事情过……。 

 

    也许，时空被稍微扭曲过了也说不定。 

 

    比如说，我在高一时的夏天看了假面骑士Build的最终话，但现在，我却又在高一时的夏天迎来了假面骑士时王的大结局。 

 

    如果将我的内心独白用小说的文字来描写的话，我想会有人认为“诶，怎么刚写到第二页就突然出现了错字啊！”，但这并不是错误。 

 

    当然，我并没有留级，目前还是如假包换的十六岁。 

 

    作为特摄宅的话，无论是谁都会有经历过一两个这种时空扭曲的吧。 

 

    我本人把这种现象，称为",
3332,141320," ★☆★☆★☆轻小说文库(Www.WenKu8.com)☆★☆★☆★ 

  第三卷 和不了解日早的女孩聊喜欢的特摄 序言 再次远征部  
     网译版 转自 轻之国度 

 

    图源：布莱克小鸟 

 

    翻译：虫皇武神 

 

    校对：彼岸lesis 

 

    我，甲田八剃希是一名特摄粉兼玩具收藏家的女子高中生。 

 

    在学校是小说部成员，和部长兼好友的岩永木樱、顾问神本白雪老师都是特摄宅伙伴。最近，三个人一起出去旅行也是常有的事。 

 

    当然，是以特摄活动为目的的远征。 

 

    而现在，我们为了从东京回家乘上了新干线。 

 

    这次旅行的目的，是为了每年秋天假面骑士惯例举行的总决算活动，最终舞台剧和演员脱口秀。 

 

    虽然这次去东京的旅行遇到了大型台风是挺糟糕的，不过总算还是成功去看了最终日的公演。 

 

    总之，在高一的秋季，年轻的我观看了假面骑士Build的最终舞台剧，现在成为逢魔的我却在高一的秋季看了假面骑士时王的最终舞台剧。 

 

    【注：此处“年轻的我”与“逢魔的我”对应《假面骑士时王》中的主人公常盘庄吾在未来变成了逢魔时王】 

 

    或许有人搞不懂我在说些什么，希望你们能回忆下假面骑士电王中车长说过的“记忆即是时间”这句话。 

 

    所谓记忆，通常都是混乱和暧昧的。 

 

    若是那种记忆即是时间的话，那时间也会变得混乱与暧昧乃是不言自明的道理。 

 

    我们每个人都努力地生活在每一个当下。 

 

    去年秋天的那次最终舞台剧是我们的初次东京远征，虽然因为是第一次观看现场舞台剧导致被气势压倒，但今年就能好好地静下心来享受了。 

 

    秋季的初次远征后，我认为，在夏季现场观看奥特曼节的舞台剧也",
3332,159293," ★☆★☆★☆轻小说文库(Www.WenKu8.com)☆★☆★☆★ 

  短篇 一生独爱特摄－2024 summer－ 漫画部分  
     网译版 转自 b站（ https://www.bilibili.com/opus/1009942661819269121 ） 

 

    图源：布莱克小鸟 

 

    翻译：虫皇武神 

 

    校对：布莱克小鸟 

 

    假面骑士歌查德。 

 

    八剃希：“假面骑士歌查德也总算迎来终局了呢～” 

 

    白雪：“对炼金术要素的重视让这部剧着实吸引人，角色也很有魅力，真的让人感同身受呢～！！” 

 

    木樱：“我的单推是九堂凛音哦—！一看到黑长直女孩子的活跃，灵魂都要燃起来了！！” 

 

    八剃希：“（虽说是巧合，但我也是黑长直啊……）” 

 

    白雪：“虽然大家我都很喜欢，但第一单推还是永田圣一郎君呢～ 明明是霸总系角色却也有细腻的一面，母性本能骚动不已啊 ” 

 

    * 饰演假面骑士雷杰多/辉夜 

 

    八剃希：“歌查德里也有和白雪老师同为幼女族的角色呢。冥黑三姐妹的阿特洛波斯酱……既是仆娘，又很坚强，还与凛音颇有缘分，是位非常有魅力的角色哦！！” 

 

    【注：仆娘（仆っ娘），指那些用“仆”自称的女性角色，这种女性角色往往会比较偏男孩子气】 

 

    白雪：“阿特洛波斯酱是很可爱，但我还是觉得米那托老师更帅啊—！！” 

 

    木樱：“（感觉像是那种就算背叛了也会被拖回主角阵营的类型……）” 

 

    木樱：“歌查德的动作戏也很帅啊！虽说访谈里也有，但飞踢也是相当有魅力的呢！能见识到各种飞踢可真开心啊～！！” 

 

    八剃希：“如果是假面骑士的飞踢，那挖个温泉应该也不在话下吧……！！” ",
3332,163098," ★☆★☆★☆轻小说文库(Www.WenKu8.com)☆★☆★☆★ 

  短篇 一生独爱特摄－2024 winter－ 漫画部分  
     网译版 转自 b站（ https://www.bilibili.com/opus/1060552580739891208 ） 

 

    图源：布莱克小鸟 

 

    翻译：虫皇武神 

 

    校对：布莱克小鸟 

 

    假面骑士加布 

 

    八剃希：为啥会突然变成快警那样的标题啊！？ 

 

    燧理：干嘛突然就嚎起来了啊…… 

 

    八剃希：不是，总感觉突然有种无法言喻的恶寒…… 

 

    木樱：特摄换季时期容易感冒，所以要注意呢～ 

 

    白雪：（岔开话题）说到换季，歌查德以大团圆结局宣告完结后，假面骑士加布也开始播出了呢～！ 

 

    木樱：主题很流行，还有从有趣的道具所引出的、令人目不暇接的展开……这故事真是让人无法自拔啊～！ 

 

    八剃希：是啊，很有趣哦！明明收集欲喷涌而出……但饱藏却超难买到啊……尽管人气火爆是一件值得开心的事……但是……！！ 

 

    燧理：玩具收藏家还真是不容易啊……不过孩子们能从玩具中获得乐趣，倒也是好事。 

 

    白雪：铠武的水果元素也是这样，如果以食物这种大众化且种类繁多的元素为主题的话，预测接下来会有什么样的道具登场，也是一种乐趣呢～ 

 

    八剃希：对了，所谓的零食，比起直接的营养，主要还是为了让人们感到幸福和喜悦的食物，正因为以此为主题，暗黑零食这一体系的毒辣和恐怖才会更加突出吧……嗯……？……压缩饼人……？ 

 

    白雪：啊…… 

 

    2024年特摄杂谈 

 

    八剃希：一到冬天，奥特曼就会迎来完结,战队也会随之进入终篇……真是寂寞",
3375,138681," ★☆★☆★☆轻小说文库(Www.WenKu8.com)☆★☆★☆★ 

  第一卷 序章  
     网译版 转自 轻之国度 

 

    书源：Carla可乐 

 

    译者：Carla可乐 

 

    校对：Carla可乐 

 

    嵌字：Carla可乐 

 

    虽说正值8月，不列颠尼亚的夜空却依然寒冷彻骨。 

 

    头顶是点缀着熠熠繁星的苍穹，眼下是一片映照着月光的洁白云海。 

 

    犹如被地平线鲜明分割开的黑白两个世界。 

 

    这便是现在——1944年8月16日 深夜11时——不列颠尼亚上空、高度4000m处的光景。 

 

    不过，如果你仔细观察，就有可能在起伏的云柱间发现一道闪烁的光尾。 

 

    然后侧耳倾听，或许会听到与魔导引擎的咆哮(排气)交织在一起的、喃喃自语般的歌声。仿佛有妖精暗藏于其中…… 

 

    妖精，这样的形容可能不太正确——实际上，她是一位魔女(Witch)。 

 

    萨妮娅。亚历克桑德拉·V(弗拉基米罗夫娜)·利特维亚克中尉——这位有着深邃翠绿的眸子、亮银色秀发的少女，此刻正在不列颠尼亚盛夏的夜空中，以约300公里的时速向西北偏北飞行。 

 

    使这成为可能的，是她脚上穿着的战斗飞行脚(S t r i k e r U n i t)。将魔女的魔法力经两台魔导引擎转换为共1000马力的推力，让她们能够自由自在的飞舞在空中。 

 

    魔法力并不仅仅是能量源，战斗脚是通过魔女的魔法力，将输出功率控制及方向操纵功能全部统合于一身的系统，可以完美作为魔女身体的一部分而发挥作用。 

 

    若是在空中飞行，即使是时速100公里程度的低速，眼睛也会因风压影响而难以睁开，但覆盖魔女全身的防御魔法阵(S h i e l d)能为",
3386,139167," ★☆★☆★☆轻小说文库(Www.WenKu8.com)☆★☆★☆★ 

  第一卷 序言  
     网译版 转自 轻之国度 

 

    图源：Hvinatsu 

 

    翻译：秋霖、雪缝霙、早喵喵 

 

    校对：Yuggdrasil 

 

    修图：翼年 

 

    制作：绿茶汉化组（轻文） 

 

    我坐在小屋的长椅上，在春天的阳光下伸了个懒腰。脚边，两只流浪猫正在穿梭在长椅下，互相嬉戏打闹。这悠闲惬意的风景，与“自杀监视”的感觉相去甚远。 

 

    因为实在无聊以我一边听着喜欢的歌，一边刷起了新闻网页。 

 

    最近的热搜是一位老妇人，因为养了很多猫，给左邻右舍带来了不少麻烦。她自称是『猫之族长』，最近经常在新闻里看到她。听说卫生站准备采取一些措施了，那些猫儿会被怎么处置呢？但听到卫生站我就觉得，等待它们的不会是什么好结果吧，太可怜了。 

 

    真是的，我推了推快要移位的眼镜，正准备继续监视时，手机响了。 

 

    来电人显示的是「爷爷」。 

 

    我摘下耳机，按下接听键。 

 

    「小椿，很无聊吧」 

 

    爷爷童年时期时基本上是在关西地区兜兜转转，所以口音基本都是关西腔。总是以小椿称呼我。 

 

    猫儿们的战斗很快变成了一边倒的游戏，一只骑在另一只身上。 

 

    「所以你打电话给我？」 

 

    「是啊」 

 

    「还凑合吧」 

 

    虽然常有人会很在意他人的看法，但我的话，考虑问题的方式很单调，往好了说是冷静，往坏了说就是一个情感匮乏、毫无个性的人。 

 

    「难得的假期，你就好好地休息吧」 

 

    「话是这么说，但爷爷也没啥事做呀」 

 

    这样的话，我来代替监视不就毫",
3406,140173," ★☆★☆★☆轻小说文库(Www.WenKu8.com)☆★☆★☆★ 

  第一卷 第1话 入替的大小姐  
     网译版 转自 轻之国度 

 

    翻译：KOTORIREN 

 

    因为医院特有的消毒水似的气味，我知道自己身处何方。因为在失去意识前都吐血了，那也是理所当然的吧。谁能想像得到同事所送的慰问品会下了剧毒了。 

 

    「我是干过甚么 招他怨恨 的事吗？」 

 

    虽然自认自己过着普通的生活，也没为谁人带来麻烦就是了。比起那个，刚才的自言自语让我感到很不协调。我声线是这么尖的吗？ 

 

    「怎么了，这个。」 

 

    睁开眼睛，最初 映入眼帘的 是一对雄伟的胸部。不是男人的胸膛。是女性特有的胀起。身为男人的我，在长着这玩意儿的时刻便有够奇怪了。 

 

    「是做梦吧。」 

 

    从床上撑起来，确认自己全身后，再怎么看也是女性的身体。虽然无法否定朋友整人的可能性，但再怎么说也不会给我来个变性吧。 

 

    「完全搞不懂。」 

 

    拨开遮着眼睛的前发，抱着姑且的心态确认四周。搞不好，也有可能不是医院，而且做梦的话，也有可能一下子突然切换场面。 

 

    「如月琴音？」 

 

    看到挂在床上的名牌的一瞬间，就像回想起至今都遗忘掉的记忆一样，作为如月琴音这女性的记忆苏醒过来。由于记忆过于庞大，一瞬间受到剧烈的头痛侵袭，一时间还以为会怎么样了。 

 

    「变成了自杀死掉的孩子，也就是说我死掉了吗？」 

 

    之所以会知道琴音去了自杀，是因为借从她的记忆而得知的。包含其理由在内。至于为甚么我会进了她的身体，就完全不晓得了。她跟我应该是没接触点才对的。然而，眼前的状况是铁铮铮的现实这点，虽然无法接受，却也能理解得了。 

 

    「要是",
3412,140718," ★☆★☆★☆轻小说文库(Www.WenKu8.com)☆★☆★☆★ 

  第一卷 序  
     台版 转自 深夜读书会 

 

    发布：深夜读书会 

 

    论坛：ritdon.com 

 

    一九四○年五月 

 

    劈柴的声音有如宣布春天脚步已近的晨钟，响彻整个小村落。 

 

    隔壁安东诺夫大叔的感冒总算好了，令十六岁的少女谢拉菲玛放下心中大石。把过肩的中长发扎成辫子，拿起挂在墙上的步枪。 

 

    「我出门了。」 

 

    谢拉菲玛对放在桌上的照片打招呼。照片中是少了自己的全家福────分别是坐在椅子上，身型瘦削的母亲与站在母亲旁边，板着一张脸，表情相当严肃的父亲。 

 

    走出家门，等在屋外的母亲叶卡捷琳娜与照片中的模样判若两人，体型壮硕，披着简朴的外套。 

 

    「走吧。」 

 

    「嗯！」 

 

    谢拉菲玛回答，与母亲并肩走在村子里。草木萌芽的香气与水车转动的声音，再加上劈柴的声响。小小的农村里充满了还算蓬勃的朝气。伊万诺沃村是个只有四十个村民的村落，随着春天降临大地，家家户户皆快活地过着自己的小日子。 

 

    在小屋旁边劈柴的安东诺夫大叔气喘吁吁地说： 

 

    「早安，谢拉菲玛和叶卡捷琳娜太太，又要去打猎吗？真勤快啊。」 

 

    「对呀，今年来过冬的鹿好像比往年多。」 

 

    母亲代为回答后，邻居沃尔科夫家的女儿，年仅十二岁的艾莲娜跳过流经村落的小溪，有如脱缰野马地跑过来。 

 

    「谢拉菲玛，万事拜托了。哥哥说过，万一田被野兽破坏，无法产出农作物上缴给集体农场（注1）的话，这个村子可能就得跟其他村落合并，不得不搬家也说不定。」 

 

    「包在我身上！」谢拉菲玛摸摸她的头。「我一定不会让鹿破坏田",
3413,140732," ★☆★☆★☆轻小说文库(Www.WenKu8.com)☆★☆★☆★ 

  第一卷 序章  
     网译版 转自 真白萌 

 

    翻译：你好，我不是残星 

 

    图源：伟大的兴国物语 

 

    今年十岁的菲莉丝是矿山奴隶。 

 

    坑道内相当狭窄。入口附近的宽度足以让大人进去，稍微往里面一点，只有菲莉丝娇小的身躯能穿越。 

 

    但是，这不成问题。前往矿山挖掘的只有菲莉丝一个人。 

 

    工头和矿工们不知为何都不会靠近坑道。 

 

    菲莉丝挖出魔石、他们则待在外头做好精炼准备。 

 

    菲莉丝紧握十字镐，钻进坑道。周边相当漆黑，在数年作业下菲莉丝也变得擅长夜视，路径也确实记住，不会迷路。 

 

    「……呼。那个，我记得昨天是挖到这附近，所以今天就从这边开始。」 

 

    一抵达坑道深处，菲莉丝就开始用十字镐挖起土来。 

 

    头发随意生长、连身裙变得破破烂烂、脸上都是尘土，即便如此菲莉丝也不在意这些。 

 

    为了不被工头们发火，不带魔石回去可不行。 

 

    虽说空气稀薄到令人感到痛苦，菲莉丝仍拼命往前挖掘。 

 

    但是，今天不管挖多少都没找到魔石。 

 

    最近才因为魔石的挖掘量减少而惹得工头们不高兴，所以菲莉丝才想着至少要挖到一些。 

 

    不光使用十字镐，菲莉丝也用空着的手往深处挖掘。 

 

    「总觉得头昏昏的……」 

 

    菲莉丝吐了口气。正打算在狭窄的空间中保持轻松的姿势时。 

 

    天花板，碎裂了。 

 

    「咿！？」 

 

    连让她吃惊、逃走的时间都没有。尘土直接从菲莉丝上方落下，要将她的身体压垮。 

 

    肺部的空气一口气被挤出来，她疯狂",
3432,141806," ★☆★☆★☆轻小说文库(Www.WenKu8.com)☆★☆★☆★ 

  第一卷 序章 童话故事  
     台版 转自 天使动漫论坛 

 

    天使动漫录入组 

 

    图源：奏井夕雨 

 

    录入：没日版校对格式的kid 

 

    小时候我看过某个童话故事。 

 

    某个地方有一名少女。 

 

    她受到父母亲的爱护，在边境的小城市过着平凡无奇的人生；某一天却突然被骇人无比的魔物抓走。 

 

    少女安分守己，没做过任何坏事， 只因为倒楣而被魔物盯上。 

 

    魔物将少女关在笼子里，宣言肚子饿了就要吃掉她。 

 

    少女的父母悲痛欲绝，城镇的居民群情激愤。 

 

    为了拯救少女，城镇居民们团结一心对抗邪恶的魔物。然而魔物十分顽强，不论打倒几次都毫发无伤地复活。 

 

    战斗宛如挥剑攻击波涛汹涌的大海，城镇居民们的努力全都化为泡影，用尽一切方法都无法战胜魔物。 

 

    领悟到抵抗徒劳无功，人们一个接着一个放弃。 

 

    不只亲切的居民们，最后就连少女的父母都放弃了她。 

 

    少女在邪恶魔物的背后始终看着这一切。 

 

    她说服自己这样就好。 

 

    掳走少女的邪恶魔物是不死之身。她闭上双眼保持沉默，心想只要自己忍耐就好。 

 

    只要忍气吞声等到魔物把自己吃掉的那一天就好。只要人们把我遗忘就好。 

 

    为了城镇居民与家人的幸福，她决心忍受孤独度过余生。 

 

    直到某一天。 

 

    一名魔女出现在魔物面前。 

 

    魔女持有强大的力量，堂堂正正地与魔物决斗。战斗不分昼夜，毫不停歇。 

 

    魔物终于不敌魔女的力量，退缩到森林深处。 

 

    魔女拯",
3432,144006," ★☆★☆★☆轻小说文库(Www.WenKu8.com)☆★☆★☆★ 

  第二卷 第一章 欢迎光临古物店莉莉艾儿  
     台版 转自 天使动漫论坛 

 

    天使动漫录入组 

 

    图源：奏井夕雨 

 

    录入：kid 

 

    今天，记者来到祈祷之库路路妮维亚大街上的老旧古物店。 

 

    古物店莉莉艾儿。 

 

    这家古物店以国内现存古物店中历史最为悠久着称，贩售许多见证库路路妮维亚历史的祈物。 

 

    那么就立刻进去看看吧。 

 

    「欢迎光临！」 

 

    打开门，迎接记者的是这间店的员工，麦米莉亚小姐。她的年龄大约二十出头，褐色的头发与开朗的表情是魅力所在。 

 

    「欢迎光临古物店莉莉艾儿！」 

 

    灿烂的笑容出现在镜头前。真是太迷人太可爱了，记者忍不住按下相机快门。 

 

    本日采访使用的照相机是能够立即显现的祈物。按下快门，照片就立即落入记者手中。 

 

    记者看了一眼拍好的照片。 

 

    在相纸上面露笑容的她是祈物专家。 

 

    就请今天负责导览的她说明祈物究竟是什么吧。 

 

    「问得好！」耶～！麦米莉亚小姐兴高采烈地回答：「祈物指的是受到祈祷的物品。这个国家的人不是有一遇到困难就去大圣堂祈祷许愿的习惯吗？祈物就是那些获得祈祷加持的物品。」 

 

    原来如此。 

 

    换言之，这间店里的商品全都具有与一般物品稍微不同的效果吗？ 

 

    「问得好！」耶～！麦米莉亚小姐再次兴高采烈地回答：「没错！包含我们这间店在内，古物店里所有的商品都是愿望实现以后，离开原本主人身边的祈物。我们古物店就是负责收集这类物品，日以继夜地活动，帮助人们的生活。」 

 

    原来如此",
3432,152034," ★☆★☆★☆轻小说文库(Www.WenKu8.com)☆★☆★☆★ 

  第三卷 第一章 雨  
     台版 转自 天使动漫论坛 

 

    天使动漫录入组 

 

    图源：奏井夕雨 

 

    录入：kid 

 

    国内大街上的角落，冠上我名字的店悄悄地存在。 

 

    古物店莉莉艾儿。 

 

    那一天，一名身穿黑色制服的男子推开店门。 

 

    「亨利。」 

 

    我对他说，他便放下伞静静地回了一礼。 

 

    保护祈祷之库路路妮维亚的保安局员之一。负责祈物相关事件的他会光顾我的店，原因每次都大同小异。 

 

    「卡雷杜拉又出现了吗？」 

 

    我边泡红茶边问，他便说了声「是的。」点头。 

 

    表情十分严肃。 

 

    古物店卡雷杜拉从很久以前就开始陷害这个国家的人落入不幸。 

 

    她来无影去无踪，不论是保安局还是我，都迟迟无法逮到她。 

 

    亨利愁眉不展的表情上也展现出焦急之色。 

 

    「这次也只有事后报告……」 

 

    他边说边将祈物──具有特殊能力的古董，也是卡雷杜拉卖给被害者的商品交给我。 

 

    「我们发现的时候已经太迟了。她早已下落不明，恐怕正在寻找新的猎物。」 

 

    「…………」 

 

    我看了一眼从他手中接下的祈物，拿到店后面的仓库内。我的店铺只贩售能给一般人使用，危险性不高的祈物。 

 

    所以才必须严加保管，等待时机解咒，消灭其中蕴含的力量。 

 

    在这个国家，那是唯有我才做得到的事情，也是与卡雷杜拉敌对的我现在唯一的对抗手段。 

 

    过去卡雷杜拉贩售的各种祈物在仓库中整齐排列，彷佛正期待解咒的时刻来临。 

 

  ",
343,12044," ★☆★☆★☆轻小说文库(Www.WenKu8.com)☆★☆★☆★ 

  第一卷 静流姐与执拗的死者们 序  
     每个人都有不为人知的秘密，而且自欺欺人地度过每一天——更遑论死者。 

 

    ——『被错误掩盖的虚伪』   

  第一卷 静流姐与执拗的死者们 第一章 静流姐与单眼独脚伞怪  
     第一个发现者，无巧不巧正是在山上迷路的遇难者。那名遇难者好不容易才来到得以收到讯号的地方，以手机报警。在电话中，比起自身的安危，感觉起来他似乎更渴求有人能够设法纡缓一下自己心中的恐惧。 

 

    「——喂喂?」 

 

    由于对方的口吻显得十分慌张，因此接到这通报案电话的女警一开始完全无法理解他到底在说些什么。 

 

    「请您先冷静下来。您刚刚说什么?」 

 

    『我、我发现——所以也就是说，直觉告诉我，这个事态非比寻常——』 

 

    「发现?请问您发现了什么了。」 

 

    『我刚才不是说了吗——』 

 

    女警先是听到一阵呼吸急促的声音。 

 

    『——我、我说，不可能还活着吧!』 

 

    接着，便传来一道因为气力放尽而稍显嘶哑的尖叫声。 

 

    「什么东西已经失去生命迹象了?」 

 

    『大概是人类吧——嗯。我猜应该是个女人没错，可是……』 

 

    「等一下，您说有人怎么了?」 

 

    『我看、这一定发生有好一段时间了——』 

 

    由于对方的声音抖个不停，以致女警根本无法掌握对方想要表达的重点。 

 

    「请您按照顺序一一说明清楚。您说您发现了什么，没有错吧?」 

 

    『我就说我——发现了人啊!我想应该是啦。』 

 

    「您发现一名人类失去了生命迹象——也就是尸体吗?」 

 

  ",
343,17953," ★☆★☆★☆轻小说文库(Www.WenKu8.com)☆★☆★☆★ 

  第二卷 静流姐与无底的密室群 刺猬奇库达，乘船出海其之①  
     你觉得自己被关住了吗? 

 

    你从来不曾考虑离开吗? 

 

    你相信自己是自愿留下来的吗? 

 

    你有在努力寻找离开的机会吗? 

 

    这里是密室——四方皆壁。 

 

    你被名为世界的无形墙壁所蒙蔽， 

 

    就连自己的脚边也都无法看清。 

 

    ——<封闭的思考> 

 

    ……那是发生在没有人知道地点、纯白色房间里的事。 

 

    「对了，不晓得他后来过得如何?」 

 

    「咦?他?」 

 

    「就是肚子上有个时钟的那个旅人呀。虽然他并不是真正的人类啦!」 

 

    「啊啊——你说奇库达喔?要聊那个故事的后续?」 

 

    在那个房间里有两名少女。 

 

    其中一人下半身盖着床单、挺直上半身坐在床上，另一名少女则是坐在她的身旁。 

 

    「肚子上有个故障时钟的他为了寻找传说中的时钟师傅，之前搭船展开了旅程对不对?」 

 

    床上的少女微笑着如此说道。 

 

    「呃、喔——对啊，好像是这样没错。」 

 

    另一名少女拚了命想要回想起早已忘掉一大半的故事，因而感到一阵头晕目眩。 

 

    那是两人以过去曾经存在的刺猬玩偶为主角，连手创造出来的故事。 

 

    故事的大意，是一个名叫奇库达的刺猬希望装在肚子上的玩具时钟可以修好，因此四处寻找据说能让任何时钟正常运作的时钟师傅的经过。 

 

    其实时钟动不了是必然的。因为那个所谓的时钟，只不过是由一块圆板配上两根像是时针的棒子组装起来的东西而已。 

 

    既然是要让那种玩具",
343,17955," ★☆★☆★☆轻小说文库(Www.WenKu8.com)☆★☆★☆★ 

  第三卷 静流姐与无言的公主们 第一章 静流姐与白雪公主  
     The Snow White 

 

    「如此一来，世上最美的人也黯淡无光了。」 

 

    ——格林童话『白雪公主』 

 

    1 

 

    事件发生在雪山。更精准的说法是——是在雪山被发现的。至于状况是否在雪山发生，当时则无法立即做出判断。 

 

    那是个女性。 

 

    在雪面下发现了一具雪白的女性躯体。 

 

    附近并没有村庄或是滑雪场之类的场所。那是一个入冬后除了登山客和当地居民以外，几乎不会有人出入的地点。 

 

    那名女性被发现时既没有体温，身体也没有任何生命迹象。已经确定完全死亡了。 

 

    大概是不幸冻死的遇难者吧——发现尸体的登山会成员们如此认为。他们暂且将遗体运回到附近的山中小屋，然后再向警方报案。 

 

    不过，所有人在这个时间点已经隐约察觉到事情有点不太对劲。 

 

    这具尸体轻装打扮的程度令人匪夷所思，脚上甚至还穿着一双鲜红色的高跟鞋，要以这身打扮深入山区是绝对不可能的。不仅如此——尸体上几乎找不到一丝紊乱的痕迹。凡是遇难者，为了存活下来一定都会拚命做各种挣扎。因此难免会在身体上留下挣扎过的痕迹。 

 

    但这具尸体却不见这样的痕迹——不如这么说吧，甚至连貌似冻伤的地方也找不到。 

 

    （总觉得就好像——把原本就已经死去的人埋在雪山里一样——） 

 

    闪过这个念头的人直觉并没有错。就连赶到山上的警察和验尸官看法也完全一致，而且司法解劫的结果，也证实死因并非冻死…… 

 

    「死因为药物导致的休克——尸体检验到极为强烈的毒性反应。如果是由本人自行摄取那就是自杀，否",
349,12158," ★☆★☆★☆轻小说文库(Www.WenKu8.com)☆★☆★☆★ 

  第一卷 序章  
     白羊群中的黑羊代表家族中的扫把星、挥之不去驱之又来的厄运。 

 

    序章 

 

    「请往这边走。」 

 

    宛如时代剧中的老者站在一间破旧的日式平房门口。蜡烛的火光随风摇曳，在漆黑的木造墙壁上映照出慑人的橘色。挂在墙上的画像看起来虽然是十足和风的观音相，但怀中的婴儿却证明了画中的人物是西方宗教的圣母。祭坛旁边的其他画像也一样，难以断定到底是佛像还是圣像。 

 

    「这也算教堂吗？总觉得不太对劲。」 

 

    右手拿着银色的十字架、左手拿着圣经，脱口而出的却不是祈祷，而是抱怨。 

 

    出言抱怨的不是别人，正是将己身奉献给天主的清纯少女。 

 

    戴着眼镜的年轻修女出现在传统的日式民宅，难免给人一种时空错乱的感觉。过去在历史课本上读过的「隐密基督徒」一词更是不由自主地浮现脑海。 

 

    这个村子并未记载在教区的地图上，村名也十分诡异。裁谷村，裁判之谷，就字面上看来，很容易引起不必要的联想。然而教会的命令是绝对的，据说有个村民在某重要的仪式当中被恶魔附身，所以她必须协助该村民驱逐附身的恶魔才行。 

 

    「那就麻烦您了，希望能赶在祭典举行之前结束。」 

 

    老人转身离去之后，顺手带上了木门。房间里面只剩下被恶魔附身的倒霉村民。 

 

    「唔！」 

 

    透过蜡烛的火光扫视屋内之后，理应与恶魔展开对决的修女却露出一抹诡异的微笑。 

 

    躺在床上的「牺牲者」是一名少女。笔直的黑发、雪白的肌肤，紧闭的双眸看不见瞳孔的颜色，但她却有着一张秀丽灵巧的脸庞。那副惹人怜爱的模样，在触动着修女的心弦。 

 

    少女的手脚被粗大的麻绳绑在柱子上，周遭弥",
3505,145386," ★☆★☆★☆轻小说文库(Www.WenKu8.com)☆★☆★☆★ 

  第一卷 第一章  
     网译版 转自 百合会 

 

    翻译：没得吃 

 

    刺耳的门铃声钻进刚刚通宵熬夜过的大脑。 

 

    如果是快递的话响一次就差不多了，如果是收电费之类的话也就是多坚持一会，但是这次的铃声已经连续响了十分钟以上。 

 

    饶了我吧。为了早点能去睡回笼觉，我不得不亲自去解决这个问题。 

 

    视线模糊不清，因为没有戴上眼睛或是隐形眼镜。我完全睡迷糊甚至身上还穿着睡衣，但这也是无可奈何的。 

 

    我走到玄关，猛地打开门后顺势喊道。 

 

    「按够了没…….！」 

 

    本以为是恶作剧或者是过于热忱的推销员，结果我一下子说不出话来。 

 

    门对面站着的是一个女人，茶色的短发，细长的牛仔裤。身材修长，像黑影一样的女人。 

 

    「小白？为什么……」 

 

    在我挤出话语之前，她突然原地正坐下去。连衣服弄脏也不在乎，额头紧紧贴在公寓的走廊上。 

 

    「哈？」 

 

    我急忙去扶她起身，明明是大早晨为什么要在我家面前土下座啊。 

 

    「你干什么！」 

 

    「不会有第二次，所以」 

 

    「诶？」 

 

    她……白乃她抬起头继续说着。 

 

    我最后一次见她，是在她十六岁的时候。那个时候的她已经个子很高了，然而如今再次相见，已经完全长成认不出的成年女性了。 

 

    「我绝不会再触碰你。所以，请让我给你拍照。」 

 

    我说不出话来。 

 

    我本打算再也不和她见面，更何况让她进入我独自生活的家里。虽然我是这样想的，但却没有关上门。 

 

    白乃的肩上背着粗犷的",
3507,145453," ★☆★☆★☆轻小说文库(Www.WenKu8.com)☆★☆★☆★ 

  第一卷 异界A地下室  
     转自 推理罪 

 

    黑色匕首录入组 

 

    图档/OCR录入：伤蓝 

 

    人头恐怖吗？ 

 

    在鬼屋和恐怖电影中，人头是营造恐怖氛围的道具之一。 

 

    即使突然出现在眼前的银幕上，人们也只会心想“又来这一套”。随着拍摄技术的进步，人头甚至可以做到以假乱真，但仅凭这些并不会让人心生恐惧，充其量只是觉得恶心而已。 

 

    男人在床上抽着烟，心里想着。 

 

    “不要去胡思乱想”，男人对自己说道。但转念一想又觉得无所谓，反正时间还很充裕。因为他是一个自由职业者，尽管现在已经过了晚上十二点，但是明天又不需要像上班族那样早起。 

 

    男人躺在床上，身上穿着深蓝色的工作服，上面沾满了各种污渍。只是稍微休息一会儿，并没有困意。 

 

    他是个彻头彻尾的夜猫子，通常在夜晚人们入睡后开始工作，他觉得自己是在从事一种体力劳动。 

 

    因为他的工作就是挥刀。 

 

    “对世俗的人来说，我就是个变态一一”男人自言自语道。 

 

    愚民们爱怎么想就怎么想，说到底与我无关，而且我是艺术家。人生苦短，不去抓紧时间做自己想做的事，还能做些什么呢？我应该竭尽全力做好现在能做的、现在必须做的。不要去在意别人的眼光，只做自己喜欢的事。 

 

    比如给女人分尸。 

 

    男人的注意力又回到了人头上。 

 

    确实，电影中出现的人头也就那么回事。 

 

    因为制作者目的很明确，就是让人感到恐怖。而且人们在看到人头的瞬间，会产生一种廉价感，甚至可能还会心生反感，自己怎么能被这种东西吓至リ?人们基本上不会对己知的东西感到恐惧。 

 

",
3519,145969," ★☆★☆★☆轻小说文库(Www.WenKu8.com)☆★☆★☆★ 

  第一卷 第1话 仙台同学的价值不多不少就是五千圆  
     台版 转自 百合会 

 

    轻之国度录入组 

 

    图源：Naztar（LKID：wdr550） 

 

    录入：Naztar（LKID：wdr550） 

 

    其实也没有非要仙台同学不可的理由。换成市尾同学也好，后藤同学也可以。就算是个未曾谋面的陌生人也无所谓。 

 

    即使如此，我仍选上了仙台同学，是出于命运的安排……要是我能这么说就好了，然而实际上只不过是偶然。许多偶然重叠在一起，再加上我的一时兴起，所以现在仙台同学在我的房间里。 

 

    一周一次，每次三小时。 

 

    我会付给她五千圆。 

 

    这就是我们之间的契约。 

 

    不，其实我们没订定这些明确的规范。 

 

    有过两小时支付五千圆，也有过三个半小时支付五千圆的经验。有时一周一次，也曾经一周有过两次。时间与次数不一定，不过五千圆这个金额不会改变。总之不管时间与次数，我会用每次五千圆的代价，买下仙台同学放学后的时间。 

 

    这是个不争的事实。 

 

    「宫城，拿这个的下一集给我。」 

 

    躺在我床上的仙台同学用一副理所当然的态度这么说，敲了敲我的肩膀。 

 

    靠着床铺坐在地板上的我回过头，发现敲在我的肩膀上的是她刚看完的漫画。 

 

    在十二月一个冷到不行的日子里，为了抵挡外头的寒意而开了电暖器升温后的房间，对她而言似乎有些热，只见她脱掉了制服的制服外套。没系好的领带，解开了从上面算来两颗扣子的衬衫，再配上比校规规定更短的裙子，她用这身打扮在房里软烂着的模样，实在很不像样。我想只要我有那个意思，应该能直接欣赏她的裙底风",
3519,146347," ★☆★☆★☆轻小说文库(Www.WenKu8.com)☆★☆★☆★ 

  第二卷 第1话 下达命令的人是我，不是仙台同学  
     台版 转自 天使动漫论坛 

 

    轻书架×天使动漫录入组 

 

    图源：公子夜殇 

 

    录入：kid 

 

    上了三年级后的第一次期中考成绩很糟。 

 

    我不喜欢念书，但考试前还是会打开课本，至少努力背一下公式或年号。可是我背不起来，也没派上用场。 

 

    拜此所赐，我那不算特别好，却也不算特别差的成绩下滑了。 

 

    理由出在仙台同学身上。 

 

    都是因为考试前发生了那样的事，才会害得我不管做什么都不顺利。 

 

    我背靠着床坐在地上，轻轻叹了一口气。 

 

    进入六月后已经结束换季，统一换为夏季制服。一身轻便打扮的仙台同学泰若自然地坐在我身旁，看着杂志。 

 

    她平常固定会去的地方明明就是床上。 

 

    不知道是不是因为我们接吻了，我觉得她有点忘了客气为何物。 

 

    我将视线落到翻开却没在看的漫画上，旋即阖上书页，转而看向仙台同学正在看的杂志，只见她一页又一页地翻过去。那本杂志封面上满是诸如能让你变可爱、提升好感度等空洞的文字，看起来跟我在书店给忘记带钱包的仙台同学五千圆那天她所买的是同类型的杂志。 

 

    仙台同学的表情毫无变化，又翻了一页。 

 

    『据说只有一开始会尴尬喔。』 

 

    这话是仙台同学说的。然而也不管这是我们五月接吻之后我第一次叫她过来，她看起来完全不觉得尴尬。 

 

    我搞不懂。 

 

    接吻之后，不是朋友的仙台同学变成了我更搞不懂是什么的人物。 

 

    我把漫画放回书架上，拿了一本新的出来。 

 

    ─",
3519,148314," ★☆★☆★☆轻小说文库(Www.WenKu8.com)☆★☆★☆★ 

  短篇 轻厉2024登榜纪念短篇「宫城所不知道的存钱筒」  
     网译版 转自 轻之国度 

 

    翻译：Naztar 

 

    校对：Naztar 

 

    贴在楼梯口前方的名单上没有宫城的名字。 

 

    准确来说，宫城的名字不在我被分到的三班，而是二班。尽管我不是没预料到这种事，但高中生活的最后一年要和宫城在不同的教室上课，还是让我觉得有些失望。 

 

    说是这样说，我和宫城又不是能抱怨彼此不同班的交情，因此要是认为我「无所谓」，可就大错特错。 

 

    我必须去做的，无非就是冷静接受无可改变的事实，等宫城叫我过去后，我再如往常那样去她家里，如往常那样遵从她的命令。 

 

    「虽然她只会给我下那些差劲的命令。」 

 

    我坐到床上，看着自己的指尖。 

 

    「要我舔她脚之类的，不就变态嘛。」 

 

    那位变态今天没叫我过去。 

 

    我不知道是因为今天开学典礼，还是因为她在春假前做出往我身上泼汽水的恶行。她的行为总是超出我的理解范围。即使如此我还是知道，升上三年级后第一次去她家的日子并没有那么遥远。 

 

    每次放完长假之后，宫城总是会马上叫我。 

 

    算了，想这些也没什么意义。 

 

    她希望我做的只有「她叫我我就过去」这样简单易懂的行为，我想那么深入也没意义。 

 

    明明我是这样想，宫城的事情却始终在脑里挥之不去。 

 

    我大概、一定是被她毒害了。 

 

    如果我没有在书店碰到宫城，不论她如今被分去哪个班，我的心里应该都不会有任何波澜，也不会舔别人的脚。宫城原本只是「和我同班的女生」，却因为一些微小的契机变成了「和我同班",
3519,148571," ★☆★☆★☆轻小说文库(Www.WenKu8.com)☆★☆★☆★ 

  第三卷 第1话 都怪仙台同学害我睡不着  
     台版 转自 天使动漫论坛 

 

    轻书架×天使动漫录入组 

 

    图源：公子夜殇 

 

    录入：kid 

 

    我没打算要一直盯着看。 

 

    只是没来由地看着而已，没有别的意思。可是仙台同学没有解开她制服衬衫上面算来的第二颗扣子。 

 

    一如往常的放学后、一如往常的房间。 

 

    唯有仙台同学不一样。 

 

    虽然她在学校只会解开衬衫最上面的扣子，不过到我房间里之后，总是会连第二颗扣子都解开，简直就像是有这条规则存在。然而今天第二颗扣子依旧扣得好好的。 

 

    静不下心来。 

 

    若要追究她没解开扣子的原因，我想应该得归咎于我们经历了一个「做了不同于以往行为的暑假」。 

 

    假日不碰面。 

 

    定下这条规则的仙台同学自己更改规则，在暑假以「家教」的身分来到我家。 

 

    改变的这条规则，创造了我以每周三次的频率与仙台同学碰面的暑假，甚至创造出除了念书这个目的以外的事情。 

 

    跑去仙台同学家、和她玩假扮朋友游戏、下了太过火的命令。 

 

    我们本来应该只是要一起念书而已，却做了许多平常不会做的事。 

 

    「今天的命令是什么？」 

 

    我听到她从宽得足以让我们并肩而坐的桌子另一侧这么说，抬眼望向她。 

 

    在这之前，来到这房间里的仙台同学和今天一样，没有解开上面数来的第二颗扣子。可是在暑假结束，进入九月后我们第一次碰面的那天，她有解开。 

 

    由于仙台同学有时会解开扣子，有时不会解开，我再怎么介意这件事也毫无意义。之前我也没说什么，选择忽视",
3519,153113," ★☆★☆★☆轻小说文库(Www.WenKu8.com)☆★☆★☆★ 

  第四卷 第1话 这不是在拜托仙台同学  
     台版 转自 百合会 

 

    轻之国度录入组 

 

    图源：初奈大小姐的仆从 

 

    录入：初奈大小姐的仆从 

 

    时间来到了十二月。尽管如此，也不代表生活有什么剧烈转变。 

 

    还是老样子有考试，我也依旧持续会叫仙台同学到我房里来。 

 

    今天她也听从我的命令，没问我这个月初的期末考成绩就回去了。 

 

    所以她不知道我的成绩比预期更好。倒不是希望她知道我的考试成绩，然而期中考时她明明叫我要给她看成绩，对期末考成绩却不闻不问，让人很不高兴。 

 

    追根究柢，仙台同学都特地把我叫到音乐准备室，询问有关大学的事了，却完全不问期末考成绩，感觉很不自然。因为她之前很想知道我打算报考哪间大学，又叫我跟她报考同一所大学，要是不多少在意一下我的考试结果就奇怪了。她甚至说过「如果我们上了同一所或邻近的大学，可以一起出去吃饭的话感觉会很开心」这种不知该说具体或抽象的事情。总觉得实在不像是一个说过这种话的人该有的行为。 

 

    讲是这样讲，但特地把自己的成绩告诉她，感觉也很奇怪，所以我不打算主动跟她说。 

 

    如此一来，仙台同学既没有要问我考试成绩，我也不打算把成绩告诉她，彼此的意见是一致的。也就是说没有任何问题。 

 

    真要说起来，只有我会觉得她没问我考试成绩很奇怪吧。毕竟一般来说，没人会特地去问别人的成绩，这也不是需要告诉别人的事。仙台同学会想问我的期中考成绩只是一时兴起罢了，她对期末考成绩并没有太大的兴趣。 

 

    八成是这么回事，这样想就对了。 

 

    一定是因为我把考试成绩看得太重要了。 

 

    铁定是这样",
3519,157441," ★☆★☆★☆轻小说文库(Www.WenKu8.com)☆★☆★☆★ 

  第五卷 在一个屋檐下，属于两人的秘密 第1话 过去我和宫城的那些理所当然  
     台版 转自 百合会 

 

    轻之国度录入组 

 

    图源：初奈大小姐的仆从 

 

    录入：初奈大小姐的仆从 

 

    时序来到春天，搬家工作也告一段落了。 

 

    成为大学生后，我过着不再从宫城那里拿五千圆的日子。 

 

    原本理所当然地存在于我们之间的五千圆消失后，每一天都很新奇。早上起床就能看见宫城。对她说「早安」，她也会回应一句「早安」。如同我们在毕业典礼那天的决定，我和宫城成为合租室友。即使上了不同的大学，我们也住在同一个地方。 

 

    这次的期限是四年。 

 

    到大学毕业为止，我们会住在一起。 

 

    换句话说，我将和宫城度过更长一段时光，远远超过先前相处的时间。然而，比起和明明有听到我说话，却毫无反应的家人住在一起，我觉得现在反而能过着更像个人的生活。 

 

    话虽如此，我和宫城的生活并非一帆风顺。 

 

    还是存在不少问题。可是宫城不让我去解决。 

 

    我从流理台下抽出牛奶锅。短暂犹豫后，倒入足以泡两人份红茶的水，放到炉上加热。 

 

    作为我们共用空间的这个开放式厨房里，没有快煮壶或煮水壶。 

 

    我已经把必要的东西全带过来，也买齐了欠缺的物品。 

 

    原本是这么想的，但开始生活后，我发现还缺了不少东西。快煮壶就是其中之一。我很想去买，却因为宫城而迟迟无法成行。 

 

    叹气的同时，后方传来一阵脚步声。我于是转过身。 

 

    看见一脸睡意的宫城走出房间，我向她搭话。 

 

    「早安。」 

 

    「……早",
3519,160917," ★☆★☆★☆轻小说文库(Www.WenKu8.com)☆★☆★☆★ 

  第六卷 第1话 我对宫城的了解  
     网译版 转自 轻之国度 

 

    图源：初奈大小姐的仆从 

 

    翻译：流浪精灵、铃新晴、XiaoXinBlast、雨晟、kagayaki、洛缘 

 

    校对：绀野クリス 

 

    星期天的时候，我和宫城做了不能说是室友间该做的事情。 

 

    原本我就不觉得这件事不会对隔天造成任何影响，所以我有料到星期一早上宫城已经不在家了。我没想到那天她居然没回来，但考虑到她的性格，她选择不回来我也可以理解。 

 

    然而，我更没想到她会整整三天都不回来。 

 

    「我还以为她很快就会回来的。」 

 

    我叹了口气，把柳橙汁倒进杯子里。 

 

    等过了一天，她情绪平复下来后，她就会有些尴尬地回来。 

 

    一开始我是这样想的，但到了第四天的早晨，她依旧没有回来，这让我感到有些不安。 

 

    这是她接受我的请求所造成的结果，而我和她的关系仍然是室友，没有改变，不过我也理解她这种星期一早上很难用室友的身份面对我的心情。 

 

    我同样不知道该用什么表情面对她。 

 

    所以，我们需要一点时间。 

 

    可是，三天还是太长了。 

 

    我拿起装满柳橙汁的杯子，从公共区域回到自己的房间。 

 

    至于她去了哪里，我倒不是很担心。 

 

    「她大概是在宇都宫那里吧。」 

 

    我在床上坐下，喝掉半杯柳橙汁，将杯子放在桌上。 

 

    星期一我传讯息问她『你在宇都宫家吗？』之后，她只回覆我一句『你不用担心』，所以我认为自己的推测没错。如果不是，她应该会抱怨一句『我才没在舞香家』。 

 

   ",
3519,166567," ★☆★☆★☆轻小说文库(Www.WenKu8.com)☆★☆★☆★ 

  第七卷 第1话 我、宫城与暑假  
     网译版 转自 轻之国度 

 

    图源：初奈大小姐的仆从 

 

    翻译：洛缘、铃新晴、流浪精灵、雨晟、残秋与风、绀野クリス 

 

    校对：初奈大小姐的仆从、绀野クリス 

 

    在我触碰宫城的隔天，她离开了家里。 

 

    在她触碰我的隔天，她没有离开家里。 

 

    尽管有些尴尬，但她还是没有离开。我并没有像她那样离家出走，因此我们一起吃了早餐，还约好暑假期间一起去哪里逛逛。 

 

    在那之后过了不久，暑假开始了，至今已过去一周。 

 

    我们的约定依旧没有兑现。简单来说，就是我迟迟决定不了要去哪里。我负责决定目的地，也思考了几个备案，可就是没有能让我拍板决定的地方。 

 

    「宫城。」 

 

    我从床上轻轻拉了拉正坐在地板上看着漫画的宫城的头发。我懒散躺着的身体只是稍微碰到她，我就觉得心跳有些加快。 

 

    「仙台同学，你从刚才开始都在干嘛？」 

 

    背靠在床上的宫城依旧背对着我，把我的手拍掉。 

 

    我理解她的心情。 

 

    毕竟她在来到我的房间后，十分钟内就被我扯了三次头发。 

 

    「我只是觉得好闲啊。」 

 

    宫城没有回应我。 

 

    她的视线依旧放在她从自己房间带来的漫画上。 

 

    我很感谢现在的日子平和得就像她离家出走到进入暑假之间的事完全没发生过，但这样的她也让我有所不满。然而，再怎样我都说不出「我希望你别看漫画，来看我吧」这种话，而且我也不觉得自己能比漫画有意思。我在她心中的优先顺序应该没有那么高才对。 

 

    「这么闲的话，你就看这个去。」 
",
3525,146329," ★☆★☆★☆轻小说文库(Www.WenKu8.com)☆★☆★☆★ 

  第一卷 序章『红莲的剑姬①』  
     网译版 转自 轻之国度 

 

    图源：Kaito582 

 

    翻译：Kaito582 

 

    黑暗中闪过一道朱红色的光。 

 

    不，不是朱红色——是鲜红色。 

 

    醒目的鲜红色光芒划破夜空，画出几道鲜明的轨迹。 

 

    “你们已经无处可逃了。” 

 

    话语声响起。 

 

    声音不大，但铿锵有力，如铃铛声一般清脆。 

 

    “这个世界不是你们该涉足的地方。接受炎火的净化，老老实实回到你们原来的世界去吧。” 

 

    是一位少女。 

 

    大概十多岁。 

 

    她身穿校服，应该是一名学生。 

 

    但她的双眼炯炯有神，散发出一道刺目的红光，这不像是一名少女，倒像是一名大人。 

 

    “GRRRRRRR……” 

 

    黑暗中传来的低吼声震天动地，像是某种怪兽的声音，又像是某种排气声。 

 

    它的样子无法用言语形容。 

 

    硬要说的话，形容它是无面的冷漠猿猴……算是最贴切的。 

 

    “‘勒忒’……” 

 

    她口中说出的名字，显然指代的是面前这只异兽。 

 

    而少女的样貌也不一般。 

 

    从服装看只是名普通的学生。 

 

    但在黑夜之中，她的红发如同燃烧的烈火，鲜红的双眼如同两颗宝石，白花样式的发饰就好像顽强的意志正在徐徐绽放，她的手中还握着一把与身形不太相称的红色宝剑。 

 

    由于其他地方都极为普通，这鲜艳无比的红色便成为了少女身上最独特的闪光点。 

 

    “……接招！” 

 

    少女轻轻地向前一",
3542,147412," ★☆★☆★☆轻小说文库(Www.WenKu8.com)☆★☆★☆★ 

  第一卷 天使警察艾儿与胆小恶魔 序幕  
     台版 转自 深夜读书会 

 

    发布：深夜读书会 

 

    论坛：ritdon.com 

 

    此处为箱庭。 

 

    女王唯有一人。 

 

    万民终将知晓。 

 

    安稳延续千年，何其幸福与幸运。 

 

    ＊＊＊ 

 

    今晚夜色明亮。 

 

    皎洁明月灿然高挂。 

 

    那模样就好似一面镜子，漂浮在名为黑夜的漆黑湖面上。 

 

    毫无缺损的工整圆形，普照万家无灯的贫民窟。朝着好像以废品搭建的无数木造民房，大方地挥洒澄澈的光芒。不过，倘若问贫穷的人们是否欢迎明亮的夜晚，答案则是不一定。 

 

    月亮正是魔的象征。 

 

    在这般满月的夜里，往往有恶魔蠢动。 

 

    仿佛在证明这句话，有个人影在暗巷中奔驰。 

 

    女孩衣衫褴褛且光着脚丫奔跑，上气不接下气地跑过龟裂的红砖路。尽管破裂的裙子不时拦阻步伐，女孩还是拼了命奔跑。她奔跑有其理由。正用尽每分力气，想逃离身后的追兵。 

 

    追兵并非人类，而是蠢动的异形黑影。 

 

    那副身影丑陋且邪恶，是打从根基就扭曲的存在。 

 

    拥有百种野兽脸庞的骇人生物正爬行于女孩身后，不定型的躯干上长有好几颗狼或犬的头部。野兽们的尖牙擦出声响，然后低声嘶吼。无数条腿在本就荒废失修的路面刻下爪痕。每当它们显露残忍的杀意，血色的唾液便滴落地面。 

 

    女孩被那头怪物追逐的同时，发出可怜的惨叫声。 

 

    「噫噫噫、噫噫噫噫噫噫噫噫噫噫噫噫！」 

 

    『很好……很好……请你……更害怕一点……啊，这样不对。给我害",
3542,149292," ★☆★☆★☆轻小说文库(Www.WenKu8.com)☆★☆★☆★ 

  短篇 伊芙庆生短篇「为珍爱的你，庆祝重要的日子」  
     网译版 转自 轻之国度 

 

    图源：流哲不哼太 等 

 

    翻译：就不解散，气死他们（乐炸） 

 

    那是凛冬的一天。 

 
...
天使警察的宿舍里。还有，餐厅给出了『本日光顾的两位少女，约会太可爱了』的评价。不过对此……伊芙他们并不知情。   

 ◆◇◆◇◆◇◆◇◆◇◆◇◆◇◆◇◆◇◆◇◆◇◆◇◆◇◆◇◆◇◆◇◆◇◆ 
更多精彩热门日本轻小说、动漫小说，轻小说文库(http://www.wenku8.com) 为你一网打尽！ ",
3542,157192," ★☆★☆★☆轻小说文库(Www.WenKu8.com)☆★☆★☆★ 

  第二卷 孤高的吸血鬼与孤独的迷途猫 序幕  
     网译版 转自 轻之国度 

 

    图源：流哲不哼太 

 

    翻译：轻国读者民风彪悍生翅者不食幞头带腿者不食案几案 

 

    满盈圆月泛着熟透的红。 

 

    但是，这仅仅是映入她视野中的模样。 

 

    她眼睛里流进了不少的血。她浑身浴血，累及强调她完美胸部形状的礼服，有回溅到的血，也有她自己的血。映入她视野的一切，如今全都染成了血淋淋的鲜红色。她知道，头上高悬的月亮此刻其实正撒着白灿灿的光芒。但纵然月光皓洁，映在她眼里也只能是一团红色斑迹——但这无关紧要。 

 

    她觉得其实这样也好。 

 

    因为，她是鲜血之王。 

 

    她心想，这枯树，这沼泽，这一切，直至这片荒野的尽头，全都沉没在鲜红中才好。这缀着浓黑阴影的山丘也染尽鲜血才好。如此一来，她的孤独兴许就能稍许弥合吧。她或许就会萌生错觉，会觉得还有世界愿意为自己这个孤独的王，为自己这个尊贵的公主作伴。但同时，她也非常清楚。 

 

    那样的日子不会到来。 

 

    她自始至终孤身一人。 

 

    永远形单影只。 

 

    但是，如此惆怅并不符合她的风格。她知道，孤独不是痛苦，孤独不是悲哀，孤独不是恸哭，孤独不是刑罚，孤独不是代价，孤独至高无上。正因如此，吸血鬼歌颂孤独。然而—— 

 

    她还是会觉得，好寂寞啊。 

 

    她确实曾有过这样的感受。 

 

    而在战场上，不必要的惆怅足以致命。 

 

    下一刻，她被银橛子深深贯穿了胸膛。 

 

    「——大意了啊？这可不像你」 

 

    站在眼前的猎人开口说道。打出凶器的不是别人，正是这个",
3542,159751," ★☆★☆★☆轻小说文库(Www.WenKu8.com)☆★☆★☆★ 

  第三卷 空白的圣女和半颗苹果 序幕  
     网译版 转自 轻之国度 

 

    图源：流哲不哼太 

 

    翻译：这尾巴好顶，好想给老婆也安装一个 

 

    说来，那里就是恶魔的玩具箱。 

 

    好多的小孩子被关在四面由石墙组成，连个窗户都没有没有的屋子里。 

 

    还很年幼的少年少女搂着双腿，一动不动地坐在坚硬的地板上。其中有的孩子，甚至脏得连性别都无法辨别。他们一个个看上去都很不幸，两眼无神，目光空洞。呆滞的眼球之中，没有浮现出一丝能称之为光的东西。 

 

    他们尽管活着，却像是死了一样。 

 

    在这个逼仄而又冰冷的空间里，不时响起呻吟和微弱的抽泣。但是，没有小孩子发出很大的声音。他们对于被强迫待在闭塞又不卫生的环境中，没有任何人表示不满。 

 

    没有任何人求救。 

 

    这也很正常。因为，这里的小孩子都已经认清现实了。 

 

    他们已经充分地切身体会过了。自己在恶魔眼中不过是玩具而已，而下场就是被随性地杀掉。人偶在那儿吵吵闹闹地哭喊，当然不会有人来救。大哭大喊只会让人嫌吵，让自己死期提前。小孩子们正因为明白这个道理，所以都像静物一样一直保持沉默。 

 

    安安静静的这群孩子们当中，还有她的身影。 

 

    大家都像死人一样紧闭着嘴。她也一样屏气慑息地垂着头。 

 

    她已经不记得自己被带到这里多少天了，甚至五岁开始的记忆都已模糊不清。即使强行去回忆，眼前也只能浮现出包裹在灰雾之中的痛苦残片。但是，过去并不是这样。 

 

    她的出身虽然并不富裕，但是个平凡而幸福的孩子。她的父母一直以来对天使的傲慢俯首，对兽人的依附蔑视，躲着恶魔与吸血鬼。 

 

   ",
3547,147740," ★☆★☆★☆轻小说文库(Www.WenKu8.com)☆★☆★☆★ 

  第一卷 序章 像是女高中生侦探物语终章的玩意  
     网译版 转自 轻之国度 

 

    翻译：Yuol 

 

    一 

 

    没错，我是助手，并为之感到无比骄傲自豪。 

 

    我紧盯着，凝视着，一分一秒也不移开视线。 

 

    “优，太耀眼了，眼睛别再发光了。” 

 

    就算小爱这么说，我眼中如激光般闪烁着侦探之爱的光芒仍不会消退。 

 

    因为我此刻正目睹着名侦探的夺目之姿。 

 

    傲立于大厅中央，那个名侦探·美智驱爱的英姿。 

 

    作为她的助手，本人──取手优（とりでユウ）正注视着。 

 

    身穿校服的绰约妙姿与丝滑的茶色齐颈短发相映成趣，仿佛身披天使般的光环。 

 

    下午的阳光透过房间排列的窗户，在约三十名嫌疑犯的脸上透出阴影。空气仿佛凝结般剑拔弩张、一触即发。 

 

    在这种氛围中，身穿校服的小个子侦探缓缓开口。 

 

    “接下来，我将为大家讲述这起连环杀人事件的真相。这是一宗极其恶劣且狡猾的犯罪。犯人巧妙地摆脱了一切嫌疑，始终躲避在安全区内，并最终实现了他的目标。我以前从未遇到过如此老奸巨猾的犯人。” 

 

    声音在房间中回响，凝聚着认真的目光。 

 

    我作为小爱的助手，坐在最近的座位上，静静地守望着她的此刻。 

 

    好帅！让人心动！好想把小爱……抱起来！从美少女口中说出『老奸巨猾』这样的高深词汇，真是太棒了！ 

 

    ──推理，就是用铁拳粉碎一切。 

 

    这是小爱的语言。将对象分解成无数部分，彻底击碎，甚至改变其原本的状态，让真相震撼所有听众，她将其称为铁拳（punch）。 

 

    当小",
3547,149476," ★☆★☆★☆轻小说文库(Www.WenKu8.com)☆★☆★☆★ 

  第二卷 严禁剧透症候群 登场人物  
     网译版 转自 轻之国度 

 

    图源：Yuol 

 

    翻译：Yuol 

 

    伊达清助（享年八十七）伊达家的前当家。已逝。 

 

    真寻（十七）清助与小夜子私下所生的孩子。 

 

    晴美（八十五）清助的妻子。 

 

    阳介（六十）伊达家的现当家。 

 

    郁美（五十五）阳介的妻子。 

 

    美由（三十五）阳介与郁美的长女。 

 

    秀一（三十八）美由的丈夫。 

 

    知也（三十二）阳介与郁美的长子。 

 

    聪（三十）阳介与郁美的次子。 

 

    奥小夜子（享年四十一）清助的情人、真寻的母亲。已逝。 

 

    美作望（十八）真寻的婚约者。 

 

    灰野翔太（十八）知也的工作助手 

 

    马场英一（五十五）长年服侍伊达家的管家 

 

    瑠璃正美（十六）作为女仆与马场一同服侍伊达家 

 

    美智驱岭司（十六）警视厅搜查一课的刑警。爱的亲哥哥。 

 

    美智驱爱（十七）名侦探。 

 

    取手优（十七）爱的助手。   

  第二卷 严禁剧透症候群 致读者的挑战书  
     在本作中有一些角色身怀重要的秘密。我已经巧妙地将它们隐藏起来，不让各位轻易发现。 

 

    此秘密在本作中拥有至关重要的意义，如果各位读者留心观察，会在故事中的各处找到蛛丝马迹，任何人都可以凭借这些线索揭示秘密。 

 

    因此，我在此发出挑战书。 

 

    角色所隐藏的秘密是什么？ 

 

    请尽情发挥你的聪明才智，解开这个谜题。 

 

    对于那些在故事中",
3558,148375," ★☆★☆★☆轻小说文库(Www.WenKu8.com)☆★☆★☆★ 

  第一卷 序 鬼眠炎焰之梦  
     网译版 转自 轻之国度 

 

    翻译：悠下一 

 

    校对：ゆうかいち 

 

    嵌字：ごくもんなでしこ 

 

    图源：伏见稲荷大社の巫女dbq 

 

    ——我初次所见，乃荼毗之焰。 

 

    ——不知何故，那焚骸之火的颜色，我仍记得。 

 

    『晚霞渐褪……』裂痕斑驳的防灾无线设备响起声音。 

 

    那略显凄凉的歌谣，向人们宣告黄昏的来临，亦是婉转的警告。 

 

    吃人的时间要到了…… 

 

    回不了家前快快回…… 

 

    少女漫不经心地听着，那渐渐融入暮色的旋律。 

 

    她俯瞰着好比色泽光亮的棋盘的城镇——脚踏在浸透那石板路的赤色之上。 

 

    「抚子……狱门抚子。」 

 

    身着和服便装的男人呼唤着她的名字，少女——狱门抚子回过头来。 

 

    这是一个无比美丽的少女。 

 

    目测约莫十六、七岁。乳茶色的头发长及后背。瞳眸赤红而澄澈。头发上别着瞿麦造型的发夹。白瓷般的肌肤裹着水手服。<注：瞿麦，又名抚子> 

 

    那如洋娃娃般的容颜，此刻被着染得绯红而妖艳。 

 

    「你原来不是人而是野兽吗？」 

 

    「……说得真过分啊。」 

 

    抚子用手指拭去抹在脸上的红色，带着不满的表情将手指移至嘴唇。 

 

    「我也想漂亮地解决掉。但是嘛……」 

 

    抚子用舌头缠绕着湿润的指尖，环顾四周。 

 

    地点在京都市郊外——忌火山。过去被称作鸟边野的地方就在这附近。苍郁的山林自古以来便被疑为鬼的栖身之所，少有人类踏足。 

 

    ",
3558,151754," ★☆★☆★☆轻小说文库(Www.WenKu8.com)☆★☆★☆★ 

  第二卷 赤红太阳之神去闾里 序 魑祟沉，天狗浮  
     网译版 转自 轻之国度 

 

    翻译：悠下一 

 

    校对：ゆうかいち 

 

    嵌字：ごくもんなでしこ 

 

    图源：伏见稲荷大社の巫女dbq 

 

    公元前——星落的青丘山顶，一位女子正在下棋。 

 

    此山秀美。在这宝玉筑地的山阿，于其暮夜，天地间繁星似锦。 

 

    「……要好好记住我的话。」 

 

    女子的脸庞为绢布所遮掩。尽管如此，她仍流露出一种令人屏息的气质。 

 

    「我虽即将远去，但对你仍有些许挂念。宿体星气的干扰，又或是原本灵魂的歪曲……总之，如此天性应会为你招致无数痛苦。」 

 

    女子将白子叩下，执黑者则露出困惑的神情。 

 

    挟黑子的指甲尖利，青蓝如琉璃。耀眼的金发，每当身体有所动作便会闪闪发亮。 

 

    「所以呢，就由女娲我再教你些尘世之事。」 

 

    此为永夜，些许繁星流落。几般神秘，自女娲口中道出。 

 

    「——天狗与鬼有何不同。它们都是人的业果吧。」 

 

    执黑者问道，而女娲则用指尖轻叩棋盘。 

 

    一枚白子从棋盘上浮起——仅此而已。棋子静止于空中。 

 

    「此为天狗。因其灵便，可飞往任何地方，而由其空洞，却是无法抵至任何去处。」 

 

    紧接着，女娲又从棋盘上取走一枚黑子，递给对面。 

 

    棋子落入执黑者手中。但很快，黑子便落向了棋盘。 

 

    列布的棋子震颤，紫檀的棋盘上出现裂痕。 

 

    「此为鬼。被执念的锁链囚禁，相比人更放大人性，因而沉沦。」 

 

    「原来如此。我明白",
3558,157333," ★☆★☆★☆轻小说文库(Www.WenKu8.com)☆★☆★☆★ 

  第三卷 修罗巷中设宴 序 修罗梦几时  
     网译版 转自 百合会 

 

    翻译：路人y 

 

    校对：hasumi 

 

    ——人即鬼也，鬼即人也。 

 

    烟从火葬场升起那天，是姐姐的忌辰。 

 

    ————月光笼罩朦胧雨幕。 

 

    春雨柔和，似乎连落在山中的青黑色也变得稀薄。然而，却无法净化山林中灼烧的气味。 

 

    血、灰、火焰。这里已深陷地狱。 

 

    忌火山——在这座月光和夜雨倾洒的山上，杀戮频繁发生。 

 

    出生于狱门家便意味着卷入血与火的漩涡。更何况，那些冠以花之名的女子，不论愿意与否，都注定踏上尸山血河的道路。 

 

    以天诛为嗜好的狱门龙胆，对尸蜡偏执的狱门向日葵，昼夜沉迷于辻斩的狱门椿——。 

 

    椿最终被自己的次女华珠沙，活生生一刀一刀削杀而死。 

 

    反复进行肃清和屠杀的华珠沙，最终被女儿桂子刺杀。桂子也在母亲死后一年去世。桂子的女儿是柘榴，她意图和最小的孩子一起自杀，但只有柘榴一人死去。 

 

    柘榴的遗体由她的儿子桐比等举行茶毗之葬。 

 

    *茶毗，古时用语，火葬的委婉说法 

 

    之后，他一次又一次火化了弟弟，妹妹，甚至双胞胎兄弟——冷静地进行火葬。 

 

    最后被迫烧死的是怀孕的姐姐。 

 

    尽管她还有呼吸，可是桐比等什么都做不了。 

 

    最终，遭遇灭顶之灾的狱门家崩溃了。忌火山陷入漫长的寂静。 

 

    那个不祥的火葬场本应永远封锁。 

 

    然而，烟却升起了。春天的夜晚，一缕白烟宛如指向月亮般飘散。 

 

    「为何……」 

 

  ",
3558,163586," ★☆★☆★☆轻小说文库(Www.WenKu8.com)☆★☆★☆★ 

  短篇 大御礼感谢特别篇  
     网译版 转自 百合会 

 

    翻译：yjxsfyq 

 

    注：本短篇发布于第一卷发售后，文中时间节点为第一卷和第二卷之间 

 

    「你知道首实检的兼职吗？」 

 

    *首实检，是指在前近代时期，配下的武士在战场上取得的敌方首级（或战利品）由大将进行身份确认的过程。这个过程是决定其配下武士论功行赏的重要依据。这也是一个核实是否确实是申报者本人所取得战功的场合。 

 

    星期六的下午——条坊咖啡馆。 

 

    听到这过于可疑的话语，狱门抚子停下了伸向茶杯的手。 

 

    正对面的座位上，无花果天娜优雅地摇着扇子。 

 

    「……什么样的兼职？」 

 

    「就是首实检的兼职嘛。没听说过吗？」 

 

    「不可能听过吧，这种可疑的兼职……」 

 

    抚子叹了口气，喝了口略带咸味的茶水。 

 

    今天选择的是一月上半期间限定的大福茶套餐。 

 

    为了祈愿无病无灾，茶水中放入了海带结和梅干。 

 

    茶点心也是小巧的红白大福，非常喜庆。 

 

    「所以呢？所谓首实验的兼职，到底是做什么样的实验兼职？」 

 

    「不对，抚子，是首『实检』，这样写的哦」 

 

    天娜取出手机，并输入『首实检』给抚子看。 

 

    首实检——据闻曾有过这种事情。那是在日本的野蛮时代，为了确认被击败敌人的身份，由大将公开检查首级的行为。 

 

    「就是说检查头颅的打工吗？更让人搞不懂了……」 

 

    「我也很惊讶，本以为只是荒谬的都市传说而已」 

 

    天娜带着一如往常略显轻佻的微笑，说着的同",
3558,165280," ★☆★☆★☆轻小说文库(Www.WenKu8.com)☆★☆★☆★ 

  第四卷 自狐窗窥君 序 明日已无岁月可言  
     网译版 转自 轻之国度 

 

    翻译：悠下一 

 

    校对：ゆうかいち 

 

    嵌字：ごくもんなでしこ 

 

    图源：伏见稲荷大社の巫女dbq 

 

    ────那是一个雨后的夜晚。 

 

    淡青色的薄暮里，街灯三三两两地亮了起来。 

 

    在红灯禁行的十字路口，一名身穿白衣的女子独自伫立。 

 

    她一只手握着手机，另一只手抱着一个圆滚滚的布偶。 

 

    「到时间了呢。差不多，该动身了。」 

 

    收起手机，女子提起了放在脚边的行李箱。 

 

    锵──一股寒气刺痛了耳朵。女子停下动作，抬起了头。一片花瓣般的白色碎片落在她毫无表情的脸上，逐渐融化。 

 

    「……又来了吗。」 

 

    女子戴着的圆框眼镜，在强烈的光芒中泛起白光。 

 

    一团青白色的火球划破薄暮。它发出刺耳的尖啸，停在了女子的眼前。 

 

    在熊熊燃烧的烈焰对面，立着一个黑影。 

 

    《是你啊，该死的人贩子！真是学不乖，又跑出来了！》 

 

    可怖的言语，被一声枪响彻底淹没。 

 

    黑影向后一仰。戴圆框眼镜的女子枪口不移，缓缓向后退去。 

 

    《叽嘻哈哈哈哈哈！你以为这种铅弹就能吓住我吗，啊？今天我非要逮住你，把你那碍眼的隐身术给揭开不可！》 

 

    「我拒绝。那么，再会了。」 

 

    女子一边连续扣动扳机，一边飞奔而出，白色的衣摆如尾巴般拖在身后。 

 

    那浮在火焰中的黑影尽数吞下射出的子弹，发出了阵阵哄笑。转瞬之间，震天动地的轰鸣声中，火球无视十字路",
3560,148430," ★☆★☆★☆轻小说文库(Www.WenKu8.com)☆★☆★☆★ 

  第一卷 序章 初始之歌  
     台版 转自 天使动漫论坛 

 

    轻书架×天使动漫录入组 

 

    图源：公子夜殇 

 

    录入：kid 

 

    这里是千年城市。由龙所守护的永恒之都&#9834; 

 

    今天也是幸福的一天开始&#9834;明天，后天，也依然如此&#9834; 

 

    来吧，在丰盛的日子里，让我们笑着、跳着，度过生活&#9834; 

 

    向守护龙大人歌咏&#9834;表达感激之情、喜悦之情&#9834; 

 

    这里是千年城市。龙都鲁德贝基亚&#9834;是我们的乐园啊&#9834; 

 

    ──来自鲁德贝基亚的都歌 

 

    对我来说，这一首鲁德贝基亚都歌，不仅是摇篮曲，也是我追逐梦想的契机。 

 

    正当我兴高采烈地哼着歌时，我的挚友瑟丝卡以「败给你」的口吻说道： 

 

    「你还真不会腻啊，蕾妮。」 

 

    瑟丝卡是一名拥有深蓝色头发及瞳孔如同紫水晶般的少女，明明与我同龄，她却给人一种不管到哪里都散发出沉熟稳重的气息。 

 

    由于她的态度总是让人觉得有些冷淡，因此朋友很少。 

 

    通常她都会与我一起行动，今天也依然如此。 

 

    「这首歌真好听！不管唱几遍都不会腻！」 

 

    「每天听你这样唱，难道你都不会腻吗？」 

 

    「才不腻呢──！」 

 

    面对边耸肩边说道的瑟丝卡，我鼓起了脸颊。 

 

    瑟丝卡就是因为是个现实主义者，所以个性一点也不讨喜，根本就不可爱！ 

 

    「你才容易就感到厌烦，这样才不好哦。」 

 

    「好了好了，你要向我说教的话就",
3585,149565," ★☆★☆★☆轻小说文库(Www.WenKu8.com)☆★☆★☆★ 

  第一卷 序章  
     台版 转自 天使动漫论坛 

 

    轻书架×天使动漫录入组 

 

    图源：公子夜殇 

 

    录入：kid 

 

    如果有人对我说，可以为我消除三样自己讨厌的人事物，我大概会拜托他让战争、贫穷，还有梅园小牧从这个世界上消失。 

 

    梅园小牧。 

 

    在旁人眼里，她是个完美的人。 

 

    不仅性格好、运动神经出色，连成绩也相当优异。有人说，她是个一点缺点都没有的美女，实际上，有源源不绝的男生向小牧告白。 

 

    可是，大家都不晓得小牧的真面目。她真正的性格恶劣至极，与她美丽的脸蛋完全成反比，而且还非常歹毒，总是用她那对圆圆大眼藐视其他人。 

 

    就连现在也一样，看吧。 

 

    「唉，还没准备好吗？」 

 

    她坐在桌子上俯视着我，还摆出一副高高在上的姿态翘着脚，用脚尖一下一下地戳着我的肩膀。我紧紧抿着嘴唇，表达着我的不满。 

 

    「你那表情是怎样？输的人是谁呀？」 

 

    她用不怀好意的声音对我这么说道。她这种语气让我想起了在电视剧里会霸凌下属的那种上司。 

 

    我确实输了。 

 

    说要用这次的期中考成绩来一决胜负的人是我，提出要加上「输的人要向赢的人献上尊严」这个条件的人则是小牧。 

 

    「快来吧，喏。」 

 

    小牧用食指点在自己的嘴唇上。我曾听班上的男生说过，小牧抹上润色护唇膏的嘴唇看起来非常柔软，让人很想亲吻看看。在我这个同性眼里看来，小牧的嘴唇确实很迷人，但是我不曾有过想亲她的想法。 

 

    她再怎么漂亮，我们终究是同性，更何况小牧的性格那么差。 

 

    「若叶，你",
3585,152730," ★☆★☆★☆轻小说文库(Www.WenKu8.com)☆★☆★☆★ 

  第二卷 序章  
     网译版 转自 百合会 

 

    翻译：诽夜 

 

    后翻上杠。 

 

    升上高中之后，我甚至不会想去做的运动，但在小学三年级的时候，我却拼命的想要去学会它。 

 

    而这其中的原因只有一个。 

 

    「若叶。差不多该回去了吧」 

 

    天空从橙色开始转换为群青色的时间。小牧闲着没事摸着单杠说道。 

 

    乖孩子该回家了——在播放着这个广播后过了一段时间，公园已经没有其他人了。 

 

    直到其他学校的孩子互相道别的声音也从耳边消失，剩下的就只有寂静及我们两人。 

 

    「不要。绝对不回去。今天在还没学会后翻上杠以前，我绝对不会回去的！」 

 

    「你之前这么说着，弄到很晚才回去，结果不是被母亲骂到哭了」 

 

    「才没有哭！那只是疲劳从眼里冒出来而已！」 

 

    都小学三年级了还不会后翻上杠，这让我感到很羞耻。 

 

    班上大部分的孩子都能够轻松的就做到后翻上杠了。小牧也让人怀疑是不是水车般能够一直翻转着。 

 

    如果就这么不会后翻上杠的过活的话，感觉就输了，这样还想赢过小牧根本就是痴人说梦。 

 

    我抱着这样的心情，在这一个月无论是刮风下雨，都持续练习着后翻上杠。 

 

    &#8943;&#8943;这当然是说笑的。 

 

    再怎么说下雨天还是会休息的，而且母亲说要买蜜瓜蛋糕回来的日子，我也会马上杀回家。不过，即使如此我还是很认真的。 

 

    「就算不会后翻上杠，若叶还是若叶啊」 

 

    如此说着，小牧若无其事的做了后翻上杠。 

 

    她的裙子轻轻摇摆着，在比平时高的地方",
3585,156682," ★☆★☆★☆轻小说文库(Www.WenKu8.com)☆★☆★☆★ 

  短篇 所谓的若叶感  
     网译版 转自 百合会 

 

    翻译：诽夜 

 

    我亲手做的料理，她说是「若叶感的味道」，坐在我的床上时，说了「有若叶的味道」。 

 

    小牧就是这样的人。 

 

    虽然她说是有着乳臭味，但实际上我到底是怎样的一个味道呢？不如说，她所谓的有我的感觉是什么？ 

 

    当然她只是随便说说的可能性很高，所以去认真面对也很愚蠢。即使这么想，我还是在自己的房间动了一个手脚。 

 

    「来来，快请吧」 

 

    「&#8943;&#8943;打扰了」 

 

    我将小牧邀请到家里，就这么将她带往房间。 

 

    她还是依旧把我家当做是在自己家一般走着，在走廊与母亲差身而过时，也用着爽朗的笑容对应着。 

 

    到底是怎样。 

 

    也太表里不一了，已经什么都搞不懂了。但事到如今来到我家还会感到紧张，那我也会很困扰就是了。 

 

    「&#8943;&#8943;若叶」 

 

    一进到我的房间，她马上就坐到我的床上躺了下来。 

 

    动作实在是太迅速，使我连抱怨的闲暇都没有。 

 

    「怎么？」 

 

    「你换了柔软剂了吧」 

 

    「&#8943;&#8943;！」 

 

    太惊讶了。我动的手脚正是这个。 

 

    就在不久之前，我拜托母亲换了和平时用的相同，但味道稍微不同的柔软剂。 

 

    这全是为了确认那所谓我的感觉。 

 

    「真亏你能察觉呢。明明和平时的几乎没什么差别」 

 

    「是若叶你搞的鬼吧。你这种小聪明对我可是没用的。&#8943;&#8943;为什么换了",
3585,156877," ★☆★☆★☆轻小说文库(Www.WenKu8.com)☆★☆★☆★ 

  第三卷 序章  
     网译版 转自 百合会 

 

    翻译：诽夜 

 

    虽然我也没资格说别人什么，但我觉得小牧她很怪。 

 

    在那边说着讨厌我，却会准备蜜瓜苏打，偶尔还会莫名的温柔，更重要的是—— 

 

    暑假结束后那天，我朝她挥手时，她也挥手回应我了。 

 

    也不是说那是又能怎样。挥手然后被挥手而来，至今也和朋友做过几次。所以就算被小牧回应了，本来也不觉得有什么的。 

 

    然而我却—— 

 

    感到了喜悦。她仅是微微挥动了手，我的胸口就像是被揪住般感到喜悦。觉得就算将自己委身于她也可以般，心情满溢而出的感觉。 

 

    像个傻子似的。 

 

    为什么我会对于被别人这么做不会有什么感觉的行为，换成小牧就无法装作镇定呢？ 

 

    我对于小牧的这份心情到底是。 

 

    「&#8943;&#8943;喜欢」 

 

    应该不是。 

 

    但若是问我是不是讨厌的话，我也不是很清楚。 

 

    结果这感情还是依旧在无法理解的情况下，在我的内心持续旋转着。 

 

    在我不禁想要叹气时，放在床上的手机发出震动。看来是有来电的样子。 

 

    「&#8943;&#8943;呿」 

 

    我喊出声来。 

 

    上头显示的名字是夏织。 

 

    不，也不是说讨厌夏织，不如说她算是在喜欢的一类。不过在礼拜六早上打电话来，感觉就有蹊跷。她绝对是要提出意想不到的奇怪提案。 

 

    老实说我不是很想接。和小牧不同，夏织是朋友，所以没有不接的选项。我无奈的拿起手机，按下接听按钮。 

 

    「若叶！去被搭讪吧！」 

 ",
3585,162175," ★☆★☆★☆轻小说文库(Www.WenKu8.com)☆★☆★☆★ 

  第四卷 序章  
     网译版 转自 百合会 

 

    翻译：诽夜 

 

    「小牧」 

 

    听见若叶的声音，我转过头。站在那里的，是比现在小得多的若叶，我不禁「诶」了一声。 

 

    「小牧」 

 

    再转过头，这次是穿着初中制服的若叶。最近看惯她穿西装外套，所以这身水手服装扮显得格外新鲜。 

 

    「小牧」 

 

    又一声呼唤传来。循声望去，是平日那个穿着高中制服的若叶，她正微笑着朝我走来。 

 

    三个若叶从不同方向逼近。光是被她包围就心跳加速，要是再靠近会怎样……带着些许不安与满怀期待——三个若叶，不就是三倍幸福吗？ 

 

    「小牧！」 

 

    啪地睁开双眼。 

 

    若叶的脸庞占满整个视野。我下意识扭过头。 

 

    「若叶？奇怪，小学生和初中生的若叶呢……？」 

 

    「你做了什么梦呀……？」 

 

    若叶略带困惑地轻声说道，在床边坐了下来。眼前这个穿着高中制服的若叶如此真实，让我确信刚才所看见的全是梦境。是因为若叶来到我房间，才会梦见她吗？但这梦实在太直白，把我内心的欲望全暴露了。 

 

    不，等等。 

 

    「……若叶！？」 

 

    我整个人弹了起来。 

 

    为什么若叶会在我房里？现在的我根本不能见人，头发肯定乱糟糟的，为了好睡，睡衣扣子还解开好几颗，简直邋遢得不行。 

 

    不过如果若叶是这般模样，我肯定会觉得可爱。说不定会拍上百张照片。 

 

    说到底，我还是想在若叶面前展现最好的自己。 

 

    所以就算和她一起睡，我也绝对会比她先醒来，整理好头发、化好妆、检查衣服是否整",
3590,149859," ★☆★☆★☆轻小说文库(Www.WenKu8.com)☆★☆★☆★ 

  第一卷 第一章 降入沙漠的雨  
     网译版 转自 轻之国度 

 

    翻译：比你鸽子的烟雨比你勤奋的凌风镜花水月 

 

    图源：比你可爱的uu姐 

 

    星。 

 

    自我散发光芒之物。 

 

    照亮漆黑夜路之物。 

 

    编织满天星座之物。 

 

    曾降落时间，毁灭世界之物。 

 

    －－－－－－－－－－－ 

 

    一位少女在沙丘上独自奔跑。 

 

    「…………」 

 

    吹过的风与酷晒的阳光都没有让少女脸上泛起一丝波澜。 

 

    从黎明开始奔跑，直到此刻，太阳已经完全升起。轻盈的脚步声保持着均匀节奏响起，但这声音很快便被狂风所吞没。少女那仿佛夜空和海底般深蓝的齐肩长发在风中飘荡，细密的汗水也随之起舞。 

 

    沙丘之上会狂风大作。少女已经忘记她是从谁那里听说这句话的了。 

 

    「…………接下来……」 

 

    还有多远来着。少女如此呢喃一句，终于，她明白了自己没有办法确定自己已经跑了多远，于是停下了脚步。 

 

    就像是看准了这个时机一般，少女紧握的手里响起一阵低沉的振动声响。除了身上的衣服，这移动通讯终端这便是少女唯一的所有物了。她按了几下，接通了电话。 

 

    「喂？」 

 

    『……早上好。今天早上天气真不错。』 

 

    机械对面传来的男性声音，与话语内容相反显得相当不开心。 

 

    『你周围风声好像很强。你现在在哪里？』 

 

    「诶……？在那里？呃，哪里呢。」 

 

    她完全无法对这个问题做出任何回答。 

 

    「总之是沙漠（、 、）对吧。」 

 
",
3590,152213," ★☆★☆★☆轻小说文库(Www.WenKu8.com)☆★☆★☆★ 

  第二卷 第一章 红满天  
     网译版 转自 轻之国度 

 

    翻译：彩酱，堂堂复活 

 

    校对：如活，指活了，但没完全活 

 

    嵌字：估计是没人了 

 

    图源：uu 

 

    「哇啊……！小莲，快看快看！夕阳好漂亮！」 

 

    莲最初认为这不可能是夕阳。 

 

    距离太阳升起不过数个小时。 

 

    既然太阳已经升起，便不可能是朝霞了。 

 

    她也知道，增加了一名乘客、从『花园』出发的心动列车（emo track）正向着『铁之国』……东方前进。当然，太阳落山的方位并非这个方向。 

 

    但在莲的认知中，如此赤红的光只能是夕阳。 

 

    「诶嘿嘿。这和『沙之国』能看见的景象完全不同，总感觉好有趣。」 

 

    一旁的哈娜欢闹着，侧脸看上去相当开心。 

 

    她眼里倒映的颜色，一定与面前广阔的世界相同吧。 

 

    但是，现在的莲无法盯着窗外观赏景色。 

 

    「……那是『赤红太阳』。」 

 

    隔着莲，芙蕾娅坐在哈娜的正对面，有些呆滞地小声说了一句。 

 

    「太……阳？」 

 

    「不是真的太阳。只是徒有其名的共心石结晶（symposium）。无论在这个国家的何处都能看得见，是『铁之国』的中心和象征。」 

 

    眼前给世界染上赤红的光芒，在莲眼里无比恐怖。 

 

    越是前进，越是靠近，天空与大地便越是赤红。 

 

    一望无垠的广阔沙漠之上的蓝天，连半点影子都见不到。 

 

    「之前还真是没想过能有一天会给你们说这些事情……欢迎来到『铁之国』。」 

 

    啊，我们真",
3611,150752," ★☆★☆★☆轻小说文库(Www.WenKu8.com)☆★☆★☆★ 

  第一卷 人物简介  
     网译版 转自 B站 

 

    翻译：我是纸人 

 

    八隅千秋 

 

    向来积极面对生活，三姐妹中的二妹。梦想着谈一场恋爱。在高中开学典礼的早晨，变成了女孩子。 

 

    八隅枫 

 

    十分受女生们欢迎，三姐妹中的三妹。与千秋是双胞胎。遇事处变不惊，一直对千秋态度冷淡，但不知为何最近有些回暖。在高中开学典礼的早晨，有了个不得了的秘密。 

 

    八隅夕子 

 

    喜欢恶作剧的大姐。自称是超天才疯狂科学家。真心爱着自己的家人，但本质邪恶。 

 

    西新井芽依（注：原文西新井メイ，暂译西新井芽依） 

 

    千秋和枫的发小。身材出众的美少女，很受同学欢迎。   

  第一卷 序章  
     我的名字是八隅千秋，即将在这个春天踏入高中生活的十五岁少年。 

 

    仪表堂堂、成绩优秀、体育全能、出身富贵，甚至连家中姐妹都相貌超群。 

 

    可说是人人艳羡的“天选之人”。 

 

    即便是保守来看，也称得上是日本第一的男人。无可非议。 

 

    这就是我。 

 

    “啊哈哈哈哈哈哈！哈——哈、哈、哈！” 

 

    连笑声都是帅气无比。 

 

    而要说我唯一的烦恼的话，就是完全不受女孩子欢迎这点吧。 

 

    真是百思不得其解。 

 

    呼——嘛，这也是没办法的事。 

 

    不要轻易乱了阵脚——这是对我来说十分重要的人生准则之一。 

 

    遇事便惊慌失措、大吵大闹，只会让人看着难堪。 

 

    遵循这一准则的八隅千秋绝不会因这种小事而动摇——嗯，只要不是什么惊天动地的大事，就绝不会动",
3611,155043," ★☆★☆★☆轻小说文库(Www.WenKu8.com)☆★☆★☆★ 

  第二卷 序章  
     网译版 转自 B站 

 

    翻译：我是纸人 

 

    亲爱的各位读者！还请允许我再作一遍自我介绍！ 

 

    我的名字是八隅千秋，十五岁，即将在这个春天踏入高中生活。 

 

    仪表堂堂、成绩优秀、体育全能、出身富贵，甚至连家中姐妹都相貌超群。 

 

    可说是人人艳羡的「天选之人」。 

 

    原日本第一的男子汉—— 

 

    现宇宙第一的美少女！ 

 

    「啊哈哈哈哈哈哈！哈——哈、哈、哈！」 

 

    连笑声都是如此美丽动人。而要说我唯一的烦恼的话，就是完全不受女孩子欢迎——现在倒也并非如此。 

 

    最近的我可是来了个华丽的大变身。 

 

    华丽到连性别都变了。 

 

    话说高中开学典礼那天早晨。 

 

    我一觉醒来，竟然变成了女孩子。 

 

    不要轻易乱了阵脚——这是对我来说十分重要的人生准则之一。 

 

    但面对此事，哪怕是我，内心也不得不起了几番波浪。 

 

    升上高中后一定要积极寻找恋情，过上被女孩子们簇拥的大好生活！ 

 

    ——毕竟我前不久才立下如此誓言。 

 

    所以在遭遇了突如其来的梦想破灭之后，丢人地惨叫也是情有可原。 

 

    不过！ 

 

    非同常人的我自然是很快就从绝望中重振旗鼓。 

 

    变成女孩子确实是一大打击。 

 

    但是呢，变了就是变了。 

 

    变成超级美少女的New千秋大人并不会放弃自己的人生梦想。 

 

    于是，我便对着镜中自己那天仙般的美貌—— 

 

    「谈一场从未有人经历过的，无法想象的初",
3611,163958," ★☆★☆★☆轻小说文库(Www.WenKu8.com)☆★☆★☆★ 

  第三卷 序章  
     网译版 转自 b站 

 

    翻译：我是纸人 

 

    亲爱的各位读者。还请允许我作第三遍的自我介绍。 

 

    我的名字是八隅千秋，十五岁，于崎玉县就读高中。 

 

    仪表堂堂、成绩优秀、体育全能、出身富贵，甚至连家中姐妹都相貌超群。 

 

    可说是人人艳羡的“天选之人”。 

 

    原(·)日本第一的男子汉—— 

 

    现宇宙第一的美少女！ 

 

    “哇、哈、哈、哈！哇～哈、哈、哈！” 

 

    连笑声都是如此美丽动人。而要说我唯一的烦恼的话，就是完全不受女孩子欢迎——现在倒也并非如此。 

 

    最近的我可是……完全无法想象与之前的自己是同一人。 

 

    高中开学典礼那天早晨。 

 

    我一觉醒来，变成了女孩子。 

 

    再怎么镇定如我，内心也不得不起了几番波浪，不过很快便重振旗鼓，对着镜中自己的美貌——帅气地立下如此誓言。 

 

    “谈一场从未有人经历过的，无法想象的初恋！” 

 

    就是这样。 

 

    呵呵……真是连我自己都要迷上自己了。 

 

    然而，立下誓言还不到一个月…… 

 

    我竟然真的体会到了那无(·)法(·)想(·)象(·)的(·)初(·)恋(·)。 

 

    而对方就是，八隅枫。 

 

    一头长发乌黑亮丽，兰质蕙心才貌双全，连睫毛都流有韵味。 

 

    身上总是萦绕着深浅难测的神秘氛围。 

 

    仿佛“高岭之花”一词都是为她量身定做的特级美少女———— 

 

    “谢谢你当时愿意来帮我——” 

 

    “姐姐。” 

 

  ",
3625,151723," ★☆★☆★☆轻小说文库(Www.WenKu8.com)☆★☆★☆★ 

  第一卷 一章 真谷田静流―小学三年级―  
     网译版 转自 百合会 

 

    翻译：蜜汁叉烧bot 

 

    1 

 

    升上小学三年级之后换班了。 

 

    我花费了两年时间来培养的平稳，因为这换班而变得一团糟。 

 

    看到公告栏上张贴出来的班级分配时，我绝望了。 

 

    我本来就是不擅长自我表达的孩子，在班上就只有一个人能称得上是我的朋友，优子。而现在连这唯一的朋友也因为分班离我而去。要说这绝望到了什么程度的话——大概就是很可能就这样直接离开学校回家的程度。 

 

    在八岁的我看来，这是等同于『世界末日』的事件。但只是八岁的脑袋也知道，不会因为这种理由就同意我拒绝返校。所以我也只能把我仍不习惯的『社会』和『理科』的教科书装进书包，背起来，拖着脚步往小学走去。升上三年级之后，最初的那一周里优子似乎还有和我一起玩的时间，但是她很快就在新的班级里找到了新的朋友，随后以她们为中心开始玩乐。也许我并不具有那种，能让她即使在不同班级里也能和我一起玩乐的魅力。 

 

    而且我也没有胆量闯入她们之间。 

 

    三年级最初的那一周，我沉迷于和优子玩闹，没能赶上班级里组成各自小群体的浪潮，完全被孤立了。虽然就算赶上了，也一样会被孤立。应该说我不太能理解那个『小群体』。明明至今为止，班级都是更加混杂，『全班一条心』的感觉，但是突然就开始出现小团体。四、五人围成一个圈子，用旁人听不见的声音聊天。好像在说悄悄话似的，感觉很不舒服，我不太喜欢这种气氛。 

 

    但不论如何，这和在班级中被孤立的我没有任何关系。 

 

    那样的我理所当然地一个人放学回家。 

 

    一个人的通学路很无聊且让人不安，脆弱的",
3625,161235," ★☆★☆★☆轻小说文库(Www.WenKu8.com)☆★☆★☆★ 

  第二卷 小猫的祈愿，为了小猫的祈愿 第一章 小猫的祈愿，为了小猫的祈愿  
     网译版 转自 百合会 

 

    翻译：lfhyxz 

 

    小黄豆 0岁 

 

    睁开眼睛，我发现自己被高出自己数倍的草丛包围了。 

 

    身体忽冷忽热的，感觉十分模糊。 

 

    我只能像爬行一样向前挪动。如果动作太快，后腿就会传来钻心的钝痛，因此我不得不缓慢地、小心翼翼地前行，边保护着自己边移动。 

 

    腿上一阵阵痛传来，让我不断想起妈妈和兄弟姐妹。 

 

    它们和我不同，走起路来轻快敏捷，像风一样。 

 

    一想到它们，胸口，就好像后腿的伤痛蔓延到了这里一样，刺痛着。 

 

    “妈妈……” 

 

    被胸口传来的痛楚驱使着，我不由自主地喊出了声。 

 

    “妈妈……”我一遍又一遍地呼唤着妈妈的名字。 

 

    口渴，喉咙嘶哑，肚子饿。 

 

    我拼命想压抑住这些不断涌现的难受的感觉。 

 

    但或许是我过于用力地去压抑内心深处的渴望，这次轮到我内心的沉重压在了身上，让我动弹不得。 

 

    我再也无力呼喊，绝望地倒在地上，失去了意识。 

 

    最后是草丛中的声响把我惊醒。 

 

    ―― 一定是妈妈。 

 

    我本能地这样想着，但又觉得如果让抛弃我的妈妈看到我因为它开心的样子，很不甘心。于是，我只得装作是刚好醒来似的，缓缓地睁开了眼睛。 

 

    然而，出现在我面前的并不是妈妈，而是一个比我大得多的生物。 

 

    奇怪的是，我并不害怕它。 

 

    或许是因为它的脸。 

 

    也说不清为什么，但从我看来它",
3639,152497," ★☆★☆★☆轻小说文库(Www.WenKu8.com)☆★☆★☆★ 

  第一卷 Prologue  
     网译版 转自 轻之国度 

 

    扫图：Nanase1 

 

    翻译：Nanase1 

 

    心灵将我们联系在一起 

 

    将我与你联系在一起 

 

    将我与死去的人们， 

 

    将我与脚下浑圆的星球联系在一起 

 

    或者 

 

    将我与神明联系在一起 

 

    －－－－－－－－－－－－ 

 

    山间的秋天似乎总要早到一步，山风之中已经满是凉意。早晨的风将她唤醒时，已隐约能听见修行僧们喝叫呼喊的声音。 

 

    走出土制的破烂屋子，她简单打点过装束。外表不过十五六岁，唤作少女也不会被以为奇怪。 

 

    东大寺领播磨国垂水庄一如其「垂水」之名，境内多是瀑布。倾斜地势造出几处小小的山崖，崖上渗出的泉水化作瀑布。山谷交间，地貌复杂，无数僧侣置身其间，故而又被唤作「千坊谷」。半僧半俗的村人在山边生息，敬供山中的和尚，她也是这样的村人之一。沿着山道走上不久，终于看见一处小小的瀑流。水流飞泻而下，将四周的岩石冲刷成小舟的模样，所以这处瀑布又被叫做舟之瀑。 

 

    一尊石造的不动明王像安置在这瀑流下方，溅起的水花向四周飞舞，沾湿了洁白的菊花花瓣。 

 

    「今天也请您多多保佑各位僧人。」 

 

    向石像合十祈祷过后，她提起木桶，如往日一般开始打扫。现在的温度尚且教人舒心，不过到了冬天，泉水就会变得冰凉刺骨。她先拾起聚集在静水中漂浮的木屑，然后用布料细致擦拭石像的身体。「不动尊菩萨，您感觉如何？」 

 

    她听见不动明王的回应。——啊啊，感觉不错。 

 

    没错，虽然没有一人相信，但她确实能感受到菩萨的回应。就",
3653,152923," ★☆★☆★☆轻小说文库(Www.WenKu8.com)☆★☆★☆★ 

  第一卷 第一章 本小姐和奇怪的平民①  
     台版 转自 天使动漫论坛 

 

    天使动漫录入组 

 

    图源：真妹控 

 

    录入：kid 

 

    「区区一个平民，竟然敢和我的桌子并在一起，给我有点自知之明！」 

 

    被本小姐斥责后，那个平民露出一脸呆然的表情。她一副似乎不明白自己现正身处何种状况的模样，东张西望地转头巡视四周后，目光才再次回到本小姐的身上。眼前站的可是本小姐，这是何等失礼的态度啊。本小姐拼命压下想破口大骂的情绪。 

 

    本小姐的姓名乃克蕾雅·弗朗索瓦。可是有着保亚王国高贵纯正血统的贵族千金。父亲是财务大臣多鲁·弗朗索瓦。负责管理国库的弗朗索瓦家族，在这个国家可是仅次于王室跟宰相之下，地位第三高的家世，可说是名门中的名门。 

 

    当然，本小姐念的学校也不是普通的学校。保亚王国王立学院──只有精英分子才有资格就读的这间学校，目前正遭遇一个危机。那就是，站在本小姐眼前的这群平民。 

 

    「啊，克蕾雅……？」 

 

    「天啊！你竟然直呼本小姐的名字！」 

 

    身为区区一个平民，居然直呼贵族……而且是这国家极为接近最顶尖身分的本小姐名字而不加尊称，这是不可原谅的行为。对于本小姐这项指责，身为友人的琵琵和萝蕾塔也同样气得柳眉倒竖。 

 

    平民似乎尚未完全搞懂眼前的状况，目光移向本小姐后── 

 

    「克蕾雅大人。」 

 

    终于改正为平民该有的语气。真是的……就只是在同一间学校就读，却让他们连说话的语气都变得很嚣张。平民就是这样才惹人嫌呢。 

 

    「没错没错，平民要像这样加上尊称啊。」 

 

    「您记得我的名字吗？」 

 ",
3653,153450," ★☆★☆★☆轻小说文库(Www.WenKu8.com)☆★☆★☆★ 

  第二卷 第四章 本小姐和求爱而来的平民①  
     台版 转自 轻之国度 

 

    轻之国度录入组×虚空文学旅团 

 

    图源：月灵 

 

    录入：月灵  

 

    「喂，等等。你想害本小姐被晒黑吗？阳伞没遮到光耶？」 

 

    季节已经快要进入初夏。夕阳西下的时分。现在是刚作完院骑士团的工作，正在返回宿舍的途中。在这个天上开始出现阴霾，然而日照依旧强烈的情况中，本小姐指责了正在发呆的平民。 

 

    换作是蕾妮的话，根本不会发生这种──算了，现在再说这种话也没有意义。 

 

    「啊，非常抱歉，克蕾雅大人。因为眼巴巴地望着克蕾雅大人，所以撑伞的手有点拿歪了。」 

 

    平民慌忙调整阳伞的位置。 

 

    「虽然不知道你口中的眼巴巴是指什么东西，可以请你把自己的工作确实作好吗？」 

 

    「对不起，都是我的错。」 

 

    「……哼。」 

 

    虽然还想再多埋怨一句，但目前实在是状况不佳。原因也很明显。本小姐失去了名为蕾妮的存在──这理由足以道尽一切。 

 

    跟凯瑟琳在不同意义上来说，同样是如同亲生姊妹般一起长大的人离开了。理所当然陪在身边的存在不在了，对心灵的伤害果然还是很重大。待在零肩膀上的零零雅也一脸担心地望着这边。 

 

    「克蕾雅大人。」 

 

    「什么事？」 

 

    「今天放学后，我作些甜点给您吃吧？」 

 

    平民不知为何突然冒出这句话来。 

 

    「怎么这么突然？本小姐并不想吃。」 

 

    或许是因为零零雅听得懂人话，一听到有甜食吃，就兴奋地蹦蹦跳跳了起来；但是这动摇不了本小姐的内心。 

 

   ",
3653,157261," ★☆★☆★☆轻小说文库(Www.WenKu8.com)☆★☆★☆★ 

  第三卷 第七章 可靠的零与本小姐①  
     台版 转自 天使动漫论坛 

 

    天使动漫录入组 

 

    图源：真妹控 

 

    录入：kid 

 

    「开什么玩笑！」 

 

    太阳已下山之后的学院宿舍。在逐一亮起的魔力灯下，发自本小姐的巨大声音让房间为之一震。连桌上的零零雅也把身子缩小，企图把自己藏起来。 

 

    从牢房中被释放出来的零所带回来的，是惊人无比的消息。首先，零在学院的学籍被解除，并且被任命为罗赛优陛下直属的特务官，莉莉枢机主教和本小姐也被下令要辅佐零执行职务。这件事虽然也让人惊讶，但还在本小姐能够接受的范围内。原先身分只是平民的零能够出人头地，本小姐只会为她开心，没有任何反对的理由。 

 

    问题出在，零被下令要审核是否有犯罪事实的嫌疑对象中，也包括了父亲大人的名字。 

 

    「父亲大人有犯罪的嫌疑！？这怎么可能，简直是荒谬绝伦！！」 

 

    父亲大人是一位堪称楷模的保亚贵族。为保亚王国奉献多年，尽责管理国家财政，现在却以这种污名诬陷他，未免太过分了。 

 

    「别激动，现在还只是在怀疑阶段嘛。」 

 

    尽管零这么说，然而罗赛优陛下可不是一位还在怀疑阶段就会轻率说出口的人物。陛下大概已经掌握到某种事实，才会怀疑父亲大人。 

 

    「光是会抱有这种怀疑，就足以让人质疑陛下神智是否清醒了！弗朗索瓦家历代贵族一直都是严肃认真地负责管理王国的财政。结果陛下居然怀疑我们犯罪！」 

 

    自从在渡假时对贵族制度产生疑问那一次以来，本小姐就努力去瞭解关于贵族们腐败的实际情况到底如何。然后，在调查越来越深入的过程中，也实际掌握到了一些很可能涉及犯罪的贵族之情报。然而，",
3665,153545," ★☆★☆★☆轻小说文库(Www.WenKu8.com)☆★☆★☆★ 

  第一卷 序章  
     台版 转自 轻之国度 

 

    图源：拉菲 

 

    录入：拉菲 

 

    「……因为我喜欢。」 

 

    在现场直播节目进行当中，仙宫铃音不禁脱口而出的这句话，连她自己也觉得讶异。 

 

    但那也只是一瞬间的事情。奇妙的是，她的内心毫无动摇。虽说有惊慌了一下下，但也看得出来她很快便下定决心。 

 

    从以前就是这样。 

 

    她曾被人夸奖过胆子很大。只要站到舞台上，面前有麦克风，便能立刻转变态度。 

 

    一点都不可怕。 

 

    反而是坐在对面的歌凛一脸混乱地看着铃音。 

 

    睁得大大的眼睛显得动摇，修长的睫毛阻挡了些微渗出的泪水，却也正在颤抖。触碰斜前方那座平板电脑的手指，则是一直僵住不动。 

 

    不过，她直到不久前都还面色发青的脸颊，依旧恢复了些许的红润。 

 

    既然如此，没问题。 

 

    铃音从监听耳机察觉到控制室窗户后的大人们正不知如何是好，但她选择不予理会。 

 

    现在一定要说出口让歌凛知道──让她知道，她最靠得住的伙伴就在这里。 

 

    「……我这句话，并不是演给观众看的。」 

 

    铃音笔直地注视歌凛，斩钉截铁地这么说。 

 

    「──我喜欢你。」   

  第一卷 1  
     「……偶像养分真的不够了啦……」 

 

    录音室附近的酒吧包厢内，仙宫铃音带着叹息吐露这样的话。 

 

    仿佛灵魂即将出窍的那种嗓音，使得坐在她对面的声优前辈唇瓣流露甜美的笑声。 

 

    「怎么回事？还没振作起来吗？」 

 

    彩葺结衣香摆着与嗓音相符的优雅动作，用",
3667,153600," ★☆★☆★☆轻小说文库(Www.WenKu8.com)☆★☆★☆★ 

  第一卷 通向沙龙的小径  
     网译版 转自 轻之国度 

 

    扫图：Nanase1 

 

    翻译：Nanase1 

 

    通向沙龙的小径 

 

    一 

 

    与御厨同学见面，是时隔三年的再会。 

 

    那天我在站前商店街漫无目的地晃荡，肚子空空，饿到几乎脱力，好像身体已经不属于自己了。 

 

    正是结束了新生试用期，终于能跟上足球部训练节奏的时候。初中时我还能在首发的十一人中占据一席之地，升上高中后就连日常练习都得一番苦劳。开完小会已经是傍晚六点，累得连水也喝不下去。看见食物就感觉反胃，学长们还在回家路上的肉店买了可乐饼，我却是闻到味道就快在路边吐出来。 

 

    不过肚子饿了却是确确实实的，跟着电车摇摇晃晃一小时，走出冲津站时又是一阵恶心。这次却又是因为过度饥饿而反胃。 

 

    到了冲津就离家不远，回到熟悉的街道教我放松紧绷的心，饥饿感自然涌了上来。我小学初中都在地方学校度过，走几步路就能到。在尚未习惯搭乘电车通勤的我眼里，现在的高中实在是远之又远。 

 

    不过我肚子叫个不停的最大原因，还是冲津商店街上四溢的香气。棚道下的快餐店和面包店自不必提，香气主要来源还属没有顶棚遮蔽的岔道上的餐饮店。居酒屋、拉面店，卖烤肉的卖咖喱的，各式各样连成一片，厨房的烟火气流到商店街里，教我这般的饿死鬼心生忧郁。 

 

    从这儿走回家要不了十分钟，可我就连这十分钟也撑不下去了。总之我就是饿到如此地步。饿到穷途末路。 

 

    又是未成年，穿着校服，手上还提着运动包，里边塞满了脏掉的外套和袜子。这副模样实在走不进居酒屋。要一个人走进别家店铺也有点踌躇，只好往炸肉饼店去。步子沉重走在夜晚客流混杂",
3693,154379," ★☆★☆★☆轻小说文库(Www.WenKu8.com)☆★☆★☆★ 

  第一卷 序章  
     网译版 转自 百合会 

 

    翻译：诽夜 

 

    我喜欢猫。 

 

    喜欢那就像是将人们所想像的幸福，给紧紧浓缩而成的形体。 

 

    喜欢那仅是动着、做些什么，就会让人的目光无法转移般可爱的举动。 

 

    喜欢那刚还成迷于玩耍中，却忽然仰望天空思考起来的自由感。 

 

    我和猫相处了很长的时间。 

 

    我出生以来家里就一直有着猫，而这数量随着领养者相互交流，时而增加，时而减少，现在只剩十二只了。 

 

    这其中也有着一只比起十六岁的我还要年长的猫。那就是十七岁的茉姐。 

 

    以人类的年龄去做换算的话，那可就是老奶奶了。茉这名字的由来，单纯是她有着白色的毛加上黑色的斑纹，模样就像只乳牛似的而已。 

 

    「茉姐，在医院累着了吧。回家后再给你点心哦」 

 

    我将猫用携带袋提到脸的高度，对朝透明塑胶窗窥探外头的茉姐搭话道。手臂能感受到沉淀的重量。 

 

    体重有着六公斤的茉姐与我对上眼时，硕大的眼瞳茫然地眨着眼。她的瞳色就像去皮后的葡萄果实般，有着淡淡的黄绿色。 

 

    只要活久了，疾病就会开始冒出来，这点人类也是相同的，茉姐的健康检查数值亮起红灯，所以这段其间得暂时这样往返医院。今天也是从放学后的傍晚，我就将她带去家庭动物医院，然后接回来。 

 

    「都到三月了，风还是很冷呢」 

 

    我将携带袋抱到胸前，并朝着每走一步，就跟着摇晃着的茉姐搭话道。从医院回去的道路上，总是和往学校的路相同，会沿着河岸上的河堤路走过。 

 

    夕阳刚西沉，天空顶端就变为浓郁的靛蓝色，那仿佛能够将人给吸入其中。 

 

    在",
3703,154789," ★☆★☆★☆轻小说文库(Www.WenKu8.com)☆★☆★☆★ 

  第一卷 序章  
     网译版 转自 百合会 

 

    翻译：诽夜 

 

    「就整只烤来吃吧。」 

 

    那只怪物如此说道。 

 

    「别看是整只拿来烤，其实这是很细腻的料理。外皮烤得酥脆，肉质则是湿润又软嫩。本小姐会为了兄长大人、姐姐大人，把你烤得恰到好处的。」 

 

    原来如此，整只烤来吃啊——我点头表示理解。她所说的料理似乎很美味，我觉得这是个好主意。 

 

    『不，直接生吃比较好。』 

 

    然而，另一只怪物却这么说道。 

 

    『用毒液把肉溶化，再吸食变得浓稠的肉汁。这才是我们种族正确的进食方式。』 

 

    原来如此、原来如此——我再次点头。我也能理解他一如往常，认为最朴素的味道才是最好的回答。 

 

    『怎样都好啦–』 

 

    最后的一只怪物说道。 

 

    『给小白头跟身体，其他随便你们。』 

 

    她的回答看似大方，其实是最贪心的。 

 

    『慢着，白，你这样太贪心了。我们公平地平分吧。』 

 

    「兄长大人，请等一下。既然要公平，就该三等分才对！」 

 

    『你不都有心脏了。』 

 

    『啊！小白也想要心脏！应该说其实全部都想拿！』 

 

    「姐姐大人，这样就有点……」『……贪得无厌。』 

 

    空气顿时紧绷，仿佛空间出现龟裂。哥哥的牙齿喀叽作响，么妹开始发出魔法的光芒。 

 

    他们的身影在黑暗中朦胧浮现。 

 

    那是三只蜘蛛。 

 

    『喀叽喀叽喀叽喀叽喀叽！』 

 

    大如熊的蜘蛛，张牙舞爪地威吓着。 

 

    「Birumasuku……",
3716,155275," ★☆★☆★☆轻小说文库(Www.WenKu8.com)☆★☆★☆★ 

  第一卷 第一话  
     网译版 转自 百合会 

 

    翻译：诽夜  

 

    樱花盛开了。体育馆旁边的门开着，门后是成排的樱花树。粉红色的花瓣随风飘落。 

 

    （啊，糟糕，开始想睡了） 

 

    现在是四月，春天。我——樱庭志乃(さくらばしの)，进入了三叶高中。 

 

    今天是晴朗的入学典礼，可是……。 

 

    正面的舞台上，大人们轮流说着又臭又长的演讲。超绝无聊的。 

 

    「新生代表，清宫飞鸟(きよみやあすか)」 

 

    「是」 

 

    前排斜前方的女生站了起来。诶？新生代表跟我同班啊。 

 

    她威风凛凛地走上台。 

 

    「今天，我们进入了三叶高中」 

 

    她开始念起宣誓词。 

 

    新生代表是成绩顶尖的优等生啊。虽然穿着同样的制服，分到同样的班级，但她跟上学第一天就穿得邋里邋遢的我完全不同。 

 

    好厉害啊。感觉就是认真型的人。 

 

    说话方式很俐落，声音也很清亮，不会让人想睡。 

 

    （她很稳重，看起来不像跟我同年） 

 

    该说我们活在不同的世界吗？感觉跟她不会有交集。 

 

    典礼结束，我跟同初中出身的三个人一起回到教室。 

 

    「呐—，志乃。高中要乖一点哦？」 

 

    「对啊对啊。要是被大家讨厌，就交不到男朋友了」 

 

    佐江自顾自地说了起来。 

 

    智也跟着起哄。 

 

    「我才不需要男朋友呢」 

 

    「骗人。你明明就很想要～」 

 

    莉奈也跟着胡闹。 

 

    才没有骗人呢。我不像大家那样对恋爱感兴趣",
3716,155281," ★☆★☆★☆轻小说文库(Www.WenKu8.com)☆★☆★☆★ 

  第二卷 第五话  
     网译版 转自 百合会 

 

    翻译：诽夜  

 

    「飞鸟！」 

 

    「志乃……？」 

 

    虽然在烹饪教室还有其他班的学生在，但我马上就发现了飞鸟。 

 

    唔……。 

 

    我的手脚抖到不行。 

 

    不！到底是在怕什么啊。 

 

    我走近飞鸟，向她邀约。 

 

    「要一起逛学园祭吗？」 

 

    「……！嗯！要去」 

 

    她绽放笑颜看向我。 

 

    我明明都那么躲她了，一约她，她就露出微笑。 

 

    这种时候不会莫名奇妙就生气或闹别扭，果然很成熟啊……。 

 

    也太温柔了吧。 

 

    我们拿着在模拟店买的玛芬和珍珠奶茶走了出去。 

 

    在校舍后方并排坐下。 

 

    「那个，飞鸟……。抱歉」 

 

    「诶？怎么了吗？」 

 

    「我躲着飞鸟，在那边生气，就像个小鬼一样……」 

 

    我下定决心道歉。 

 

    飞鸟盯着我看，等待我继续说下去。 

 

    「我听别人说你有个大学生男朋友。为什么你不愿意直接跟我说呢……。想着就让我感到难受」 

 

    我无法直视飞鸟的脸。 

 

    「我想成为最了解飞鸟的人，所以才会擅自闹别扭。很沉重对吧」 

 

    「……才不沉重呢」 

 

    泪水从飞鸟的眼中落下。 

 

    「太好了。我还以为你讨厌我了……」 

 

    诶。怎么办。 

 

    我可不知道她会不安到哭起来啊……！ 

 

    「那个人是从小就认识的朋友，我们俩家人都很熟……，虽然父母希",
3723,155603," ★☆★☆★☆轻小说文库(Www.WenKu8.com)☆★☆★☆★ 

  第一卷 椿与悠(作者:织守きょうや)  
     台版 转自 天使动漫论坛 

 

    轻书架×天使动漫录入组 

 

    图源：殇夜 

 

    录入：夜殇 

 

    高二新学期第一天，窗边最后一排座位，有个女生在打瞌睡。 

 

    她趴在桌上闭着眼睛，一头秀发从桌边流泻而下，色泽比其他学生更明亮的那头长发描绘出大大的波浪，在阳光照耀下看起来金光闪烁，就像狮子的鬃毛。 

 

    脸庞大半被发丝和胳臂遮住，只看得到三分之一。 

 

    然而不知何故，令人无法别开目光。 

 

    她叫盐野悠。 

 

    个子高挑，可能有一六五或一六六公分，体型单薄，身材应该很棒，但可能是驼背的关系，完全看不出来。 

 

    她慵懒地缓慢活动、偶尔在窗边座位打哈欠的模样，看上去就像个毛色特殊、性情悠哉的动物。 

 

    尽管外貌显眼，她的个性似乎温和内向，多半静静地一个人独处，却也不显得寂寞。 

 

    不太会主动找人攀谈，但有问必答；称不上热情，却也不惹人厌。和一加入团体便经常主持大局的我完全相反。 

 

    她从来不会在课堂上主动发言，但有一次英文课被点到朗读，发音漂亮得令人惊艳，略带沙哑的音质也很悦耳，几乎让人听得入迷。但平时交谈时，却没有特别的感觉，是因为她总是低声含糊地只说上三言两语吧，太可惜了。 

 

    上体育课时，她看起来是不知道该如何安置修长的四肢，跑得很慢，运动神经似乎没那么好。 

 

    一到午休时间，她就会消失不见。开学第一天，附近座位几个女生邀我一起吃饭，此后我便不知不觉成了她们的午餐固定班底，但从来没有在午休时间的教室里看过盐野。 

 

    「她有点怪，不过人还不错。",
3735,156030," ★☆★☆★☆轻小说文库(Www.WenKu8.com)☆★☆★☆★ 

  第一卷 神之星  
     网译版 转自 百合会 

 

    翻译：诽夜 

 

    马车奔驰在银河之中。 

 

    当然，这并非普通的马车。而是仿造马车外型的太空船。马匹和马夫都是机械。在这座银河里，飞天马车绝非主流设计。开发这艘太空船的人是个奇特人物，认为让不可能飞行的东西飞上天空很浪漫，于是打造了马车造型的太空船。 

 

    这名古怪科学家正坐在马车车厢内摇晃着。 

 

    她是一名金发且看似活泼开朗的少女，名叫莉德丽。 

 

    莉德丽对坐在身旁的少女说道。 

 

    「希望下一颗星球适合居住」 

 

    一旁的少女——也就是渡理回答道。 

 

    「我认为值得期待哦」 

 

    渡理有着一头黑发，外表看起来很文静。 

 

    她望向窗外，在宇宙黑暗中看见了目的地的星球。 

 

    「因为那里不是被称为神之星嘛」 

 

    马车降落在神之星上。 

 

    莉德丽取出一个手掌大小的盒子后，马车便像是被吸进去般收纳其中。这是可以随身携带的太空船。 

 

    两人位于城镇正中央。渡理环视周遭景色说道。 

 

    「好漂亮的城镇呢」 

 

    莉德丽回答道。 

 

    「虽然街景很老旧，但感觉住起来很舒适」 

 

    走在镇上，她们与这颗星球的居民擦身而过。这些人长得和人类很像。 

 

    看来这颗星球的环境，跟渡理她们原本居住的地球十分相似。 

 

    唯一的不同之处，在于空气中飘着光粒子。 

 

    这些光粒子就像水母一样轻飘飘地飞舞。 

 

    两人走在石板路上，看到广场上聚集了人潮，而且似乎有些骚动。 

 
",
3735,157496," ★☆★☆★☆轻小说文库(Www.WenKu8.com)☆★☆★☆★ 

  第二卷 明之星  
     网译版 转自 百合会 

 

    翻译：诽夜 

 

    沙漠里有一座绿洲。 

 

    绿洲里有一座小而美的泉水，以及水果。 

 

    泉水旁边有一间木造小屋，里面住着一名年老的星人。 

 

    夜晚，老人坐在窗边的椅子上，凝视着窗外。 

 

    他的视线前方是都市的街景。   

 

    高楼大厦林立的街景离绿洲相当遥远。不过，小屋也能清楚看见建筑物里灯火通明。 

 

    每天晚上凝视着街景，是老人的乐趣。 

 

    老人特别喜欢高塔顶端的灯光。他的爱妻就住在那座塔里。只要看着塔的灯光，就能感受到妻子的存在。 

 

    这天晚上，老人也凝视着街景。就像几十年来一直这么做一样。 

 

    突然，夜空中出现一道亮光。 

 

    老人原本以为是流星，但那道光越来越接近，朝着绿洲坠落。 

 

    老人以为大事不妙，但其实没什么好担心的。那不是流星。 

 

    看着坠落的物体，老人忍不住喃喃自语。 

 

    「也是有着不可思议的事情啊」 

 

    那是一辆马车。马车缓缓降落在绿洲的绿地上。 

 

    两名少女从马车里走了出来。一个是金发少女，另一个是黑发少女。 

 

    金发少女说道。 

 

    「初次见面。我们正在旅行。我们愿意付钱，可以分给我们一些这里的水果吗？」 

 

    老人回答道。 

 

    「你们是来自宇宙的旅人吗？要分水果给你们当然没问题。毕竟我一个人也吃不完。不过，如果你们拿太多，我会很困扰。虽然这些水果足以让我一个人活下去，但绝对不算多」 

 

    「谢谢你。那么，我们去拿一些」 

 

",
3735,160396," ★☆★☆★☆轻小说文库(Www.WenKu8.com)☆★☆★☆★ 

  短篇 签之星  
     网译版 转自 百合会 

 

    翻译：诽夜 

 

    瘟神在宇宙中徘徊。 

 

    这个神明拥有非常可怕的力量，会夺走靠近他的
...
神穿过马车，夺走了两人一辈子的运气×2，但两人果然还是没有发现。   

 ◆◇◆◇◆◇◆◇◆◇◆◇◆◇◆◇◆◇◆◇◆◇◆◇◆◇◆◇◆◇◆◇◆◇◆ 
更多精彩热门日本轻小说、动漫小说，轻小说文库(http://www.wenku8.com) 为你一网打尽！ ",
3735,163651," ★☆★☆★☆轻小说文库(Www.WenKu8.com)☆★☆★☆★ 

  第三卷 拟之星  
     网译版 转自 百合会 

 

    翻译：诽夜 

 

    「哇，这些全都是人偶吗？」 

 

    渡理和莉德丽面前，有一个巨大的连接型玻璃展示柜。里面放着各式各样的外星人人偶。 

 

    为了了解这个星球，她们走进了马车着陆附近的建筑物。然后，她们发现那里有很多放着人偶的展示柜。 

 

    「也有地球人哦」 

 

    人偶的做工都很精致，简直就像活的一样。造型有丑的也有漂亮的，各式各样。 

 

    当两人正看得入迷时，背后传来声音。 

 

    「有人在吗？」 

 

    回头一看，那里站着这个星球的人。身高和渡理她们差不多。长长的触手般的头发垂下来。从缝隙中可以隐约看到眼睛和嘴巴。大大的嘴巴和尖锐的牙齿是其特征。偏执的*三白眼盯着渡理她们。 

 

    (注：指眼睛的虹膜部份比较小，眼白的面积比较大；在ACG作品中，被用于形容瞳孔如芝麻一般的眼部状态) 

 

    「你们是地球人吧。为什么来我的人偶店？」 

 

    听到这个问题，莉德丽走上前去。 

 

    「啊，这里是人偶店啊。不好意思。我们是旅行者，正在寻找可以移居的星球。因为偶然降落的地方有建筑物——就是这间店——所以就进来了」 

 

    「……不用道歉。正好我正准备开店」 

 

    店主星人刚说完，店门正好打开，客人走了进来。是一个穿着体面的星人，带着一个地球少年。少年虽然穿着整齐，但脖子上戴着项圈。从星人手里拿着的绳子来看，他似乎被饲养着。 

 

    少年看了看莉德丽和渡理。不知为何，他的脸有点红。 

 

    店主向星人客人打招呼。「……欢迎光临」 

 

    声音很小，听起来很懒",
3754,156707," ★☆★☆★☆轻小说文库(Www.WenKu8.com)☆★☆★☆★ 

  第一卷 第一话 与吸血鬼的约会总是在深夜  
     网译版 转自 百合会 

 

    翻译：nemuhorie 

 

    总是在寻求有趣之物。冒失莽撞到擦除了除此之外的空白。 

 

    真咲身为Newtuber的活动，用一句话来概括的话那便是蛮干冒进。 

 

    大脑总是在拼了命地构思企划案，不惜熬夜也要坐在电脑前剪辑视频，时而因恶评而备受打击，即使如此。 

 

    她自认为自己作为“干劲十足姐妹”的真吉一直努力至今。 

 

    然而——她却因为炎上事件不得不退出了自己奉献了青春挥洒了热情的干劲姐妹。 

 

    不如意即为所谓的人生。 

 

    随后……在那一天遭遇吸血鬼时，她发自内心地感觉到什么才叫做你永远猜不到会发生什么。 

 

    这天晚上，星辰美妙，舒适的晚风拂过肌肤。 

 

    “居然不能使用吸血鬼的能力，真的是暴殄天物。” 

 

    看到真咲鼓起腮帮子露出仿佛可以爆红的场景付诸东流的表情，走在她身旁的莉布苦笑了下。 

 

    真咲的不满仍未消退。 

 

    就在前几天，因为主母的命令，“吸吸少女”的活动遭到禁止，错失了实现频道百万订阅数的千载难逢的机遇。 

 

    一心扑在Newtube上的真咲怀揣着不同寻常的念想。 

 

    因此即便是创建了不使用吸血鬼能力的频道“深夜重拳”的如今，她还是念念不忘。 

 

    “那样一路做下去绝对能拿下全世界！频道百万订阅的梦想也能实现了！” 

 

    “算了啦算了啦。那个梦想就由深夜重拳来实现吧！莉布也会努力的！好不好嘛？” 

 

    用爽朗的话音安慰的莉布是个笨蛋却也是个好人……不对，她应该是个好吸血鬼",
3755,156737," ★☆★☆★☆轻小说文库(Www.WenKu8.com)☆★☆★☆★ 

  第一卷 序章  
     网译版 转自 百合会 

 

    翻译：exklusiv 

 

    那个昏暗的房间里装满了各种各样的日用品，即使房间昏暗也能隐约看出它们是五颜六色的。 

 

    仔细一看，那都是些十分可爱的，全身呈醒目的橙色或粉色的少女。 

 

    从被祭祀般精心装饰的玩偶上残留着的，带有『魔法少女莉莉卡☆露露卡』的字样以及logo的标签来看，她们都是那个作品里的角色。 

 

    一位女性——或许她是房间的主人吧——抱着的靠垫上也画着这些角色，可以看出她相当喜欢这部作品。 

 

    她视线的前方摆着一个大屏幕，屏幕上放映的就是粉色少女和橙色少女——莉莉卡和露露卡。 

 

    现在正是，那个魔法少女莉莉卡☆露露卡的播出时间。 

 

    虽然明天还有工作，但她每周都会准时收看这个深夜直播的节目。 

 

    她拼命睁开疲惫而困倦的眼睛，不放过魔法少女们精彩的瞬间。 

 

    现在的画面上……恶化物怪人正四处破坏着城市。 

 

    怪人放出光束，击中物体并摧毁，以自己所在之处为中心进行破坏。若是打到人，人就会像失去力气一样当场倒下。在倒下的同时，还会有彩色的物体从那个人的体内滑溜溜地排出。怪人用触手把那物体吞下。 

 

    它们吃的是人们的梦想。 

 

    走在街上的人们大半被魔法少女露露卡催促着避难，不过，仍有几个人因为停下了脚步被怪人吃了梦想。而且，也没能阻止店铺和设施被破坏。有几栋建筑物已经七倒八歪。 

 

    「危险！」 

 

    即将倾斜崩塌的建筑物的一部分眼看就要掉落在摔倒的少年身上，露露卡用魔法飞过去并挡住了它。可就像在嘲笑魔法少女一样，怪人又放出了更强的光束。突",
3759,157035," ★☆★☆★☆轻小说文库(Www.WenKu8.com)☆★☆★☆★ 

  第一卷 上 第一节  
     网译版 转自 百合会 

 

    翻译：hayamimashiro 

 

    炙热的阳光灼人肌肤，你的眼眸中仿佛也晕染了细碎的光芒，无论白天黑夜都流转着儒润细腻的光泽。静静起伏的那片肌肤，美得不禁让人屏住呼吸。我不敢触碰，只余不知如何安放而茫然无措的手指。 

 

    还记得吗？你曾说，我们不可能永远活下去。 

 

    记得当时我这样回答：确实，我们不会永远年轻。 

 

    本以为我们在说同一件事，现在才明白，那是全然不同的意思。 

 

    你清泠的笑声，偷偷打量的目光，以及腰眼凹陷处映衬的那片浅影，经过岁月的打磨，反而愈发鲜明地烙印在我的头脑。 

 

    不如说，究竟几时能忘记？仿佛此刻当下才是回忆，我永远活在与你共度的那段恍若刹那的短暂时光里。 

 

    一直以来生活并不乏味。进入社会后，我和高中时代年长我一岁的学长丸山飒开始了交往，如今两年经过，二十五岁的我正打算在盂兰盆节假期去秋田旅行。 

 

    听说汤泽市的大型酒店原本是飒的父亲所在公司旗下的度假村公寓，后来作为休养所出借给了公司员工。然而现在酒店经营惨淡，似乎除了滑雪季以外，其他时期都是门庭冷落车马稀，空空荡荡，一片萧条。飒说，哪怕处于旺季也能随心所欲预订酒店，而且还有公司内部员工优惠，离大海也近……我被飒的言语所诱惑，于是便启程踏上了从我们同居的大冢公寓至汤泽市，共约六小时车程的旅途。 

 

    即使上了高速，我也喜欢开着车窗。话虽如此，但若将窗户全开到整张脸都可以感受到烈风扑面而来，飒会生气地控诉车内空调失了效用，所以我只将车窗降下十公分左右，随即混合大量汽车废气，猛烈朝后方吹去的风刀气浪便扑打在我的刘海上。 

 

 ",
3759,157046," ★☆★☆★☆轻小说文库(Www.WenKu8.com)☆★☆★☆★ 

  第二卷 下 第一节  
     网译版 转自 百合会 

 

    翻译：nannnimo 

 

    凛到了指定的咖啡店隔间，还带了一个强壮且眼神犀利，不知是保镖还是经纪人的男人，让他坐在了附近的桌子上。我虽然想和凛两个人单独谈谈，但也无可奈何。 

 

    【凛，知道我为什么喊你出来吗？】 

 

    【在事务所接到联系的时候还不明白，但现在看到逢衣这么可怕的脸色明白了。是关于彩夏前辈现在热门的新闻报道吗？】 

 

    【是的。关于那篇报道，凛没有什么想法吗？】 

 

    【能有什么想法！看到那条新闻，我也很吃惊。是在我们的电影上映结束后才报导出来真是太好了。没想到彩夏前辈有那样的兴趣。啊，逢衣也是呢。】 

 

    凛清爽的笑容让我目瞪口呆。周刊杂志刊登的照片不容狡辩是她到公寓过夜的时候拍摄的。她堂堂正正的说着慌，露出了胜利者的微笑。 

 

    【周刊杂志刊登的照片上我和彩夏的衣服，和你到公寓玩那天穿的衣服是一样的。那照片是你假装去洗澡偷拍的吧】 

 

    【怎么可能，不是我。难道不是别的什么人也知道了你们两人的关系，在房间里装了摄像机吗。或者谁藏在哪里偷拍的。彩夏前辈是为了自己能把他人踢下去的性格，有很多的敌人，就算是经纪人之类的内部人员做的我觉得也是有可能的。不管怎么说和我没关系，逢衣的视野太狭隘了呀，彩夏前辈每天生活中打交道的人可是很多的呀】 

 

    嘴里说着自己的清白，但让我们陷入困境而得意洋洋的眼神却根本没有隐藏，即使没有说出口，但神色明明就是在说着“笨蛋”。一直都只将她看作是彩夏可爱的后辈，但她却好像有着很深的黑暗面。 

 

    【彩夏前辈是这样的人，我很受打击呀！我可是和前辈在一个宿舍住了好几年呀。",
3763,157110," ★☆★☆★☆轻小说文库(Www.WenKu8.com)☆★☆★☆★ 

  第一卷 序章  
     台版 转自 轻之国度 

 

    轻之国度录入组 

 

    图源：初奈大小姐的仆从 

 

    录入：初奈大小姐的仆从 

 

    如果我说没有自以为是，那绝对是假的。 

 

    人们常说初恋不会有结果，我却认为自己一定是个例外。因为，我相信渚也有同样的想法。 

 

    我们经常对上视线，不太喜欢肢体接触的她会主动牵我的手，还会突然露出笑容。 

 

    更重要的是，从平时的言行举止和表情能感受到她对我的感情。所以，我向她告白了。 

 

    ……然而── 

 

    「对不起……我没办法和结叶交往。真的很抱歉。」 

 

    「咦……」 

 

    那天。 

 

    我被初恋对象花房渚澈底拒绝了。我的初恋就此灰飞烟灭，让我这个自我感觉良好的家伙自尊心也碎了一地。 

 

    拜托。 

 

    拜托嘲笑我吧。最好痛骂我是个自作多情的女人。相信只要被骂过一顿，我肯定能重拾继续向前的勇气。 

 

    ★ 

 

    「噗哈哈哈哈！」 

 

    「……」 

 

    「真的超好笑！啊哈哈！呵呵……呵呵呵呵！」 

 

    「不、不用笑得那么夸张吧……」 

 

    柚叶笑得人仰马翻，我则愈来愈失落。 

 

    「等等，要别人笑你的不就是结叶吗？」 

 

    「是没错！虽然是这样啦……！」 

 

    「唉～你也纠结太久了。事情都已经过去一个月，差不多该转换心情了吧？」 

 

    「我知道啦！知道是知道，可是！」 

 

    我当然知道。一个月前还找柚叶陪我到处玩了一整个星期，想要忘掉对渚的感情。已经给柚叶添了",
3763,161237," ★☆★☆★☆轻小说文库(Www.WenKu8.com)☆★☆★☆★ 

  第二卷 序章  
     网译版 转自 百合会 

 

    翻译：诽夜 

 

    我跟海望是朋友。可是我们也会接吻，也会互相表达自己的想法，是比其他朋友更深入的关系。既然她允许我更深入，我也一直想要积极地去接触她的心。 

 

    可是每次接吻、每次接触，我和她之间的关系就变得更加暧昧，甚至觉得海望的轮廓都开始模糊不清。 

 

    结果我烦恼着到底该跟她保持什么样的关系。 

 

    这样下去是不行的，我下定决心，决定约她出去玩。 

 

    既然是朋友，想要增进感情，一起出去玩是最好的。虽然是最好的—— 

 

    「喂～结叶，你要瞪着手机多久啊？」 

 

    我正把手机放在桌上转来转去，柚叶就出声叫住了我。 

 

    我决定约海望出去玩，已经过了一天。其实我本来打算昨天晚上约她，但一直没能约成。 

 

    因为我一直考虑很多。 

 

    像是晚上联络她会不会打扰到她，还有就算要约她出去玩，又该去哪里才好之类的。 

 

    如果是以前，我就能很自然地约海望出去玩。像是两个人一起去赏花，或是漫无目的地在街上闲逛。至少到去年为止，我都没有特别意识到她，可以很自然地跟她相处。 

 

    可是，最近就没办法这样了。 

 

    一旦意识到自己被她吸引，就连传个讯息都变得很不顺利。打一个字都很费力，重看一次讯息也要花很多时间。因为这样，我迟迟无法传讯息给她，只有时间不断流逝。 

 

    她愿意接受原本的我。 

 

    即使知道这一点，我自己还是无法接受原本的我。为什么大家在喜欢的人面前，都能保持自然呢？ 

 

    不对，与其说海望是我喜欢的人，应该说是我有点被她吸引。 

 

 ",
3763,163631," ★☆★☆★☆轻小说文库(Www.WenKu8.com)☆★☆★☆★ 

  短篇 蜜瓜小说祭特典『某天的，情人节』  
     网译版 转自 百合会 

 

    图源：taybmq 

 

    翻译：诽夜 

 

    「你看你看！月亮是不是超大的？」 

 

    「是啊。今天的月色真美」 

 

    今天读书读得太投入，回家的时间比平常晚。话虽如此，这也表示我跟渚相处的时间变长了，所以是倒是没什么。她今天也很漂亮。不管
...
其实也想互相喂食就是了。 

 

    不过，只要能看到渚开心地吃着巧克力的样子，我就心满意足了。 

 

    希望明年可以互相交换自己做的巧克力，然后像这样两个人一起吃呢。我一边细细品尝着巧克力的甜味，一边对她微笑。她也对我微笑。这比什么都还要幸福。    

 ◆◇◆◇◆◇◆◇◆◇◆◇◆◇◆◇◆◇◆◇◆◇◆◇◆◇◆◇◆◇◆◇◆◇◆ 
更多精彩热门日本轻小说、动漫小说，轻小说文库(http://www.wenku8.com) 为你一网打尽！ ",
3763,164862," ★☆★☆★☆轻小说文库(Www.WenKu8.com)☆★☆★☆★ 

  第三卷 序章  
     网译版 转自 百合会 

 

    翻译：诽夜 

 

    朋友到底是什么呢？ 

 

    我跟柚叶和茜峯会一起去哪里玩，然后到处闲逛、吃吃喝喝、看看衣服，但我不太清楚这算不算是一般朋友的相处模式。 

 

    因为—— 

 

    我目前最要好的朋友海望，跟柚叶和茜峯完全不一样。 

 

    我们一样会出去玩，也会一起吃好吃的东西，互相说「好好吃喔」，我觉得自己可以很自然地做自己。可是，出去玩完后我们会接吻，也会互相抚摸、在对方身上留下痕迹，或是被留下痕迹。每次肌肤相亲，都会让我对「正常」的定义产生动摇，变得搞不清楚什么才是正常，什么不是正常。 

 

    我跟渚的关系也一样。 

 

    让她撒娇这件事本身没什么问题，可是，我们明明在扮演姐妹，她却会吻我，让我怀疑真正的姐妹平常真的会接吻吗？ 

 

    渚和海望都会很随意地接吻，所以我真的很困惑。 

 

    我轻轻叹了口气，伸手摸了摸自己的嘴唇，脑中浮现昨天渚的触感。 

 

    『结叶，可以吗？』 

 

    她试探的语气，以及那双充满些许不安与期待的眼神，总是扰乱我的心。 

 

    『结叶——』 

 

    「结叶酱！」 

 

    「呜哇！？」 

 

    我吓得身体一颤。转头一看，茜峯正凑近盯着我的脸。 

 

    「怎么啦？你一直在放空耶。中暑了吗？」 

 

    「啊，没有。只是在想事情……」 

 

    「哼嗯～……嘛，想事情很重要呢，嗯嗯。我每天都在思考宇宙的终结哦～」 

 

    「比起宇宙，你还是先想想自己的校园生活会怎么终结吧？」 

 

    坐在旁边的柚叶冷不防地来",
3780,157613," ★☆★☆★☆轻小说文库(Www.WenKu8.com)☆★☆★☆★ 

  第一卷 繁体中文版作者序  
     台版 转自 天使动漫论坛 

 

    轻书架×天使动漫录入组 

 

    图源：流哲不哼太 

 

    录入：夜殇 

 

    愿每个人的生命中，都照进这样的光 

 

    当我还是个名为小孩的、不自由的生物，一到傍晚就必须和最喜欢的好朋友道别回家，总是让我好悲伤。明明还想再相处更久一点，明明大人到了晚上都还是可以和朋友聊天、可以去自己想去的地方。可是长大成人的我，却不再用儿时那样的热情去追求哪一个朋友了。大家各有各自的事业和家庭，偶尔能享受短暂的交流便已经足够，我们在聚会后干脆地回到只属于自己的日常。「下次再约哦」、「改天再一起吃饭」，这些模糊的约定即使不能实现也无人介意。该思考的、该处理的事情都堆积如山，无暇将时间和热量拨付给友谊，这才是我们的现实。我并不因此渴望回到不自由的童年，但仍然不时怀念当时的那种心情。 

 

    如果紧抱着不自由的爱长大成人，会怎么样呢？不自由当中，存在着不受任何人侵犯的自由；从自由当中，也会催生出新的不自由——在这两者之间，我们该如何折衷妥协？不自由并不必然是一种不幸，同时自由也不一定能保证幸福。这个故事中登场的两个女孩，因为彼此的不自由而结下缘分，逐渐长大成人，紧抓着我曾经自然而然舍弃的那些事物，绝不放手。有人说她们单纯美好，也有人说她们自私妄为、偏差扭曲。对作者而言，她们「就只是这样的女孩」，仅此而已。 

 

    书写这篇序文的现在，台湾才刚发生一场大地震，在此向受灾民众致上由衷的慰问。日本今年的地震也特别多，从元旦石川县那场地震开始，好几次都教人提心吊胆。 

 

    日常脆弱地土崩瓦解，与重要之人的离别总是突如其来。无论体认过多少次世事无常，也不会有习惯的一天，我们将",
3784,157680," ★☆★☆★☆轻小说文库(Www.WenKu8.com)☆★☆★☆★ 

  第一卷 呀呀呜呼呼  
     网译版 转自 b站（ https://www.bilibili.com/read/readlist/rl745944 ） 

 

    翻译：Mikoi_ 

 

    我最近没有做呀呀呜呼呼。呀呀呜呼呼 …… 当然就指那个。百合。女孩们互相挽着手，拥抱，拥抱。 

 

    为什么拥抱女孩子的感觉如此美妙？我喜欢搂住坐着的女生的脖子。想被拥抱，这种话太过害羞说不出口！ 害羞！ 

 

    更加困难的是牵手。牵手 ……光是想想就觉得害羞。即使是在和女孩子身体接触亲密的女校时期，我也从未和同学牵过手。害羞。 

 

    然而对女校学生来说拥抱是像家常便饭一样的事，真搞不懂。但在当时都是正常的，""呀~○○好久不见~""然后突然在街上拥抱在一起。看到朋友们这样，我也对我的挚友说：""真好啊，我也能抱抱你吗？”却被回以""住手。""挚友个傲！ 真希望她能娇一点！ 

 

    我和这位挚友牵过一次手。那是在我大学一年级的时候。去约会吧！我们去了横滨，但没有做任何像是在横滨做的事情，只是坐在港未来站的咖啡店慢悠悠地吃蛋糕，一天就这样要结束的时候(在我的身边，无论是异性还是同性两个人一起玩=约会，与众不同？）。 

 

    好无聊！ 至少去看看海啊，我坐在Pacifico横滨外面的阶梯上，太阳已经落山，气温也变冷了。我的挚友站起来说：""回去吧~""等一下！ 还没做件值得纪念的事！ 心急的我不由自主说出： 

 

    “我可以牵你的手吗……” 

 

    为什么要用敬语！ 

 

    挚友一脸不情愿。 

 

    “诶……."" 

 

    “到有屋顶地方就好！” 

 

    “真拿你没办法。"" 

 

    总之我",
3785,157738," ★☆★☆★☆轻小说文库(Www.WenKu8.com)☆★☆★☆★ 

  第一卷 序章  
     台版 转自 天使动漫论坛 

 

    轻书架×天使动漫录入组 

 

    图源：公子夜殇 

 

    录入：kid 

 

    ──我们人类在过去的人魔大战中牺牲了无数的生命，让我们为雷依妮·贝兹以及众多英灵致上哀悼之意。勇者雷依妮等人的壮烈牺牲，换来人魔之间的和解，我们的下一步会是什么？我们将「勇者」重新定义为「抑制人类出错的力量」。内斗、竞富、才能多寡造成的不平等──这些都是人类世界的病灶，以前发作过，未来也不排除复发的可能。我们在此宣誓，期盼能透过创办勇者学校、培育人才，一扫过往的恶习。 

 

    本校学生皆应将以下的五大训诫铭记在心。 

 

    一，为全人类奉献。 

 

    二，成为法条的守门人。 

 

    三，身为强者更应站在弱者身边。 

 

    四，无私无我。 

 

    五，以齿轮环为尊，尊于自己与师长。 

 

    ──节录自卡滋王国勇者学校校训总则 

 

    我在家乡的时候就常常在想，搞不好我是制造麻烦的天生好手。 

 

    我看着眼前的景象，抓了抓脸颊思索。现在是傍晚时分，这里是人族的其中一个国家卡滋王国，首都史备德四周环绕着森林与湖泊，远方有钟塔和高大的城墙，这些风格古老、雕饰繁复的建筑物都沐浴在夕阳之中。那些建筑物的存在，似乎渐渐被现代、同质性高的灰色建筑物侵蚀，我为此感到惋惜。 

 

    我身在一个宽敞的大广场，周遭有好几个武装的年轻男女，他们都配戴着我家乡很少见的齿轮型项圈装置，我稍早之前才得知这是什么东西。 

 

    嗯，先不管这些了。问题在于，我该如何收拾我自己制造出来的麻烦。 

 

    「你这个……可恨的魔族……」 

 ",
3800,158285," ★☆★☆★☆轻小说文库(Www.WenKu8.com)☆★☆★☆★ 

  第一卷 序章 再会  
     网译版 转自 百合会 

 

    图源：儵忽 

 

    翻译：liuxiniy 

 

    古风的教堂。 

 

    雨后晴乃用力推开了双开的大门。 

 

    建筑物内部，从入口处一条直线铺着鲜红的地毯。地毯标示的通道两旁，整齐地排列着有靠背的长椅，在那尽头是讲坛。 

 

    在讲坛前，伫立着一位穿着白色婚纱的少女。 

 

    她的乌黑长发与白色婚纱相映成辉。仿佛婚礼般的氛围。 

 

    让人不由得一见钟情的美丽少女名叫光谷暗奈。 

 

    “好久不见了，暗奈酱。” 

 

    晴乃走在红地毯上，在离暗奈约三米的地方停下了脚步。 

 

    “嗯……真的，好久不见了。” 

 

    暗奈回应道，仿佛在咀嚼着万千复杂的情感。 

 

    “能见到你，真高兴啊，晴乃。” 

 

    暗奈的嘴角自然地上扬，表情变得柔和。 

 

    晴乃也有同样的感受。内心不禁激动起来，无法抑制。 

 

    其实，她真想立刻抱紧暗奈。 

 

    但她抑制住了这种冲动，问道： 

 

    “为什么打扮成这样？虽然我觉得真的很美。” 

 

    “我想以最美的打扮见晴乃，我说过的哦” 

 

    暗奈微笑着回答，然后问道： 

 

    “你能想象晴乃突然离开对我有多大的打击吗？” 

 

    “那是……对不起，真的对不起。” 

 

    面对暗奈的责问，晴乃低下了头。 

 

    她真的觉得很对不起。 

 

    对于晴乃来说，没有暗奈在身边的日子也非常痛苦。 

 

    她想暗奈一定也有同样的感受。 

 

    ",
3802,158308," ★☆★☆★☆轻小说文库(Www.WenKu8.com)☆★☆★☆★ 

  第一卷 血泊中的英雄 ？  
     台版 转自 轻之国度 

 

    轻之国度×天使动漫录入组 

 

    图源：拉菲 

 

    扫图：风 

 

    录入：执花椿 

 

    修图：凪のあすから 

 

    喉咙因为干燥的空气而疼痛不已。 

 

    熟悉的景色被染成一片红，过去的同胞们发出鸟啭般的声音不断燃烧着。 

 

    为什么？怎么会——…… 

 

    那种事不用想也知道，原因十分明确。 

 

    即使如此，眼前难以接受的现实让我的脑袋持续陷入麻痹。 

 

    像是寻找着什么般，我旁徨地走着——接着，在找到那副尸骸时，我才顿悟自己正害怕、寻找着什么。 

 

    以颤抖的手抱起的躯体却因此崩塌，吹拂的风犹如在嘲笑我的孩子般将其带走。 

 

    我已经，失去了所有。 

 

    无论是誓言守护的家人、同伴，以及未来。 

 

    全部都消失在烈火中。 

 

    无论再怎么因愤怒而颤抖全身，再怎么因愤怒而叫得撕心裂肺。 

 

    我已经，失去了—— 

 

    「　　　　　　　　」 

 

    我放声大吼，抬头仰望的天空中回绕着被夺走一切的人们的叹息。 

 

    「啊啊……」 

 

    我明白。接下来该怎么做，连想都不用想。 

 

    远处传来了夺走我一切的人们的声音。 

 

    失去的东西不会再回到手中。 

 

    被夺走的性命，不会再归来—— 

 

    既然如此，那我—— 

 

    那我们——   

  第一卷 血泊中的英雄 1  
     「您说暗杀勇者吗？由我去？不可能吧，那可是勇者耶？」 

",
3810,158494," ★☆★☆★☆轻小说文库(Www.WenKu8.com)☆★☆★☆★ 

  第一卷 一回 见义不为无勇也  
     网译版 转自 轻之国度 

 

    翻译：Sept étoiles 

 

    考场里有个女孩子。 

 

    是个令人吃惊的女孩子。 

 

    * 

 

    当然只有男子才能参加科举。 

 

    儒家经典（教科书）中也写着类似「女子应在家中做事」这样的话。 

 

    时维光干四年，换算成西历就是1584年。若说有女孩为了通过科举而努力学习，那简直是天方夜谭，荒谬至极。 

 

    但这样一来，女子当官之路似乎就彻底断绝了。 

 

    有人对此感到不满，也是情理之中。 

 

    此时此地，有一人名唤雷雪莲。 

 

    如乌鸦湿润羽毛般的秀发在后脑勺上束成一束，一袭素雅淡泊的长袍裹住身躯，衬托出不高不矮的中等身形。面容中透着几分稚气，却又因那如冰般锐利的目光，令人不由自主地感受到一股成熟的气息。 

 

    并非中性的美少年。 

 

    而是假扮少年的少女。 

 

    （不能被看穿真身。无论发生什么都要装作男子。无论多么不公也决不落泪） 

 

    雪莲在心中默念着这些，穿行于巷陌之间。 

 

    今日，这座县城因举办科举考试的第一轮——县试而人头攒动，熙熙攘攘。此地与雪莲一直栖居的偏僻山村可谓天壤之别。每每与人擦肩而过，她的心头便微微一颤，然而似乎无人察觉她乃是女扮男装的姑娘。 

 

    （无妨。我已悉心练习过了） 

 

    雪莲生而为女。 

 

    此乃不可更改之事实。 

 

    然而，欲通过科举考试，必须为男儿身。此乃千年历史铸就的金科玉律。寻常之人至此便会知难而退，但雪莲非寻常之辈。 

 

    ",
3810,158675," ★☆★☆★☆轻小说文库(Www.WenKu8.com)☆★☆★☆★ 

  第二卷 前段  
     网译版 转自 轻之国度 

 

    翻译：Sept étoiles 

 

    「科试到此结束。成绩将于日后公布，诸位请静候佳音」 

 

    身形瘦长的总管学政以严肃的语气如是宣布。 

 

    霎时间，原本紧绷的空气骤然松弛。 

 

    此起彼伏地响起了夹杂着疲惫与释然的叹息声。 

 

    坐在雷雪莲身旁一直在苦思冥想的少女耿梨玉也不例外，待看清学政离开考室，便如同中箭倒地的士兵一般，整个人瘫伏在了案上。 

 

    「终于考完啦。我已经不想思考任何事情了……」 

 

    「后面的路更令人担忧呢。乡试可不会这么简单就完事」 

 

    「真是的！小雪你就不能说些温柔点的话吗？」 

 

    「我只是在陈述事实罢了」 

 

    梨玉鼓起腮帮子仰头看着雪莲。 

 

    不过，她似乎也意识到了雪莲说的有道理，最终还是带着几分认命的神色叹了口气，显得有些蔫蔫的。 

 

    「果然前路漫漫啊。我还以为成为生员就能直接参加乡试呢，没想到还要考试……」 

 

    「嘛，为了考试而反复考试，这就是科举的特点啊」 

 

    「话虽如此，考试也太多了吧？」 

 

    「三千分之一的录取率可不是白说的」 

 

    梨玉一副疲惫不堪的样子又叹了口气。 

 

    忽然环顾四周，通过了科试的生员们正互相称赞着对方的努力，陆续退出考场。他们都是历经地狱般的童试（县试·府试·院试）考验，才获得生员身份的精英。 

 

    然而，这并不意味着能立即参加科举正式考试——乡试。 

 

    每三年举行两次名为科试的预备考试，用以考察是否具备参加乡试的足够实力。若不",
3816,158814," ★☆★☆★☆轻小说文库(Www.WenKu8.com)☆★☆★☆★ 

  第一卷 第1章 憧憬与恋慕  
     网译版 转自 百合会 

 

    翻译：antarc 

 

    缺乏自信，对一切都消极的我唯一不会输的事 

 

    外表与人类别无二致，却以血液为主食的生物。 

 

    除了必须摄取他人的血来维持生存以外，与人类没有明显的差异。 

 

    像人类一般，却又不是人类的神圣存在。 

 

    那就是吸血鬼。 

 

    然而，他们现在的总数不到人类的十分之一。 

 

    数百年前，吸血鬼的数量持续增长。人类出于恐惧心理，对他们进行了一场大屠杀。 

 

    因此，现在存活的吸血鬼不足全盛期的0.01%。 

 

    在日常生活中极其罕见，仿佛童话里的妖精—— 

 

    宁宁子透过自己房间的窗户，呆望着外面放学回家的高中生。 

 

    现在是下午四点。在路旁结伴而行、有说有笑的他们，全都是宁宁子的同龄人。 

 

    看着这些身穿制服、闪闪发光的高中生，她为自己与他们的巨大差异而失落。 

 

    为了逃避现实，她收回视线，转向自己的平板电脑。 

 

    「没法专心啊……」 

 

    完全无法集中注意力。耳机里老师的声音，从左耳朵进，又从右耳朵出。 

 

    与全日制高中不同，就读于通信制高中的宁宁子没必要急于修得学分。 

 

    懒懒地往桌面上一趴，突然，窗户的方向传来嘎吱嘎吱的声音。 

 

    宁宁子抬头一看，不出所料，一只野生的三毛猫正在阳台上抓挠着窗玻璃。 

 

    「怎么了？」 

 

    把窗户打开一条缝，它灵活地从缝里钻了进来。 

 

    三毛猫微微低下头，行了个礼。 

 

    「我",
3817,158891," ★☆★☆★☆轻小说文库(Www.WenKu8.com)☆★☆★☆★ 

  第一卷 序章  
     网译版 转自 百合会 

 

    翻译：诽夜 

 

    蕾咪正在挖埋葬母亲的墓穴。 

 

    她用刚满七岁的娇小身躯扛着铲子，插进柔软的雪上。 

 

    就在两天前，母亲的身体变得像雪一样又白又冰冷。托尼爷爷说那是很恶质的感冒。几天前还很有精神的母亲，在转眼间就去世了。 

 

    风冷得冻人。蕾咪决定将丘顶那唯一一棵光秃秃的冷杉当成母亲的墓碑。因为从那里看到的景色，母亲跟自己都很喜欢。从那座山丘上，可以将充满微弱阳光而闪耀白银光辉的雪原，美得令人愤恨地尽收眼底。 

 

    ——我被世界舍弃了。 

 

    前端尖锐的铲子挖开刚下的雪，撞上石头般坚硬的冰层。蕾咪将娇小身躯的全部体重压在铲子上，一点一点地削去冰之大地。对年幼的少女来说，这是相当辛苦的重劳动。额头浮现的汗水被零度以下的风吹得刺痛。 

 

    什么都不要想，只要专心挖洞吧——蕾咪如此告诉自己。 

 

    听好了，蕾咪。任何事物都有结束的时候。无论是我，或是你。这颗星球，还有太阳也一样。死亡总有一天会到来。所以你要接受这个事实。 

 

    昨晚，托尼爷爷在变成雪的母亲遗体旁对蕾咪这么说。说出这句话的托尼爷爷已经无法靠自己的力量站稳，整天都坐在轮椅上靠暖炉取暖。蕾咪连婴儿时期就去世的父亲长什么样子都不记得。在没有年轻人，每天都有老人死去的贫寒村庄里，无论是挖墓穴还是埋葬死者，这种需要力气的工作都只能交给年幼的蕾咪。 

 

    不可以哭，不可以哭，不可以哭。 

 

    每当铲子削去冰层，蕾咪就觉得自己的心也跟着被削去。每当冷风让肩膀颤抖，她就会想起母亲煮的温暖甜菜汤。 

 

    人会死。托尼爷爷也会死。这颗星球也很快就",
3833,159575," ★☆★☆★☆轻小说文库(Www.WenKu8.com)☆★☆★☆★ 

  第一卷 序章 在放学后的教室里  
     网译版 转自 轻之国度 

 

    翻译：志麻贺津纪（四、五章）、冬冬（三章）、RiLey（序、一、二章、幕间、后记） 

 

    修图：热忱 

 

    两面包夹汉化组读者群：609672730 

 

    我接吻了。 

 

    这是我人生中第二次接吻。 

 

    我们都是成人，也都没有恋人。本来不应该有任何问题，但我们所在的地方是我上班的高中，在一个让人产生背德感的无人教室里。 

 

    ……不不，这不是问题对吧。我们根本没在交往就接吻，这真的好吗？也就是说这从伦理的角度上讲可以说没问题吗？ 

 

    我是不是应该负起责任比较好？想到这些，她在离我无法更近的地方笑了起来，像要看穿我的脸一样。 

 

    「看起来你在想什么，你是在想你得负起责任吗？没事的。我也是这么想的。」 

 

    那张标致的漂亮脸蛋说出这番话，我不由得逃开了视线。 

 

    这就是，依然纠结于初恋和失恋的时候就已经成人的我经历的，接近4000天里发生的故事。 

 

    而对她而言这也肯定不只是甜甜的恋爱谭。 

 

    所以我现在闭上眼睛，沉浸于这甜美的肌肤接触中。 

 

    因为张开双眼，世界就会改变了吧。   

  第一卷 第一章 又土又较真的国语老师  
     控制不住想要关心，想尽可能展现自己的优点；回过神来，目光已经离不开。一瞬间，回忆涌上心头。 

 

    如果把这些情感和行为称作『爱』，那么我的初恋就是在十六岁那年的春天。 

 

    16岁的初恋算早还是晚呢？我没有聊得来的朋友，既搞不懂也不感兴趣。 

 

    只是，苦恼着该怎么做才好。如",
3854,160445," ★☆★☆★☆轻小说文库(Www.WenKu8.com)☆★☆★☆★ 

  第一卷 蔓草萌生  
     网译版 转自 百合会 

 

    翻译：nanase1 

 

    这是发生在某所女校——不可思议的，残酷的事件。 

 

    “找到栖身于这所学校中的魔女，无论你许下怎样一个愿望，她都会为你实现。” 

 

    受不了了。待不下去了。 

 

    我在心底把话默念三次，终于有了起身离开座位的勇气。虽说如此，心跳还是不觉快上几分——会不会有人正看着我呢？大家低声交流的声音充满教室，仿佛饭后飘荡在客厅的料理余香。人人都正襟危坐凝神静气，无暇分心在意我。 

 

    紧接在开学典礼后的这场班会，说好马上就来的班导老师迟迟不现身，教室里的同学尽是生面孔，空气也黏着得不似气体，教人喘不过气来。环视四周，让我讶异的是只不过这点时间，便已经有人和和气气地聊了起来。大家怎么能这么轻易就和别人打开话题？ 

 

    反正我不行。向名字都不知道的人开口一开始就不在我的能力范围内。 

 

    说不定前后桌的同学会向我搭话，但要等对方先行动实在太过煎熬。而且，别人微微扭头就心生期待，未免也太难看。 

 

    要是坐我前面的同学和她前面的同学——或者后面和再后面的同学——开始聊天，我就像河里的沙洲一样变成孤零零一人了，那可怎么办呀。为没来由的事感到害怕，我决心先一步逃离战场。 

 

    教室就是战场。我们为了不被孤立缔结盟约、结交盟友。为了加强这份联系，就连背叛过往的同伴也在所不惜。 

 

    好恐怖。在教室里左右逢源的女生最恐怖了。 

 

    我小心翼翼避开大家的视线，像表演狂言一样僵直着上身想要走出教室，目光不觉投向坐在窗边快乐谈话的两人。 

 

    开学典礼结束，从体育馆到教室的半途，她们就已经",
3862,160792," ★☆★☆★☆轻小说文库(Www.WenKu8.com)☆★☆★☆★ 

  第一卷 序章  
     网译版 转自 百合会 

 

    翻译：诽夜 

 

    库莉谢很早就意识到，自己是个脑袋有问题的人。 

 

    所有人都说很普通的事情，库莉谢却无法理解、无法感受、无法体会。 

 

    看到别人说很漂亮的东西，库莉谢也不觉得漂亮。就算伤害、杀死别人，库莉谢也没有任何感觉。能够若无其事地杀人的库莉谢，肯定不会认为那是件坏事的库莉谢，肯定是个脑袋有问题到无可救药的人。 

 

    但是在故乡的雪地上，一勾弯月之下。 

 

    「……库莉谢大人的选择是对是错，我也不知道」 

 

    眼前的红发佣人，或许脑袋比自己还要有问题。 

 

    「但是我相信，库莉谢大人其实是比谁都要温柔，比谁都要纯粹的人。……所以库莉谢大人认真烦恼后选择的答案，无疑是正确的」 

 

    因为她坚持着库莉谢没有错，只是单纯地相信着。 

 

    「……库莉谢，对自己没有自信」 

 

    就算想当个好孩子，库莉谢却欠缺太多当个『好孩子』的要素，甚至无法理解普通人理所当然知道的善恶。 

 

    这样的库莉谢就算再怎么烦恼，也不可能得出正确答案。 

 

    但是她笑着说道。 

 

    「我不是说了吗？我也不知道正确答案是什么」 

 

    对于说着没有自信的库莉谢，她温柔地抚摸着脸颊。 

 

    「我只是相信，对于那个根本没有答案的问题，认真思考后的库莉谢大人最终做出了决定这件事本身一定是正确的。……我认为，任何事情最重要的都是过程」 

 

    顺着她的招手，库莉谢倒向沉在雪上的她。 

 

    「如果您还觉得那是罪的话，就按照库莉谢大人自己的方式来背负罪责吧，如果您认为自己应",
3863,160807," ★☆★☆★☆轻小说文库(Www.WenKu8.com)☆★☆★☆★ 

  第一卷 第一章 崭新开始的一周  
     台版 转自 天使动漫论坛 

 

    天使动漫录入组 

 

    图源：奏井夕雨 

 

    录入：kid 

 

    周末结束后的周一。 

 

    一名美少女在街上漫步。 

 

    她有着一头柔顺的灰色长发，以及琉璃色的双眼。不管从360度哪一个角度看来都容貌姣好，宛如一尘不染的美丽鲜花。 

 

    少女身上穿着深蓝色的西装外套、酒红色的毛衣以及深蓝色的短裙。简而言之，就是她穿着制服，正在上学途中。 

 

    话说回来离题一下，各位知道「如虎添翼」这个成语的意思吗？如果不知道的话，请查查手边的字典。上头应该会有「穿了制服的伊蕾娜」这个解释才对。没有的话请自己加上去。漫步街头的她正是如此楚楚动人，令擦身而过的人不禁回首。 

 

    她的个性一定也高贵又文雅。外表如此亮丽的少女不可能是腹黑。 

 

    「嗯……」 

 

    这时，她停在路中间，眯起双眼凝神细看。 

 

    眼前是一间面包店。颇受欢迎的店铺一早就开始营业，刚出炉的甘甜面包香气飘到她身边。 

 

    她的视线尽头注视着展示窗，形形色色的面包陈列在架上闪闪发亮，仿佛在对她耳语「伊蕾娜，吃人家！」最起码，她似乎听见了这种声音。平时吃了太多面包的她脑袋有点不正常。 

 

    她如此完美无缺，若是有唯一一个缺点，那就是对面包爱不释手吧。 

 

    可是这种地方也很俏皮可爱呢。 

 

    「呵呵……」 

 

    终于，她独自一人轻声笑了出来。 

 

    想必是店内陈列的面包和她分享了有趣的笑话。 

 

    「我今天果然也很可爱──」 

 

    并没有。",
3866,160899," ★☆★☆★☆轻小说文库(Www.WenKu8.com)☆★☆★☆★ 

  第一卷 序章  
     网译版 转自 百合会 

 

    翻译：诽夜 

 

    我肯定没有不惜伤害他人也要以自己的恋情为优先的勇气。 

 

    所以，不是什么道德伦理之类的原因，而是我认为自己绝对不会不忠。 

 

    连初恋都还没谈过的我会思考这种事，是因为有些复杂……倒也不至于，但有些麻烦的隐情。 

 

    「呐，雪，车站往哪边走？」 

 

    「那边。上周我应该也跟司去过」 

 

    在涩谷街上，被唤作雪的我——拝岛雪（はいじま ゆき）指着东北方回答询问的声音。 

 

    得到的回应是「这样啊」这句有气无力的话语，我在内心叹息。 

 

    因为这个一起走的女生——碧海司（あおみ つかさ）在我家寄宿，我才会思考以往不曾意识到的事。 

 

    碧海司有女朋友。 

 

    司的恋爱对象是否只限于女性，我没有详细问过。但是，司的恋人确实是女性，既然我也是女性，我便不得不在意。 

 

    正因为没有明确划分出哪些属于朋友的范畴，哪些属于暧昧，我才会落得逐一思考这些事的下场。 

 

    今天我跟司一起买衣服、一起吃饭，现在正在回家。 

 

    司的女朋友当然不知道我跟司一起出门。 

 

    这种状况——。 

 

    「不对，不是这样！」 

 

    「……？」 

 

    我忍不住叫出声音，司一脸不可思议地看着我。 

 

    跟朋友一起去买东西，是极为普通的事。今天也只是去买衣服，没有任何愧疚之处。 

 

    「啊，雪，等一下」 

 

    我正想快步走向车站时，司叫住了我。 

 

    星期天的涩谷人潮汹涌，我们两人之间只要稍微拉开一点",
3866,166204," ★☆★☆★☆轻小说文库(Www.WenKu8.com)☆★☆★☆★ 

  第二卷 【前情提要】  
     网译版 转自 百合会 

 

    翻译：诽夜 

 

    我——拝岛雪，和代替父母照顾我的姑姑——香织小姐约好，只要考试能及格，就可以一个人在外面生活。然而，我的成绩从第一次期中考试开始就一落千丈。 

 

    走投无路的我，某天遇到了来我家避雨的同班同学——碧海司，和她定下了约定。 

 

    「我来教你念书，作为交换，暑假前让我住在你家吧」 

 

    但是，这段同居生活有一个致命的问题。那就是——司有女朋友。 

 

    我亲眼看到司和她的女朋友——高中生兼声优的狭山玲罗在公园接吻，而且她们现在似乎还没有分手。 

 

    然而，司却以一种奇妙的距离感，多次让我感到困扰。就连在狭山同学面前也是…… 

 

    这难道是，就算是同性，也算劈腿——？ 

 

    我告诉自己「如果没有恋爱感情，那就不算劈腿」。但是，不仅是狭山同学，连我的朋友久留米弓莉也反对我和司同居。但实际上，我的成绩提高了。而且最重要的是，我也开始觉得和司的生活很愉快。 

 

    在共同生活中，我渐渐地察觉到了。司和狭山同学的恋人关系是扭曲的。 

 

    狭山同学只是填补了司因为和父母的关系而产生的内心空隙。所以司自己，对狭山同学的感情和新产生的感情——对我的感情开始动摇。 

 

    我爱上了司。我绝对不会把司交给任何人。这就是我的初恋。   

  第二卷 序章「久留米弓莉的情况」  
     ——……劈腿是不对的，看来这并不是理所当然的。 

 

    但是，我自认为知道，世界上存在着这种不讲理的事情。 

 

    我——久留米弓莉有一个姐姐。 

 

    她是个很亲近人，跑得快，成绩也好，如",
3872,161210," ★☆★☆★☆轻小说文库(Www.WenKu8.com)☆★☆★☆★ 

  第一卷 『起始』  
     网译版 转自 百合会 

 

    翻译：倒计时 

 

    要说什么能让人觉得这辈子完蛋了，莫过于杀了人的时候。 

 

    凭我的想象力，也只能给出这么个答案了。 

 

    那么，现在的我究竟在人生的死路上走了多远呢。这应该是死路吧？脚尖蹬着墙壁的感觉真真切切，嘴唇也被堵了个严严实实。但是唇上的触感绵绵软软，轻轻一碰一吸就让我的大脑空空荡荡。 

 

    呢喃从那缝隙里洒落，用呼唤声让我颤抖。 

 

    在我看来，不管是否情愿，现在这事就在我眼皮子底下堂而皇之上演，类似寒气之类的什么正在肆虐。然后，在那片寒气的中心立刻注入了人的体温，正因如此，这温度差难免让肌肤悲鸣。但这悲鸣声也淹没在了交叠声中。 

 

    如果没那么从容的话，或许就不会变成这样了吧。 

 

    如果没那么幸运的话。如果没那么幸福的话。要是没那么充实的话。要是再累一点的话。要是头都抬不起来的话。要是没那么爱岗敬业的话。如果视力再差一点的话。要是有夜盲症的话。要是没上去搭话。要是没追上去的话。要是没发现的话。 

 

    要是没穿校服的话。 

 

    没有人被杀。 

 

    谁都还没受伤。 

 

    假设是因为知晓了寂寞而相依偎吧。 

 

    尽管如此，我却在给自己的人生画上休止符。 

 

    怀里所得之物，正炙烤着我的全身。 

 

    小我十岁，女高中生，我的学生，学校制服，校服裙子，蓝色内衣，个比我高，高二学生，未成年人，而我已婚，身为教师，在休息日，已有家室，已有老公，婚外恋情，女高中生，年龄十七，有夫之妇，女高中生，外遇出轨，正值妙龄，见异思迁，女高中生。 

 

    其中的任",
3872,161224," ★☆★☆★☆轻小说文库(Www.WenKu8.com)☆★☆★☆★ 

  第二卷 『始或终』  
     网译版 转自 百合会 

 

    翻译：倒计时 

 

    「至于后悔？我没有半点后悔」 

 

    车轮一个颠簸，身体也跟着上下晃荡。 

 

    「自从遇上那孩子，我选择的，是一条自己期望的路。毫无疑问，一路上的所得所失，全是自己造成的结果。而我，也接受这个结果。这条路上，确实有着幸福，也有过多次疯狂体验。如今，我已经没法回到从前，可我也不会怀念从前。因为我，不会否定对女高中生出手的我」 

 

    回首望去，这段旅程算不上长。可它的余韵，太过浓烈。 

 

    个中滋味，回味无穷。时至今日，充实感、苦闷感仍旧侵蚀着我。 

 

    「我真的……很对不起老公。原本以为，我这人也没那么绝情，不至于连对方的感受都不明白。可如今的我，恰恰预想过别人会是什么感受，却还是执意越过那条线。恐怕，这比单纯的不懂人心要更致命吧」（注：入间人间在kakuyomu上的2024年10月记事里也提到过这段论述。他觉得自己笔下的角色当中，《初恋接吻》里的地平潮就属于这类人，并且如今的老师也接近于这类人了） 

 

    人们总说，老实本分是一种美德，可若是对自己的欲望也老实，那大多会偏离正道。正如现在的我。按理来说，人必须要克服这种欲望，可意志薄弱的人在社会环境下会难以抵抗欲望。会难以从生存、生活本身获得满足感。 

 

    哪怕到了现在，我也说不上来自己究竟是活着，还是已经死了。 

 

    闭着眼睛。什么也看不到。 

 

    但身体在动。在被送向某处。 

 

    「明明我这么自私这么任性，可那孩子却还说我对她好，看来她啊，没有看人的眼光」 

 

    所以她才会喜欢我到这个份上吧。 

 

    哐",
3885,161743," ★☆★☆★☆轻小说文库(Www.WenKu8.com)☆★☆★☆★ 

  第一卷 人物介绍  
     网译版 转自 百度机械化少女吧 

 

    翻译：刀刀刀叉 

 

    艾尔玛·雷沃南 

 

    阶级：中尉 

 

    出身：索穆斯 

 

    所属：索穆斯空军第3机械化步兵大队第2中队 

 

    身高：162cm 

 

    生日：6月4日 

 

    年龄：15岁（1939年） 

 

    使魔：水貂 

 

    使用战斗脚： Fiat G .50 

 

    使用武器：M1926轻机枪 

 

    生来就有不幸的体质，被赶上架当了没人要中队。尽管忙乱不过为了提高中队的战斗能力而和智子一同东奔西走。 

 

    穴拭智子 

 

    阶级：少尉 

 

    出身：扶桑皇国 

 

    所属：明野飞行学校实验中队 

 

    身高：160cm 

 

    生日：12月5日 

 

    年龄：16岁（1939年） 

 

    使魔：狐狸（金平） 

 

    使用战斗脚：长岛ki27九七式战斗脚 

 

    使用武器：九六式轻机关枪，扶桑刀""备前长船""。 

 

    在扶桑海事变中活跃，后以""扶桑海的巴御前""闻名。派遣至索穆斯并非本人之意，不过为锻炼各国派遣人员而奋斗。 

 

    迫水遥 

 

    阶级：一等飞行中士 

 

    出身：扶桑皇国 

 

    所属：海军横须贺航空队 

 

    身高：153cm 

 

    生日：4月1日 

 

    年龄：14岁（1939年） 

 

    使魔：狸猫 

 

    使用战斗脚：宫菱A6M十二试舰上战斗脚 

 

   ",
3885,162177," ★☆★☆★☆轻小说文库(Www.WenKu8.com)☆★☆★☆★ 

  第二卷 序章  
     网译版 转自 百度机械化少女吧 

 

    翻译：刀刀刀叉 

 

    罗马尼亚空军总司令部发： 

 

    致第97俯冲轰炸航空群第239飞行队： 

 

    ""贵飞行队的装备请求被驳回。请继续使用现有的装备奋战。"" 

 

    当队长宣布以上电报时，并没有出现太多意外的声音。朱瑟匹娜·钱尼准尉也只能默默认同，心想""这是意料之中的""。 

 

    1939年的欧洲战线烽烟四起，其混乱程度就像是巫女将一锅难以名状的杂烩倒在地上一样，而且这位巫女还不好对付，她以名为""涅洛伊""的形态出现。为了对抗她，优秀的战斗脚和魔女比任何东西都重要。 

 

    在欧洲大陆突出的长靴的南部，罗马尼亚公国的情况也是一样。在奥斯特马克几乎从地图上消失的情况下，无暇再顾及琐事。因此，虽然决定进口并装备卡尔斯兰制造的Ju87型战斗脚，但由于卡尔斯兰自身也需要这种装备，因此难以得到同盟国的支援。最终到达的极少数战斗脚也成为部队之间争夺的对象，最终落到某处的某个人的脚下。 

 

    ""因此，钱尼所属的罗马尼亚空军第97俯冲轰炸航空群第239飞行队因第几十次申请被驳回，决定装备熟悉的法罗特G50在涅洛伊的头上投下炸弹。实际上她们曾也配备过Ju87，但很快就弄坏了，保有机数变为零。据说这件事引起了司令部的不满，导致了现在的事态。 

 

    钱尼是拥有银色卷发和蓝色瞳孔的魔女，对地面轰炸表现出了非同寻常的兴趣和才能。除了在空中与涅洛伊战斗外，还擅长击败地面上的敌人。是过参加西班牙战役的宝贵魔女。在东欧遭受涅洛伊入侵后，她被派往地中海战场。当奥斯特马克的一半被涅洛伊占领、并且进攻到亚得里亚海沿岸时，她参与了部分反击行动。在这次行动中，钱尼进行了试验性",
3885,164577," ★☆★☆★☆轻小说文库(Www.WenKu8.com)☆★☆★☆★ 

  第三卷 第一章【再见，拉佩兰塔】  
     网译版 转自 百度机械化少女吧 

 

    翻译：刀刀刀叉 

 

    这几天索姆斯地区经历了频繁的雨天。往年本应是下雪的日子却变成了下雨的天气。本来被白雪覆盖的森林地带，也隐约可见针叶树的叶子。最近一直持续刷新着观测史上最低温度的寒冷天气，但不知何故，似乎发生了变化。这在深冬时节是不寻常的，赫尔辛基气象台也宣布这是异常气候。 

 

    这并不是什么好消息。索姆斯军队不仅贫穷，装备也很薄弱。寒冷的气候是他们最强大的武器。雪成为有效阻挡人和车辆的障碍物。但如果变成下雨，道路将畅通无阻。 

 

    这种情况对于涅洛伊也是一样的，虽然对水比较敏感，但如果只是小雨，它依然能坚持前进。当然，如果是大规模的暴雨，涅洛伊就会停止活动，但这个时候人类也无法行动。让人不禁感叹这个世界的精妙。 

 

    ""不过，反正又会变成雪吧。"" 

 

    索姆斯的拉佩兰塔基地，一个人喃喃自语着，那个人是穴拭智子。她是来自扶桑的魔女，被称作扶桑海的巴御前的王牌飞行员。曾一度在报纸上引起轰动，甚至参演了电影。但几经周折，最后来到了索姆斯，现在隶属于第 28 战队的义勇独立飞行中队，俗称""没人要中队""。她以长长的黑发和端正的面容为特征，在扶桑受到女学生们的热烈欢迎。然而，那已经是过去式了。现在，除了杉树和驯鹿，没有人会注意到她了。 

 

    ""但现在还是能让我尖叫哟。"" 

 

    说这话的人正是同样来自扶桑的魔女迫水遥。遥是智子的超级粉丝，并且表现出了远远偏离 

 

    ""粉丝""定义的爱情。达到了某种超越信仰的境界。 

 

    ""多亏智子少尉来到了索姆斯，我们才能独处！这是命中注定！"" 

 

    遥曾一度",
3885,164584," ★☆★☆★☆轻小说文库(Www.WenKu8.com)☆★☆★☆★ 

  第四卷 【序章。】  
     网译版 转自 百度机械化少女吧 

 

    翻译：刀刀刀叉 

 

    艳阳高照。阳光给严寒注入温暖的气息，让人感受到生命的迹象。索姆斯漫长的冬季终于开始转变成春天的色彩，但天空依然寒冷。 

 

    在卡累利阿半岛上方 3000 米的高空，那天从早上开始，涅洛伊的大编队飞来，与迎击的魔女之间展开了一场大规模的空战。 

 

    ""这里是卢卡宁，正下方是涅洛伊的大编队！正指向赫尔辛基！"" 

 

    隶属于第 24 战队的埃尼・安蒂娅・卢卡宁上尉刚从英莫拉基地起飞，就遭遇了大规模的飞行型涅洛伊群。 

 

    卢卡宁沉着冷静，即使面对严峻的情况也不会失去自我，是天生的指挥官魔女。她的声音传来，说明涅洛伊的数量一定非常庞大。 

 

    涅洛伊以惊人的气势从东方接近。与过去的银色个体不同，这次的涅洛伊全部都是漆黑的，偶尔还带有红色斑点。本就无法沟通的无机物又增添了一种诡异感。它们以类似社会性昆虫的组织方式形成编队。 

 

    ""全员攻击！"" 

 

    卢卡宁一声令下，第 24 战队的魔女们展开了反击。 

 

    涅洛伊一旦识别出魔女，红色的面板就会发亮，并射出光线。在卡累利阿的上空，闪烁的光芒挥舞，照亮了周围的一切。 

 

    魔女们闪避或是张开护盾防御，冲向涅洛伊的编队。 

 

    尖锐的射击声响起。充满魔力的子弹穿过光线击中了涅洛伊。一瞬间黑色的外壳破裂开，碎片飞散后消失不见。 

 

    ""太好了！"" 

 

    喊叫的是今天首次参战的某人。能在第一天就击落敌机真是幸运，但卢卡宁没有时间表扬她。而是专注于击落眼前的敌人。 

 

    轰炸型涅洛伊从正面逼近。身体",
3894,162181," ★☆★☆★☆轻小说文库(Www.WenKu8.com)☆★☆★☆★ 

  第一卷 第一章  
     网译版 转自 B站（ https://www.bilibili.com/opus/903592472643371011 ） 

 

    图源：布莱克小鸟 

 

    翻译：开车漫画家张本  

 

    校对：布莱克小鸟 

 

    夏日傍晚，空气格外柔和。夕阳越过一排排房屋，气温明显下降。风吹过，湿润宜人的空气从衬衫一边的袖子滑到另一边。 

 

    天津四、织女星和牵牛星组成夏日大三角，在宁静的夜空中守护着每个人的睡眠。包围着星光的黑暗似乎抹去了白天的忙碌，给了人们宁静的休息时刻。今天就是这样的一个夜晚。 

 

    美墨渚正对着房间里的镜子发呆。通往阳台的窗户外，光线逐渐变暗，映照出室内的景象。房间里铺着心形图案的地毯，上方放着兔子图案的棉被。床的中央放着一个粉白相间的类似手机的物体，物体上还有一个心形的装饰，后面则是一些面无表情的毛绒玩具。 

 

    虽然房间的色彩明亮、充满少女气息，但在墙壁上却交错地挂着偶像和长曲棍球的海报，甚至有一张电影明星兼武术大师李飞龙的海报，与房间的氛围格格不入。 

 

    渚坐在床边的书桌前，不停地照镜子。她摆弄着流海，神情迷茫。 

 

    “渚，你在干什么呢Mepple？” 

 

    突然，床上的类似翻盖手机的装置自动打开，Mepple出现了。Mepple用他那双蓝色的大眼睛询问渚。 

 

    “不。什么事都没有啊。” 

 

    渚看也不看Mepple一眼，直接回答道。Mepple眯起了眼睛，做出了取笑别人的表情。 

 

    “看来是不能说的事情啊Mepple？是不是在练习帅气的表情啊Mepple。” 

 

    “胡，胡说！我只是在",
3917,163022," ★☆★☆★☆轻小说文库(Www.WenKu8.com)☆★☆★☆★ 

  第一卷 序章  
     网译版 转自 百合会 

 

    翻译：RiLey、诽夜 

 

    两面包夹汉化组读者群：609672730 

 

    「能不能做一下，你当时拍摄的样子？」 

 

    向恋提出这个请求的人，毫无疑问正是我自己。 

 

    恋坐在床上，胸口微微前倾，因为衣服的设计，几乎要暴露出那片不愿被他人看到的柔软肌肤。 

 

    诶？恋平时拍摄的时候，都是这样的姿势吗？摄影师不会看到吗……？ 

 

    恋对我的动摇毫不知情，用双手撩起身后的长发。 

 

    她那洁白漂亮的后颈，完全暴露在我的眼前。 

 

    ……不行啊。一定会有人用色色的眼神看着恋的……就像我一样。 

 

    尽管心里充满不安，我的视线却始终无法从恋的身上移开。 

 

    如此可爱又帅气的恋人，那个平时作为模特吸引无数目光的＂REN＂，此刻却只在我面前摆出姿势。 

 

    ……这时间究竟是多么奢侈啊。而恋无视了我微微的优越感，以及……无处可藏不断膨胀的邪念，继续做着动作。 

 

    她轻轻地掀起裙摆，露出了大腿。 

 

    不，不行啊……！会看到内裤的吧？要露到这么危险的地方真的行吗？……感觉好，好色啊。 

 

    摄影师，经纪人，还有所有参与拍摄的人，都会看到这样的恋吗？ 

 

    ……就算恋是专业的模特，作为她的女友，我担心也是理所当然的吧？ 

 

    「……恋？正式拍摄的时候，你也会摆出这样的姿势吗？」 

 

    「当然啊，如果被这样要求我就会去做。毕竟，我是个职业模特。」 

 

    听到恋那云淡风轻的回答，我意识到内心某处的火焰被点燃了。 

 

    恋那",
391,14748," ★☆★☆★☆轻小说文库(Www.WenKu8.com)☆★☆★☆★ 

  第一卷 一卷全  
     ——看得见我吗？ 

 

    序曲 

 

    ——吶，你还记得吗？ 

 

    第一次戴上眼镜的时候。 

 

    之前那个朦胧不清的灰色世界， 

 

    在你睁开双眼之后染上鲜明的色彩。 

 

    看惯的景色再也不同， 

 

    看腻的景色也绽放出光芒了呢！ 

 

    我好高兴好高兴。 

 

    感受无尽的眩目蓝空。 

 

    拥抱朱红色夕阳的温暖。 

 

    仰望温柔闪烁的满天星空。 

 

    然后，我哭了呢。 

 

    为世界竟然如此鲜艳， 

 

    如此美丽而哭了。 

 

    ——吶，你还记得吗？ 

 

    第一次戴上眼镜的时候。 

 

    那一天，那个时候，我为何流下眼泪—— 

 

    你还记得吗？ 

 

    我现在仍然记得。 

 

    而我现在也能戚受到。 

 

    你带给我的戚动。 

 

    你带给我的奇迹。 

 

    只要张开双眼， 

 

    就能感受到你所带给我的幸福日子，近在咫尺—— 

 

    ● 

 

    「……根本就是艘幽灵船嘛！」 

 

    看着矗立在眼前的大型货船，基尔说出他对这艘船的第一印象。 

 

    时间是刚过深夜两点，地点在东京丰洲码头。 

 

    白色的船体彷佛是在引诱人似的，朦胧地浮现在暗夜中。 

 

    「简单来说，这座港是个墓地就对了……正合我意啊。」 

 

    基尔哼了一声，环视了周围一圈。看看这个客人指定的地方。 

 

    深沉的暗暗和寂静支配了这一带。 

 

    避",
391,14750," ★☆★☆★☆轻小说文库(Www.WenKu8.com)☆★☆★☆★ 

  第二卷 一卷全  
     ——请你不要犹豫。 

 

    序曲 

 

    ——一开始，我只是想待在你身边。 

 

    我想和你在一起。 

 

    想要一直凝视着你。 

 

    我的愿望成真了。 

 

    两人约定好要一同度过每一天。 

 

    两人可以一起度过相同的时光。 

 

    接着是如幻梦般的每一天。 

 

    只要有你陪伴在我身旁， 

 

    平凡无奇的日子也变得很特别， 

 

    而特别的日子也变得理所当然。 

 

    每一天——都是幸福的。 

 

    只是，随着时光流逝，是从什么时候开始的呢? 

 

    我开始期望得到更多。 

 

    然而，那是不被允许的愿望。 

 

    我明明知道的。 

 

    我应该比任何人都还要清楚。 

 

    这个愿望在心中不断膨胀，敦我束手无策。 

 

    最后愿望化为思慕，而我则是开始追求。 

 

    追求能实现愿望的方法，追求能让思慕成真的力量。 

 

    ——所以，我现在静静地在等待。 

 

    只要再忍耐片刻，只要再等待片刻。 

 

    我能凝视你的那一天终将到来。 

 

    你愿凝视我的那一天终将到来。 

 

    我的身影映照在你眼底的瞬间终将到来—— 

 

    ● 

 

    这个早上实在是令人讨厌的寒冷。 

 

    以时序来说，明明已经是春天了，空气却还是像是时间倒转回冬天一般的冻人。 

 

    没法好好睡觉的深镜妹妹子只好张开眼睛。 

 

    「唔——」 

 

    她灵巧地以食指指背将眼镜镜片由下面",
3961,164203," ★☆★☆★☆轻小说文库(Www.WenKu8.com)☆★☆★☆★ 

  第一卷 幸存天才与异端决死兵 角色介绍  
     网译版 转自 百合会 

 

    翻译：诽夜 

 

    	*希翁(シオン) 

 

    白色姐妹会中第一个也是唯一一个「全能女仆」。责任感强烈，对自己要求严格。此外，她原本的说话方式和性格都比较粗犷，因此成了孤高的存在。另一方面，对于自己人则是相当宽容。喜欢的食物是炸鱼薯条。虽然没有表现出来，但她似乎一直对部队全灭的过去难以释怀—— 

 

    注：シオン在日语能翻为紫苑，虽然在作者访谈中有提到シオン的名是取自紫菀属，但舞台在英国伦敦，故选用音译。 

 

    	*艾莉丝·怀特斯普莉亚(アイリス·ホワイトスプリア(Iris Whitespuria)) 

 

    唯一被分配到希翁部队的决死兵。性格懦弱、自虐且阴沉。再加上脚不好，平时看起来不太可靠，但在『宅邸』里的任务中却会像换了个人般展现出敏捷的动作。取下眼罩这件事被「白色姐妹会」禁止。她逐渐对总是照顾她的希翁产生依赖—— 

 

    注：鸢尾属（学名：Iris）源于希腊语，为希腊神话中彩虹女神的名字。 

 

    spuria 这个词源自拉丁语，意思是 「假的」 或 「非法的」、「杂交的」。 

 

    	*芙萝伦丝·罗德辛比季姆(フローレンス·ロードシンビジウム(Florence Rhodcymbidium)) 

 

    高洁且冷彻的最高级女仆。总是将他人玩弄于股掌之间，操纵自如。尽管如此，她却打从心底相信人与人之间的羁绊是美丽的，并且深爱着女仆们。对于「白色姐妹会」这个组织的归属意识强烈，以保护组织为优先行动。在命令希翁等人任务的同时，似乎也在暗地里采取了某些行动—— 

 

    注：蕙兰属（学名：Cymbidium)",
3961,164825," ★☆★☆★☆轻小说文库(Www.WenKu8.com)☆★☆★☆★ 

  第二卷 谎言与秘密的七重奏曲 序幕／会议是跳舞的不凋花  
     无比宏伟壮丽。 

 

    这座大圣堂和谐得令人屏息，庄严到让人难以置信是出自人类之手。 

 

    大理石地板散发着静谧光泽的圣堂内，矗立着一尊尊女性雕像——她们不属于任何已知的宗教，却散发着深厚的历史底蕴与故事性。 

 

    仰望穹顶，六根石柱撑起巨大的圆顶天花板。那里描绘着被绘画与雕刻中的少女们围绕的伟大魔女——萨娜托的身影。 

 

    装点这座大圣堂的，是不为世人所知的魔女历史。这里是『白色姐妹会』专为女仆建造的大圣堂。 

 

    然而，即使是隶属于『白色姐妹会』的女仆，知晓这座美得令人陶醉的圣堂存在的人也寥寥可数。这是不为人知、隐匿于世的神秘大圣堂。 

 

    大圣堂内的宏伟大厅中央，摆放着一张圆桌。 

 

    那是将七张不同材质与形状的桌子巧妙融合而成的奇特圆桌。 

 

    椅子共有七张。每张椅子都配合相对应桌面的形状与材质精心打造，各自呈现截然不同的奢华风格——这便是七大主教座。 

 

    其中六个主教座已经有人就座。 

 

    坐在那里的是大总管。这座大圣堂正是『白色姐妹会』最高干部齐聚、进行最高意思决定机关的场所。 

 

    「献体Ⅹ——艾莉丝·怀特斯普莉亚的活动报告到此结束」 

 

    在会议现场以美丽而妖媚的声音进行报告的，是一位有着艳丽深褐色秀发和黑曜石般双眸的魔性美女——芙萝伦丝·罗德辛比季姆。 

 

    「总算顺利完成了扫灭业务，与『宅邸』接触后至今未发生任何问题」 

 

    「芙萝伦丝你在说什么啊，问题可大着呢！」 

 

    正当芙萝伦丝带着淡然微笑准备结束报告时，一道尖锐的声音打断了",
3962,164246," ★☆★☆★☆轻小说文库(Www.WenKu8.com)☆★☆★☆★ 

  第一卷 我的日本刀，被女神祝福后会变得非常不得了！？ 序章  
     网译版 转自 真白萌 

 

    翻译：poi 

 

    满月升起之夜。其下，不祥之火于城中蔓延。 

 

    有人试图逃离火焰。有人大声指挥尝试扑灭火焰。有人被火焰烧伤倒下。有人因担心倒下的人而叫喊。 

 

    那是对人的加害之火。压迫弱者，以绝对的力量蹂躏。为此业火持续焚烧着城市。 

 

    释放火焰的原因仅是因为有趣。简单而明快，故邪恶且无情。任性的欲望让火焰更加旺盛。 

 

    这样下去，灾祸之火将吞噬无数无辜之人，会出现许多悲剧吧。 

 

    [那是什么？] 

 

    ——本该如此。 

 

    [那，到底，是什么！？] 

 

    引发灾祸之火的，是世界上为祸害而生的魔神信徒。这被称为魔族的男子，惊愕并狼狈地用颤抖着的声音叫道。 

 

    由他释放的业火，正在吞噬城市和其中无力的弱者。 

 

    本应如此，但自傲的火焰却被一个人类制服了。 

 

    但是，如果仅仅是被扑灭，男子也不会如此惊讶。 

 

    [你！是什么东西！] 

 

    为了释放更多业火。男人为放火注入力量，焚烧人类时所感受到的快感已不复存在，现在只为消灭眼前这难以置信的存在。 

 

    然而，他自身的火焰被一道缠绕着灼眼白焰的一闪斩落。被斩落的火焰看起来似乎被白焰吞噬了一样。仿佛能把视网膜烧焦。 

 

    自己的力量不仅被压制，还让自己的力量被对方占有。就像不洁之物被净化祓除一样。所以他才无法理解，不，是不想理解。 

 

    然而，他不愿相信的存在，以毋庸置疑的存在感君临于此。 

 

    [你啊！到底是什",
3963,164265," ★☆★☆★☆轻小说文库(Www.WenKu8.com)☆★☆★☆★ 

  第一卷 秋天的小星星  
     网译版 转自 百合会 

 

    翻译：beta_hihi 

 

    对于小学生——特别是小学生女生来说，门限正所谓世间的铁则。 

 

    大致上被定为夏天六点，冬天五点，根据家庭情况多少会有些区别。就比如说しおり栞的家里很严格，比学校规定的时间还要早30分钟回家，而ひろみ广美的家里则是那个好像是叫放任主义的东西来着？一直都会让她一直玩到七点为止。 

 

    这是在这样的门限中孕育出的我们的故事。 

 

    在我成为四年级学生过了半年时间的某一天。 

 

    这一天放学后，突然下起了雨。 

 

    我还不至于这种下雨天也会跑到运动场无邪地玩闹到满身是泥，所以我漫不经心的留在了教室里，眺望着从窗户玻璃上滑落的水滴。早知道这样的话，就随便抓住一个同班同学强行去她们家玩就好了，但这也都是马后炮了。老师似乎也还要批改试卷，留下一句「快点回去哦—」就去办公室了。就在我放弃了打算老老实实回家的时候，同班同学来了。 

 

    ——是さくらい樱井うたこ诗子和みそら美空しおり栞。 

 

    两人似乎是刚从图书馆回来，栞的手里正抱着『怪侠佐罗力』的新刊。而诗子则是两手空空，应该只是陪着栞去图书馆了吧。 

 

    从两人的氛围中，便能明白她们接下来要去其中一方的家里玩了。 

 

    如果放过这个机会的话，我就要一个人寂寞的待在客厅，重新看起存在机械硬盘里的已经看过几十遍的电影了。所以我气势汹汹地缩短了与两人之间的距离。 

 

    「呐呐！今天，要不要一起玩？」 

 

    我试着提出了这样的提案。 

 

    拒绝的话那就被拒绝吧，倒也是没什么关系。 

 

    栞是一副犹",
3964,164338," ★☆★☆★☆轻小说文库(Www.WenKu8.com)☆★☆★☆★ 

  第一卷 序章  
     网译版 转自 百合会 

 

    翻译：红百合 

 

    润色：lagbrother 

 

    考究：无聊者X 

 

    公元3000年代 

 

    由星系短路机关–光贯环*0，发起的脱离太阳系计画进入了新的阶段 

 

    公元4001年 

 

    泛银河往来圈*1成立，十亿人星球*2增加到十二个。全星代表会议的大司空*3–星烛龙*4宣布将从公元*5改历成：星十二指肠历*6（据说她在演讲台上想说出星十二进历*7这个词时咬到舌头，变得口齿不清，但全星代表会议否认了这一点。） 

 

    星十二指肠历4001～8000年 

 

    泛银河往来圈扩大，十亿人行星增加到了十五个。人类的总人口数达到四百亿 

 

    星十二指肠历八五二六年 

 

    弦道*8移民船团到达了新的星系。 

 

    她们自称为环绕者*9。 

 

    她们制定了环绕者历*10—— 

 

    环绕者历18年 

 

    （星十二指肠历8544年） 

 

    监测着8000米长曳纲*11的张力计，指针突然“哗”的跳了起来。 

 

    “命中！” 

 

    在印西迪亚斯号*12因为加装各种设备而变得杂乱、昏暗的舰桥中，响起了年轻掌炮长*13紧张的声音。船长则用冷静的语气回问： 

 

    “停滞型龙卷风？” 

 

    “no,mem！*14” 

 

    “那是滞空的焦粉*15？还是被我们自己抛下的工业废物卡住了？” 

 

    “no,no,mem！这和没打中时的张力状态完全不一样！” 

 

    掌炮长艾塔尔*16 一边将张力计输出的图表跟",
3964,164352," ★☆★☆★☆轻小说文库(Www.WenKu8.com)☆★☆★☆★ 

  第二卷 第一章 采集船  
     网译版 转自 百合会 

 

    翻译：红百合 

 

    1 

 

    扔出去的东西会掉下去。但加速的话不会掉下去。然后加速足够快的话，就会变成卫星。再加速就能超越星系。 

 

    速度是最重要的要素*1。对于在着巨大气体行星大滩球星上，围绕其着生活的环绕者来说。一旦 

 

    失去，就必须马上找回来。 

 

    [轨道再投入喷射，开始! 3G的加速需要不到四分钟，请忍耐一下!] 

 

    连同驾驶舱一起被收监不久后，她们在“没钱号*2”的器材库里，从无线电里传来了一个爽朗的女声。 

 

    紧接着，主引擎“嘭嘭”地发出聚贤，加速度重力沉重地袭向舱内。 

 

    “呜哇哒哒，等一” 

 

    “特拉小……” 

 

    “对不起现在就移开身体!” 

 

    在泡沫型的驾驶舱底部，特拉倒在黛奥德的正上方，她慌忙匍匐支撑起身体。用尽力气往旁边滚开，总算仰面躺在娇小少女的旁边。 

 

    “黛小姐，你没事吧?” 

 

    “完全没事。很轻的呢。” 

 

    “骗人的……” 

 

    少女转向这边望着她，微笑着。特拉也想转过脸去，但对方和自己都被重力压在地板上，动弹不得，只能满脸通红。 

 

    很轻什么才不可能的。如果以特拉在图鉴上看到的古代计量用植物单位来比喻，特拉本来就比同龄人平均身高一个西瓜值，质量也膨胀到三个西瓜值。如果在黛奥德身上再多待十秒，特拉的体重就会膨胀到40个西瓜值的重，会压扁这个娇弱的少女。而且为了防止这种事发生，驾驶舱也早就开始排出能减轻体重的体液性凝胶，也更加说明这情况了。 

 

    所以，说黛奥德不重，",
3986,165240," ★☆★☆★☆轻小说文库(Www.WenKu8.com)☆★☆★☆★ 

  第一卷 序章  
     网译版 转自 百合会 

 

    翻译：3285621093 

 

    轻盈地，一朵纯白的百合花飘落在眼前。 

 

    夕阳斜照的放学后学生会室。 

 

    墙边列着四格抽屉，其中一格贴着'并木'的标签，我从那格抽屉下方拾起坠落的物件。 

 

    准确来说，是个印着白色百合的信封。翻来覆去查看，上面只写着收件人姓名，没有寄件人落款。 

 

    打开用如字帖般规范楷书写着『并木一叶同学』的信封，从中取出信纸。 

 

    「我喜欢你」 

 

    跃入眼帘的文字让心脏扑通一跳。 

 

    这、这是……情、情—— 

 

    「情情、情、情书……！」 

 

    因过度动摇而浑身发抖，连『情书』这个词都说不利索……！ 

 

    「一叶，你手机在震动哦」 

 

    对着全身微微震颤的我说话的，是留着及腰层次长发，给人以很酷印象的少女——京依然低头处理文件，面不改色地说道。 

 

    「不是手机！是小叶子本人在发抖啦！好可怕！」 

 

    用紫色美甲指尖嫌弃地指着我的，是将明亮茶色双马尾卷成螺旋状，散发着""一眼看上去就是辣妹!""气场的少女鹿乃爱。 

 

    「诶？小一叶生病了！？不要紧吧？要去医院吗？」 

 

    满脸担忧探头望来的少女是咲姬。随着她的动作，从两侧团子头垂下的发辫轻轻摇曳。 

 

    持续发抖的我，与远远围观的三人之间，流淌着诡异的沉默时光。 

 

    「……那个，一叶，怎么了？」 

 

    三人面面相觑后，作为这种场合的惯例代表，京开口问道。 

 

    「这、这个，是从我用的抽屉里找到的——」 

 

",
3998,165601," ★☆★☆★☆轻小说文库(Www.WenKu8.com)☆★☆★☆★ 

  第一卷 序章  
     网译版 转自 百合会 

 

    翻译：诽夜 

 

    我不戴饰品。因为会妨碍做家事。手指或手腕戴东西的话，连水月(みずき)最喜欢的汉堡排都做不好，而且我也不太擅长脖子上戴东西。 

 

    所以，我活了十五年，从没戴过饰品。自己不戴，也没给别人戴过。 

 

    「主人」 

 

    银铃般的声音。她今天也用闪闪发亮的眼睛凝视着我。彷佛被那星光般的眼神催促，我碰触她的脖子。 

 

    有点紧张。没想到第一次戴在别人身上的饰品，竟然是这种东西。 

 

    「你的手在颤抖呢？」 

 

    真是奇怪。我和她连朋友都称不上，在教室里几乎不曾交谈。在学校里的立场也不同。她总是被人群包围，是班上的中心人物。而我则是可有可无，不起眼的学生。 

 

    然而现在的我，却—— 

 

    正在帮她系上项圈。 

 

    「……好吧，我会帮你戴上」 

 

    我轻轻碰触她的头发。将金色的头发拨到肩膀上，就这样—— 

 

    将淡粉色的项圈，系在她雪白的脖子上——   

  第一卷 1 公主殿下才不是小狗  
     「胡桃（くるみ），物理课题借我看」 

 

    比起早安，睦月(むつき)更先说的是这句话。早晨的教室虽然吵闹，但她的声音依旧清楚地传进耳里。我觉得她的声音很好听，但说出来的话实在令人无言，所以心情有点复杂。 

 

    我不禁苦笑。 

 

    「……你又没写课题了？这次是什么？玩过头了？」 

 

    「不是啦。我有不得已的苦衷，是去累积社会经验」 

 

    「社会经验？」 

 

    「对啊。身为学生，我在学习人际相处之道，结果就没空写课题",
4014,166308," ★☆★☆★☆轻小说文库(Www.WenKu8.com)☆★☆★☆★ 

  第一卷 最速触发了隐藏事件，结果世界似乎要走向灭亡了 序  
     台版 转自 轻之国度 

 

    轻之国度×天使动漫录入组 

 

    图源：三友非三清 

 

    扫图：linpop 

 

    录入：浮波柚叶 

 

    修图：凪のあすから 

 

    在苍郁而深邃的森林里，回荡着一道传不出去的哀怨之声。 

 

    『我不能在此消灭……得阻止他才行……不管用上何种手段……』 

 

    声音出自一名少女的魂魄──一名过去曾过着和平日常生活的少女。她的尸体早已化为骸骨，护卫们的尸骸亦已朽毁，带着懊悔的遗念轮回转世。然而，就只有少女的灵魂并未投胎，而是滞留此地。在消灭可恨的对手、重新夺回心爱的国家之前，她说什么都不能就此消失。少女凭借着强烈的意念，让自己的灵魂残留于此。 

 

    然而，无论等候多久，少女都没能遇见能为自己雪恨之人，恨意与悔意也因而不断膨胀。不能在此凋零、一定要阻止那个人──为了达成目的，少女已经决定不择手段……甚至做好了成为冷酷魔女的觉悟。 

 

    『────这是……！这无疑适合由那名大人收下……！』 

 

    某天，一道希望之光照到了少女的身边──然而，那是一道邪恶的光芒。即便失去双眼、无法确认来者的身影，她的灵魂依然能感受到强烈的邪恶之光。要是受到这道邪恶之光的指引，自己想必能轻易打败可恨的仇敌，让这一切画下句点吧。但在那之后，等待着自己的结局恐怕是……毁灭。 

 

    『只要能打败那家伙……阻止那家伙的话……』 

 

    少女思索了起来──若能打败仇敌，那她也在所不惜。对方若是打算利用自己，那自己也会尽己所能地榨干对方的价值，好达成报仇雪恨的目的。即便在邪恶之光的引导下，自己",
401,14946," ★☆★☆★☆轻小说文库(Www.WenKu8.com)☆★☆★☆★ 

  第一卷 人物简介  
     白川夏穗 

 

    学校可不是动物园！不可以把宠物带来啦！ 

 

    荷琳莎蕾莉娅 

 

    它们不是宠物，是同伴！ 

 

    神代法香 

 

    班长，你有什么不满么？ 

 

    雪那知子 

 

    嗯，是你不好。 

 

    兰多鲁夫 

 

    我不是变态。我是正统的英国贵族啊！ 

 

    须田翔太 

 

    水就行了。男生只要水就够了啊。？？？ 

 

    觉八会让泥碰主人一根手子头（绝不会让你碰主人一根手指头）   

  第一卷 第一话 德鲁伊来啰!  
     我，白川夏穗正没命地跑着。 

 

    因为弟弟没叫我起床，害我的回笼觉一下子就睡过头了。 

 

    「喝呀呼、喝呀呼!」 

 

    我以少女漫画中女主角常见的登场方式边咬着吐司边全力冲刺。像这种时候，不知为何就是很想刷新自己的纪录。我使劲扭转脚踝来个急转身，三步并作两步冲上天桥，朝学校大门进行最后的冲刺。 

 

    突然，路旁有一只熊跑出来挡在我面前。 

 

    「熊……」 

 

    ◆◇◆ 

 

    私立森野学园。 

 

    位于东京市郊，是一所位在多摩深山并拥有广大腹地的男女合校中学。（译注：日本东京西侧的区域。） 

 

    穿越爬满蔷薇的拱形正门，与喷水池前的女神像打过照面，再途经两侧被银杏树包夹的小径——最后映入眼帘的便是在山野大自然环抱下的宽阔操场。操场后方有一座高耸的红砖造钟塔，还有造型高雅别致的三层楼木造校舍两栋，依着山的斜面而建。 

 

    ……不过，虽然我这么形容会让人以为这里好像是富家千金就读的高级贵族学校",
401,19786," ★☆★☆★☆轻小说文库(Www.WenKu8.com)☆★☆★☆★ 

  第二卷 第一话 逮捕内裤小偷！  
     “呼哇，啊……” 

 

    深夜两点，少女以手撑住脸颊、倚靠在被台灯照亮的书桌上，拼命忍着呼之欲出的呵欠。 

 

    她生着一头细心保养的艳丽黑发，以及被如柳月眉框住的细长眼睛，还有一身光滑细致的肌肤。这种动人的容貌只要走在街上，很快就会被星探发掘为模特儿吧。然而即便是她自傲的美丽，今晚也在睡眠不足的影响下略显憔悴。 

 

    少女就是二年C班的神代法香。 

 

    法香靠在椅背上努力挺直腰杆，对着墙上的时钟瞥了一眼。 

 

    “……呼，看来还得再撑一会儿。” 

 

    时序已进入十一月中旬。 

 

    两周前举行的校庆结束后，森野学园紧接着便进入测验的季节。 

 

    平常总是为了学校课业与女演员工作蜡烛两头烧的法香，在考试前夕几乎都得像这样用功到深夜。 

 

    “绝对不能输给那个小女孩！” 

 

    平日法香的盛气凌人很容易让人以为她是个任性的大小姐，其实她在私底下可是非常努力的。 

 

    她揉了揉疲惫的眼睛，再度翻开教科书——然而，在那之前…… 

 

    坐在书桌前已过了约莫两小时，要说肚子不饿也是骗人的。 

 

    “……我记得冰箱里应该还有鱼肉香肠才对。” 

 

    她喃喃自语并从椅子上站起身，小心翼翼不吵醒在隔壁房睡觉的家人、悄悄走出房间，随后步下与客厅相连的厨房。 

 

    叽。 

 

    就在她打开门的瞬间…… 

 

    “……！” 

 

    她差点就发出了尖叫。 

 

    某个正在蠢动的巨大黑影就映照在面对庭院的窗帘上。 

 

    ……小、小偷？ 

 

    法香不",
401,27844," ★☆★☆★☆轻小说文库(Www.WenKu8.com)☆★☆★☆★ 

  第三卷 第一话 老大姐的凝望!?  
     「唔喔呜、唔喔呜、唔喔——呜!」（日安——） 

 

    「唔喔呜、唔喔呜、唔喔——呜!」（日安——） 

 

    清爽的早晨远吠声在清澈的蓝天中回荡不绝。 

 

    栖息于后山森林里的动物们，今天依然以纯洁的兽脸穿越蔷薇拱门。 

 

    蓬松柔软的毛皮包裹着牠们那一尘不染的身心。为了避免尾巴的毛变乱、鬃毛倒竖，在这种场合缓步优雅前进可说是基本礼貌。当然，那些因快要迟到而急忙冲过去的粗俗学生，在牠们眼底就好像完全不存在似地。（编注：恶搞知名小说「玛莉亚的凝望」的序幕。） 

 

    私立森野学园——这所于十年前所创立的学校。如今依旧由自然的守护者德鲁伊所镇守，简直就像大弹涂鱼动物王国一样…… 

 

    咚咚咚咚咚咚咚咚咚! 

 

    「喝呀呼、喝呀呼——!」 

 

    不知道为什么，我——白川夏穗，这回依旧没命地奔跑着。 

 

    我以少女漫画中女主角常见的登场方式边咬着竹轮边全力冲刺。虽说拿这个当早餐好像有点太寒酸了，不过却拥有热量低与健康等优点，更棒的是，含着它的时候还能边跑步边呼吸。 

 

    咚咚咚咚咚咚咚咚咚! 

 

    但这时，一群瞪羚与牛羚却从正朝校舍狂奔的我身旁呼啸而去。 

 

    牠们发出动摇大地的轰隆巨响以及漫天尘烟。 

 

    这幅光景就好像非洲稀树草原上的动物集体失控。 

 

    又或者像涤BBC纪录片里经常出现的画面，不过很遗憾地，这里只不过是某所中学的校庭罢了。（译注：英国广播公司。） 

 

    正当我穿过一辆卡车前方，冲上石板人行道上的银杏路树旁时…… 

 

    「……唔，这不是夏穗吗?」 

 

",
4026,166703," ★☆★☆★☆轻小说文库(Www.WenKu8.com)☆★☆★☆★ 

  第一卷 吉屋信子与《花物语》  
     台版 转自 天使动漫论坛 

 

    轻书架×天使动漫录入组 

 

    图源：流哲不哼太 

 

    录入：十六夜小夜 

 

    国立台湾大学日本语文学系副教授 

 

    王忆云 

 

    「百合」的领路人 

 

    在日本文学中，以同性间的恋情作为题材的文学作品并非少数；对于靠着网路媒体来接触文学作品的新世代来说，若他对所谓女性同性间恋情的「百合」世界有些好奇或向往，那他很有可能耳闻过吉屋信子这位日本的女性小说家，甚至是她的代表作《花物语》——这点多少会让熟悉传统作品的老练读者感到意外，毕竟吉屋信子并非现代畅销作家，作品手法乍看之下亦不那么「当代」，甚至《花物语》在作者自己身处的年代也与主流文坛几乎无关。 

 

    的确，若想踏入日本的「少女」独特的恋爱世界里，吉屋信子绝对是一个出发点；长卖已逾百年的《花物语》（至今依然有文库本的出版），亦有着超越时间的强烈共感，这些都让这位作家的生涯与作品，值得在时代的长河中一再提起。 

 

    百年之前的明治到大正 

 

    吉屋信子生于明治二十九年（西元一八九六年），与宫泽贤治同年。在政府体系担任官职的父亲吉屋雄一自警察业务转任行政职后，经常必须接受职位的调动，信子幼时便举家从新舄县搬至枥木县真冈，在此地度过孩提及青春时期。信子是这么自述的：「在县厅官舍出生的我，随着父亲的调任，辗转于各个城镇之间。」 

 

    明治政府刚于明治十九年发布义务教育的详细指针：《学校令》，所谓的「寻常小学校」成为义务教育的基础。在义务教育后若想继续求学之路，对于当时的女性来说，在额外两年的高等小学校毕业后（明治四十年后高等小学校的这两年课程才被加进寻",
4040,167040," ★☆★☆★☆轻小说文库(Www.WenKu8.com)☆★☆★☆★ 

  第一卷 序章  
     网译版 转自 百合会 

 

    翻译：让叶 

 

    我曾经有过和人殉情的经历。 

 

    那是在我十七岁的时候。 

 

    我一心一意地喜欢着她，被她选中的这件事，让我感到无比欢喜。 

 

    “咦，雨停了吗？” 

 

    “骗人。” 

 

    平底皮鞋被海滩的沙子绊住，从脚上脱落了下来。但这并不要紧。我们赤脚跑在湿润的沙地上，奔向系在岸边的船。 

 

    “真的啊。” 

 

    明明直到刚才都还是一番狂风暴雨的景象，但不知道是不是因为进入了台风眼，雨在此刻突然就变小了。潮湿温热的空气包裹住了我们。 

 

    太阳从厚厚的云层的间隙里微微露出。那看起来就像是在为我们送上祝福。 

 

    “我说圭世子，这真的没关系吗？” 

 

    悠衣那只和我牵在一起的手摸起来冰冰的。所以我拼命地握紧了它。 

 

    ——我绝对不会放手。 

 

    “现在的话还来得及回头。” 

 

    悠衣微笑着这么说。她那纤细的手臂，浅色的发丝，仿佛随时都会消逝。 

 

    要是我的体温能更好地传递到她身上就好了。 

 

    “现在怎么可能再放弃呢……！” 

 

    我凝视着被雨水打湿的悠衣的脸。 

 

    “我说过要做的事，到最后就一定会做到。” 

 

    虽然悠衣皮肤本来就白，但她的脸色今天格外的差。可她即便如此也还是很美，我从没见过比悠衣更漂亮的女孩。 

 

    但是我没能把悠衣从她那个父亲的手中解救出来。我无法离开这个小镇，甚至连自己的妈妈都不敢反抗，是个无力的孩子。 

 

    “圭世子真好啊。” 

 

    悠",
4043,167174," ★☆★☆★☆轻小说文库(Www.WenKu8.com)☆★☆★☆★ 

  第一卷 一、世界尽头  
     网译版 转自 轻之国度 

 

    翻译：Nanase1 

 

    校对：Nanase1 

 

    &#9828; 

 

    颓唐的临海小镇覆盖着一层昏黑而黯淡的色彩，仿佛在风化中褪去了颜色，直到脚尖都能感受到湿气。萧瑟的行道树上，树叶似乎已经些许枯萎，显得暗淡无光。鱼市棚户似的破旧，就连血红色也变得不再鲜艳。乘着粘稠的海风，潮水的腥味大约会一直飘到北边海角最高的地方去吧。 

 

    从车站出发的巴士只将人送到镇上，在这座人烟寥寥的小镇停下时，矢咲感觉自己好像来到了世界的尽头。世界到此为止。车内广播报出“终点站”时，好像在说这前方再没有你的去处。走下后门，眼前的风景却与想象中的世界尽头大相径庭。在她的想象里，“世界尽头”要么亮得一塌糊涂（而四下盛开着五颜六色的花朵），要么就该下着凄风苦雨（而远处空中闪过一道飞龙似的雷电）。无论如何，绝非如今眼前这片不伦不类的阴沉天空——没有半点打雷的意思，阴沉得一片祥和的天空。空气里没有一丝花香，有的只是黏在手上挥之不去的潮湿空气。 

 

    如果这座小镇就是“世界尽头”，那她将要去往的地方，难道是世界“尽头的尽头”么。推车上绑着红色提包，拉动便发出咔哒咔哒的响声。镇上的人们纷纷回过头来，好像风中掀起的书页。他们表现得漠不关心，似乎只是出于礼貌才回头打量来客。与矢咲早已习惯的那种故作冷漠，其实心里正好奇个不停的视线截然不同。不知是不是有粘稠空气作帘幕的关系，矢咲为这兴味索然的冷淡视线安心了不少。 

 

    地面铺得不平，轮子隔三岔五就卡在地上。走了将近两分钟时间，一处营业点才出现在眼里，外边挂的看板上写着“出租车”，已经被海风吹得破破烂烂。矢咲从油漆剥落的大门往里看，就走出来",
452,16680," ★☆★☆★☆轻小说文库(Www.WenKu8.com)☆★☆★☆★ 

  第一卷 暗影中的开始  
     序章暗影中的开始 

 

    回过神来的时候，我已经变成了一个漂亮的女生，这着实让我吓了一大跳。 

 

    窗子。 

 

    我最先看到的是窗子。 

 

    我的眼前有一扇窗子。 

 

    可能是才刚醒过来，眼前感觉还是有些朦胧。 

 

    我就这样呆站在原处，盯着窗子看。 

 

    那扇窗子大概跟我的身高一样高。 

 

    外面的天色已经入夜了。 

 

    窗框上有着可爱的雕花装饰，是和风的设计。 

 

    窗子的玻璃上，映着一个女孩。 

 

    （好漂亮的女生啊……） 

 

    我意识仍然有些模糊的脑袋这么想着。 

 

    那女孩大概十五岁左右。 

 

    艳丽的长发轻泄在背上。 

 

    柔和的一双大眼、小巧端正又好看的鼻子、有如花瓣一般的双唇。 

 

    她像个娃娃一样可爱，容貌迷人。 

 

    此外还带着淡淡的稚气、纤瘦柔软的身体，以及细长的双手和双脚。 

 

    少女纤细的线条有如妖精一般，身影带着些许梦幻。 

 

    她穿着我从没看过的学校制服，令人置身梦境般的那双眼正看着自己。 

 

    （我从来没看过，这么漂亮的女生……） 

 

    当我沉浸在眼前景象时，突然发现了一件事。 

 

    只要我一动，女孩也会跟着动。 

 

    我抬起手，女孩也会抬起手。 

 

    当我挥了挥双手时，女孩同样也挥了挥手。 

 

    不用说，镜子里那个人，当然就是我自己—— 

 

    “咦？咦咦？咦？” 

 

    下意识叫出来的我把脸靠近窗前。 

 

 ",
452,19357," ★☆★☆★☆轻小说文库(Www.WenKu8.com)☆★☆★☆★ 

  第二卷 序章  
     序章菖蒲转学的前夜 

 

    “就算你再怎么不会洗澡，也不应该穿着衣服冲澡吧!” 

 

    双手扠在腰上的姬子瞪着菖蒲。美人生气的表情真是恐怖。 

 

    “对不起——……” 

 

    这里是姬子和菖蒲的房间。菖蒲被迫坐在地板的大毛巾上，抬头看向姬子。她身上虽然穿着连身裙睡衣，从头到脚却都是湿的。 

 

    姬子和菖蒲的脸蛋和身材都长得一模一样。不知道内情的人一定会觉得她们是一对双胞胎。 

 

    “我不是跟你说过，待在这个房间里的时候要乖乖的，你忘了吗？” 

 

    “我原本以为这是个好点子……这样我就可以不用脱衣服，还可以顺便把衣服洗好。” 

 

    为什么菖蒲会穿着衣服冲澡呢？这当然是有理由的。 

 

    因为菖蒲还不习惯自己的身体。 

 

    在她被某人夺走记忆、以这样的姿态清醒后，已经过了十天。 

 

    她到现在为止对于自己过去是个怎么样的人则是完全没有印象。（根据姬子的意见，就精神年龄来判断，菖蒲以前大概也是个十几岁的女生。） 

 

    所以，只要她洗澡的时候，就会感到非常困扰。 

 

    因为她没办法直视自己的裸体。她觉得那就像是看别人的裸体般，很不好意思，又很有罪恶感。总之就是会让她感到十分害羞。 

 

    “我说，菖蒲啊，你明天就要正式成为这个花时雨学院的学生了喔。” 

 

    “我知道啊。” 

 

    “而且你还假藉是我的亲戚这层关系才转进来的哟。” 

 

    “我知道。” 

 

    “只有我和校长才知道你是个来路不明、丧失了记忆的女生。三千代大人她住院了，季小姐也为了要陪三千代大人而休学。” 

 

 ",
452,26034," ★☆★☆★☆轻小说文库(Www.WenKu8.com)☆★☆★☆★ 

  第三卷 序章 被封印者  
     在暗闇之中。 

 

    春日菖蒲一个人独自坐在木头地板上。 

 

    “噫、噫、噫……” 

 

    她不是在笑。她的下巴不断颤动，所以才会发出这种奇怪的声音。 

 

    从刚才开始，她颤抖的身体就一直没静下来。即便她身上穿着制服，但因为现在正值深夜，她觉得好冷，而且最重要的是……好恐怖。 

 

    〈杜若之姬啊。〉 

 

    “呜喔！” 

 

    在暗闇之中被叫住的菖蒲头发倒竖，不禁下意识地握住手上的银色锡杖。 

 

    〈杜若之姬啊，好久不见了。你是要来再次封印住余的吗？不过，余今晚可不会让你像千年前如愿的。呵呵呵呵呵……〉 

 

    像是从地底冒出来的诡异声音，听起来像是女性的声音。 

 

    “我、我听不懂你说的千年前是什么意思耶……” 

 

    〈悠长的岁月让你遗忘了吗？不过，余是不会遗忘的。在被封印的千年之间，余只想着要如何报复你。呵呵呵呵……封印之扉终于出现缝隙，所以余才能再次见到你。〉 

 

    带着恶意的笑声。菖蒲完全搞不清楚对方是什么来历。 

 

    不过，她的确是把菖蒲当成了姬子。现在的菖蒲穿着制服，头发放了下来、眼镜也没戴上，加上她戴着红色的发饰，手上也拿着银色的锡杖，简单来说，她看起来跟姬子一模一样。 

 

    〈在封印之扉的另一端，有许多被你封印者都恨着你。大家都一直希望有一天能够附身在你身上，再次回到这个世界……〉 

 

    一道散发着红光的烟从暗闇深处飘来，那是“被封印者”现身时一定会出现的那道烟。 

 

    坐倒在地板上的菖蒲倏地缩起身体。 

 

    她想逃走。不过，姬子命令她不准逃走。要是她没",
499,18026," ★☆★☆★☆轻小说文库(Www.WenKu8.com)☆★☆★☆★ 

  第一卷 一卷全  
     人物简介 

 

    海棠馨 

 

    17岁的女高中生。 

 

    因在中学三年级时和继母发生争执。 

 

    目前在公寓独居。 

 

    栀奈绪 

 

    17岁的女高中生。 

 

    因某些特殊原因而患有男性恐惧症。 

 

    一周约有一半的日子会在馨居住的公寓过夜。 

 

    中谷健太郎 

 

    最近开始对啤酒肚感到在意的中年刑警。 

 

    元川宏幸 

 

    担任中谷搭档的年轻刑警。 

 

    中岛紫炳 

 

    为了迅速解决鹰见社枪械抢案而由上级指派的刑警。似乎是这样。 

 

    0 

 

    我以前很喜欢妈妈。 

 

    虽然身体虚弱的妈妈，在我中学一年级的时候就走了，但许许多多的回忆从来没让我感到孤独。至少在经过两年后，我就再也没有渡过因为寂寞而以泪洗面的日子了。但是在内心十分难过的时候，我还是会来到妈妈的房间，躺在床上回想着小时候的那段时光。同时我还会闻到些许女性香气。虽然我不是很清楚那究竟是妈妈留下的香味，还是逐渐长大的我所拥有的味道，但无论何者都让我一闭上双眼，就能感觉到妈妈总是在我身边。 

 

    记得以前似乎在做恶梦，或是因为某些事情而戚到难过的时候，我就会钻到妈妈的床上。而我只要回想着那些事，原本积在眼眶中的泪水，就会在不知不觉间消失。 

 

    有一天我从中学放学回家，而在家里等待我的是爸爸跟一名陌生的女性。“她是你的新妈妈喔。”，爸爸轻松介绍的语气，仿佛像在对小孩展示新玩具一般。 

 

    从那天起还不到一个礼拜，我便和那个人扯着对方的头发并扭打起来。因为我从学校一回家，就看到",
519,18195," ★☆★☆★☆轻小说文库(Www.WenKu8.com)☆★☆★☆★ 

  第一卷 一卷全  
     	 

 

    序章我要出发了! 

 

    「妈妈，牙刷放到哪里去了啊?」 

 

    「在粉红色袋子里。洗脸的也一起帮你放进去了喔。」 

 

    「嗯，谢谢!」 

 

    当初由乃决定念那所设有美术班的私立山吹高中时，父母亲没怎么反对，担心之情却溢於言表。 

 

    因为山吹高中离家太远，由乃得一个人搬出去住才行。 

 

    虽然下次生日时由乃就16岁了，但不知道是不是还未到成长期的缘故，她常被误认成国中生甚至小学生。看来父母亲的担忧的确是有道理。 

 

    「不能读离家近一点的学校吗?」 

 

    「唔……可是我已经决定好了。爸爸、妈妈，拜托啦。」 

 

    「既然你这么坚持……」 

 

    平常不太有主见的由乃，当下却表达出自己的意愿，爸妈只好妥协。 

 

    何况，外宿的房子很快就找到了。 

 

    「向阳庄」正对著校门口，简直是完美的上学路线，房租是四万六千圆。据说山吹高中美术班的学生是房东优先考虑的租赁对象。 

 

    想当然这是由乃有生以来第一次在外地生活。住在那里的话，有同学可以互相照应，由乃的父母也很赞成。 

 

    更重要的是，由乃喜欢「向阳庄」这个名字。 

 

    「其他东西都带了吧?枕头呢?」 

 

    「我第一个收好的就是枕头喔，放在纸箱最下面。」 

 

    搬家的前一天晚上，妈妈帮著由乃收拾行李。 

 

    由乃只要换了枕头就睡不著——没错，她很迷信。上次考试就是因为没带到枕头，结果才会手忙脚乱。所以这次搬家时一定不能忘了它。 

 

    衣服带得有点多，画具则是打算等开学之後再慢慢买齐，",
531,18333," ★☆★☆★☆轻小说文库(Www.WenKu8.com)☆★☆★☆★ 

  第一卷 Case-00 姊姊大人不会笑？  
     台版 转自 轻之国度 

 

    图源：终焉之月 

 

    扫图：方俱灭 

 

    录入：TennosAthena 

 

    校对：枝濑爱 

 

    修图：方俱灭 

 

    『让鹰崎驱真露出笑容者赏金两万苑。』（校注：苑为本书设定货币单位。） 

 

    这封颇具玩笑成分的文件，大约从一个月前起就在苍穹园骑士团的骑士间流传。 

 

    简直跟「童话中面无笑容的公主殿下，迫使国王昭告天下——让公主露出笑容者，将获得一生用之不尽的金银财宝」没两样。 

 

    这个恶作剧当然是玩过头了。即便目前还不知道是谁干的，不过犯人被逮到之后，会受到严厉警告的下场却不难想像。 

 

    想必看到这封文件的军官也晓得那个童话故事。扶额苦笑的他说了一句：「这招或许有用。」 

 

    因为她——驱真的扑克脸就是这么有名。 

 

    可是——。 

 

    ◇ 

 

    「畜生……畜生畜生！」 

 

    双唇间吐出的幼稚诅咒融入天空之中，这位骑士充满焦虑的脸庞更显扭曲。为了寻找退路；他的双眼正在风镜的狭窄视野中梭巡着。 

 

    此处位于苍穹园上方两千公尺高空。放眼望去只有一片湛蓝的天空，以及下方如同毛毯般的层积云而已。同时也是一个除了远方带点圆滑的地平线、从云间露脸的高耸山峰等少数景色装饰之外，没有任何东西的空间。 

 

    ——硬要列举杂物的话，这个空间还可以加上无数野兽与震动空气的咆哮，以及受到包围的人类所散发出来的恐惧。 

 

    「畜生啊——！」 

 

    他到底咒骂了几次？他到底咬紧牙关了几次？在口渴与唇瓣干燥的",
531,29813," ★☆★☆★☆轻小说文库(Www.WenKu8.com)☆★☆★☆★ 

  第二卷 Case-00 鹰崎驱真坠入爱河？  
     台版 转自 轻之国度 

 

    图源：终焉之月 

 

    扫图：方俱灭 

 

    录入：TennosAthena 

 

    校对：枝濑爱 

 

    修图：kaaala 

 

    「纵使天崩地裂、世界迎向末日，依然有不可能会发生的事——那就是鹰崎驱真少尉对男性献殷勤。」 

 

    与其说那是传闻，倒不如说苍穹园骑士团内的骑士们皆有此共识。 

 

    就算没有那张面无表情的冰冷面具，对这位绝世美少女动心的男性也绝不在少数。纵使被发了一两次好人卡他们也不会打退堂鼓。 

 

    即便拥有人偶般惹人怜爱的外表，可是驱真却未传出任何绯闻。驱真这股异常的坚持，甚至传出她是虔诚的壬耶圣教信徒、是女同志等的流言蜚语。 

 

    其实，任谁都能约略感受到驱真只是很单纯——对爱情没兴趣罢了。 

 

    可是—— 

 

    ◇ 

 

    「鹰崎……驱真……小姐。」 

 

    他茫然低声念出了这个名字。 

 

    一个令他苦闷许久的名字。 

 

    「……！」 

 

    霎时间呼吸停止，无法说话。这也是无可奈何。因为他不曾想象过，自己会在骑士团厅舍的转角处突然撞到她。 

 

    ——鹰崎驱真真是一位大美女。 

 

    宛如一堆超凡出众的优美符号打造而成，可说是奇迹般的存在。不，或许说在她的面前「奇迹」也不过是老套的形容。 

 

    驱真的模样也在他眼中就是如此鲜明。 

 

    想必构成全身的各种要素，乃至构成精神的材料都受到上天的祝福，才能创造出如此完美的少女吧！这位少女正是驱真。 

 

    ",
531,32910," ★☆★☆★☆轻小说文库(Www.WenKu8.com)☆★☆★☆★ 

  第三卷 Case-00 平静如昔的日常生活一景  
     台版 转自 轻之国度 

 

    图源：终焉之月 

 

    扫图：TennosAthena 

 

    录入：TennosAthena 

 

    校对：枝濑爱 

 

    修图：阿船 

 

    我叫鹰崎驱真。 

 

    是一位年方十七的高二学生。 

 

    尽管我是闭月羞花的少女，现在却不停扬起制服裙子奔跑着。 

 

    甚至还咬着刚入口的吐司面包。 

 

    啊！真不想让人见到这副模样！ 

 

    但是又没法子。 

 

    因为再拖下去，上课就要迟到了嘛！ 

 

    「呀——！迟到了迟到了！」 

 

    目前无暇在意七月的暑气。 

 

    我紧紧抓着书包，加快跑步的速度。 

 

    就在此时。 

 

    「——！」 

 

    「唔哇！？」 

 

    有个人影突然从转角处冒了出来！ 

 

    ——要撞上了啦！ 

 

    情况紧张到令人不禁闭上眼睛。 

 

    不过我蹬了地面一脚，飘飘地凌空而起。 

 

    因为我身轻如燕，所以才办得到。 

 

    这个行为很危险，大家不要模仿喔。 

 

    若闪得过去就好了。 

 

    「咕哦！」 

 

    底下传来一声哀号。 

 

    啊啊、这下怎么办！ 

 

    我好像踩在对方的头上。 

 

    「失礼了。」 

 

    非常抱歉，但是我正在赶路啊！ 

 

    我向那个人道歉之后，继续往学校飞奔而去。 

 

    「啊、少——不对。驱真早，你今天来晚",
531,65127," ★☆★☆★☆轻小说文库(Www.WenKu8.com)☆★☆★☆★ 

  第四卷 Case-00 第一次接触/雷宾休艾兹  
     台版 转自 轻之国度 

 

    图源：终焉之月 

 

    扫图：TennosAthena 

 

    录入：TennosAthena 

 

    校对：枝濑爱 

 

    修图：佐奈&FIREaYZH 

 

    ——如今。 

 

    这个国家——雷宾休艾兹正逐渐被一股黑暗垄罩。 

 

    魔王从千年的封印中醒来，将人们日常生活中不可或缺的幻素——精灵夺走，蹂躏各个城镇，确实扩张着自己所能支配的领域。 

 

    连在各国之中，号称实力最坚强的雷宾休艾兹盟术师也一样，当精灵被夺走后完全无计可施，只能默默看着国家缓慢、确实的被蚕食。 

 

    「呼——呼呼呼呼呼呼呼呼。」 

 

    黑暗中传出一阵笑声。 

 

    此处为幽暗古城中的一个房间。驱真坐在宝座上，嘴角扬起大无畏的笑容，一边把玩宝石与贵金属，一边注视眼前的雷宾休艾兹地图。 

 

    负责让魔导先进国家：雷宾休艾兹所有产业运作的精灵们，几乎全被驱真纳为己有，也代表驱真实际上已经支配这个国家了。 

 

    「——快了，就快了。」 

 

    驱真小声说完便轻轻转头，瞥了自己的装扮一眼。 

 

    铠甲洋装沿着身体曲线，将胸部、腰部与腕部等等部位包覆住，令驱真的黑色长发与血色双眼更显诡异；然而更重要的特征，其实就在她的头部。尽管驱真的视角只能看到尖端——她头部两侧长着散发不祥气息的蜷曲弯角。 

 

    魔性者之王，雷宾休艾兹的仇敌。 

 

    那就是她——魔王鹰崎驱真的外号。 

 

    「一切即将实现，也将为之结束。我实现那长久愿望的日子就要来临了",
531,65397," ★☆★☆★☆轻小说文库(Www.WenKu8.com)☆★☆★☆★ 

  第五卷 Case-00 可爱糖糖魔法杖 使用注意事项  
     台版 转自 轻之国度 

 

    图源：终焉之月 

 

    扫图：TennosAthena 

 

    录入：TennosAthena 

 

    校对：枝濑爱 

 

    修图：FIREaYZH 

 

    「——好，我要上啰！」 

 

    语毕，驱真紧握手上的魔法杖柄。 

 

    前端有颗很可爱的爱心，两旁还延伸出一对形似天使翅膀的部件。 

 

    一眼即可看出这支魔法杖的设计非常粗劣，宛如星期日早上播给女童看的动画中，主角手上会拿的魔法杖，抑或是在百货公司的玩具部里，以三千九百八十苑价格贩售的儿童玩具。 

 

    话虽如此，驱真手握魔法杖的模样却毫不突兀。 

 

    年约十二岁左右的她，从胸部、腹部至臀部的曲线直到不行，没有一丝起伏，连手脚也看起来软绵绵的，似乎靠不住。 

 

    纵使是身体大幅发育的年纪，但就社会观感来说，她几乎到了不许挥舞这种玩具四处玩耍的年龄了。 

 

    可是那对散发灿烂光芒、蕴含明确意志的鲜红双眸，与其稚气尚存的脸蛋不太搭调。 

 

    驱真深吸一口气，精神饱满地喊出： 

 

    「糖糖糖果☆棒棒糖！ 

 

    MilkyTouch甜蜜变～～身！」 

 

    随着这番台词发出，驱真将魔法杖转了几圈，摆出两、三个姿势并挺直身子。 

 

    魔法杖的爱心部分立刻发出耀眼强光，将驱真团团笼罩。 

 

    紧接着，衣服从上而下随撕裂声迸散消失。 

 

    不过魔法杖迅速伸出一条光带，巧妙遮住驱真的胸部与下腹部。 

 

    附带一提，不知是何种构造使然，",
531,65764," ★☆★☆★☆轻小说文库(Www.WenKu8.com)☆★☆★☆★ 

  第六卷 Case-00 超乎想像的乌托邦  
     台版 转自 轻之国度 

 

    图源：终焉之月 

 

    扫图：TennosAthena 

 

    录入：TennosAthena 

 

    校对：枝濑爱 

 

    修图：阿船 

 

    湛蓝大海。 

 

    白色沙滩。 

 

    驱真一行人来到完全符合这些形容词的沙滩。 

 

    除了她们之外，沙滩上空无一人。 

 

    这已经不是私人海滩而是杳无人迹的程度。这个不自然至极的空间，就算称为无人岛也不为过。 

 

    然而讴歌人生春天的驱真却不以为意。即使吐槽她「盛夏中要如何享受春天？」，对现在的驱真也是对牛弹琴。 

 

    因为海滩上的成员全是她能想像……应该说是想像不到的理想面容。 

 

    连她在内共有七人。 

 

    其中有驱真——以及六位在纱。 

 

    而且所有在纱的模样都不同。 

 

    其中一位是小学生在纱，另外五位则是年纪与驱真相仿的在纱。此外——她们全拥有独具特色的外貌，令驱真的情绪打从一开始便进入亢奋状态。 

 

    「天气很好呢，姊姊大人。」 

 

    穿着连身泳装的小学生在纱如此说着，笑容比太阳更加灿烂。 

 

    「是啊……真的很不错……」 

 

    驱真挂着如同受到临检，快要融化的笑容回腔。 

 

    「欸，我们下水游泳好不好？大家都下去玩？」 

 

    在纱指着大海说。 

 

    于手所指之处—— 

 

    「哦啦——看招！」 

 

    以短发与健康肢体散发魅力的在纱——「希萝」。 

 

    「——奴，竟敢",
531,66734," ★☆★☆★☆轻小说文库(Www.WenKu8.com)☆★☆★☆★ 

  第七卷 Case-00 有时连洽谈也会陷入白热化  
     台版 转自 轻之国度 

 

    图源：chaosfighter 

 

    扫图：终焉之月 

 

    录入：TennosAthena 

 

    校对：枝濑爱 

 

    修图：黑羽 

 

    在苍穹园中央都某家吃茶店里。 

 

    「所～～以～～说～～」 

 

    戴着墨镜的少女不耐烦地用手指敲敲桌面，以带点地方口音的声调说： 

 

    「到底要讲几次才会懂？这个桥段不能随便加入搞笑描述，要正经一点才妥当啦！」 

 

    她说着说着，将手中的原稿丢到桌上。 

 

    即便当下为平日午后客人稀少的时段，倘若于店内如此大声喧哗，保证变成其他客人的注目焦点。 

 

    坐在对面的槙奈不在乎这些目光，只是皱起眉头说： 

 

    「我已经照你的指示去写了，根本没有任何搞笑的描述啊！！」 

 

    「啊————————！？在哪里？正经场面在～～哪～～里～～啊～～？莫非你认为这就是正经场面？两者不是大相迳庭吗？」 

 

    「咕奴奴……」 

 

    槙奈不甘心地咬牙，用力拍着桌上的原稿回嘴： 

 

    「不然你到底要我怎么写啦！」 

 

    「我说过，你只要认真写就行了！」 

 

    「我已经很认真了！」 

 

    「哪里认真？首先是这个『黑衣圣骑士』瓦利亚尔德·班·修奈维尔……」 

 

    「别、别讲出固有名词啦————————！」 

 

    槙奈面红耳赤大叫一声，背部与额头跟着冒出黏糊糊的汗水，全身狂起鸡皮疙瘩。 

 

    「若不搬出固有名词的话，我们要怎么谈？话说回",
531,66888," ★☆★☆★☆轻小说文库(Www.WenKu8.com)☆★☆★☆★ 

  第八卷 Case-00 若是为了在纱，我可以无视异世界、魔人与神明  
     台版 转自 轻之国度 

 

    图源：chaosfighter 

 

    扫图：终焉之月 

 

    录入：TennosAthena 

 

    校对：枝濑爱 

 

    修图：黑羽 

 

    在纱稍稍抬头看了黑板上方的时钟一眼。 

 

    「十二点……五十五分。」 

 

    然后自言自语般，用樱桃小嘴轻声念出当下时刻。 

 

    午休时间将于五分钟后结束，开始上第五节课。 

 

    在纱默默转头环视教室。 

 

    若是往常的情况，目前还是玩不过瘾的男生们尚未回到教室，女生们还围在好友座位旁聊个不停的时间。 

 

    但是今天不同，几乎所有同学都坐在自己的座位上，开始为下一节课做准备了。 

 

    让大家变成乖宝宝的理由非常单纯。 

 

    因为今天九月二十七日，是皓成大学附设小学下学期的首次课业观摩日。 

 

    「…………」 

 

    在纱偷偷瞥了教室后方一眼。 

 

    该处已经出现好几位偶尔向自己小孩挥手的家长了。 

 

    她依序看过各位家长后，随即轻轻叹息将头转回去。 

 

    「在～～纱。」 

 

    「哇！」 

 

    眼前突然冒出一张脸，害她不禁大声叫出来。由于教室比往常安静许多，导致这一叫使得在纱顿时成为瞩目焦点。等尴尬地微微低头后，在纱将目光往上移，看向把身子撑在自己课桌上面的好友橙堂美须须。 

 

    「……美须须你好坏。」 

 

    「啊哈哈，抱歉抱歉。我没想到你会吓成那样子嘛。那个要怎么形容？就是那个啦，人家说的",
577,18765," ★☆★☆★☆轻小说文库(Www.WenKu8.com)☆★☆★☆★ 

  第一卷 奋战的索穆斯没人要中队 一卷全  
     序章PROLOGUE 

 

    “喂、快看，那不是‘魔女’吗？” 

 

    滑雪兵边说边拿下护目镜，露出满是胡须的脸孔。北欧的天空积满厚厚的云，一个小黑点正从云层下飞过。 

 

    “速度太快了，一定不是鸟。” 

 

    一旁的同僚喃喃说道。隔着防止眼睛被雪地反光灼伤的护目镜，可以看见一对年轻的眼睛。他竖起耳朵，隐约听到魔道引擎的运转声。 

 

    “真的是机械化航空步兵！哎呀、今天真有眼福！她也是来侦察的吧？天气这么冷，真是辛苦了！” 

 

    他们是隶属国境警备队的滑雪兵，此刻正在北欧国家索穆斯与涅洛伊的国境上，进行定期巡逻。 

 

    近来定期巡逻的频率比以前高出许多。同僚向天空用力挥手，以担忧的语气念念有词： 

 

    “空军连‘魔女’都派来了，看来那个传闻多半是真的吧？涅洛伊那些‘异形’就快要攻到索穆斯……” 

 

    大胡子滑雪兵闻言扳起脸孔。他从口袋里拿出香烟叼着，同时划亮火柴： 

 

    “那些家伙光是应付卡尔斯兰就够忙了。” 

 

    如此回答的同时吐出一大口白烟，语调听起来像是在安慰自己。 

 

    “才不会蠢到开辟另一条战线。” 

 

    第一次异形大战在1917年结束，在那之后长达二十多年的时间里，“异形军”涅洛伊始终保持沉默。然而在两个月前的1939年九月，涅洛伊突然对欧洲中部发动攻击。它们在极短时间内击垮长期沉溺于和平之中的奥斯特马克，随后对卡尔斯兰发动闪电攻势。这场巨变令欧洲诸国以及全世界受到巨大震撼，如今在卡尔斯兰与奥斯特马克的国境上，仍在进行绝望的防守战。 

 

    涅洛伊的攻势非常猛烈，所有人都知道",
577,23778," ★☆★☆★☆轻小说文库(Www.WenKu8.com)☆★☆★☆★ 

  第三卷 飞散的索穆斯没人要中队 第一章 智子的忧郁  
     “哎呀！智子！昨天的表现也很漂亮！” 

 

    走进餐厅的凯萨琳·欧海尔少尉笑着开口。乌苏拉·哈特曼士官长走在她身边，行进间依然不忘埋首书中。 

 

    这里是考哈瓦空军基地。就在上个星期，智子和其他义勇独立飞行中队的成员、艾霍宁上尉率领的第一中队，还有鲁德尔上尉的俯冲轰炸队通力合作击败越过国境来袭的“涅洛伊”，夺回这座空军基地。 

 

    这座背靠史拉森市区的空军基地，如今已是迎战涅洛伊的桥头堡。自从夺回史拉森和考哈瓦空军基地之后，涅洛伊的攻势便转趋低调，虽然日复一日的空袭仍未间断，但是来袭的敌机数量只有上个月的一半。 

 

    因此索穆斯空军考哈瓦基地航空队近来累积的战果十分丰硕…… 

 

    “怎么了吗？智子。” 

 

    凯萨琳讶异地看向智子的脸。眼前的智子看起来很没有精神，也难怪这名身材丰满的金发利比里昂少女如此惊讶。 

 

    透过滑顺的整齐黑发，可以看见智子美丽的凤眼无神地直视前方。她那张比任何人都适合用“美少女”来形容，好像扶桑人偶的精致脸孔仿佛冻结一般一动也不动。 

 

    智子身上的卡其色军服袖扣没扣，整件衣服更是皱巴巴，实在难以相信总是一身笔挺军服的智子会容许自己如此邋遢。 

 

    看来她的心思完全不在这里。 

 

    “YOU昨天可是一个人击落七架敌机，怎么看起来这么没精神——” 

 

    凯萨琳拍拍智子的肩膀，智子似乎直到此时才发现她的存在，抬起头说声： 

 

    “哎呀早安，凯萨琳。” 

 

    然后深深叹了一口气。 

 

    “YOU吃过早餐了吗——？” 

 

    “……还没。” 
",
583,18786," ★☆★☆★☆轻小说文库(Www.WenKu8.com)☆★☆★☆★ 

  第一卷 序  
     精品堂D版 转自 轻之国度 

 

    扫图：james_163 

 

    录入：bluesta 

 

    校对： You@LTRS 、MayLog 

 

    在公主的梦中， 

 

    苍白脸颊带着泪痕。 

 

    我俩坐在菩提树下， 

 

    深情地互相拥抱。 

 

    “我不要国王的宝座， 

 

    也不要黄金笏板（注：又称手板、玉板或朝板。是古代臣下上殿面君时的工具）， 

 

    更不要镶上金刚石的王冠。 

 

    只愿与你长相厮守。” 

 

    “不可能的”公主说 

 

    “我身处坟墓之中， 

 

    只有等待夜晚来临， 

 

    才能前来与你相会。” 

 

    摘录自海涅《抒情间奏曲》[注：Lyrical hltermezzo，德国浪漫派诗人海涅（Heine，1797～1856）的诗集。] 

 

    一九八三年深夜·以色列耶路撒冷近郊。 

 

    “停一下，在这里休息吧。”一个男人的声音响起。这是带有半岛口音的阿拉伯语。 

 

    三个脚步声停了下来，周围恢复了静谧。 

 

    这是一片干燥的荒地。 

 

    这个平缓丘陵里的水井都已干涸了，是一个被舍弃的聚落。 

 

    此时已经过了午夜。 

 

    头上是布满星辰的夜空。 

 

    一位伟大的救世主，或者是伟大的预言家，曾经和他的门徒们造访此地—— 

 

    从那之后，时间就好像在此停驻似的。 

 

    这个宁静的夜晚让人不禁如此感触。 

 

    几列崩塌的石墙沐浴在星光之下。 

 

    ",
595,18889," ★☆★☆★☆轻小说文库(Www.WenKu8.com)☆★☆★☆★ 

  第一卷 一卷全  
     第一章PURPLE绛紫杀机 

 

    1 

 

    雨天。 

 

    下着雨的乌云覆盖着黑夜，天空陷入了深不可测的晦暗中。 

 

    山间的雨滴落地前打在树叶上，不断地发出声响。 

 

    这样的夜晚，在远离尘嚣的山中，杳无人烟的森林里。 

 

    有一棵大树显得相当醒目。 

 

    树干非常粗大，大概要五个人张开手臂才围得住，表面凹凹凸凸的。而在靠近根部的地方，有一个小小的人影。 

 

    看样子是个孩子的身影，任谁看了都会觉得是十一、二岁的女孩。 

 

    她为了避雨而将身子紧靠着树干，其实她早巳全身湿透，发梢还滴着水。 

 

    在这个连大人都觉得毛骨悚然的深山里，她一个人独处。下着雨的夜晚，还有许多树挡住视线，能见度仅仅只有眼前的数公尺，诡异的气氛令人厌觉下一秒似乎会有野兽或鬼怪从林中窜出头来。 

 

    照理说女孩应该会感到相当不安才对，然而从她的表情看来却非如此。 

 

    她只是低着头，一副累到虚脱的模样。 

 

    雨声渐大，盖过了森林里其他的声音。就连女孩自己的呼吸声，还有双脚从泥泞的地面拔起、踩下脚印的声音，她都无法听到。 

 

    不知为何，女孩竟然赤着脚。 

 

    女孩听到了雨声之外的其他声音，于是抬起头来。 

 

    她听见的是汽车的声音。在连个民宅都没有的深山里，还是有道路开通的。 

 

    汽车行走的道路距离女孩所在之处有些远，车头发出的灯光并没有照到她。 

 

    车辆通过之后，雨声再次取代了汽车的引擎声，而少女也再度低下了头。 

 

    就这样过了一会儿—— 

 

    女孩的",
595,18891," ★☆★☆★☆轻小说文库(Www.WenKu8.com)☆★☆★☆★ 

  第二卷 一卷全  
     第一章马头琴 

 

    1 

 

    草木沉睡的夜晚—— 

 

    月下有一对人影。 

 

    一个是看起来是只有十一、二岁的孩子，另一个则是圆圆胖胖的男人。 

 

    他们面对面，彼此对峙着。 

 

    两人之间的空气中一粒友善的分子也没有。 

 

    这是暴风雨前的宁静。 

 

    孩子提起原本压低的帽缘，斜眼瞄了瞄对方。 

 

    「最近就是你一直跟着我吧，你这鬼鬼祟祟的家伙。」 

 

    她低沉沙哑的声音，与外貌相去甚远。 

 

    「请你说我是慎重行事。」 

 

    相较之下，胖男人的声音显得高亢许多。 

 

    两人身处道路的正中央。路旁有许多行道树，白天应该有很多人到这里来散步，不过现在陪伴着他们俩的，只剩下闪烁的路灯照映路树的凄凉景象。 

 

    胖胖的身影张开了双手。 

 

    若此时旁边有人经过见状，必会大吃一惊。 

 

    男人四周的树木开始染上樱花的颜色，树梢接连开出花朵。 

 

    在这个夏末的夜晚——竟盛开着樱花。 

 

    「你在变魔术啊？还是想赏花？」 

 

    「这叫附庸风雅。」 

 

    女孩的肌肤变得如夜色般暗沉。这个景象一定也会把白天的路人吓得半死。 

 

    「真是没有品味的颜色呢。」 

 

    「品味没有，毒倒是不少。」 

 

    胖胖的身影举起双臂，引起女孩四周的树木一阵骚动。而因震动的缘故，枝丫上的花朵都飞舞了下来。 

 

    当男人放下手，飞舞的花瓣便像龙卷风一般高速回旋，直冲向黑暗中女孩小小的身影。 

 

    女孩以矫健",
60,3450," ★☆★☆★☆轻小说文库(Www.WenKu8.com)☆★☆★☆★ 

  第一卷 扉页  
     扉页： 

 

    我不想变成大人—— 

 

    傲慢，就知道径自宣扬不合理的主张、反复着无聊的藉口，然后用一堆简单就能够看透的道理搪塞小孩子。 

 

    可是，我想快点变成大人—— 

 

    因为自己实在太弱了，太悲惨了，手中没有能够战斗的武器。我知道再这样下去，我会气绝在这个小小的镇上。 

 

    我想要真的子弹。 

 

    我没有任何一个可以去的地方，但是我想要逃往别处。 

 

    山田渚——生活在偏僻的乡村，只想赶快毕业、步入社会的现实主义者。 

 

    海野藻屑——主张自己是人鱼的女孩子，有点不可思议的转学生。 

 

    这样的两位１３岁少女相遇了。 

 

    两个人交换着彼此的想法，呼吸着相同的空气，让想象尽情驰骋。这全是为了生活、为了活下去——这就是这两个人充满青春晦暗的故事，更是一部难得的悬疑惊悚佳作。 

 

    遥远山脚下的街道。 

 

    无边无际延伸的黯淡日本海。 

 

    藻屑低声发出「哦——」的声音。 

 

    稍微高一点的大楼集中在镇上， 

 

    车站则坐落在正中央。 

 

    细长的商店街有着坏掉的屋顶。 

 

    此外，还有长长的柏油路、田圃， 

 

    和零星散布的民宅。 

 

    停泊在海边的老旧渔船， 

 

    群集一处的破旧卡车， 

 

    这是个宛如古老的景观盆载般， 

 

    小小小小的世界。 

 

    我的胸口突然不明就里地， 

 

    涌起一股揪心的情绪。 

 

    友彦继续将手伸进口袋里 

 

    取出一枚五百圆硬币",
643,19288," ★☆★☆★☆轻小说文库(Www.WenKu8.com)☆★☆★☆★ 

  第一卷 一卷全  
     PiPit!!00‘跟踪与天线’ 

 

    这是发生在五月最后一个星期一早晨的事情。 

 

    “呵啊……” 

 

    早上开班会之前的这段时间。 

 

    “呵啊啊……” 

 

    嘈杂的一年C班教室里，美仓清香在正中央的座位上，大大伸了一个懒腰。 

 

    （好无聊……） 

 

    清香在心中这样补充说明的时候，导师花泽以缓慢的动作走进教室。 

 

    在一瞬间的寂静之后，教室各处响起女学生们“好可怜喔＇”“老师，还好吧？”“王子，好像很痛耶~”之类的小小尖叫声，声音就这么重合在一起。 

 

    清香一看到花泽的脸，也发出“唔哇”的一声并皱起眉头，这是同情与惊愕交织成为双色花纹的复杂“唔哇”。 

 

    花泽的鼻头又多了新的OK绷，记得直到昨天为止，应该只有两侧脸颊与下巴有而已。 

 

    他肿起来的右眼以眼罩保护。换句话说除了左眼与嘴巴以外，从眉毛往下的部位几乎都被纱布占领了。他的头上、脖子与右手包着绷带，据说背上还并排着好几个大大的瘀青。 

 

    轮廓很深，“就像是外国人一样”的帅哥完全被搞砸了。原本他在众人的眼中，就有种生命力薄弱而且如梦似幻的印象（这也是他受到女生欢迎的重点),不过该说这样的印象在最近更加凸出吗？以清香的角度来看，这种“‘王子’”，你看起来怎么好像快要半透明了……└的感觉，已经提高到极限。 

 

    “‘王子’，你又被‘马路之狼’袭击了吗？” 

 

    教室后方传来某个男生似乎很开心的语气。然而就像是要将这个声音盖掉似的，许多女生马上发出嘘声。女生的偶像是男生的敌人，这是浅显易懂的构图。 

 

    “——早上的班会要开始",
655,19379," ★☆★☆★☆轻小说文库(Www.WenKu8.com)☆★☆★☆★ 

  第一卷 一卷全  
     登场人物: 

 

    亚艾儿：战争开始之后才决定成为巫女的异样存在。根据本人的说法是「因为实在没办法决定成为男人或是女人」，所以想用祈舞持续作战、胜利，来延后出发到泉的时机。 

 

    奈维利雅:美丽且广受崇拜的西贝拉。最强的祈舞部队——暴风小队的队长。失去了搭档、同时也是最爱的朋友阿姆莉亚，直接面对战争背后的真相。 

 

    帕拉耶特：奈维利雅的儿时玩伴，为了她决定将来成为男性。非常担心因为悲伤及后悔而躲在房里闭门不出的奈维利雅。 

 

    里莫奈：虽然还是个孩子，但已经是最年少的优秀西贝拉。没办法完全体会其他巫女们对于未来所抱持的不安，因此看不起她们。异常坚持于完美无缺的纹章描绘。 

 

    阿姆莉亚：奈维利雅的搭档。强势而乐观进取的个性，让她与奈维利雅结下了深厚的羁绊。在与礁国的大战中，被卷入了纹章的描绘而…… 

 

    凯姆：阿尔提的姐姐。虽然很清楚帕拉耶特的心里只想着奈维利雅，但是依然持续喜欢着她。 

 

    阿尔提：凯姆的妹妹。深爱着姐姐凯姆，几次逼着想成为她的搭档，但是依然不停地被拒绝。 

 

    芙洛耶：被亚艾儿吸引，相当期待驾着祈舞这件事。个性有点孩子气。 

 

    罗德列蒙：出身名门的大小姐。刚开始是憧憬着奈维利雅，后来渐渐转为支持亚艾儿。 

 

    玛密那：与战争勃发同时，因其优秀的成绩而被网罗成为西贝拉。 

 

    朵蜜诺拉：最年长的新血西贝拉。秘密接受军队上级阶层的命令，观察里莫拉。 

 

    魔里纳斯：非常喜欢祈舞的奇怪巫女。时常出入整备队。 

 

    优：玛密那的搭档。对于战争中牺牲的巫女们抱着一股义务感而继续当巫女。 

 

   ",
655,19381," ★☆★☆★☆轻小说文库(Www.WenKu8.com)☆★☆★☆★ 

  第二卷 一卷全  
     1 

 

    在大空陆上，所有人都是以少女的姿态诞生。接着根据成长过程分别转为男人和女人，成为成熟的大人。 

 

    祈舞西贝拉——被称为大空陆当中最强的一群少女。祈舞指的是神的座机，西贝拉则是侍奉神的巫女。巫女的祈祷，就是乘坐祈舞在空中飞翔。巫女在空中描绘各种花纹的轨迹，称作纹章。纹章可以引发各式各样的物理变化，是神所赐予的恩宠。 

 

    过去，拥有制空能力的就只有拥有祈舞的西姆拉克罗伍宫国，只要看见祈舞的身影，敌人立刻闻风而逃。但是，这几次的战争情势渐渐改变。 

 

    阿尔盖铎姆礁国开发出与祈舞相抗衡的飞行艇，搭配远距离飞弹，立刻晋身为大空陆上具备最强战力的国家。由于科学技术相当发达，连男女性别的决定也是使用药物，在年级尚幼的时候随即进行。而且不是按照个人意愿，是服从国家的计划强制决定的。现今的礁国，由于空气及水污染等引发种种不良影响，所以企图谋取自然丰饶的土地，祈舞以及其内部的构造。 

 

    普伦布姆岭国，信仰的神祗是与提普斯帕迪姆系出同源的阿尼姆斯神。境内多为寒冷高地、土地贫瘠，因此人们都向往肥沃的土地。因为没有祈舞所以巫女都是亲手拿着武器作战，在神的名义之下，即使牺牲生命也无所畏惧。关于岭国当地所举行的仪式还有男女的选择方法，目前仍然笼罩在神秘的面纱之下。 

 

    信奉提普斯帕迪姆心西姆拉克罗伍宫国，大圣庙深处有一处圣地“泉”。每个人在年满十七岁的时候前往该处，选择成为男人或是女人。当自己无法决定的时候，提普斯帕迪姆就会代为选择。然而，只有少女才能坐上祈舞，所以优秀的西贝拉即使年满十七岁，仍然得以获准部前往“泉”，继续飞翔。 

 

    不光只有“泉”，湖泊、山川及瀑布等水源丰富，自然景观多样的西",
657,19396," ★☆★☆★☆轻小说文库(Www.WenKu8.com)☆★☆★☆★ 

  第一卷 被禁锢的手铐娘 第一话 谜之转学生和更可疑的学园  
     那景致仿佛就像印在风景明信片上的观光胜地一般。 

 

    绿色的地平线沐浴在五月澄澈的阳光下，身处在陆地之上也能切实感觉到地球是圆形的，这在日本也是屈指可数的场所之一。 

 

    一辆轿车驶过，明显看起来与这风景格格不入。 

 

    如果山丘上有架起画架、打算挥笔描绘这儿的风景的画家在的话，一定会皱起眉头大为不快吧。抑或想高声制止，但转念一想还是作罢。 

 

    转念一想?是的，这辆轿车的气势实在非同寻常。它是一辆漆黑的高级外国轿车，看上去似乎是用来接送重要人物的吧。这辆轿车飞速疾驰着，仿佛不知道什么叫做速度限制。一般人应该都不会想与它扯上关系吧。 

 

    轿车疾驰在日本别处无法看到的三十公坚左右笔直的大道上，之后终于减速，开进了第—个岔道。每拐一次弯，道路宽度都会变窄，不知拐了儿次，眼前出现了是连被当地人称为“蟹族”的自行车出游者们也未曾涉足的林间小道。 

 

    轿车最后停在散落了一地虾夷山樱的下坡处。驾驶席和副驾席车门同时打开，两个男人走出车门。驾驶员戴着墨镜，另一个人蓄着小胡须。两人警惕地打量着四周。 

 

    这两个人毫不疏忽的样子也好，身穿的黑色高级西服也好，和两人听乘的轿车倒是十分般配。 

 

    但是—— 

 

    仔细一瞧，就能看出有些地方极不自然。那就是两人的额头和脸颊上的青斑，以及西服上下沾染的无数污迹裂痕。但让人感觉最不自然的，还是这两人运送的乘客。 

 

    “已经到了。” 

 

    蓄着小胡须的男人轻轻打开了轿车后门。 

 

    射入的阳光照亮了轿车后座的样子。上面摆放着糖果。巧克力、橡胶糖。咸煎饼，还",
667,19434," ★☆★☆★☆轻小说文库(Www.WenKu8.com)☆★☆★☆★ 

  第一卷 一卷全  
     序幕 

 

    远道而来的公主 

 

    无趣的人 

 

    开花的权利 

 

    梦里笼中鸟 

 

    不开花的义务 

 

    白花与黄色的花 

 

    序幕 

 

    气氛庄重的大礼堂，一座白色的、石头砌成的建筑。 

 

    中央的议长席上，刻有Gloriosa联邦的纹章，再往里，会看到一尊大神像。光谱之神，作为生命之源、保佑子孙繁盛的、被人们崇拜的神。 

 

    从头到脚一身长衣，双手似捧起生命一样抬于胸前，慈祥的眼神守望着议长席。议长席上的男人，举起了黄金装饰的响铃。 

 

    他是担当今天会议议长的大祭司之一。头发有些已经白了，有一些则是灰色，这是一位刚刚上了年纪的男人。 

 

    他与神像之间，还有一个席位，这个席位比讲堂中任何一个位置都要高，并且庄严。席位上坐着一个男人。 

 

    那正是站于联邦顶点的男人，agapanthus王国的国王。 

 

    “那么就请对本法案表示赞成的与会者起立。” 

 

    通过扬声器的议长有些嘶哑的声音，在描绘有神话的天花板下回荡。 

 

    表决。 

 

    讲堂里积聚着紧张的气氛，以及这种紧张得到解放的气氛，不多时便听到 

 

    “赞成” 

 

    “赞成” 

 

    “赞成” 

 

    听到一声声庄严的赞成，呼吸作为间隔，身穿白色法袍的与会者相继站了起来。 

 

    伴随起立者一个个增多，虽然安静，讲堂中一股亢奋蔓延开来。 

 

    环视一周，议长的大祭司手指用力摇晃了响铃。 

 

    叮铃。 

 

    传来清澈的美妙",
677,19543," ★☆★☆★☆轻小说文库(Www.WenKu8.com)☆★☆★☆★ 

  第一卷 人物介绍  
     台版 转自 泉川生徒会 

 

    图源/凤蝶纹の凛桜 

 

    录入/盆栽 

 

    校对/stillfree 

 

    栗下笑心 

 

    青陵学院国中部。二年级。14岁。本故事的主角。因为某些理由目前冠母姓。 

 

    「不是的！不是的！」 

 

    神明大人 

 

    外表年龄约12岁。原本应该是要在1999年苏醒的大人物。从被称为真界的世界降临而来。 

 

    城优 

 

    无业。37岁。栗下笑心的邻居、富豪人家的少爷。 

 

    「真行先生精力真的好旺盛呢。哈…」 

 

    古原真行 

 

    安国神社的宫司。69岁。笑心的爷爷。 

 

    「唔……Nice小熊内裤」 

 

    栗须桑妮雅 

 

    青陵学院国中部。二年级。14岁。笑心的朋友。 

 

    「咦？咦？啊！啊！」 

 

    华木诗奈 

 

    青陵学院国中部。二年级。14岁。笑心的朋友。 

 

    「今天桑妮雅穿小熊内裤！」 

 

    古原沙梨 

 

    青陵学园国小部。六年级。12岁。笑心的妹妹。 

 

    「啊……不纯异性交游……？同性恋？」 

 

    库劳乌瑟 

 

    真界人。女性。3？岁。长年寻找神明大人下落的苦命人。真界的中间管理职。 

 

    「神明大人～～你在哪里呀～～～喂喂喂」 

 

    安索妮 

 

    真界人。女性。19岁。库劳乌瑟的部下。 

 

    「为了部下（特别是我）的评价——加油库劳乌瑟长官～～」 

 

    布雷格瓦德 

 ",
677,43406," ★☆★☆★☆轻小说文库(Www.WenKu8.com)☆★☆★☆★ 

  第二卷 神明大人为了红豆饭大吃一惊。  
     台版 转自 轻之国度 

 

    图源：末世君 

 

    录入：zbszsr 

 

    ⅰ 

 

    秋天已经快要准备离开了。 

 

    每当踏出脚步，地面的枯叶就会发出「喀沙喀沙」的声响。 

 

    在充斥着这种寂寥气息的树林中，栗下笑心停下脚步。 

 

    「喂——听得到我说话吗——？吃饭罗——」 

 

    她的声音混杂在受到清风吹拂的树木摇晃声中，一起消失了。 

 

    时间刚过下午五点。夕阳在遥远的天际与大楼之间逐渐隐没。 

 

    一周前天气还热得只穿一件T恤就足够了，但如今的气温下降得很快。 

 

    「那孩子真是的，跑到哪里去啦……」 

 

    笑心鼓舞着感伤中的自己向前迈进，不能再这样沉浸在季节性的忧伤里。 

 

    自己从小长大的安国神社，境内的树林并没有特别宽广，说这里是她土生土长的环境也不为过。 

 

    ——尽管如此，她竟然还是找不到人。难道只因为对方是神明大人，所以连在这个并不特别宽广的神社里都找不到祂？ 

 

    「……可恶，那个爱捣蛋的混帐神明大人！」 

 

    她怒气冲冲地吐出这句话。 

 

    「艾因，艾因————！」 

 

    笑心转了个身，呼喊那位神明大人的名字。 

 

    笑心的正后方传出草丛摇动的沙沙声响。 

 

    「呼——————」紧接着她的脖子受到一道来自背后的温柔呼气。 

 

    「哇呀啊啊啊啊啊啊嗯！」 

 

    在跳着转过身的笑心面前的，正是笑心要寻找的对象。 

 

    「艾、艾因！你刚才到底跑到哪里去了？」 

",
806,21516," ★☆★☆★☆轻小说文库(Www.WenKu8.com)☆★☆★☆★ 

  第一卷 一卷全  
     序章 

 

    那孩子正在哭泣。在很高大、很高大的树下。 

 

    女“……想想其他办法吧。我想我多少也能够帮上一点忙的” 

 

    男“是啊。应该有其他办法的。没有必要像这样让你来牺牲” 

 

    “舅舅、舅妈……谢谢你们。但是，没有再找其他办法的时间了” 

 

    我仰望天空。虽然现在被乌云隔着，但在乌云另一边发着光的月亮确实是十三夜。躲过今晚的话，一定会变得谁都承担不了的。 

 

    ※日本农历8月15日的中秋节称为”十五夜”或”中秋名月”，有赏月习俗，日语称”月见”。一千多年前从中国传到日本，边赏月边举行宴会的风俗，被称为”观月宴”。9月13日亦有赏月习惯，另称”十三夜”、”后月”、”栗名月”。虽然日本中秋节自大陆来，但”十三夜”却是固有风俗，起源可追溯到公元919年（醍醐天皇延喜十九年）的“禁中观月之宴”。 

 

    还有这棵树。神木也不能再继续撑到早上了。 

 

    “而且，我不觉得除此之外有更好的办法。……拜托你们，交给我吧” 

 

    舅舅和舅妈表情难过的对望，最后答应了。再一次向两人道谢，我弯下膝盖蹲着。视线变得和那孩子一样高。 

 

    “……姊姊” 

 

    一边流泪一边伸出小小的手臂，将我紧紧地抱住。被雨淋湿的身体是冰冷的，而滴在脸上的泪水却非常温暖。 

 

    “我不要姊姊走！” 

 

    “不要哭。因为我并不是会消失掉。只是外形会改变而已喔” 

 

    “……会改变？” 

 

    “是的。虽然没办法像这样紧紧拥抱，但是我会永远在你们身边的。所以不要哭成这样” 

 

    “但是……但是！我不能再和姊姊玩了对吧？我不要",
82,19479," ★☆★☆★☆轻小说文库(Www.WenKu8.com)☆★☆★☆★ 

  第五卷 东和的形状 序节 藤色风  
     台版 转自 草摩威威@轻之国度 

 

    天空占满我的视野。 

 

    放眼望去是宽广无际的淡蓝； 

 

    蓝与白融合成为空气的颜色，柔和的色彩在头顶无尽扩散。 

 

    空中稀疏散布又细又长的白云，仔细观察云朵的流动就可以看出风的方向。 

 

    高处吹着高处的风。 

 

    对我来说有些远不可及。 

 

    不是因为我的身材瘦小，而是我正置身初夏的温和空气中。光是用眼睛追逐不停流动的高空云朵，心中就充满一股难以言喻的满足。 

 

    “好远喔！” 

 

    我仰望天空喃喃自语，身边的人立刻轻咳一声： 

 

    “七宫！专心点。” 

 

    “啊……是。” 

 

    身旁的人压低声音提醒我，我连忙低下抬高的头。 

 

    这样一点也不像公主。 

 

    穿上艳丽公主装束的我，不该做出抬头呆望天空的动作。 

 

    只有身为小空与阿空时，才能悠闲地做这种事。 

 

    现在的我既非平民女孩也不是见习侍女，而是七宫的公主殿下。当我以这个身份现身，无论何时何地都得摆出公主殿下应有的表情。 

 

    我今天穿着白底橘纹的夏装，从柔软衣袖伸出的双手在肚子前方交叠。挺起身子，摆出公主殿下应有的仪态，尽可能维持平和的表情，慢慢转头面向站在我身边的人。 

 

    我必须抬头才能看到对方的脸，除了这个人比我年长又比我高，也因为现在的我正坐在白木椅子上。 

 

    “常磐姬殿下何不一起坐下？” 

 

    这位拥有三宫姬称号的武门公主同样没有公主该有的样子，双手抱胸、两腿微张的挺拔站姿只能用威风凛凛来形容。只是",
82,36615," ★☆★☆★☆轻小说文库(Www.WenKu8.com)☆★☆★☆★ 

  第六卷 一个理想 序节 世界的形状  
     台版 转自 Lafrente(makeinu.weclub.info) 

 

    「哈嗯。」 

 

    大口咬下，幸福的味道立刻在嘴里扩散。 

 

    这种只在表面轻轻洒上盐巴的咸味，还有从里头扩散开来的甜味都让人开心。虽然只是放在锅里用水煮熟的简单料理，不知为何就是让人越吃越开心。 

 

    我想一定是因为最近公主殿下的工作比较多，每天老是吃些高级的餐点，所以如今这一口才特别令人陶醉。 

 

    因此我特别用心咀嚼此刻嘴里的幸福。 

 

    「如何？夏天就是要吃玉米吧？」 

 

    没错没错。有时候展大人说的话就是让人忍不住想要同意。 

 

    「真不错。来到这里之前看到有些好的农地，真想在回程时过去尝尝，顺便了解品种。」 

 

    脑中随时想着做生意的杜艾大人，手里的玉米洒满盐巴。我怀疑这个人没什么味觉，平常总是爱吃味道很重的东西。 

 

    那样对身体很不好，看来得找个机会提醒他才行。 

 

    「日影，你也洒点盐吧。不要直接吃，洒了盐吃起来会比较甜。」 

 

    「不了，这样就好。」 

 

    日影先生还是我行我素，一点也不理会展大人，只是默默地啃着玉米。 

 

    比起在贺川的经验，这里的玉米属于比较甜的品种，看来日影先生打算纯粹品尝玉米本身的甜味，这次甚至没有准备砂糖。不过我虽然这么猜想，也许日影先生把砂糖藏在身上某个地方也说不定。 

 

    「小子，你藏在怀里的那个小瓶子是什么？不要只吃甜食。」 

 

    结果日影先生一下就被展大人逮到。真可怜，老是被展大人捉弄。 

 

    展大人的长手长脚对本人来说",
82,4694," ★☆★☆★☆轻小说文库(Www.WenKu8.com)☆★☆★☆★ 

  第一卷 序 命月 一月  
     就选她吧! 

 

    突然听到这句话，让我睁开眼睛。 

 

    眼前出现一个高个子。 

 

    你看!她的背杆很直，只要打扮一下，看起来就像是出身良好的大小姐了! 

 

    高个子利落地低下身来。 

 

    一边端详我的脸，嘴角一边露出笑容，以开朗的声音对我说： 

 

    嗨，你叫什么名字啊? 

 

    抬起头来，看到他充满男人味的笑容。 

 

    年轻的成熟脸庞。轮廓很深，颊骨看起来很显眼。 

 

    在那头披散在肩上的亮丽黑发下，是别具特色的笑容。 

 

    害怕那种男性气息，我不禁躲进旁边的窗帘后头。 

 

    满是灰尘的窗帘布，几乎遮住我整个人。 

 

    哎啊?竟然跑了?看看我嘛! 

 

    高个子提高音量，似乎连周遭的空气也为之震动。 

 

    由于实在太大声了，我忍不住抓住衣摆，闭上眼睛缩成一团。 

 

    背后紧闭的窗框质感和穿透木窗的寒意，慢慢溜过我的脖子。 

 

    冬日的冷空气让我缩了缩头。 

 

    好久没出门了。不知道牢靠的木窗外头，是不是快下雪了? 

 

    高个子穿着一身厚实松软的外衣，可是我和收容所里其他的孩子一样，连件像样的单衣(注：单独一件式的和服)也没有。 

 

    这就是找和今天来的这个人的不同之处。 

 

    还是选个亮眼一点的小鬼吧?这么一来还可以期待之后的成长。 

 

    高个子的声音让我觉得好可怕，更是蜷缩成一团。 

 

    当我紧抱着自己时，在高个子的后方传来其他人的说话声： 

 

    这孩子很聪明啊!我才不相信接近你的女人。 
",
82,4704," ★☆★☆★☆轻小说文库(Www.WenKu8.com)☆★☆★☆★ 

  第二卷 世界的模样 序 远景  
     伫立的深绿色背影。 

 

    鲜艳的深色，仿佛在世界上众多色彩中永保年轻。 

 

    这道身影在冬季静谧的空气中伫立良久。 

 

    突然右肩动了起来。 

 

    背影随着力量注入时上半身而鼓起，深绿色身影以间不容发的动作滑向左下，蜷缩成一团。 

 

    凝神一看，可以看见右肩上方闪到左下方的银光。一道划过天际的力量曲线停在地面。 

 

    虚心有节的植物，发出锐器一闪即逝的轻微声响。 

 

    富含水分的植物让声音听起来有点钝重。 

 

    几天积下来的薄雪落在深绿色的背影在枝干沙沙作响、雪花落地时依旧保持沉默，一动也不动。 

 

    和单膝跪着的背影一样的枝叶在另一头摇晃。细长笔直的筒状植物失去重心正要倒下。 

 

    深绿色背影的主人，静静注视竹叶引起一阵骚动，缓缓倒地。 

 

    修长的植物被劈成两半，和周围的同伴碰撞几次之后落地，发出清脆的声响。 

 

    她深吸几口气，仿佛在等待雪尘落地。 

 

    公主殿下，好身手！ 

 

    对这道背影说话的是侍立在一段距离之外的随从。 

 

    奉承话就免了。 

 

    深绿色身影的回应不带任何感情，从铺着薄雪的地上单膝跪着，系在左腰的空剑鞘前端轻轻划过雪地，让下方的地面若隐若现， 

 

    挺直站立的身躯，右手握着出鞘的长刀，凝视眼前一分为二的青竹。 

 

    由右上斜斜划向左下的切口，摸起来不会感觉刺痛，段层 

 

    看起来也不错。 

 

    是刀的威力只凭我的双手是不可能劈得这么漂亮。 

 

    年轻的声音虽然语调平淡无奇，可还是",
82,4714," ★☆★☆★☆轻小说文库(Www.WenKu8.com)☆★☆★☆★ 

  第三卷 姬影交会 序 风的气息  
     抬头仰望天空。 

 

    眼前出现某种细小的东西微微飘动。 

 

    那是平常眼睛看不到的细小灰尘，唯有此时可以清楚看见。 

 

    我眨眨眼，稍微眯起眼睛，这样的感觉刚刚好。 

 

    我觉得，任何人在仰望明亮天空时都会这么做吧。 

 

    眼前是辽阔的蓝天，朝着远方扩展，稀薄的白云逐渐消散。随风摇摆的雪柳映入眼帘，于枝叶间绽放的点点白色花朵，与天蓝背景十分搭配。 

 

    七宫城中庭里，种植许多比我还高大的花草树木。 

 

    桃花、山茶花还有灯台树都不错，但在这个季节里，我还是喜欢像雪柳那种随风摇曳的小花。在初春时节，息吹月即将结束的季节，我的视线陶醉于眼前的这片花景。 

 

    这株纤细的树木不是原本就长在这一带。 

 

    七宫城周围没有太多的高低起伏，难以抵挡沿着西方山脉吹下来的寒风。 

 

    冬天的风雪在平坦开阔的土地上尽情肆虐，草木似乎很难在这片土地生长。 

 

    也因为如此，许多花草树木只有在这种城墙围绕的环境下才看得到。 

 

    「公主殿下，原来您在这里。」 

 

    我在雪柳下转身，声音的主人毕恭毕敬站在那里。 

 

    「梳妆师」 

 

    面对喃喃自语的我，穿着一身春季工作服的修长身影低头行礼。 

 

    在我认识的女性之中，梳妆师是长得最高的一位，同时也是最正经八百的人。虽然她的眼神有点严厉，但她说出的话却经常温柔得令人惊讶。 

 

    「再过片刻便是晋见的时间，还请公主殿下准备移驾。」 

 

    我点头表示同意，然后便离开身边的花草树木，朝梳妆师身边走去。 

 

    ",
82,4724," ★☆★☆★☆轻小说文库(Www.WenKu8.com)☆★☆★☆★ 

  第四卷 夏日插曲 背对背  
     季节不断流转，抬头仰望已是春日的天空。 

 

    然而早晨的空气依然带着寒意，呼出的气息偶而还是夹杂着几丝白雾。 

 

    虽然春天接近尾声，但清晨时分还是不由自主地觉得寒冷，这就是东和的气候。 

 

    随着太阳升高，温度也跟着逐渐上升。 

 

    正当我在感受气温变化，突然听见脚下传来钝重的声响，好像是潮湿土块崩解的声音。 

 

    我的脚下突然晃了一下。 

 

    「哇！」 

 

    我一边不争气地发出惊呼，一边抓紧扶手。 

 

    「喂！我们可是公主！小心一点！」 

 

    还有一个人摇晃着凌乱的头发大声叱喝。 

 

    一大清早，两道姬影闹成一团。 

 

    同样是公主，我们两人却是大不同。 

 

    常磐姬始终维持放松的姿势，任由束在脑后的长发晃动，背靠着山车的六角栏杆，脸上露出一副不满的表情。 

 

    这位公主几乎都是一脸不满。 

 

    我觉得随时保持平静端正的表情，是公主殿下的职责之一。在我看来，这位总是在生气的公主一点也不像是公主。 

 

    如果硬是要说，我觉得她比较接近武装公主，杜艾大人跟展大人一定也会赞同我的想法。 

 

    「七宫没事吧？」 

 

    她没有看着我，只是一直望着下头的侍从，就这么出乎意料地发问。 

 

    她从来不叫我「空澄」，而是称呼我为「七宫」。 

 

    「没事。事前已经听说会摇得很厉害，差不多习惯了。」 

 

    这还是她从搭上山车之后第一次对我说话，我有点高兴地用开朗的语气回答。 

 

    「觉得不舒服最好早点说。以前我就试着硬撑，结果之",
894,24103," ★☆★☆★☆轻小说文库(Www.WenKu8.com)☆★☆★☆★ 

  第一卷 有关球井的etc.  
     序﹒球井紫的人物简介 

 

    球井紫总是把活生生的人类看成机器人。 

 

    这是她无法改变的绝对条件。 

 

    ——而我，则是她的朋友。 

 

    1﹒球井的前提 

 

    在球井紫的眼中，人类都是机器人。 

 

    正确的说法应该是不只人类，而是除了她自己之外所有的‘生物’都是如此。 

 

    球井自称除了她以外的所有生物看起来都是机器人，而这个说法的真伪他人无从考证。就算再怎么匪夷所思，也找不到驳斥的理由。为什么？原因很简单，请各位试着去思考吧。假设今天看到一颗‘红色的苹果’，各位该如何将‘红色’的概念传达出去？除了以‘红色’的辞汇传达‘红色’的‘感觉’，应该是别无他法吧？不管使用多少辞汇，都无法正确地表达自己所感受到的‘红色’，同理可证，将所有的生物看成机器人的说法到底是真是假，也是无法证明的。 

 

    因此‘其他人’对‘球井紫’所产生的意义，就只有一种。 

 

    那就是‘除了自己之外，所有的生物看起来都是机器人’。 

 

    当然，这种说法无从得证。 

 

    既然自己的体验无法传达给其他人，这种‘说法’就无法得到证明，只能选择相信。基于这个大前提，再加上如果只是一般点头之交就算了，我好歹也是她的朋友，就算心里面再怎么存疑，也只能无条件地接受这种‘说法’。 

 

    不过话又说回来了，既然跟球井紫成为朋友，偶尔闹出一些笑话也是难免的。 

 

    “学学，希望是我弄错了。这是不是你的东西吗？” 

 

    “……小紫，我说过很多次了，我身上没有螺丝。” 

 

    “哇！对哦．我差点忘了。人类真是了不起。” 

 

    ",
915,25331," ★☆★☆★☆轻小说文库(Www.WenKu8.com)☆★☆★☆★ 

  第一卷 人物介绍  
     元气十足的14岁少女。本故事的主人公。举世闻名的传说中的大发明家普罗司托勒福兰卡的孙女。代理祖父接受了复兴特利思提亚的委托。在史托卡的陪伴下从帝都来到这里。手持万能工具“炫彩冲击杖”，使用祖父亲传的“普罗司托勒流工坊术”，奇迹般地使萧条的街道重现生机。 

 

    仰慕娜诺卡的12岁少女。是娜诺卡在帝都青年发明学园时的同学。是帝都屈指可数的大财阀家族的大小姐。追随自己最喜欢的娜诺卡而来到特利思提亚。 

 

    除了在特利思提亚开办了一家高级餐厅“翰伯顿饭店”之外，也在其他各方面积极帮助娜诺卡。 

 

    好胜心很强的15岁少女。是特利思提亚境内克拉商会年轻的会长。 

 

    虽然有倔强的一面，但的确是一位活力四射明快开朗的少女。 

 

    自娜诺卡来到这座城市以来，似乎总是被卷入娜诺卡所引起的种种事端屡遭磨难的样子。 

 

    严格服从娜诺卡命令的无敌机器人。是娜诺卡身为大发明家的祖父解析先史文明消失的技术所制作出来的杰作之一。不过在没有指令的时候很少开口说话。而且他说的话除了史托卡以外没人能够理解。全高2.9米。体重3.2吨。 

 

    担任娜诺卡监护人角色的人工生物。是娜诺卡身为大发明家的祖父解析先史文明消失的技术所制作出来的杰作之一。对娜诺卡来说，虽然他嘴上很爱唠叨但并不讨厌他，像是一位年长的好友一样的存在。一旦主人娜诺卡身处在危险之中，必定会挺身而出保护她。 

 

    是特利思提亚境内留那特神殿年芳19岁的祭司姐姐。 

 

    为人不拘小节，有着十分爽快的性格。 

 

    最早觉察到娜诺卡的才能，并成为了娜诺卡才能的信奉者（FANS？）。 

 

    从海底打捞起来沉睡于箱中",
929,26654," ★☆★☆★☆轻小说文库(Www.WenKu8.com)☆★☆★☆★ 

  第一卷 圣九宫学园高校理念  
     一、 

 

    清正端庄美丽大方， 

 

    这是作为女性理应乐于追求的。 

 

    二、 

 

    对于时代变幻的要求要灵活地做出回应， 

 

    要发自内心的对人和社会做出贡献。 

 

    三、 

 

    健全的少女心寄宿在健全的肉体内。 

 

    因此肉体的锻炼不容忽视。 

 

    四、 

 

    持有大和抚子的骄傲， 

 

    保持纯洁与贞操。   

  第一卷 PROLOGUE 社团活动室的秘事  
     “啊啊，越看越觉得，这真是个下流的内裤啊。波【注：此为女主角中山素的外号ぽん，暂翻译为这个】。” 

 

    说出这话的，是个看起来极为完美的美少女。 

 

    透白的肌肤更好的衬托出那乌黑的头发。小小的脸庞上，有着一双如同绀碧色夜空的眼瞳。 

 

    犹如樱花花瓣般的可爱嘴唇，露出充溢着智慧的微笑。 

 

    这个美少女拥有着受到神之宠爱般的容貌，她正盯着叫做波的少女的裙内。 

 

    “哪个请不要这样看。” 

 

    出生后大概十五年零一个月。 

 

    摆出这样的体式，不管怎么想，都是至今为止最羞耻的事。 

 

    如果要说有多羞耻的话，都到了想要哭出来的地步了。 

 

    明明都这样了，但为何胸部发出砰砰的响声，身体被一种急不可耐的渴求感所支配，这究竟是怎么了。 

 

    （呜呜呜呜。谁能帮帮我啊。这样下去的话，我会变得很奇怪啊。） 

 

    安抚着如今就像要爆发了的胸口处的鼓动，稍微有了一丝冷静，在深呼吸之后，她环视起室内四周。 

 

    春风从光照",
952,27674," ★☆★☆★☆轻小说文库(Www.WenKu8.com)☆★☆★☆★ 

  第一卷 序章  
     在极东的岛国上，有恶魔觉醒了。 

 

    这不是寓言也不是比喻方式，而是字面上的意思。 

 

    恶魔首先做的，是创造如同自己助手的存在。 

 

    尤其对于力量损失过半的恶魔而言，这是最优先事项。 

 

    恶魔使用残余无几的魔力，令一位使魔诞生于世。 

 

    从虚无中诞生的人型使魔，那就是我。 

 

    自我出生，第一眼看到的是比自己矮，约略十岁的女孩子。金发双马尾的她用一双三角眼望向这边，微微一笑。 

 

    「吾赐予汝莉莉丝之名。」 

 

    一开口，她就对我说出这番话。 

 

    「莉莉丝……」 

 

    「对，那就是汝的名字。」 

 

    「您是……？」 

 

    「吾？吾乃昔日被称为『魔王』的存在。不过如今残留的力量已所剩无几。」 

 

    随后少女便说出自己的名字。 

 

    「莉莉丝，从今以后你汝就作为吾之使魔听吾差遣。要你习惯地上的生活可能还需一段时间，嗯，你一点点记着就好了。」 

 

    「……遵命。我莉莉丝发誓，我是您最忠实的仆人，愿为您奉献一切。」 

 

    我没有丝毫疑虑。在出生瞬间，就本能的感觉到一些事。 

 

    那就是眼前的少女，是创造我的恶魔。 

 

    以及遵从主人的命令，是使魔的本分。 

 

    站立在所有恶魔的顶点，被众人敬畏地称呼为『魔王』的存在。 

 

    名为撒旦的恶魔，就是我的主人。 

 

    就这样，我和撒旦大人充满罪恶的邪魔外道生活开始了。 

 

    那已是一年前的事情。   

  第一卷 第一章 撒旦大人登场！  
     使魔的一天很",
952,27685," ★☆★☆★☆轻小说文库(Www.WenKu8.com)☆★☆★☆★ 

  第二卷 序章  
     在镜前确认自己的着装. 

 

    黑色的连衣裙和带褶皱的白色围裙搭配而成的连衫围裙. 

 

    将留至腰间的黑发用带白色褶皱的发圈简单的束起. 

 

    恩,衣服没有凌乱. 

 

    我打起精神,向主人的寝室走去. 

 

    “早安,主人.今天也是乌云密布到令人神清气爽的阴天呢．” 

 

    说出惯例的问候,同时打开房门. 

 

    主人没有回应.不过,也并没在睡觉.因为灯亮着,而且床上也不见主人的身姿. 

 

    环视房间,和往常一样,主人穿着睡衣对着电视机正坐着,完全没注意我. 

 

    电视连接着一台游戏机，主人握着手柄专心致志地玩着游戏. 

 

    没错,和平时一样,在玩渣游戏. 

 

    主人现在在玩的游戏就是往动物形状的饼干上注入巧克力,仅此而已. 

 

    拿起从操作台上运来的饼干,用管状的容器注入巧克力,再将饼干放回原处. 

 

    等下个饼干过来了再注入巧克力.不断地重复这几个动作. 

 

    名字好像是叫「巧克力进行曲」,嘛这种小细节就不在意了. 

 

    主人从昨晚开始就一直在玩这游戏. 

 

    而且是彻夜. 

 

    在既无意义又无建设性的事情上浪费大量时间,真是天下一大恶事. 

 

    真不愧是我的主人,今天我也如是佩服道. 

 

    嘛,对主人来说,这也不过是小菜一碟. 

 

    “撒旦大人,已经到吃早餐的时间了” 

 

    我走上前去招呼主人,不过主人依旧盯着电视画面并回答我说 

 

    “能喂吾吃么?” 

 

    “是.料到会您会这么说,所以已经事先准备好",
972,28272," ★☆★☆★☆轻小说文库(Www.WenKu8.com)☆★☆★☆★ 

  第一卷 序  
     川岛南成为棒球部的经理是在高中二年级时的七月中旬，正是暑假前的时候。 

 

    事情来得很突然。在这之前，南从未想过自己会成为棒球部的经理。她从未参加过任何的社团活动，仅仅是一名非常普通的女高中生。跟棒球这项运动部更是八竿子也打不着的关系。 

 

    然而，因为一件意想不到的事情，南却成为了棒球部的经理。那也是南会在二年级暑假前，这个不前不后的时期加入棒球部的原因。 

 

    成为棒球部经理的南有一个目标，那就是「将棒球部带入甲子园」。也正是为了实现这个目标，她担任了的经理这一职务。 

 

    对于南来说，这并不是像是梦想之类的含含糊糊的概念，甚至也并不算是愿望，而是十足明确的目标，是使命。南的决定是一定「要」将棒球部带入甲子园，并不单单只是「想要」让棒球部进入甲子园。 

 

    虽说这是个很宏大的目标，但是要如何去实现它，南并没有具体的构想。就像前面所说，在此之前南从未接触过棒球部。不要说棒球部什么的，对于经理这个职位是做什么的她都一无所知 

 

    不过，对于这些事情南一点也不介意。船到桥头自然直——南单纯的想着。与其先去想这想那，不如立刻开始行动，南就是这种性格的人。 

 

    成为棒球部的经理时也是这样。首先决定「将棒球部带入甲子园」，然后，既然已经做好决定便不要多想，立刻展开行动了。   

  第一卷 第一章 南与《管理学》邂逅  
     1 

 

    南就读的「东京都立程久保高中」是一所公立的普通高中。 

 

    程久保高中——通称「程高」，位于东京的西部，关东平原的终结多摩丘陵的起始处、大大小小连绵不绝的丘陵的一隅。 

 

    校舍坐落于其中一座丘陵中，景致很好的高岗之上。",
