text_id,block_id,line_id,dialogue
2751,1,1,那个！
2751,1,2,怎么了怎么了？
2751,1,3,怎么了吗？
2751,1,4,……
2751,1,5,小玲奈？
2751,1,6,对不起！我……那个，就是，突然有点急事……你们大家继续吃吧！对不起，对不起哦！待会见！
2751,1,7,要不再孤单一人，果然不行啊～……
2751,1,8,我就喜欢自己一个人啊？
2751,1,9,怎么变成现充阳角
2751,1,10,还挺能干的嘛姊姊
2751,1,11,哎呀哎呀，不错。嗯，非常像样喔
2751,1,12,嘿嘿，初次见面，我叫甘织玲奈子――……呃，可以和我交个朋友吗！？
2751,1,13,当然可以。我才要谢谢你愿意主动和我搭话。请多指教，玲奈子。
2751,1,14,耶～朋友们都是连个性都超可爱的女孩子～！
2751,1,15,话说以女生角度来看，王冢同学给人什么感觉？唉，以男生来说，就是长着史上最强的一张脸了。
2751,1,16,咦？总觉得世界观差太多了，应该只会觉得……啊，今天的王冢同学也好漂亮，真是闪闪动人呢。
2751,1,17,感觉就像是幻想般的那种超然存在呢。而且意外的是她还会平易近人地主动攀谈……就像是来城镇视察的那种受到众人喜爱的公主殿下！
2751,1,18,完美恋人
2751,1,19,不管三七二十一，就是要超级努力跟上她们
2751,1,20,啊……风好凉喔……
2751,1,21,玲奈子，不可以！
2751,1,22,咦？
2751,1,23,啊。
2751,1,24,现代社会的黑暗，女高中生因为疲于应付人际关系而发生的悲剧！
2751,1,25,我、我怎么能眼睁睁地看着你在我眼前――这么做啊！
2751,1,26,王、王冢――
2751,1,27,――同学！？
2751,1,28,已经不要紧了，玲奈子。
2751,1,29,我们现在正在往下掉耶！？为什么要跳过来！？你想自杀吗！？
2751,1,30,不用担心。
2751,1,31,既然是和我王冢真唯在一起，就一定会得救的。因为我运气很好。
2751,1,32,运气在RPG当中是最没用的能力参数啊！
2751,1,33,你看，得救了吧……根根、根本不算什么。
2751,1,34,你的声音在发抖耶……
2751,1,35,因为我知道下面有一棵树，想说顺势跳过去的话应该就能得救。再来，就归功于我的运气实在很好。
2751,1,36,如果你继续抱着这种想法过活，我觉得总有一天绝对会死的……
2751,1,37,幸好还活着……
2751,1,38,对吧对吧
2751,1,39,不管怎么样，我想说你感觉不太对劲就追了过来，看来是正确的选择。毕竟这让我成功拯救了你。
2751,1,40,不，那个……其实我并没有打算跳楼……
2751,1,41,嗯？
2751,1,42,那么，你当时为何露出想不开的表情？
2751,1,43,我只是在放空而已。
2751,1,44,于是就露出了那种表情……？
2751,1,45,不，实际上你不是越过了护栏吗？
2751,1,46,不，那是因为王冢同学追了过来，我心想得快逃才行……
2751,1,47,原来如此。
2751,1,48,……结果一个不小心失去了平衡。
2751,1,49,也就是说。
2751,1,50,若是我没有冲向你就好了……让你置身于险境之中，这全都要怪我……原来是因为我的愚蠢，而导致你差点丧命吗……
2751,1,51,啊！可是，我很高兴你这么担心我！该怎么说呢，那个，虽然王冢同学没来的话，我根本也不会摔下来就是！
2751,1,52,这样啊，一切都是我操之过急误会了吗……
2751,1,53,不，我想说的不是这个意思！呃，那个，总之！
2751,1,54,王冢同学并没有任何错，该说是谁都没有错吗？还是说，起因本来就出在我自己身上……
2751,1,55,那个，其实我！
2751,1,56,其实我很不擅长融入众人当中，和别人说话！
2751,1,57,你不擅长说话？但你总是表现得很有精神又开朗啊？
2751,1,58,其实我每次开口说话，就会消耗掉我的MP啦！
2751,1,59,我很不会和人交谈！所以要是不集中精神，是真的完全跟不上那种彷佛用篮球高速传球般的对话！还会害怕突然陷入沉默，滔滔不绝地讲些无关紧要的话，抢走别人讲话的时间！
2751,1,60,？
2751,1,61,完全没有头绪吗！？你偶尔也会有这种时候吧！非常在意当天的事情，晚上在床上开反省大会，还导致自己睡不着什么的……没有吗！？也太厉害了吧！
2751,1,62,所以，我是因为累了才会逃到那种地方，像是为了歇口气那样给自己一点喘息的时间啦！否则的话我会死掉的！
2751,1,63,会死掉的
2751,1,64,原来如此。那么是我让你在勉强自己呢。抱歉，我本以为你也是乐在其中的，没想到竟然会把你逼到这个地步，真的很抱歉……
2751,1,65,不是的！
2751,1,66,我喜欢和大家说话！只是，其实我得非常努力才能跟上话题！总之我真的很开心！可是，对了，就像是运动那样！就是虽然很开心却很累的那种感觉！因为我不像大家那样善于和别人交流！
2751,1,67,原来如此，这样啊。我t解你的心情……假如我抬头挺胸地这么说，就过于傲慢了。不过，我偶尔也会有类似的感觉。
2751,1,68,如你所见，我是王冢真唯。不仅处于得天独厚的环境当中，我自身也有付出应当的努力……我是这么认为的。
2751,1,69,嗯，她说得没错
2751,1,70,大家想必都认为和我在一起会很开心吧。因为我也是尽可能地营造出这样的容身之处。我喜欢看到大家开心的样子。但是，我偶尔也会这样想――大家看到的，究竟是不是真正的我呢……有时也会因此而突然感到寂寞。
2751,1,71,……意思是……
2751,1,72,说不定，我只是在扮演着他人所追求的王冢真唯形象罢了。
2751,1,73,……抱歉。总是追着着完美的王冢真唯，竟然说出这种莫名其妙的话。你也觉得很不知所措吧。
2751,1,74,不……
2751,1,75,总觉得……我好像是第一次听到王冢同学说这种丧气话。
2751,1,76,当然，我以前从来没和任何人说过。你失望了吗？
2751,1,77,咦？没有，完全不会！
2751,1,78,王冢同学总是很积极地努力向上，我觉得能t解这样的你真的是太好了！所以我真的打从心底觉得……自己也得更加努力才行……
2751,1,79,可是，如果每天都在努力的话，会感到疲惫也是理所当然，所以我才会像这样到顶楼避难……
2751,1,80,是说，我们在树上聊这种事也很奇怪……如果王冢同学不介意，下次我们去顶楼吧。让我们好好待在护栏内侧休息一下。
2751,1,81,这样啊。所以你才会在顶楼……不过，我竟然妨碍你休息的时间，甚至还产生误会，让我们一起摔下来。
2751,1,82,那、那已经没关系了啦！
2751,1,83,不论是刚才还是现在，不管王冢同学是因为什么事情失败，我都绝对会接受你的！说起来，我可是过着每天充满失败的人生啊！连一次失败都不被允许，这种事根本不可能！不要紧的，你身边还有我！
2751,1,84,自己不应该是这样的，应该还能做得更好才对……若是这样想，只是会愈来愈痛苦而已。偶尔休息一下也没关系啊……
2751,1,85,没关系的
2751,1,86,呃……为、为什么王冢同学的眼眶湿了啊？
2751,1,87,咦？呃，这是为什么呢……总觉得，非常开心。
2751,1,88,唉唉～？
2751,1,89,只、只是偶然啦，我……
2751,1,90,哎、哎呀！王冢真唯举世闻名，想成为你的支柱感觉也太厚脸皮了，还是该说是没有自知之明呢！
2751,1,91,没有那回事。
2751,1,92,能够听到你说得这么真诚，我实在很幸福。
2751,1,93,咦？不，那个，呜呜……
2751,1,94,能够遇见你，真的是太好了。
2751,1,95,唔唉唉唉唉？
2751,1,96,不，那个……我也是！因为我想要朋友！
2751,1,97,让我们当朋友吧，玲奈子。
2751,1,98,咦？真的吗？
2751,1,99,嗯，让我们当真正的朋友吧。
2751,1,100,嗯……我们当朋友吧，王冢同学。不，真唯！
2751,1,101,随时都可以跟我说一声喔。我们到时再一起去休息吧。
2751,1,102,呵呵。
2751,1,103,这是我们两人的秘密呢。
2751,1,104,咦？啊，呃，嗯……没错！
2751,1,105,啊，可是不要给我太大的压力哦。因为我会紧张的……
2751,1,106,呃，我不记得自己有带给你压力啊。
2751,1,107,唉！骗人！你总是挂着『我是世界第一正确
2751,1,108,怎么可能。不过，我在大多数的场合确实都是正确的……
2751,1,109,这句话也太有王冢真唯的风格了吧！
2751,1,110,是说，我们该怎么从树下下去！？
2751,1,111,运气真的很好
2751,1,112,只属于两个人的秘密
2751,1,113,啊，小玲奈，你刚才不要紧吧！？
2751,1,114,咦？
2751,1,115,因为你刚才一鼓作气就冲出了教室啊。
2751,1,116,咦？不，那个。刚、刚才突然感觉怪怪的……那个……
2751,1,117,你身体不舒服对吧，玲奈子。是为了不让大家为你担心，所以才会这么说的吧？
2751,1,118,咦？不，那个……
2751,1,119,――对吧？
2751,1,120,嗳，王冢――又有人拜托我问你的联络方式了啦～
2751,1,121,啊，我也是我也是。是说，前阵子是不是还有别校的学生在等你放学啊？
2751,1,122,这也没办法啊。毕竟王冢真唯是独一无二的嘛。
2751,1,123,连这种话听起来都不像挖苦，证明了格调的差距呢……老实说会让人觉得如果对象是王冢的话，就算是女的也行呢。
2751,1,124,咦？你有那方面的兴趣吗？
2751,1,125,怎么会。可是毕竟她是完美恋人嘛。
2751,1,126,喔，看起来聊得很开心嘛
2751,1,127,～～～～！
2751,1,128,小、小玲奈，你怎么了？肚子又痛了？
2751,1,129,朋友
2751,1,130,抱歉。看来，我是把你视为一名女性，喜欢上你了。
2751,1,131,…………
2751,1,132,啊？
2751,1,133,不不不……这不行的吧，不行啦……
2751,1,134,为什么不行？你应该没有其他喜欢的对象吧？
2751,1,135,是这样没错！是说真唯你为什么要跟过来啦！
2751,1,136,因为你的回答太模棱两可了。这样下去，我晚上会睡不着的。这样很伤脑筋。
2751,1,137,啊～真是的……
2751,1,138,话说，『喜欢上了
2751,1,139,是这样没错。
2751,1,140,你接受了我第一次流露出来的脆弱一面对吧？回到家后，我一想到你的脸，胸口的悸动就无法停止。那在我的人生当中，是非常震撼的一件事……当我意识到这点时，便注意到了。我喜欢你。
2751,1,141,太夸张了啦……
2751,1,142,要是看到王冢真唯一脸沮丧，肯定任谁都会去安慰的啊……
2751,1,143,但是，那个人是你。那个瞬间在我眼前的，就是你。
2751,1,144,又不是什么雏鸟效应……是说，就只因为这么一次就向对方告白，再怎么样这也太容易被攻陷了吧……
2751,1,145,果然。我们是两情相悦啊。
2751,1,146,才不是！我是作为朋友！是以朋友的身分喜欢着你啦！
2751,1,147,那是误会，玲奈子。你是把我视为恋人喜欢着我的。
2751,1,148,一旦与你为敌，你这种无谓充满自信的地方还真是麻烦到了极点耶！？
2751,1,149,你之所以会不情愿，是因为我是女人吗？
2751,1,150,这个……我不知道。
2751,1,151,看来也不是完全没有机会呢。
2751,1,152,没有！不行！不行就是不行！
2751,1,153,那个，我想要的是朋友。就是那种能一直共同度过学校生活的挚友。
2751,1,154,怎么？还要特地强调这点吗？
2751,1,155,才没有特地强调！是说挚友是不能向上兼容成恋人的！这两者是完全不同的！
2751,1,156,可是玲奈子。明明喜欢的对象向自己告白，你却说当挚友更好，这样的性癖感觉相当别扭呢。你喜欢的是没有交往，只有肉体方面的关系吗？这有点……不忠吧？
2751,1,157,笨蛋！为什么讲得好像我已经喜欢上你了啊！
2751,1,158,会有不喜欢我的人存在吗？
2751,1,159,啊啊，真是的，笨蛋！你这个笨蛋！王冢真唯！
2751,1,160,我把话说清楚哦！高中生活才刚开始对吧。可是若我和真唯马上就分手的话，肯定会很尴尬的，接着还要转去其他的小圈子……怎么说，你想想，彼此都会不喜欢这种感觉吧！所以我拒绝发展成恋人这种不稳定的关系！
2751,1,161,原来如此，我也能理解你的不安。既然这样，退一步的朋友关系是比较好。虽说你的想法很惹人怜爱，但不要紧的。因为我们是不会分手的。
2751,1,162,现实是没有那么顺利的，就算真唯是再好的人……喜欢的心情也有可能会突然就冷却下来。
2751,1,163,你有过这种经验吗？
2751,1,164,……是没有啦。
2751,1,165,呵
2751,1,166,是没有啦！但一般来说都是这样的吧！我根本没听过有人从高一就开始交往，三年来一直都能恩恩爱爱的！说起来真唯你又有经验吗！
2751,1,167,当然，我也从未与任何人交往过。
2751,1,168,看吧！我就知道！我就知道！
2751,1,169,因为我早就决定了，我的第一个恋人，就是我最后的恋人。
2751,1,170,你这是纸上谈兵！
2751,1,171,看来不管再怎么说，我们始终都是平行线呢……
2751,1,172,是啊。尽管我确信我们不会分手，但你却主张反正肯定会分，固执地认为当挚友对彼此来说才是更好的。
2751,1,173,虽然你解释起来感觉怪怪的，不过是这样没错。
2751,1,174,那么，就采折衷方案吧。
2751,1,175,……什么意思？
2751,1,176,我期望的是恋人关系，而你则是挚友关系。然而不论要实现哪方，都需要双方共同协助。
2751,1,177,这个嘛，是没错。
2751,1,178,若是我现在说『不，既然当不了恋人，那也不可能当朋友了。麻烦你今后在学校别向我搭话
2751,1,179,咦？这个……
2751,1,180,……是、是很为难……
2751,1,181,抱、抱歉。刚才是开玩笑的。当然，我无意做出对你不利的事情，因此伤害到你。
2751,1,182,这样啊……不，其实是没关系。我只是稍微吓到而已喔……？
2751,1,183,嗯，那就好。不过该怎么说呢，明明对方拒绝与自己成为恋人，我却非得一直温柔以待，我希望你也能明白这其中的痛苦。
2751,1,184,这个……嗯……
2751,1,185,……所以，才要提出折衷方案？
2751,1,186,没错――
2751,1,187,有时是挚友，有时是恋人。让我们这样交互尝试看看吧――
2751,1,188,以这个方式作为判断基准，来决定我们到底适合当恋人还是挚友，一决胜负吧
2751,1,189,怎么会这样……
2751,1,190,是要当恋人，还是挚友，是吗……
2751,1,191,当恋人的日子，我会让你知道成为恋人的美妙之处。若是在这种情况下你依然无论如何都无法接受，我也会老实放弃。毕竟这都怪我自己魅力不足，才会无法彻底攻陷你。
2751,1,192,果然还是这样的关系更好
2751,1,193,事情变得相当不得了啊……
2751,1,194,要改变自己
2751,1,195,我再也不要孤单一人了！我要赢得最棒的校园生活！
2751,1,196,姊姊，我还以为你已经变正常了……
2751,1,197,好，那么为了一眼就懂，就依据我的发型变化来决定吧
2751,1,198,哦。原来你这么想和我独处啊。
2751,1,199,才不是！呃，是这样没错啦，但不是你说的那个意思！
2751,1,200,真唯，你差不多也该扎起头发了吧！为什么连续三天都把头发放下来啊！？
2751,2,201,我这没有一丝睡乱的柔顺秀发。要是不放下来的话岂不是太可惜了？
2751,2,202,可是这样就没办法比赛了啊！
2751,2,203,说得也是。
2751,2,204,话虽如此，我们在此之前已经当了两个月的朋友。若是不稍微多过一些恋人的日子，不觉得这样我很吃亏吗？
2751,2,205,等、等一下！？
2751,2,206,没关系吧？毕竟今天是要表现得像对恋人的日子。
2751,2,207,在、在学校……要是被其他人看到该怎么办啊……！
2751,2,208,我不介意啊。
2751,2,209,我、我介意啊……你的手，动作太下流了……
2751,2,210,你这样黏着我，到底是想怎么样啊……真唯原来是这样的人吗？是说，你就那么喜欢我吗？
2751,2,211,嗯，喜欢啊。
2751,2,212,我到底有哪点好了……实在是无法理解……
2751,2,213,原来如此。看似想让我觉得你对自己没有自信，其实是打算从我这里得到赞赏，让我倾诉爱意吗？尽管嘴上说不愿意与我成为恋人，但你使用的战术倒是相当巧妙嘛。
2751,2,214,才不是！我这句话是百分之百认真的！不要把别人讲得很像在讨拍一样好吗！
2751,2,215,我说啊，你就是这种地方让我觉得无法接受！因为你总是这样！
2751,2,216,哦？
2751,2,217,你无时无刻都充满自信！摆出一副彷佛一切都在自己掌握之中的那种表情！如果你认为只要表现得稍微强硬一点我就会立刻倒向你那边，那可就大错特错了！
2751,2,218,这样啊。
2751,2,219,不过，就算你这样说，所有事情确实一直都在我的掌握之中啊……
2751,2,220,………………
2751,2,221,我是不会放弃的，所以玲奈子你就认命吧。
2751,2,222,啊，总觉得在决定要当挚友还是恋人之前，我现在倒是想把真唯这种不论做什么都能顺心如意的傲慢想法狠狠破坏掉了……
2751,2,223,这番措辞听起来相当粗鲁呢。你要好好地履行身为恋人的职责喔。还是说，你面对最爱的女性依然会说出这种话吗？
2751,2,224,大概还是会说吧……啊，你是不是不想和我成为恋人了？
2751,2,225,不，我反而更喜欢你了。
2751,2,226,为什么啊！
2751,2,227,对于任何事情都能如愿的我而言，有这么一件没办法掌握的事情，实在令人开心。而且和你在一起后，我似乎变得愈来愈任性了。今后也请你继续斥责我，玲奈子。
2751,2,228,别做出会让我骂你的事情啦！
2751,2,229,欢迎回来～
2751,2,230,我有问题要问玲奈子同学。虽然有钱但长相普普通通的人，以及贫穷的帅哥，你会选择和哪一边交往呢？
2751,2,231,唉？唉唉？
2751,2,232,虽然我是这样问啦，但老实说和有钱还是没钱其实没什么关系呢。毕竟还是温柔体贴的人最好了嘛。
2751,2,233,啊，不过比起孩子气的人，还是沉着稳重的人比较好吧？
2751,2,234,喔，我记得你好像有两个年幼的弟弟对吧……
2751,2,235,没错没错，他们很顽皮，让我很伤脑筋。虽然是很可爱啦。
2751,2,236,大家理想中的女孩
2751,2,237,紫阳花同学真的很疗愈呢。能跟你交往的人肯定很幸福……
2751,2,238,咦～？突然夸我，我也只能露出笑脸给你喔？
2751,2,239,唉，听我说听我说，听说真唯前阵子去了饭店的会员制泳池耶！不觉得很厉害吗？很夸张吧？哎呀～泳池真好呢！泳池泳池！
2751,2,240,香穗，你有这么喜欢泳池吗？我看你只是羡慕真唯而已吧？
2751,2,241,那当然啦！小纱月不羡慕吗！？豪华的温水泳池！躺椅！酒吧台，还有真唯出众的泳装模样～！
2751,2,242,……与其说嫉妒，反而单纯地让人火大呢。因为实在太适合了。
2751,2,243,有那么适合吗？
2751,2,244,嗳
2751,2,245,不然！今天放学后我们就去挑衣服吧！我想要大家一起凑一套夏装！
2751,2,246,不行。我很忙。
2751,2,247,哎呀呀，纱月同学，你有什么事吗？
2751,2,248,自主学习。
2751,2,249,哇～
2751,2,250,唔
2751,2,251,别这样嘛～！小纱月给人一种高学历大学生的氛围，不用读书也不要紧的啦！我们走嘛～一起去～嘛～！
2751,2,252,真烦人……
2751,2,253,好过分！
2751,2,254,哈哈哈
2751,2,255,就算你这么努力，下次考试还是赢不过我喔。
2751,2,256,你这家伙……你这家伙……！
2751,2,257,真好呢～我也一起去看衣服好了～啊，小玲奈觉得如何？
2751,2,258,咦？呃，我……
2751,2,259,我、我我我、当然会陪大家一起去！
2751,2,260,咦？玲奈亲，你刚才的声音是不是在抖啊？
2751,2,261,没没没有这回事。
2751,2,262,被人邀请一起去玩的时候，不能拒绝。
2751,2,263,嗯，机会难得，就大家一起去吧，虽然我是想这么说……
2751,2,264,至少纱月已经确定要看书了
2751,2,265,咦？
2751,2,266,很可惜，我今天已经有约了。所以我们下次再去逛街吧。
2751,2,267,这样啊～
2751,2,268,明天也要小考，所以香穗最好还是回家念书。纱月也加油吧。即使你一辈子都赢不了我，能持之以恒地努力也是很了不起的。
2751,2,269,为什么我会和这种人成为朋友啊……
2751,2,270,好啦好啦……
2751,2,271,真是的……是无所谓啦，反正你从以前开始就是这种人了。
2751,2,272,啊哈哈……那么，今天就各自随意解散对吧。
2751,2,273,那就下次吧，一定要喔！
2751,2,274,啊，是说……
2751,2,275,最近真唯和玲奈亲发生过什么事吗？你们关系是不是变好了？
2751,2,276,唉！？
2751,2,277,没、没那回事吧！我们关系很普通啊！
2751,2,278,否定成这样，倒是让我很受伤呢。
2751,2,279,咦？啊，对不起！
2751,2,280,看吧，就是这种地方！你们的眼神交流感觉很色情！
2751,2,281,甘织都在为难了吧？你啊，只要一扯到真唯就会失去分寸呢。
2751,2,282,这也没办法啊？毕竟我主推真唯嘛！你看，连推的颜色也有。
2751,2,283,这女人只是个空有外貌的自大狂喔。
2751,2,284,唉～？小真唯是非常好的女孩喔。对吧？
2751,2,285,紫阳花真是t解我呢。
2751,2,286,对吧～？
2751,2,287,咿呀！？
2751,2,288,不过呢，确实是这样。
2751,2,289,最近，我主推玲奈子呢。
2751,2,290,为什么――！？
2751,2,291,玲奈亲，你的脸也太红了！
2751,2,292,肯定有问题吧！
2751,2,293,什么意思？
2751,2,294,当然是指这个状况啊！说什么『约好了
2751,2,295,说得也是。感谢你愿意赴约。
2751,2,296,是、是说，我说的是『就去咖啡厅之类的？
2751,2,297,嗯。我觉得这是最能回应你期待的答案了。
2751,2,298,肯定有问题吧！
2751,2,299,咦？原来她说的有事是要和我出去吗？
2751,2,300,那么，就去咖啡厅之类的……
2751,2,301,咖啡厅啊。那我知道一个好地方。我早就想说一定要带你去呢
2751,2,302,就是这里喔
2751,2,303,重新回顾了一下整个过程，真的是莫名其妙呢……
2751,2,304,几乎每个客人看起来都像是真唯这种种族……
2751,2,305,这里的蔷薇果茶可以滋润游泳之后的身体。
2751,2,306,咦……这要多少钱……？该不会是一杯两千圆之类的吧……？
2751,2,307,泳池的会员可以免费使用设施内的东西。我这次也帮你办了会员证，如果你有时间，以后也能自己一个人过来喔。
2751,2,308,我的胃会穿孔的啦！
2751,2,309,别说是不像日本人了，你根本就脱离现实了吧……若是有像精灵那样的尖耳朵好像还比较安心……
2751,2,310,所以，玲奈子不换泳装吗？
2751,2,311,只要是会员，就可以从种类高达数百种的泳装当中免费租借喔。如何？要不要一起稍微游一下？
2751,2,312,我、我是来咖啡厅的！怎么可能游泳啦！
2751,2,313,比起一般的咖啡厅，你不觉得附有泳池的咖啡厅更能满足你的需求吗？
2751,2,314,不要说那种像是把起司、汉堡排和咖喱搭配在一起就无敌的想法！
2751,2,315,这样啊。不过我原本就没打算游泳。
2751,2,316,你明明都换衣服了。
2751,2,317,毕竟既然会浸到水，势必得把头发扎起来吧？这样的话，与你约会的时间就会犹如泡沫般溶化掉了。
2751,2,318,……啊，是因为那个规则啊。
2751,2,319,所以呢，现在就暂时享受这一刻吧。享受这个只属于我和你的时间。
2751,2,320,……这个嘛，嗯。
2751,2,321,好地方
2751,2,322,……该怎么说，谢谢你。
2751,2,323,嗯？怎么了，这么突然？这样很可爱喔，玲奈子。
2751,2,324,笨、笨蛋。
2751,2,325,该怎么说，我确实觉得像这样的感觉好像也很不错，我一个人的话是绝对没办法来这种地方的……所以，谢谢你带我来……我是对此表达谢意。
2751,2,326,呵呵呵。
2751,2,327,你笑得也太开心了吧。
2751,2,328,虽说得归功于这个情境，但既然能让玲奈子开心，我身为你的恋人自然会感到幸福。
2751,2,329,是是是……谢谢你啊。只能说你唯独品味真的是一绝。
2751,2,330,那明天见。
2751,2,331,嗯，明天见。不过，真的不用送你回去吗？我们到途中都是走同一条路。
2751,2,332,没关系啦。到这里就行了。
2751,2,333,这样啊……那么，我们要在这里道别了。
2751,2,334,是说，明天你总该把头发绑起来了啦。也差不多该切换成挚友模式了。
2751,2,335,嗯，是啊。虽说我还没有满足，但今天确实玩得很开心。
2751,2,336,不，那个……
2751,2,337,……我可不是那种随便的女人，会交往一周就接吻。
2751,2,338,咿！
2751,2,339,……唉？
2751,2,340,我没有兴趣强人所难。今天就先这样忍耐一下吧。
2751,2,341,！？
2751,2,342,玲奈子真的好可爱啊。
2751,2,343,不是啦……总之不是这样！
2751,2,344,总之！下次绝对要切换成挚友模式！我会告诉你其中的美好的！
2751,2,345,那真是让我期待。玲奈子为了我思考的约会行程啊。作为你的挚友实在是很幸福呢。
2751,2,346,这才不是约会！不对，虽然挚友之间有时也会开玩笑说约会什么的！啊！女孩子真的很麻烦耶！
2751,2,347,既然这样，我们当恋人不就得了？要不断切换两种身分不是很麻烦吗？
2751,2,348,我不管！你别吵！我就是要当挚友！就是要！
2751,2,349,呵呵，那么玲奈子。今天真的很谢谢你。我也很期待下次的行程喔。
2751,2,350,是是是！电车要来了，我得走了！再见！
2751,2,351,再见……我喜欢你喔，玲奈子。下次我会吻在嘴上的。
2751,2,352,……等着瞧吧，真唯。接下来轮到我好好地教导你当挚友的有趣之处。
2751,2,353,所以呢，这里就是我的房间。是平淡无奇的一般庶民的房间，不用客气，请进请进。
2751,2,354,嗯，那我打扰了。嗯，该怎么说呢。玲奈子的房间有种Room的感觉。这里的氛围给人一种Mood。
2751,2,355,女孩子！
2751,2,356,如此这般……这就是兴趣是玩游戏的甘织玲奈子。
2751,2,357,游戏？跟国中男生一样啊，真逊
2751,2,358,嗯，原来如此。这兴趣很有玲奈子的风格。虽说我从未玩过游戏，但很感兴趣。能让我看着你玩吗？
2751,2,359,是、是可以啦……但如果要玩，就两个人一起玩吧？毕竟你都难得来我家了，好吗？
2751,2,360,不过就如同刚才说的，我没有经验。
2751,2,361,不用担心，因为要玩的是很简单的游戏，真唯肯定能马上记住的。
2751,2,362,不需要那么顾忌啦。我们是挚友吧？
2751,2,363,说得、也是
2751,2,364,那、那我们就两个人一起玩丧尸射击游戏吧！啊～我老早就想两个人一起玩游戏了呢，就算只有一次也好～！
2751,2,365,你以前没这么做过吗？
2751,2,366,没有啊～因为这也是我第一次找朋友来房间玩。毕竟就算我说『有新的丧尸游戏出来了，来我家里玩吧！
2751,2,367,咦？这个女高中生在说什么啊……？
2751,2,368,是这样吗？大家应该都会接受吧？
2751,2,369,如果提议的人是真唯，或许是这样没错……但对我来说有点难呢……
2751,2,370,哦。不过如果是拜此所赐才让我成为玲奈子的初体验，反而是我的荣幸呢。
2751,2,371,别用那种奇怪的讲法啦！
2751,2,372,不是那边喔，真唯。你看，这边这边。这里有弹药可以捡起来喔。啊，右边有丧尸过来了！
2751,2,373,嗯，知道了。这边就交给我吧。唔，好像从哪里传来了声音。是不是还剩下其他敌人？
2751,2,374,唉唉，你第一次玩游戏的感觉如何？
2751,2,375,唔
2751,2,376,好――我们去下一关！
2751,2,377,嗯，好啊。
2751,2,378,前阵子第一次玩游戏真的是非常有趣，今天我可以再去玩吗？
2751,2,379,当然可以啊
2751,2,380,小玲奈，你从刚才开始就很烦恼呢～
2751,2,381,不，该怎么说呢？我只是在烦恼今天的约该怎么应付才好。
2751,2,382,其实我原本在烦恼要不要在家念书，可是朋友约我出去玩。
2751,2,383,如果是我应该会去玩吧？因为在游玩之后还是可以念书。
2751,2,384,知道了！那我就决定去玩了！
2751,2,385,真好～你们要玩什么？
2751,2,386,我们要用枪打爆丧尸的头。在打中的瞬间脑浆会啪一声飞溅出来！超爽的喔！
2751,2,387,啥？好恶。
2751,2,388,不可能会有这么好的女孩！
2751,2,389,呃……大概就是在家里无所事事地耍废吧！
2751,2,390,唉～？和朋友一起无所事事地耍废吗？那什么？听起来好开心哦。
2751,2,391,今天也请多多关照！
2751,2,392,原来如此
2751,2,393,啊
2751,2,394,呃，她是我的朋友。
2751,2,395,完美小姐
2751,2,396,初次见面，我叫王冢真唯。是玲奈子同学的同班同学。
2751,2,397,那、那个……呃……好的，麻烦你多多关照我们家玲奈子……？
2751,2,398,嗯，那当然。
2751,2,399,没错，那个，真唯是我的朋友，今天是来玩的。是说上周她其实也有来，但妈妈当时因为去兼职不在家。
2751,2,400,太晚向您问候，实在是非常抱歉。
2751,3,401,不、不会不会，哪的话……咦？玲奈子，这位真的是你的朋友？不是微服出巡的王族？
2751,3,402,这个嘛……
2751,3,403,我与玲奈子同学有着非常亲密的交往关系
2751,3,404,我家女儿没那么了不起
2751,3,405,我待会要和真唯打电动！妈妈，你不用进来房间哦！
2751,3,406,那么，我打扰了。岳母真是漂亮呢，玲奈子。
2751,3,407,岳母
2751,3,408,你竟然对妈妈说那种话，到底在想什么啊！？
2751,3,409,你是指什么？我和你毫无疑问是同班同学，确实也有着非常亲密的交往关系。还是说，玲奈子是理解成了其他意思吗？
2751,3,410,是没关系啦……我叫真唯来房间可没有那种打算哦。我只是想要正常地玩游戏而已。
2751,3,411,当然，我也是这么打算。因为挚友的关系确实很教人开心。同时我也确信了，如果是作为恋人的话无疑会更加开心的。
2751,3,412,……前阵子是为了让我大意，才刻意装得很老实的吗？
2751,3,413,不，那单纯只是因为紧张。
2751,3,414,那你这次也紧张一下啦！
2751,3,415,尽管我很想回应恋人的要求，但我只要体验过一次，基本上所有事情都能驾轻就熟。更何况是面对恋人，这样更能让我鼓起干劲。
2751,3,416,这样啊……
2751,3,417,要不要玩这个？今天的我和你，我认为与其玩合作类的游戏，更适合玩对战类游戏。
2751,3,418,……好吧，我知道了。
2751,3,419,赢过真唯
2751,3,420,挚友
2751,3,421,我认输了
2751,3,422,好！那我们来比吧！
2751,3,423,既然这样，不如追加赌注吧？赢的一方可以向对方提出任何一个要求如何？恋人之间应该会玩这类游戏吧？
2751,3,424,咦？不……
2751,3,425,不行
2751,3,426,好、好啊，来比吧。
2751,3,427,呵呵，这样才对嘛，玲奈子。啊，你真的很惹人怜爱。
2751,3,428,那先抢到五场胜利的人就算赢了，你需要时间练习吗？
2751,3,429,这倒是不用。相对的，如果我赢了一次，你可以直接算我赢吗？
2751,3,430,我不会放水的。如果是真唯，很有可能因为运气非常好而侥幸获胜……
2751,3,431,这样啊。真无情呢。不过没关系。原谅恋人可爱的任性，对我来说也是表示爱情的手段之一。
2751,3,432,玲奈子真强呢
2751,3,433,是我赢了呢。
2751,3,434,……你前阵子明明还说自己是第一次玩游戏。
2751,3,435,我不会对玲奈子说谎喔。
2751,3,436,可、可是……
2751,3,437,唉嘿
2751,3,438,其实我在上次回去时买了游戏机，经过了一番特训。因为我想让玲奈子大吃一惊。如何？你有吓到吗？
2751,3,439,竟然用周末的时间就能练成这样，我对你的才能和执着都说不出话了！
2751,3,440,因为我没时间磨练防守的技巧。所以只练了强硬的压制方法以及连段。这样就算一个人也能练到一定程度。玲奈子打得稍微有点太谨慎了。
2751,3,441,可恶的完美小姐！这个站在学校阶级制度顶点的女人！
2751,3,442,所以，是我赢了。无论任何要求你都会答应对吧？
2751,3,443,练习了两天
2751,3,444,呜呜。
2751,3,445,对吧，玲奈子？
2751,3,446,毕竟我们就是这样约定的……
2751,3,447,话是这样说啦，但我也不会听太过乱来的要求喔！？毕竟妈妈还在楼下！
2751,3,448,…………那当然。我明白的。这终究只是游戏的延伸而已。
2751,3,449,刚才的停顿是什么意思！？
2751,3,450,我随时都抱持着想抓住机会的心态。
2751,3,451,……若是我没有阻止，你到底打算提出什么样的要求啊？
2751,3,452,就是，想让你怀上我的孩子这样。
2751,3,453,你没有那根棒子吧！
2751,3,454,话说，你打算用游戏的惩罚来决定我的一生吗！？
2751,3,455,我希望你可以理解，我就是抱着如此的爱意在对待你的。
2751,3,456,少骗人了！你分明就是想趁人之危吧！？
2751,3,457,如何？你的内心开始欢喜了吗？
2751,3,458,我愈是理解你，愈觉得你内心的深渊根本就深不见底，吓都快吓死了啦！
2751,3,459,总而言之，我是开玩笑的。我不会用这种游戏来决定如此重要的事情。毕竟我希望你能依照你自身的意志，确实地选择我。反正最终还是会变成那样的。
2751,3,460,别讲得像是既定事项一样……
2751,3,461,那么，你到底有什么要求啊……
2751,3,462,这个嘛。有无限个。
2751,3,463,无限个。
2751,3,464,硬要说的话，就是这些吧。
2751,3,465,我想抱紧玲奈子。
2751,3,466,总觉得太普通了，反而很可疑……
2751,3,467,原来如此。这种程度果然连你也无法满足啊。放心吧。我还准备了刺激更强，你应该也能乐在其中的方案。比方说把你的胸部……
2751,3,468,啊，抱就好了！那样就行了！
2751,3,469,真的吗？这样啊，真令人开心。在你不情愿的时候强迫你做这种事情也别有一番乐趣，但如果你愿意接受的话，自然是再好不过了。
2751,3,470,啊……嗯……
2751,3,471,那么，麻烦你张开双手。
2751,3,472,好好好……
2751,3,473,那么，我失礼了。
2751,3,474,嗯、嗯……
2751,3,475,玲奈子。
2751,3,476,唔。
2751,3,477,玲奈子，我喜欢你。
2751,3,478,我、我知道啦……这种事情我早就……
2751,3,479,我最喜欢你了，玲奈子。我想永远这样下去。
2751,3,480,不、不会太久了吗……？
2751,3,481,唔！
2751,3,482,那、那个啊，真唯。
2751,3,483,怎么了？
2751,3,484,……真唯，你该不会……是真的，喜欢上我了吧？
2751,3,485,你现在才明白喔！？！？！？
2751,3,486,完美恋人
2751,3,487,自然交到的
2751,3,488,要努力结交
2751,3,489,小玲奈。你一大早就很没精神呢～
2751,3,490,呃，嗯。对，有点心事……
2751,3,491,哇，真的耶。你的手好冰哦。听说末梢发冷就会想一些不好的事情喔。
2751,3,492,咿。
2751,3,493,啥？真烦……阴角，可以请你别会错意吗？
2751,3,494,咦？你的手又开始变冷了？
2751,3,495,那、那个！我去一下厕所！
2751,3,496,咦？啊，嗯。慢走～
2751,3,497,如此这般，我想稍微磨合一下……
2751,3,498,哦，是嘴对嘴的磨合吗？
2751,3,499,才不是！现在是挚友模式吧！
2751,3,500,自己领先了一步
2751,3,501,嗳，那个不是王冢真唯吗？
2751,3,502,那家伙为什么会和王冢真唯在一起啊？
2751,3,503,完全配不上嘛（笑）。
2751,3,504,怎么了？为什么用双手捂着脸？
2751,3,505,不……虽说是为了激励自己，但感觉好像出卖了自尊……对自己感到很羞愧……
2751,3,506,真唯是朋友，真唯是朋友，真唯是朋友，真唯是朋友……好，我振作了！
2751,3,507,我今天想简单整理一下。
2751,3,508,整理？
2751,3,509,嗯。我想问一下真唯，你希望从恋人身上得到什么。
2751,3,510,换句话说，你现在非常在意我对吧。
2751,3,511,对啦，某种意义上是这样！最好的方法是剖开你的脑子看看里面到底装了什么，但就是没办法这样做呢！
2751,3,512,我会逐条写出成为朋友后想做的事情，真唯则是逐条写出成为恋人后想做的事情，写完再给彼此看。
2751,3,513,呼嗯。是没关系，但一张纸实在是写不够呢。
2751,3,514,只要写代表性的就可以了！……是说，我原本还以为你会说『希望当成惊喜，所以不行
2751,3,515,哈哈，我不需要仰赖惊喜。如果我真心决定要让一个人开心，世界上没有人不会被我逗乐的。所以你也一定会开心的。
2751,3,516,真有自信呢……前阵子知道没能把心情传达给我的时候，你明明还一脸错愕呢。
2751,3,517,……好啦，那我们开始写吧。
2751,3,518,啊，这家伙竟然装作没听到！那个王冢真唯！那个闻名遐迩的王冢真唯！完美小姐竟然会装作没听到！这样好吗～？
2751,3,519,那、那个，真唯。可以让我看一下你写的吗？
2751,3,520,嗯？啊，当然没问题。
2751,3,521,接吻
2751,3,522,伸进舌头
2751,3,523,揉胸
2751,3,524,裸体互拥
2751,3,525,一起洗澡
2751,3,526,帮忙洗身体
2751,3,527,帮忙洗头发
2751,3,528,揉脚
2751,3,529,舔大腿
2751,3,530,轻咬手指
2751,3,531,触摸私处
2751,3,532,舔耳朵
2751,3,533,让她舔我的手指――
2751,3,534,喂！？
2751,3,535,怎么了？喊得那么大声……难道你兴奋了？
2751,3,536,才不是！够了！少在那脸红！
2751,3,537,是说真唯……这到底是怎样啊？难道你打从一开始就是看上我的身体……？
2751,3,538,为什么！？
2751,3,539,以不参杂我个人主观的客观事实来说的话，若是以肉体为目的，我是不会选择你的。
2751,3,540,唔，这、这种事很难说吧！我可是有F的喔！F！
2751,3,541,我想触碰恋人，而且不只是心灵，我也希望肉体可以结合。这种想法难道很意外吗？
2751,3,542,因为你只写了那些东西，我当然会吓一跳啊……而且……
2751,3,543,你说想要和女生交往，我也觉得对你来说是不是只是一种消遣。
2751,3,544,……哦。
2751,3,545,毕竟真唯超级受欢迎，我会想说你是不是因为对男生腻了，才会一时兴起想试试女生这样。
2751,3,546,你无法相信我虽然很令人难过，但我明白自己所过的奢华生活，已经远远超乎高中生所能拥有的。
2751,3,547,嗯。所以，那个，被紧紧抱住后……总觉得，真唯的心情也感染了我……我开始想说真唯是真的在喜欢我吗？为此相当动摇。突然就搞不懂真唯的想法，在想这家伙到底在想什么。
2751,3,548,原来如此。所以你才会要我们像这样分别在纸上写出朋友与恋人想做什么事情吗？
2751,3,549,……怎么了？握手？
2751,3,550,可以把手借给我吗？
2751,3,551,我想触摸自己喜欢的人。包含肉体接触的关系，对我来说才是恋人，无论对象是男生还是女生都是如此。我已经做好与你做出各种行为的心理准备了。
2751,3,552,一般来说，女孩子之间是没办法做的吧！？
2751,3,553,如果想知道方法，我很愿意花一整晚陪在你身边仔细教导你。
2751,3,554,就说我还没有那种心理准备了啦！
2751,3,555,是说，与挚友也不会做这种事！
2751,3,556,不过你的手掌倒是汗水淋漓呢。
2751,3,557,这是冷汗！因为有头小猪发现眼前的女孩是可怕的大野狼！
2751,3,558,搞什么嘛……真唯，你根本就是个超级肉食系啊……
2751,3,559,知道了！你这个周末有预定吗？有时间吗？如果有空就把时间给我吧！我们一起出门！这不是在热情地约你去约会，而是以挚友的身分一起出去玩哦！？
2751,3,560,既然是你的要求。我自然是不会拒绝。
2751,3,561,虽说自己的胜利是无可动摇，但还是要给对方卖个面子
2751,3,562,这、这个，可不只是那方面的事情，我会告诉你挚友之间毫无顾忌地出去玩是一件多么美好的事情！
2751,3,563,喔？
2751,3,564,午安，玲奈子。你不觉得六月比较舒适，这样的天气刚好吗？
2751,3,565,是啊――幸好有放晴！难道真唯是晴女吗？
2751,3,566,不，我是那种只要想下雨就会下雨，想放晴就会放晴的女人。
2751,3,567,这也太爽了吧。你的人生过得这么顺遂好吗？
2751,3,568,要我帮你拿行李吗？
2751,3,569,总而言之，谢谢你今天特地远道而来！我已经安排好行程了，让我们尽情享受吧！
2751,3,570,真唯，你说过自己很少来台场玩对吧――我当时还想说真唯的行动范围意外地狭小呢。
2751,3,571,因为我没有假日会两个人单独出门的朋友。
2751,3,572,咦，是这样吗？明明你平常周围总是围着一堆人啊？
2751,3,573,在学校或工作时聊天的对象，与不惜牺牲私人时间也想在一起的对象不一样吧？
2751,3,574,意思是指地位不同吗？我好像有点懂了。
2751,3,575,你在傻笑什么，玲奈子？
2751,3,576,咦？应、应该没有吧？
2751,3,577,与我出门就这么令你开心吗？
2751,3,578,这倒是有哦！
2751,3,579,……这、这样啊。嗯，那我还真是荣幸呢。
2751,3,580,真唯，你的回头率果然超级高呢。
2751,3,581,是啊。如果我一个人出门，总是会有各种人向我搭讪。毕竟这样很麻烦，所以我不太会去人潮拥挤的地方。
2751,3,582,这就是美女的辛酸吗……唉，真唯是怎么看待自己的外表的？
2751,3,583,与那些天生跑得快的人，或是身体强壮的人相同，我认为这是我出色的武器。
2751,3,584,这个武器，与拿到原始时代的格林机枪有同样的破坏力呢……
2751,3,585,哎呀。
2751,3,586,这样啊。原来你也喜欢我的容貌吗？呵呵，真令人开心。
2751,3,587,唔唉，不，这个嘛……是说你的五官那么端正，没有人不喜欢吧……
2751,3,588,我确实受到很多人夸奖。但是，能博得那独一无二的心上人欢喜，才是更教人开心的。因为你是把我从孤独的牢笼当中拯救出来的命定之人。
2751,3,589,你每次都把话讲得太夸张了！你的命定之人在你今后的人生当中多得是，你稍微有耐心一点好吗！
2751,3,590,嗨，那边的小姐，可以打扰一下吗？
2751,3,591,啊，不了，我今天是和朋友一起来的。
2751,3,592,真唯，要是有人搭话就一一应付，那可是会没完没了的喔。
2751,3,593,没办法，毕竟我好歹也在媒体上露过脸嘛……
2751,3,594,既然这样，今天的真唯就由我来守护！
2751,3,595,守护、我……？
2751,3,596,嗯，我们是朋友吧？交给我！
2751,3,597,不、不要紧的啦！关键时刻我也是会出手的……大概！
2751,3,598,不，我并没有那个意思……嗯，没什么。那么今天，我就体验一下被你守护的女主角的心情吧。
2751,3,599,不是女主角，是朋友才对！
2751,3,600,那个，真唯。今天呢，我们要去体验VR游戏喔。
2751,4,601,VR？喔喔，是虚拟实境吗？我听说最近那类游戏相当流行。
2751,4,602,那代表你没玩过吧。我以前曾经在电玩展的时候体验过，那个超级厉害喔。我想真唯肯定也会迷上的！
2751,4,603,你就趁现在笑吧。几十分钟后，真唯就会哭着向我道歉。
2751,4,604,即使虚拟实境是非常惊人的技术，但我不懂的是为什么非得因为那游戏向玲奈子道歉……好，既然你都说得这么厉害，我就期待一下吧。
2751,4,605,嗯嗯。
2751,4,606,不过话先说清楚了，我从小就经常被带去听歌剧或是演唱会。对娱乐产业可是非常挑剔的。
2751,4,607,虽然我想玩，但要约大家一起玩就有点贵，还会给人家添麻烦吧
2751,4,608,真唯有什么想玩的吗？
2751,4,609,嗯……我还不是很清楚。就交给玲奈子吧。
2751,4,610,OK！既然这样……好，我们来滑这个吧！
2751,4,611,哦……这个，相当不错呢。
2751,4,612,好，我们走吧，真唯！能跟得上我吗！？
2751,4,613,……啊，好！
2751,4,614,哎呀，相当惊人呢。
2751,4,615,就是啊！但是我无法接受为什么真唯的时间反而比较快！
2751,4,616,好，来吧，魔物！这个村子由我来守护！
2751,4,617,啊，你看，那边空出来了！因为时间限制两个小时，再过二十分钟我们就会被赶出去了，快点快点，真唯！
2751,4,618,呵，不需要你提醒。可是，玲奈子竟然隐瞒着这么好玩的地方，真是坏心眼啊。为什么不早点约我来玩呢？
2751,4,619,我今天不就约你了吗！不然真唯你应该要表现得更好约一点啊！
2751,4,620,累了……
2751,4,621,笑得太久了，脸颊好痛……
2751,4,622,啊，这酸酸甜甜的葡萄柚果汁真是透心凉啊……
2751,4,623,老实说，我原本还在想为什么要玩还要特地跑到台场这边……但我觉得很开心。
2751,4,624,真唯也会这样想啊……
2751,4,625,可是，就算我家购买了VR机器，肯定也无法获得像今天这样愉快的体验吧。这就是有着一定程度上的不自由，受到限制的时间，以及陪伴在身边的朋友才能成就的乐趣吗？
2751,4,626,没、没错！就是这样！
2751,4,627,重点就在这里。你明白了吗，真唯！
2751,4,628,但如果是这样，就算不是挚友，以恋人的身分陪伴应该也是可以的吧？
2751,4,629,我看你是完全不懂喔～！
2751,4,630,如果面对恋人，不就会顾虑到对方了吗？会想要对方好好看看自己，不想被讨厌，希望对方更加喜欢自己之类，会有很多种想法的。
2751,4,631,原来如此。你每次和我约会，都是这样为我着想的吗？
2751,4,632,不对！这不过就是比喻罢了！
2751,4,633,……你以前明明没交过恋人啊。
2751,4,634,所以挚友的关系才是最棒的。真唯今天这么开心也不是在勉强自己吧？我觉得如果是恋人关系，应该就没办法像这样表现自己。
2751,4,635,没错，确实是这样也说不定。
2751,4,636,唉，真唯，我们稍微休息一下，待会就去买东西吧。我有想看的日用品。
2751,4,637,……嗯。
2751,4,638,很烦！
2751,4,639,……原来如此，我懂了。原来对你来说的朋友――
2751,4,640,咦？
2751,4,641,不，没什么。
2751,4,642,怎么了？发生什么事了？
2751,4,643,没什么。我只是在想，磨合讨论确实是必要的也说不定。就算是同一个词汇，也有可能因为使用者而解释成完全不同的意思。
2751,4,644,……你又在调侃我吗？
2751,4,645,怎么会。如同『朋友
2751,4,646,恋人
2751,4,647,我还隐藏着真正的实力
2751,4,648,要精心准备是可以……但别把整个老鼠乐园包下来说『这是为你做的
2751,4,649,你不觉得那很浪漫吗？
2751,4,650,金钱观的出入可是导致分手的原因之一喔！
2751,4,651,可恶――！天气应该是站在我这边才对的啊――！
2751,4,652,为什么会在这个时间点下雨啊……
2751,4,653,我、我不要紧，真唯你也擦一下自己啦。
2751,4,654,话是这样说，但靠我们的手帕也只是杯水车薪。
2751,4,655,就是啊……这样下去也没办法搭电车，该怎么办呢……要在购物广场买些毛巾或是一套更换的衣物之类……？
2751,4,656,等、等一下真唯，你还是擦一下身体吧……
2751,4,657,是说，看得见，会被看见的！
2751,4,658,稍微冷起来了呢。抱歉，可以让我打一下电话吗？
2751,4,659,咦？啊，嗯。
2751,4,660,――嗯，是我。现在有点淋湿了，妈妈。
2751,4,661,玲奈子，你能稍微陪我一下吗？
2751,4,662,咦？怎、怎么了？是没关系，要去哪？
2751,4,663,去饭店。
2751,4,664,唉……？
2751,4,665,……为什么连我也要一起去？
2751,4,666,你不觉得如果我现在丢下一句『那我先去饭店休息了
2751,4,667,话是这样说没错啦……
2751,4,668,我先躲个雨再回去，会稍微晚一点
2751,4,669,来，玲奈子也脱吧
2751,4,670,玲奈子，好了，快点脱吧。我要叫客房服务请他们用烘干机烘干衣服。看吧，你现在脸变得愈来愈红。
2751,4,671,别催我啦……我正在努力鼓起勇气啊……
2751,4,672,怎、怎么了？我已经脱啦……
2751,4,673,不，还有那件可爱的粉红色内衣吧？
2751,4,674,啥！？这是在特卖会买的搭起来两千日圆的内衣耶！？
2751,4,675,没有人问你价格。好了，快点，这样会感冒喔。
2751,4,676,我肯定是正确的
2751,4,677,唔……我先去浴室了！
2751,4,678,恰啦啷～
2751,4,679,好啦，热水想必也已经放好了。在感冒之前先让我们暖和一下身体吧，玲奈子。
2751,4,680,啊，嗯……那个，那么王冢同学……你先请吧。
2751,4,681,别说傻话了。
2751,4,682,你以为我会把挚友一个人丢在外面，自己慢慢泡澡吗？我们一起进去吧。
2751,4,683,一起……和真唯、一起！？
2751,4,684,唔哇啊啊啊啊啊等一下啊啊啊啊啊啊啊啊啊！
2751,4,685,抱歉，时机不对。像这种时候比起恋人关系，当朋友确实更令人平心静气。早知道会这样，我就把那些会让你意识到我的手段再稍微延后一点使用了。
2751,4,686,哇――这种地方竟然有泡汤包――！不愧是豪华饭店――！倒进来吧――！
2751,4,687,你改变话题的手法也太烂了吧？
2751,4,688,哇――！柚子香味好香喔超赞的――！今年的流行趋势肯定是这个――！
2751,4,689,……你真是的……不过，对不起。突然邀你来饭店。
2751,4,690,就说别讲得这么奇怪……不过，真唯一直都很强势吧。事到如今我也不会在意了。况且你还帮我出钱，我应该要感谢你才对。因为我们是朋友，可以的话我是想AA就是。
2751,4,691,不用了，毕竟这次是我自己的缘故。
2751,4,692,话说回来，你说下周要去帮妈妈工作，是要去国外吗？
2751,4,693,因为妈妈让我过着奢侈的生活。所以我希望尽量别让她担心。
2751,4,694,真、真唯也会这样想啊。你的妈妈，好像是时尚设计师来着？
2751,4,695,嗯，她精力充沛地在国外到处飞。明明在这个世上有数不清的美丽模特儿，但她偶尔还是会叫我过去。似乎是因为女儿有着其他人所无法胜任的任务。所以我会向学校请假飞往法国。
2751,4,696,哦……
2751,4,697,毕竟我身处优渥的环境，自然必须回报才行。无论妈妈提出什么样的要求，我都没理由拒绝，也没有拒绝的权利。
2751,4,698,这是很光鲜亮丽的故事
2751,4,699,真唯也很辛苦呢。
2751,4,700,……咦？
2751,4,701,啊，不是。
2751,4,702,你为什么会这么想？
2751,4,703,不是，因为……
2751,4,704,之前，你好像也说过什么，希望别人看到真正的自己吧？要持续回应别人的期待，我想说那一定很辛苦吧――这样。压力这么沉重当然也会肩膀酸痛呢。
2751,4,705,这样啊，我想起来了。我就是知晓你这一面，才喜欢上你的。
2751,4,706,是、是这样啊。不过这种事情，不论是谁都可以……
2751,4,707,没有。
2751,4,708,咦……？
2751,4,709,我以前从来没有像这样的对象。被所有人称羡，而且还受到呵护。自我出生以来就是如此。摆出女王的架式对任何人来说都是最好的选择，而且我自己也认为理应如此，始终严以律己。
2751,4,710,那、那真的很厉害呢。
2751,4,711,不对！我才不是那么能干的人！
2751,4,712,我、我懂了。放心吧真唯。不论其他人对你抱有怎么样的幻想，但我知道你其实是个坏心眼又满脑子肉欲的奇怪家伙。
2751,4,713,嗯，这样啊。会对我这样说话的人，也只有你了。
2751,4,714,嗯，因为我们是挚友嘛。
2751,4,715,只有这个人懂自己、愿意理解自己；会一起做些蠢事；开心的时候一起欢乐；痛苦的时候就默默陪在彼此身边……这就是我理想中的朋友。
2751,4,716,……那就是，朋友？
2751,4,717,没、没错。我以前也没有这种朋友。可是，我想要和真唯成为那样的朋友。
2751,4,718,原来如此，这样啊。那样的关系确实十分美好。
2751,4,719,对吧～？所以果然是这样啦。朋友是最棒的！
2751,4,720,呼唉！？
2751,4,721,我确实想要和你成为那样的关系。不过要我来说的话，那种关系在我的心里称为『恋人
2751,4,722,什……什么！？
2751,4,723,我想要好好地理解你。一起聊些蠢事共同欢笑，开心与共……当然，难受的时候我也会一直陪在你身边。我会握着你的手，搂着你的肩膀。这有什么不同吗？
2751,4,724,当、当然是大有不同啦！因、因为、因为……挚友、和恋人是……
2751,4,725,恋人
2751,4,726,当然，挚友与恋人还是有着很大的不同。
2751,4,727,什、什么意思？啊，不要，我不想听！唔――我快要泡到头晕了――！我先洗个头发出去好了――！
2751,4,728,也对，那么我也来洗头吧。毕竟一直都是湿的。
2751,4,729,当然，既然要洗头的话，就必须这么做吧？
2751,4,730,咦？等一下，你怎么突然就发情了啊！？是说，这样太狡猾了吧！？
2751,4,731,我不懂你在说什么。我只是打算洗头发而已啊。
2751,4,732,那这只手是怎么回事！为什么要把我推向浴缸啊！？啊，等一下，不可以摸吧！？
2751,4,733,当然啦，毕竟难得能和可爱的恋人一起洗澡。像这样想要帮她洗个头发，不觉得这样的少女情怀很难能可贵吗？
2751,4,734,果然是恋人模式嘛！搞什么啊！？不是说好今天一天都是朋友吗！？你是被头发控制住人格了吗！？
2751,4,735,哈哈，玲奈子就像一只可爱地吠叫的小狗呢。
2751,4,736,真、真唯。
2751,4,737,好，我知道了，真唯。我们先谈谈，我们先谈谈吧，我们……
2751,4,738,……就算用讲的，玲奈子肯定也不会相信吧？
2751,4,739,我、我相信！这次我真的会相信的――
2751,4,740,等、等、等、等…………
2751,4,741,我、我的初吻！
2751,4,742,我也是。能与命中注定的对象嘴唇相接，实在是非常棒呢。
2751,4,743,不仅嘴唇，我们有许多地方都叠在一起了吧！
2751,4,744,初、初吻竟然是和女孩子……我终于要开始不正常了吗……
2751,4,745,不用在意。现在年号已经是令和了。在这个时代女性之间的恋爱也是很正常的。
2751,4,746,真的吗！？不是因为你以为自己是世界的中心才会这样想的吗！？
2751,4,747,呜呜呜，既然你满足了，应该够了吧……
2751,4,748,你还没满足！？
2751,4,749,我本以为自己还算是个有理性的人……但你的嘴唇就彷佛是禁忌的果实。
2751,4,750,够、够了，别得意忘形！
2751,4,751,嗯、嗯嗯、嗯嗯嗯嗯！
2751,4,752,……玲奈子？
2751,4,753,这、这不算数。
2751,4,754,你说什么？
2751,4,755,嘿嘿嘿
2751,4,756,因为，我们是『挚友
2751,4,757,到了这个地步，你还说这种话……
2751,4,758,我偶尔会听说朋友之间会接吻闹着玩什么的……所以这样不算数，不算数对吧？
2751,4,759,原来如此。
2751,4,760,嗯，所以，就是这样――
2751,4,761,嗯、嗯嗯！？
2751,4,762,嗯嗯嗯嗯嗯嗯嗯！？
2751,4,763,怎么可能把这当作玩笑
2751,4,764,吁、吁……
2751,4,765,啊唔……
2751,4,766,因为是朋友的接吻，这样不算数呢。
2751,4,767,不、不算数、对吧……
2751,4,768,我爱你，玲奈子。
2751,4,769,你对朋友说这什么话啊……
2751,4,770,我想放晴就会放晴，想下雨就会下雨
2751,4,771,是说，你之前不是一直强调不会来硬的吗？
2751,4,772,要是一周前这样做，确实是来硬的。但这次并不是那样吧？
2751,4,773,……才没有那种事……
2751,4,774,再怎么说也看太久了。
2751,4,775,咦？
2751,4,776,你被那个女人做了什么吗？你的眼神看起来就像灵魂被勾走了一样。
2751,4,777,那个……
2751,4,778,也、也没什么理由。我只是觉得她今天看起来也很华丽呢――这样。
2751,4,779,天选之人
2751,4,780,甘织。你有没有想过，要是所有人类都变成王冢真唯就好了？
2751,4,781,是没有啊！？
2751,4,782,啊，对不起……
2751,4,783,不，没关系。是说……你也太沮丧了。
2751,4,784,纱月同学有过吗？就是觉得要是所有人类都变得像王冢同学一样就好了。
2751,4,785,与其说有，不如说我总是这样认为。
2751,4,786,纱月同学，你和王冢同学从以前就是朋友对吧？
2751,4,787,嗯，是啊。若是能再晚点认识那个完美恋人，我的个性或许会变得稍微开朗一点。
2751,4,788,与其说是朋友……应该说是孽缘？有部分原因是待在最近的地方，才能看到那家伙悔恨的表情，所以我才会与她当朋友呢。
2751,4,789,咦？真的就因为这种理由？
2751,4,790,那么，我去去就回。
2751,4,791,啊，路上小心。
2751,4,792,是是是。
2751,4,793,纱月同学，你说希望所有人类都变得像王冢同学一样，难道是因为这样一来王冢同学就会变成平均值，能够看到她不甘的表情吗？
2751,4,794,……咦？
2751,4,795,呃，我只是因为之前曾经也有过这样的想法……
2751,4,796,甘织，你……
2751,4,797,呃，嗯？
2751,4,798,感觉你最近变了呢。和王冢真唯之间发生了什么事吗？
2751,4,799,前阵子，香穗也对我这么说过呢……呃……
2751,4,800,呃，嗯，这个嘛，是有点……
2751,5,801,……难道你爱上了那个女人？我先说清楚，劝你最好放弃。
2751,5,802,没有！没有没有！没有！不可能！
2751,5,803,香穗好像在入学不久之后，就对那家伙告白过。
2751,5,804,真假！？
2751,5,805,暂时无法见面，令我很寂寞。可以来顶楼让我们稍微独处一会儿吗？
2751,5,806,王冢真唯？
2751,5,807,咦！？不，这个嘛，我也不太清楚！或许是神！
2751,5,808,……你原本给人的感觉就那么有趣吗？
2751,5,809,啊，虽然才聊到一半，但我去一趟洗手间哦！
2751,5,810,哎呀，这样啊。也好，那么我也去吧。
2751,5,811,为什么！？
2751,5,812,因为我想上洗手间啊……
2751,5,813,啊，好像不用了！我突然不想去厕所了！我就在这里等你吧！
2751,5,814,是吗……？我是想去，那我就去……
2751,5,815,嗨，你来了啊，玲奈子。
2751,5,816,你把头发松开了！
2751,5,817,是啊。因为我觉得风很舒服。
2751,5,818,少在那边狡辩！
2751,5,819,只、只是说说话而已哦！别因为只有我们两人你就会错意了哦！
2751,5,820,别那么害怕，反而会让我兴奋的。
2751,5,821,咿！
2751,5,822,这是开玩笑啦，开玩笑的。
2751,5,823,等、等等！这里是学校哦！？要是做猥亵的事情，会玷污神圣的校舍的，那种事情是绝对不行的！
2751,5,824,换句话说，如果是神圣的行为就可以？
2751,5,825,只要是『行为
2751,5,826,就、就说不行了……
2751,5,827,为何？
2751,5,828,因为……这样我会满脑子都想着你。
2751,5,829,我喜欢你。
2751,5,830,我、我也喜欢你……作为朋友……
2751,5,831,真唯……快到上飞机的时间了吧……
2751,5,832,我家的司机很优秀。不用担心的。相较之下，我更想享受与你在一起的时光。
2751,5,833,唔唔唔唔……
2751,5,834,不、不过才一周而已吧……
2751,5,835,如果是以前的我想必会这样觉得，不过现在，即使是放学后见不到你的时间，也会让我感到无比漫长。更重要的是，我们还没分出胜负呢。
2751,5,836,见、见不到感情要好的朋友，我也会觉得很寂寞！呐，所以你稍微离开一点，让开，到那边去啦快点！回家、回家！
2751,5,837,这样啊，原来你和我有相同的感受啊。呵呵，有玲奈子的味道。
2751,5,838,你这个笨蛋！
2751,5,839,你……体能也太强了吧……
2751,5,840,应该是爱的力量吧。
2751,5,841,是肌肉吧！
2751,5,842,你、你犯规……！
2751,5,843,很可爱喔，玲奈子。啊～为什么你会如此惹人怜爱呢？我说，一毕业我们就结婚如何？我们一起住吧。赚钱这方面就交给我。
2751,5,844,求婚！？在这个时间点！？
2751,5,845,我、我说过别在学校做这种事了吧！
2751,5,846,唔嗯，说得也是……我本打算今天就潇洒地离去的。
2751,5,847,自上次与你初次接吻之后，我就觉得哪里不太对劲。
2751,5,848,我现在二十四小时都想感受你的存在。
2751,5,849,我、我是不会输的！才不会输给你这种人！
2751,5,850,绝对是当朋友更好！
2751,5,851,那么，我走了。虽然很寂寞，但我会忍耐的。
2751,5,852,知道了啦，你就去吧，快点去啦！
2751,5,853,唔……有真唯的，味道……
2751,5,854,忘记真唯吧！我要享受我的校园生活！那种、那种蛮横又自作主张的家伙，我才不管呢！
2751,5,855,喔……
2751,5,856,唉，快看快看，孩子的爸。这孩子啊，之前有来我们家玩喔。
2751,5,857,咦……？真的吗？
2751,5,858,嗯，她是我的朋友哦～
2751,5,859,姊姊……如果只是往自己脸上贴金倒还好，但撒谎还不打草稿的话，实在是……这样我可是不会再叫你姊姊，而是用『喂
2751,5,860,你
2751,5,861,不是，我是说真的啦！
2751,5,862,我在学校可是一直都和真唯在一起的！
2751,5,863,唉，你帮我拿一下那边的美乃滋。
2751,5,864,这么快就换叫法了！？妈你看啦！
2751,5,865,……嗯～仔细想想，我还是觉得这孩子不太可能来我们家玩过呢。
2751,5,866,妈妈！？话是这样说没错啦，但不要扭曲发生过的事实好吗！？
2751,5,867,怎么了你？没有食欲吗？
2751,5,868,哎呀，你怎么了？我觉得今天的炸鸡炸得蛮好吃的啊。
2751,5,869,连爸爸和妈妈也这样！？不对啊，妈妈你见过她吧！
2751,5,870,会让人想睡觉呢。是因为小真唯不在的关系吗？
2751,5,871,是啊～毕竟是梅雨季呢～
2751,5,872,今天该怎么办呢？小真唯不在，所以小香穗看起来也没什么精神。
2751,5,873,啊～确实呢……
2751,5,874,小纱月还扬言说要趁现在念书，拉开彼此的差距。
2751,5,875,哈哈……很有她的风格。
2751,5,876,那、那个，紫阳花同学。
2751,5,877,怎么了～？
2751,5,878,如果你今天有空，不介意的话，要、要不要陪我一起去哪逛逛？
2751,5,879,嗯，好啊～
2751,5,880,唉！？
2751,5,881,这还是第一次和小玲奈两个人一起出去玩对吧。真稀奇呢，小玲奈竟然会主动约我。
2751,5,882,不，那个，呃……因为紫阳花同学高不可攀，该说是不敢搭话吗？或者说是天龙人那种……
2751,5,883,啊哈哈，怎么这样讲。我们不是很自然地在说话吗～？
2751,5,884,这是什么超VIP待遇啊！
2751,5,885,VIP？
2751,5,886,不是啦，那个，因为会有许多人约紫阳花同学一起玩，你每天看起来都很忙。
2751,5,887,唉？什么啦，才没有那种事呢～大家都很温柔地邀请我，我只是让她们带着我去玩而已。所以今天很谢谢你的邀请。
2751,5,888,我才是！请务必让我与您一起同行！
2751,5,889,那、那个～甘织同学，我们今天要不要一起回去？
2751,5,890,咦？
2751,5,891,就是，偶尔也和我们一起这样！我们这团都是不起眼的女孩，你愿意吗！我们有时候也会想和可爱的女生接触！
2751,5,892,唉！？可、可爱……
2751,5,893,你、你刚才说了可爱？那是说我？是在说我吗？
2751,5,894,咦？那当然啦！甘织同学超可爱的！你肌肤很漂亮又很光滑，笑容也非常灿烂！应该是世上最可爱的吧！？
2751,5,895,而且甘织同学很好聊呢～没有高层阶级那种很难接触的感觉。
2751,5,896,是、是吗？
2751,5,897,那个～
2751,5,898,小玲奈～我们回去吧～
2751,5,899,啊，嗯，紫阳花同学，我现在有点事……
2751,5,900,哇，好漂亮……眼睛好大……脸超小……
2751,5,901,咿呀……美少女……近看超夸张的……
2751,5,902,？
2751,5,903,还以为王冢同学不在的现在是个机会……看来不管怎么想都是有勇无谋呢……
2751,5,904,与我们所处的世界完全不同……对不起，甘织同学！我们不会再向你搭话了！放心吧！好啦，明天见！
2751,5,905,啊――
2751,5,906,跟上位阶级搭话了！
2751,5,907,嗯嗯～？
2751,5,908,怎么了吗？她们是不是有什么事情呢？
2751,5,909,嗯，不要紧……走吧，紫阳花同学。
2751,5,910,要是咬了紫阳花同学，肯定很甜呢……
2751,5,911,咦？怎么了？恐怖故事吗！？
2751,5,912,这两条唇膏里，小玲奈比较喜欢哪条？
2751,5,913,哪个比较适合
2751,5,914,喜欢哪个？
2751,5,915,咦？呃，那个……那我选粉红色……！
2751,5,916,真的？我也是耶～我觉得比较喜欢这个呢～
2751,5,917,既然都来了，小玲奈也一起试试吧。
2751,5,918,啥！？
2751,5,919,今天打算怎么化？要涂涂看和朋友一样的款式吗？
2751,5,920,咦？呃，那个……不好意思，我身上没带那么多钱……
2751,5,921,既然这样，我想想喔。帮你涂新产品的样品如何？我会把试用品给你，如果喜欢的话下次可以再来玩。
2751,5,922,不、不好意思，给你添麻烦了……
2751,5,923,没关系没关系。
2751,5,924,你喜欢化妆吗？
2751,5,925,咦？不，那个，怎么说呢……平常我只是看着影片依样画葫芦而已。
2751,5,926,没那回事
2751,5,927,呵呵，这样啊，你真老实呢。那你今后也许会成为我们的客人。我会努力帮你化得很可爱的。
2751,5,928,啊唔啊唔啊唔。
2751,5,929,她们相当热情呢～
2751,5,930,哈哈哈……被盛情招待了一番……
2751,5,931,嗯，小玲奈非常可爱！
2751,5,932,那、那只是因为化妆的技巧很好，或者是化妆品的品质很高而已啦！
2751,5,933,意思是只要小玲奈的化妆技巧变得更好，再自己凑齐专柜的化妆品，随时都能变得这么可爱？
2751,5,934,没、没有没有，不可能啦！
2751,5,935,是说，紫阳花同学才超级适合的……这也太无敌了吧？
2751,5,936,唉嘿嘿，是吗？
2751,5,937,啾。
2751,5,938,紫阳花同学，再一次！再一次！
2751,5,939,咦？你要拍吗！？
2751,5,940,因为实在太可爱了！不要紧，我不会给别人看的！我会在家一个人享受！安可！安可！
2751,5,941,啾……
2751,5,942,啊，对不起，你讨厌这样吗？
2751,5,943,倒也没有啦……咦？为什么？难道你喜欢我吗！？
2751,5,944,为什么这么问？
2751,5,945,我喜欢小玲奈啊，那是当然的。
2751,5,946,那个，我可以抱怨一下吗？
2751,5,947,啊，好，对不起。
2751,5,948,为什么要道歉？
2751,5,949,小玲奈，其实在这个圈子里面，有个人我在生理上实在是无法接受……是名字以「ㄍ
2751,5,950,ㄗ
2751,5,951,我有说过自己有两个很小的弟弟吧？在家里面我总是会生气地骂他们。
2751,5,952,咦咦！？紫阳花同学，你会生气啊！？
2751,5,953,会啊。应该说我经常都在生气。拿出来的东西总是乱放，老是忘东忘西，不会好好轮班打扫浴室，一玩起游戏怎么叫都不会回。
2751,5,954,是姊姊耶……
2751,5,955,就是啊。所以姊姊偶尔也要像这样和可爱的女孩子一起玩，吸取女子力才可以呢！
2751,5,956,不，我这种人的女子力根本微不足道……
2751,5,957,虽然我还是第一次和朋友两个人一起逛百货专柜，但我很开心喔。谢谢你陪我一起来，小玲奈。
2751,5,958,怎么了吗？突然站着不动抱着头……咦？难道你身体不舒服吗？
2751,5,959,不……该怎么说，就好像是在没办法再进去的迷宫发现有宝箱忘了打开，结果又把存档覆盖上去那样……
2751,5,960,喔
2751,5,961,这不是濑名和甘织吗？你们在买东西？
2751,5,962,对啊。倒是你们两个男生一起来这种地方真是稀奇呢。是要买礼物送人吗？
2751,5,963,没错。是这家伙要买给女朋友的生日礼物啦。
2751,5,964,嗯，大致上已经想好要买什么了就是。所以说，我们要不要一起去喝点东西啊？
2751,5,965,咦～怎么办才好呢～
2751,5,966,我还是不用好了
2751,5,967,――甘织，你为什么拒绝邀请？是在J什么。我不会再邀你了。
2751,5,968,唉，小玲奈觉得呢？
2751,5,969,真正的朋友
2751,5,970,对不起！我不能和大家一起――
2751,5,971,小玲奈！？
2751,5,972,来，甘织。喝点水吧。
2751,5,973,还好吧？要送你回家吗？
2751,5,974,不，那个……不用麻烦了……
2751,5,975,谢谢你们两个。再来由我照顾就行了，不要紧的～
2751,5,976,这样啊。那我们先走了，多注意点啊。
2751,5,977,咦？怎么这样？也太冷淡了吧。
2751,5,978,……白痴，这种事交给女生处理比较好啦。男生也在的话只会让她顾虑更多的。
2751,5,979,啊，原来是这样啊。抱歉，我没那么机灵。那我们学校见啦。
2751,5,980,那个……
2751,5,981,对不起哦，小玲奈。
2751,5,982,我已经没有自信和小玲奈继续当朋友了
2751,5,983,小玲奈，你好像不擅长和男生相处对吧。应该说，是不擅长和所有不认识的人相处吧。我刚才先拒绝掉就好了，对不起哦。
2751,5,984,可是，那个，就是……如果比起和我在一起，紫阳花同学和那两个人玩在一起会更开心的话，其实你就算选择他们，先和我说再见也……
2751,5,985,不对喔。
2751,5,986,我明明是和小玲奈来玩的，要是做出让小玲奈觉得无聊的事情，不就本末倒置了吗？
2751,5,987,我今天是和小玲奈来约会的喔？
2751,5,988,对、对不起
2751,5,989,你真的明白了吗？我可没有那么八面玲珑喔。
2751,5,990,明、明白了。
2751,5,991,真的？真的懂了吗？其实我这个人挺任性的，而且还很爱生气哦。
2751,5,992,我、我会好好记住的。
2751,5,993,既然明白就好。呵呵呵，其实啊，我在向弟弟说教的时候，都会像这样紧紧把手握住喔。这样一来小鬼头们就会一脸害羞，乖乖听话呢。这可是姊姊的独门绝学喔。
2751,5,994,这样就会乖乖听话……？
2751,5,995,所以，你现在身体还好吗？站得起来吗？可以走路吗？
2751,5,996,嗯。已经完全没事了。给你添麻烦了。
2751,5,997,这样啊，那就好。
2751,5,998,今天我们就回去吧。下次要再约会哦，小玲奈。
2751,5,999,喔
2751,5,1000,小玲奈，你是会玩游戏的那种人吗？
2751,6,1001,咦？不，那个，稍微有玩一点啦！
2751,6,1002,这样啊～我会和小鬼头们一起玩哦～可是这游戏的前作，好像反而是我比较入迷。
2751,6,1003,我、我也是……我也喜欢玩游戏！
2751,6,1004,哦～这样啊～真意外呢，我还以为小玲奈对这种东西没有兴趣。是说，你都玩什么样的游戏？
2751,6,1005,哦，原来你有买啊。我也想玩玩看呢～
2751,6,1006,那、那么……
2751,6,1007,下、下次要来我家玩吗？
2751,6,1008,可以吗？我要去。
2751,6,1009,紫阳花同学……和我当朋友吧！
2751,6,1010,我们以前都不算朋友吗！？
2751,6,1011,你看入迷了吗？
2751,6,1012,是是是，工作加油喔。
2751,6,1013,呃，喂？
2751,6,1014,怎么了？你感觉有点冷淡呢。是因为见不到我而感到寂寞，希望我关心你才会闹别扭吗？真可爱。你真是可爱呢，玲奈子。
2751,6,1015,才不是！
2751,6,1016,放心吧，我今天有好好扎着头发。是你的挚友喔。
2751,6,1017,真是的……话说，我看到你上电视。看到朋友非常帅气，我真心觉得很了不起。
2751,6,1018,这样啊，真是难为情呢。你重新爱上我了吗？
2751,6,1019,我们是朋友吧！
2751,6,1020,所以，你那边怎么样？工作还顺利吗？
2751,6,1021,那当然，毕竟是我嘛。
2751,6,1022,我是想这样说，但其实很多事情都不是非我不可。
2751,6,1023,……什么意思？
2751,6,1024,像是坐在椅子上微笑，或是回答别人提出的问题，再不然就是换穿衣服，或是穿上后摆好姿势，尽是这类的工作。
2751,6,1025,我是不太懂啦……但模特儿不就是这样吗？与其说是独一无二，应该说说这个人的身材本身就具有价值那样。
2751,6,1026,在这里之所以会有价值，是因为我是那个人的女儿。
2751,6,1027,咦？
2751,6,1028,不，没什么。我讲了些奇怪的话。忘了吧。
2751,6,1029,……我怎么能轻易忘记啦。我们现在是『挚友
2751,6,1030,呵
2751,6,1031,嗯，我果然喜欢你呢……
2751,6,1032,没有什么大不了的。我只是想稍微讲讲泄气话罢了。
2751,6,1033,嗯、嗯，没关系啦。想说什么就尽管说吧，虽然这里不是顶楼，但不论发生什么事情我都会接受的。来，跟玲奈子姊姊说看看吧。
2751,6,1034,玲奈子姊姊，是吗……要是有像你这样的姊姊，我似乎会每天撒娇呢。
2751,6,1035,要是有像真唯这样的妹妹，感觉会疯狂拿来做比较，每天都会很沮丧……
2751,6,1036,到时你只要向我撒娇不就行了吗？
2751,6,1037,糜烂的共依存关系……
2751,6,1038,对我而言的恋人，就是特别的存在。
2751,6,1039,那是任何人都无法取代的重要之人。对我来说，那个人就是你喔。
2751,6,1040,不，但那个人……
2751,6,1041,你会像平常那样说，「为什么是我？
2751,6,1042,这才不是命运
2751,6,1043,特别的存在
2751,6,1044,……意思是，我是任何人都无法取代的吗？
2751,6,1045,当然是这样。能代替玲奈子的人是不存在的。
2751,6,1046,……算了，先不说我，应该也没有人能代替真唯吧。
2751,6,1047,你是说真的吗？
2751,6,1048,那当然啦
2751,6,1049,会用那种硬来的方式要胁别人的女人，要是有好几个那怎么受得了。
2751,6,1050,谢谢你，我稍微安心了喔……你这个人真的是很温柔。
2751,6,1051,这很普通啦，很普通。话、话说你那边现在大约几点？现在在做什么？
2751,6,1052,正好是中午喔。由于摄影在刚才总算告一段落，现在一直是待机时间。我正看着你的照片傻笑呢。
2751,6,1053,你是什么时候拍的啊……这样很害羞耶……
2751,6,1054,不要紧的。我说这是我的爱人（Shelly）之后，大家都夸奖你非常可爱（Pharfaite）。
2751,6,1055,这样我反而更难为情耶！？你到底在搞什么啊！？是说你为什么要跟别人炫耀啊！？
2751,6,1056,因为你是我自豪的恋人。
2751,6,1057,朋友！朋友！
2751,6,1058,话说，你那边有发生什么变化吗？
2751,6,1059,听人讲话啦……
2751,6,1060,她好像也很常在玩游戏，明天要来我家玩喔～
2751,6,1061,哦。两人独处？……原来如此。
2751,6,1062,……这样啊，我没想到你是这种女人。
2751,6,1063,咦？什么意思？
2751,6,1064,明明都有我了，竟然还邀请其他女人进房间……借此来玩弄人心……
2751,6,1065,等一下！？紫阳花同学只是单纯的朋友耶！？
2751,6,1066,原来你是才刚远距离恋爱就立刻花心的渣女吗！
2751,6,1067,这误会可大了！
2751,6,1068,总之！我和真唯又不是真正的恋人，要和谁玩是我的自由吧！？
2751,6,1069,够了！随便你吧！我和你充其量也不过就是朋友而已！
2751,6,1070,一开始就是这样了吧！？你为什么要突然变得这么矫情啊！
2751,6,1071,是说，我明明再三强调很讨厌接吻了，你还强迫我不是吗！稍微体会一下自己被人做了不情愿的事情会有什么感受吧！
2751,6,1072,你明明很享受吧！
2751,6,1073,少在那边强词夺理！
2751,6,1074,那好吧！我也要在这里和最漂亮的女孩子约会！
2751,6,1075,……不，我不会那么做……是开玩笑的，对不起……我险些因为一时的气话，舍弃了自己的自尊。我王冢真唯竟然会做出这种事……
2751,6,1076,嗯、嗯。这样啊……
2751,6,1077,所以，你也可以从实招来。和紫阳花一起玩也是开玩笑的对吧？
2751,6,1078,那是真的啦！
2751,6,1079,怎么会有你这种人！
2751,6,1080,怎么又来了啦！
2751,6,1081,唔哇――好无～～聊喔！
2751,6,1082,冷静点，十六岁儿童。真是的，我真搞不懂那个王冢真唯到底哪里好了？
2751,6,1083,大家都不t解呢！那个完美恋人存在于这个班上不仅养眼，而且还是多么幸运的事情。你们该不会是太过习惯了吧！
2751,6,1084,咦～我每天都觉得很幸运啊～对吧，小玲奈？
2751,6,1085,呃，嗯。而且归功于她，我们学校制服的价值都上升了。
2751,6,1086,才不是那种事啦――！呐～小纱～！
2751,6,1087,不管王冢真唯在或不在，我们的高中生活也不会有什么区别吧。因为只需要做好每天该做的事情，不如说少了个令人郁闷的家伙，我反而乐得轻松。
2751,6,1088,每天竞争的对象不在，你明明就一脸寂寞的说～？
2751,6,1089,………………
2751,6,1090,好痛，等等，别用文库本敲我好吗！？
2751,6,1091,那么小玲奈，我们一起回去吧。
2751,6,1092,好的！我很乐意！
2751,6,1093,怎么会有你这种人
2751,6,1094,我回来了，啊，今天姊姊有朋友来家里喔。
2751,6,1095,哇，有美少女！
2751,6,1096,初次见面。你是小玲奈的妹妹吗？竟然说我是美少女，多谢夸奖哦。
2751,6,1097,啊，是。对不起，突然讲这种失礼的话。那个，虽然我姊姊是那种很典型的一无是处的平凡人，但她就麻烦你多多关照了。
2751,6,1098,那姊姊们要去房间玩了，别来打扰哦。
2751,6,1099,啊，紫阳花学姊，待会能和我交换联络方式吗？
2751,6,1100,可以啊～
2751,6,1101,别来打扰哦！
2751,6,1102,不愧是玲奈的妹妹，和我们家的小鬼头不同，嘴巴很甜呢。竟然说我是美少女。唉嘿嘿。
2751,6,1103,那家伙的喜好可能和我蛮类似的……不，没什么！
2751,6,1104,来，要玩什么游戏呢！
2751,6,1105,哇，好厉害，游戏好多。比我家的游戏还要多呢～
2751,6,1106,是、是吗？应该很普通吧？
2751,6,1107,你在看什么？好烦……
2751,6,1108,啊，来玩这个吧。我一直很有兴趣～
2751,6,1109,来玩吧来玩吧！
2751,6,1110,先说好喔，我很不会玩游戏，要是给你添麻烦的话就先对不起。
2751,6,1111,不要紧、不要紧。交给我吧！我不会让任何敌人碰到紫阳花同学一根寒毛，在进入视线之前我就会把他们赶尽杀绝的！
2751,6,1112,这样我不就什么都玩不到了吗？
2751,6,1113,那、那我就调整一下他们的HP，削到再一击就会死那样……
2751,6,1114,真是的，正常玩就好了啦。
2751,6,1115,说、说得也是呢，毕竟是和朋友玩游戏嘛。正常玩就好了呢……
2751,6,1116,哇！？
2751,6,1117,――！
2751,6,1118,哇～好难为情……我真的叫出来了。
2751,6,1119,感觉有什么要跑出来了……好，你躲在遮蔽物后面。我先去探探状况
2751,6,1120,小玲奈把这款游戏玩得很透彻呢。你连敌人会从哪出现都记得吗？
2751,6,1121,哎呀，只是凑巧，凑巧而已啦。
2751,6,1122,真帅气呢，小玲奈。
2751,6,1123,咦？啊，是我使用的角色吗？嗯，就是啊。
2751,6,1124,不是喔，我是觉得很会玩游戏的小玲奈很帅气啦。你真厉害呢。
2751,6,1125,我说，下次小玲奈如果方便，要不要也来我家玩？
2751,6,1126,咦？我绝对要去。
2751,6,1127,真的？我好高兴。
2751,6,1128,有一个很会玩游戏的姊姊来玩，我家的弟弟们肯定也会很高兴的。你会很受小孩子欢迎哦。
2751,6,1129,呃，我想问一下当作参考，紫阳花同学喜欢什么样的人？
2751,6,1130,咦～？我看起来标准很高吗？
2751,6,1131,不，也不是那个意思……只是有点兴趣这样。
2751,6,1132,其实呢，我也没有什么条件哦。虽说在一起会开心的人是很好，但这个条件也不是必须的……啊，真要说的话，我应该喜欢能放心的那种人吧？像是那种会说『跟着我
2751,6,1133,原来如此，是像王冢同学那种可怕的人。
2751,6,1134,小真唯很温柔的喔～我们这圈子的女生都是好孩子呢。
2751,6,1135,完全就是姊姊视角……！
2751,6,1136,怎么了怎么了？难道小玲奈有在意的对象？
2751,6,1137,咦？唉唉？没、没有啊？
2751,6,1138,依我的经验来说，一个人如果问别人有没有在意的对象，不是喜欢那个人，不然就是有喜欢的对象喔。
2751,6,1139,照这个理论来说的话，我喜欢的对象不就是紫阳花同学吗……？
2751,6,1140,真的耶……咦？是这样吗？
2751,6,1141,不、不对，不是这样啦！？
2751,6,1142,哦，这样啊。哎唷～吓了我一跳。唉嘿嘿，我还想说这是第一次被女性朋友告白呢。
2751,6,1143,就说不是啦！？总之我不是这个意思！
2751,6,1144,唉～？真可惜呢～
2751,6,1145,你、你就饶了我吧……
2751,6,1146,难道说，紫阳花同学，你其实是捉弄我来寻开心吗――……？
2751,6,1147,被发现啦？
2751,6,1148,喂――！
2751,6,1149,呀～
2751,6,1150,唔唔，对不起，紫阳花同学……
2751,6,1151,没关系啦，不要紧，虽然我不懂你为何对不起，但我原谅你。
2751,6,1152,不用去开门吗？
2751,6,1153,没事啦，反正我妹妹在。
2751,6,1154,等、等等，是怎么了？
2751,6,1155,姊姊……
2751,6,1156,怎、怎么了？
2751,6,1157,有一个很像好莱坞女星的人在门口……
2751,6,1158,嗨，达令。
2751,6,1159,为、为什么……？
2751,6,1160,哎呀，因为工作比较快结束。我本打算观光之后再回来的，但还是决定快点收工赶回来。
2751,6,1161,那又是为什么！？
2751,6,1162,呵呵，想让我说出来吗？当然是因为想见你啊。
2751,6,1163,而且还把头发放下来了……
2751,6,1164,等、等一下，不行啦。我说过了吧？现在紫阳花同学来家里玩耶。
2751,6,1165,这样刚好。我们就一起玩吧。
2751,6,1166,真假……？
2751,6,1167,咦？小真唯！？
2751,6,1168,嗨，紫阳花。我工作结束了，所以顺路绕过来看看。
2751,6,1169,你就是玲奈子的令妹吗？初次见面，我叫王冢真唯。请多指教。
2751,6,1170,令妹……？咦？什么？伊莉莎白女王……？
2751,6,1171,喂……不要乱撩别人的妹妹啦。
2751,6,1172,你也看到了吧。我只是在打招呼而已。
2751,6,1173,啊哈哈，这对她的刺激好像有点太强了呢……不过我能理解，我第一次见到小真唯的时候也是吓了一跳。你的脸超小的，我还以为没有头盖骨呢。
2751,6,1174,你、你是姊姊的朋友！？
2751,6,1175,是啊，她一直和我维持着亲密的交友关系。我很感激。
2751,6,1176,唉唉唉……？唉唉唉唉唉～～～～……？
2751,6,1177,不然妹妹，你也一起来玩游戏！？来玩吧！
2751,6,1178,咦！？我要玩！
2751,6,1179,啊
2751,6,1180,对不起，都这个时间了。今天我弟弟去补习，我得去接他才行。我先回去了。大家慢慢玩吧～
2751,6,1181,那我送你到车站吧――
2751,6,1182,别让我和真唯小姐独处
2751,6,1183,对、对了，我也顺便送王冢同学一起到车站吧？
2751,6,1184,啊，不好意思。我有指定司机过来接我的时间。你介意让我再待一个半小时吗？
2751,6,1185,请便！啊，那个，我送紫阳花学姊去车站！
2751,6,1186,好了，我们走吧，紫阳花学姊。
2751,6,1187,咦？可以吗，妹妹？
2751,6,1188,当然，我想和紫阳花学姊再稍微聊一下……
2751,6,1189,啊哈哈，什么意思啦。真令人开心。那我就恭敬不如从命。那么，小玲奈，今天打扰你了。我玩得非常开心喔。小真唯也是，我们学校见。
2751,6,1190,那、那个，王冢学姊，待会见！
2751,6,1191,嗯，待会见。
2751,6,1192,好，继续玩游戏……好――真唯――我可不会输喔……
2751,6,1193,咿呀！
2751,6,1194,你怎么发出这种叫声呢？
2751,6,1195,你的动作也太快了吧！你是狼！狼人！你应该要被票出去――！
2751,6,1196,我可是为了你提早一天回来的呢。
2751,6,1197,你是为了自己吧！
2751,6,1198,……也对，你说得没错。嘴上说是为了你，但我现在所做的一切都是为了我自己。你轻而易举地就看穿了我有多么肤浅啊。
2751,6,1199,事到如今再说场面话，也无济于事呢。
2751,6,1200,咦？
2751,7,1201,等、等一下……你别这样啦。
2751,7,1202,我现在全身都受到嫉妒的煎熬。没想到我会对紫阳花（同学）涌起这样的心情。你说的确实没错，喜欢上一个人，或许并不尽是美好的事情……
2751,7,1203,竟然说嫉妒……为、为什么要为我这种人……
2751,7,1204,但是，你是我喜欢的对象。
2751,7,1205,我完全不懂你的意思……比我来得更好的人多得是吧。举例来说，就像紫阳花同学也是啊。
2751,7,1206,我喜欢你，玲奈子。
2751,7,1207,等、等一下……不要啦，真唯……
2751,7,1208,好柔软，又好香。是玲奈子的味道。
2751,7,1209,笨蛋，就说这样很难为情啦……！
2751,7,1210,那、那个，真唯……我把真唯，当作朋友看待……
2751,7,1211,可是，我们现在是恋人。这是我们彼此订下的规则哦。
2751,7,1212,咿唔……
2751,7,1213,这就像是交往或是结婚一样。当事人都同意了。自然不需要担心别人的目光。
2751,7,1214,我、我明明就说不要了啊……
2751,7,1215,继续
2751,7,1216,我想把你的一切都变成属于我的，玲奈子。
2751,7,1217,我、我是、属于我自己的……！
2751,7,1218,真唯，那样子，很痒啦……
2751,7,1219,玲奈子的肌肤，很甜喔。
2751,7,1220,你、你为什么在舔！？为什么要做这种事啦！？
2751,7,1221,咦？是、是要换衣服！？意思是明明回到家了却还穿着制服很奇怪吗！？好吧，那我自己换，不要紧的！
2751,7,1222,玲奈子。
2751,7,1223,等、等一下，真唯……
2751,7,1224,我爱你。
2751,7,1225,真唯……
2751,7,1226,要脱了喔。
2751,7,1227,不行，不行啦……
2751,7,1228,我还、没有想要、和真唯做这种事……
2751,7,1229,我倒是一直都想这么做喔。
2751,7,1230,我知道啊……因为你还写在清单上嘛……！
2751,7,1231,为什么、你会这么想摸啊……我们都是女孩子吧……
2751,7,1232,不知道。
2751,7,1233,只不过现在，我想要感受玲奈子的体温。
2751,7,1234,……不要。
2751,7,1235,玲奈子的腿很柔软，这肉感摸起来非常棒。
2751,7,1236,你、你这是在说我很胖吗！？当然啦，我是没有真唯那么苗条啦！
2751,7,1237,既然这也是玲奈子的一部分，自然惹人怜爱。
2751,7,1238,你从刚才开始就轻易说什么喜欢或是爱的……
2751,7,1239,我无论何时都是认真的。
2751,7,1240,我想要和你成为真正的恋人。
2751,7,1241,……对不起，我，还没……
2751,7,1242,呐，真唯…………真唯？
2751,7,1243,那个……
2751,7,1244,玲奈子！
2751,7,1245,咦？慢、慢着！？
2751,7,1246,不会吧！？
2751,7,1247,我爱你！
2751,7,1248,你不是看过我的裸体了吗！为什么现在还会对区区内裤发情啊！
2751,7,1249,你在说什么啊！如果是其他人，我顶多也只要说『要注意点
2751,7,1250,干嘛讲得好像很好听一样！？好恶！校园的完美恋人超恶的！
2751,7,1251,不要紧的，玲奈子，我会很温柔的……没错，今天是我们两人重要的纪念日……呵呵，我爱你，玲奈子……
2751,7,1252,我――不――要――！
2751,7,1253,等、等一下，别把头钻进裙子里面啊！？别撑开我的脚啊！别脱我的内裤啊！？
2751,7,1254,我爱你。
2751,7,1255,别在这个时间点讲这种话！是说，你现在打算摸哪里！？咿、咿！那里，不行，绝对不行！真的不行啦！咿呀！？住手啦笨蛋――！
2751,7,1256,真唯小姐、姊姊，我回来了！
2751,7,1257,……
2751,7,1258,抱歉，玲奈子，我有点太投入了――
2751,7,1259,烂透了！笨蛋！这不是被看见了吗！所以我才说不要的！笨蛋、笨蛋！
2751,7,1260,……
2751,7,1261,当恋人果然最糟糕了！给我滚！
2751,7,1262,嗯，抱歉
2751,7,1263,烂透了………………
2751,7,1264,我如果再更坚定地拒绝她就好了……
2751,7,1265,可、可能很在意她吧……
2751,7,1266,姊姊。
2751,7,1267,唔…………
2751,7,1268,那个……
2751,7,1269,姊姊现在不在……有事的话请在哔一声之后留言……
2751,7,1270,姊姊，你和真唯小姐是那种关系？
2751,7,1271,是啊……就像你看到的那样。
2751,7,1272,这样啊……
2751,7,1273,好厉害……咦？也太厉害了吧！
2751,7,1274,……？
2751,7,1275,竟然和那个真唯小姐……你是怎么做的，姊姊！？
2751,7,1276,呃，那个……她好像喜欢我……
2751,7,1277,喜欢姊姊！？为什么！？
2751,7,1278,我才想问呢。
2751,7,1279,好厉害……我本以为姊姊一定会被那种不正经的男人骗去，到时会多一个糟糕的姊夫……如果真唯小姐能当我的大嫂，根本就是逆转再见全垒打了嘛……！
2751,7,1280,总之……还是道个歉……比较好吧……
2751,7,1281,……还是……当面说吧……
2751,7,1282,……真唯。
2751,7,1283,臭真唯。
2751,7,1284,真唯那家伙，真的是……
2751,7,1285,总之，打了她是我不对。可是，也就这样而已。
2751,7,1286,……唉，真的是。
2751,7,1287,真唯……我是绝对要和你当朋友的……
2751,7,1288,香穗，你感觉好像遇到了什么好事？
2751,7,1289,嘿嘿嘿，小紫阳花看得出来吗？今天啊，放学后呢。呵呵呵。
2751,7,1290,啊，好像有恋爱话题的味道喔～
2751,7,1291,现在先暂时保密！
2751,7,1292,唉，甘织。
2751,7,1293,放学后能陪我一下吗？
2751,7,1294,我有关于王冢真唯的话要说。
2751,7,1295,咦？
2751,7,1296,放学后，顶楼见吧。
2751,7,1297,你知道吗？这里的钥匙一直都是同一把，所以备钥随便都能做出来。
2751,7,1298,为什么要藏起来……
2751,7,1299,我不想被人看到我们两人单独在一起，因此遭到误解。
2751,7,1300,会有什么误解？
2751,7,1301,……不知道。
2751,7,1302,是、是说，为什么要指定这里呢？
2751,7,1303,自杀未遂。
2751,7,1304,朋友与恋人的比赛。
2751,7,1305,那个？
2751,7,1306,泳池的咖啡馆、台场购物广场、饭店躲雨。
2751,7,1307,你怎么会知道！？
2751,7,1308,这个嘛，你觉得是为什么呢？
2751,7,1309,难、难道，你是我的跟踪狂……
2751,7,1310,你该不会是被那家伙的自作多情给传染了吧？还好吗？
2751,7,1311,那么，是王冢同学的跟踪狂吗？
2751,7,1312,昨天，王冢真唯来到我家，全都跟我说了。
2751,7,1313,全都说了！？
2751,7,1314,还是边哭边说的呢。
2751,7,1315,边哭边说！？
2751,7,1316,她也是会哭的。虽说那家伙只会在我眼前这样。
2751,7,1317,拜此所赐，我今天可是睡眠不足呢……都怪那家伙……
2751,7,1318,呃……她为什么会那样做？
2751,7,1319,应该是希望有人听她说吧。毕竟她已经脆弱到轻轻戳一下就可能会碎掉。
2751,7,1320,为什么……
2751,7,1321,全部……那个，你说，全部吗？
2751,7,1322,我不就是这么说的吗？
2751,7,1323,……没，没关系，你不用那么在意。不论你有什么样的兴趣，那都是个人的自由。我不会因为你们都是女同志就有什么偏见的。
2751,7,1324,不是那个问题！是说你误会了！我是、那个、因为无法彻底拒绝……
2751,7,1325,我想也是呢。
2751,7,1326,咦？
2751,7,1327,那家伙说了，说自己伤害了你。
2751,7,1328,……真唯。
2751,7,1329,她说，你被一个不喜欢的女人强迫，一定很害怕吧。还说，自己一直都很自以为是，相信所有人类都会喜欢自己……不过，我听了后不禁觉得，这家伙是笨蛋吗？
2751,7,1330,……
2751,7,1331,我听着王冢真唯的话，一直有个疑问。
2751,7,1332,那就是，为什么是甘织？
2751,7,1333,甘织很不起眼，总是在察言观色，无论成绩、运动神经、长相还有身材都都很平庸。家境和天赋也并非特别优秀。
2751,7,1334,嗯。
2751,7,1335,我知道。
2751,7,1336,只要那家伙愿意，肯定还有其他更好的对象，甚至可以随意挑选。就连那些在演艺圈的熟人也是要多少有多少。即使是同班女生，也有像濑名紫阳花之类的。
2751,7,1337,还有像是纱月同学？
2751,7,1338,……会在这时提到我也很莫名其妙。
2751,7,1339,呃，对不起。
2751,7,1340,我呢，虽然不知道那家伙是怎么想的，但我把她当作朋友，也很尊敬她。一直都在比谁都近的距离看着她，而且那家伙其实也意外地努力。
2751,7,1341,……
2751,7,1342,所以，要是知道那家伙和无聊的人在交往，我会觉得很失望，也想问『为什么？
2751,7,1343,她说『因为我觉得是命中注定
2751,7,1344,实际上，我也是这样想的。像我这种人，绝对配不上真唯。
2751,7,1345,我想也是。
2751,7,1346,唉？
2751,7,1347,我又不是笨蛋，在一起这么久了，这种事我当然看得出来。甘织与其说是有自知之明，比较像是一直在当个缩头乌龟。明明谁都不会把你抓来吃的。
2751,7,1348,那个，我和真唯在一起，果然让纱月同学很不开心吗？
2751,7,1349,……果然是什么意思啦？
2751,7,1350,和我的想法没关系吧。我没有闲工夫去干涉别人的恋情。可是，如果是因为和王冢真唯这个人在一起很有面子，就抱着随便玩玩的心态交往并伤害她的话，我还是会生气的。
2751,7,1351,只不过，甘织做不到那种事吧，毕竟你的个性也没那么机灵。
2751,7,1352,纱月同学，你很t解我呢……
2751,7,1353,我的兴趣是观察人类
2751,7,1354,我才不会这么说。
2751,7,1355,你怎么知道我在想什么！？好可怕！
2751,7,1356,……难道纱月同学，没有生气吗？
2751,7,1357,我很生气呀。因为被无聊的恋爱话题削减掉我睡眠和念书的时间。
2751,7,1358,呃，你现在该不会是在泄恨吧？
2751,7,1359,一半一半。你开始t解我了嘛。
2751,7,1360,可是，我就是不知道啊。我不知道自己想和真唯变成什么关系，想对真唯做什么……就是因为不知道，所以就抱着敷衍了事的心态，结果因此伤害了真唯也说不定。
2751,7,1361,不是你自己的事情吗？你还真笨耶……虽然我是想这么说啦。
2751,7,1362,……我懂，有时候自己的事情就连自己都想不通。
2751,7,1363,纱月同学也有吗？
2751,7,1364,肯定会有的啊。因为我们才高中一年级。
2751,7,1365,因为纱月同学是个很正经的人，我还以为你从指尖到一根头发的动作，一切都是在自己的支配之下……
2751,7,1366,这是理想的情况，不过我也是人。又不是王冢真唯。
2751,7,1367,真唯也是人吧！？
2751,7,1368,不，那家伙的种族就是王冢真唯。
2751,7,1369,自己是真唯的朋友
2751,7,1370,那个，纱月同学。我还是要跟你说对不起。
2751,7,1371,你是为什么而道歉？
2751,7,1372,因为，我伤害了纱月同学珍惜的朋友。
2751,7,1373,唔……
2751,7,1374,我也必须向真唯道歉。要告诉她，我很抱歉打了她。虽然不知道她会不会愿意原谅我……但我想要这么做，跟她好好和好。
2751,7,1375,……是吗。
2751,7,1376,所以纱月同学，如果你知道真唯在哪的话，可以告诉我吗？
2751,7,1377,甘织，感觉你变了呢。
2751,7,1378,是、是吗？
2751,7,1379,以前的你应该更自卑的吧。虽说我并没有讨厌你这点……现在，倒是有点像真唯。因为自己想要那样就很强势的那种地方。
2751,7,1380,咦？我才不要！？
2751,7,1381,放心吧。甘织在圈子里的时候，依然是毫无存在感。我没想过我们会像这样聊这么多。像今天我本来也以为是我单方面把话说玩，将甘织弄哭，虽然可惜，但我们的圈子会就此分崩离析，就地解散。
2751,7,1382,原来是这样……
2751,7,1383,咦？纱月同学，你根本就超喜欢真唯的啊！
2751,7,1384,…………
2751,7,1385,对不起。
2751,7,1386,我不知道那家伙现在在哪里，但我知道她想做什么。
2751,7,1387,那是……
2751,7,1388,那家伙呢。
2751,7,1389,她把事情解释一遍之后，要我『跟她上床
2751,7,1390,咦！？
2751,7,1391,嗯……
2751,7,1392,『我伤害了玲奈子。我想知道和根本就不喜欢的对象上床是什么心情。纱月，因为我对你没有任何想法，就由你来吧。因为你喜欢我吧？
2751,7,1393,然后呢……
2751,7,1394,『虽然至今为止我好几次栽在你的手上，但还是第一次被你这么瞧不起
2751,7,1395,辛苦你了……
2751,7,1396,实际上，如果当时我把她渴求到身心都遍体鳞伤，是否也会痛快一些呢……唉，甘织，你怎么想？
2751,7,1397,你就算问我……
2751,7,1398,自己的事情，自己也想不通呢……
2751,7,1399,就是啊……
2751,7,1400,也就是说，难道真唯现在……
2751,8,1401,是啊。她很有可能正在寻找『愿意跟自己上床的对象
2751,8,1402,这个想法也太……
2751,8,1403,为、为什么没有阻止她啊，纱月同学！？
2751,8,1404,假如那个笨蛋真的笨成那样，也只代表她根本无药可救了吧。
2751,8,1405,是说，如果她任性到连朋友的忠告也不听，那就让她直接堕落到深渊算了……而且她现在电话打不通，简讯也不回。
2751,8,1406,我知道了。
2751,8,1407,纱月同学，我因为自己的考量去阻止真唯，也是我的自由吧。
2751,8,1408,……是啊，那是你的自由。不过，这样好吗？你不是被那家伙伤害了吗？
2751,8,1409,这个嘛，呃，嗯。
2751,8,1410,因为是朋友嘛。自然会伤害到对方，也会被对方所伤害吧。
2751,8,1411,那家伙很任性，谁的话都不听喔。
2751,8,1412,――到时候，我会再赏她一巴掌来阻止她的。
2751,8,1413,原来如此……既然这样，或许没问题吧。
2751,8,1414,甘织
2751,8,1415,我虽然不知道那家伙去哪了，但那个笨蛋就拜托你了。去告诉那家伙，她并不是如她自己想像中那样了不起的女人。
2751,8,1416,嗯。
2751,8,1417,我一定会告诉她的！谢谢你！
2751,8,1418,啊，小玲奈。你回来了啊。
2751,8,1419,啊，嗯，我回来了。怎么了？紫阳花同学，有事情要留下来吗？
2751,8,1420,嗯～其实不是喔。其他人虽然也都很快就回去了，但因为小玲奈的书包还在这，所以我就自作主张在这等你了。
2751,8,1421,什么……紫阳花同学是在等我……！？
2751,8,1422,呐，就今天如何？而且小真唯也请假了，要不要像之前说的那样来我家玩？
2751,8,1423,咦？可以吗！？
2751,8,1424,嗯，抱歉
2751,8,1425,对，对不起，紫阳花同学，我……
2751,8,1426,啊，你有其他事？
2751,8,1427,那个，那个……
2751,8,1428,我想去……但是……
2751,8,1429,小玲奈？
2751,8,1430,没事吗？是不是又有哪里不舒服……
2751,8,1431,呜呜呜……对不起……下次，再约我吧……
2751,8,1432,小玲奈你哭了！？
2751,8,1433,这样啊，小玲奈很忙呢。
2751,8,1434,我跟你说！
2751,8,1435,咦？怎、怎么了？
2751,8,1436,我喜欢紫阳花同学……最喜欢你了！
2751,8,1437,咦咦？
2751,8,1438,所以，对不起……真的，真的很对不起！我也想和紫阳花同学在一起！但是，只有今天不行！
2751,8,1439,小、小玲奈……？
2751,8,1440,拜托你，紫阳花同学，请你谅解……我也想去紫阳花同学家……我最喜欢紫阳花同学了！
2751,8,1441,咦、咦咦咦……！？
2751,8,1442,其实，我每天都想和紫阳花同学一起玩的！因为我最喜欢紫阳花同学了！但是，我今天有重要的事……所以，对不起！我绝对会补偿你的！因为紫阳花同学是很重要的人！
2751,8,1443,从加入这个圈子的那时开始，我就一直觉得紫阳花同学很可爱，上次一起玩的时候也非常开心，因为紫阳花同学是我的天使，所以……今后我也会一直最喜欢你的！
2751,8,1444,嗯、嗯……我也喜欢、小玲奈、喔……？
2751,8,1445,那个……
2751,8,1446,唉？啊，小、小玲奈？
2751,8,1447,不，那个……就是这样。
2751,8,1448,所以，你今天就约纱月同学还是小香穗看看吧……
2751,8,1449,唔、嗯，说、说得也是。毕竟小玲奈很忙嘛！嗯……我知道了。
2751,8,1450,啊，可是小香穗也说她今天有事。
2751,8,1451,打工吗？
2751,8,1452,不是，她说要去赤坂。听说是被邀请去高级饭店什么的。
2751,8,1453,嗯……？这个，该不会……
2751,8,1454,是赤坂！
2751,8,1455,谢谢你，紫阳花同学！
2751,8,1456,咦？嗯、嗯。
2751,8,1457,虽然完全不知道是怎么回事……不过，小玲奈，你要加油哦。
2751,8,1458,嗯！我会加油的！
2751,8,1459,结束之后……那个，记得要来我家玩哦？啊，还是说，挑弟弟不在家的日子会更好呢……？
2751,8,1460,咦？
2751,8,1461,不，没什么！不、不是这样的！我不是那个意思！
2751,8,1462,那我先走了，明天见！
2751,8,1463,嗯，明天见。
2751,8,1464,你喜欢我吧？
2751,8,1465,啥！？
2751,8,1466,啥啊！？
2751,8,1467,小香穗！找到你了！
2751,8,1468,咦？哇，玲奈亲也来了啊！？
2751,8,1469,也来是什么意思？是说这是什么聚会？
2751,8,1470,咦？你不知道就来到这间饭店，这也太偶然了吧！？
2751,8,1471,应该说是偶然吗……总之，可以让我看一下那个信封吗？
2751,8,1472,这什么鬼？
2751,8,1473,王冢真唯・募集恋人派对会场
2751,8,1474,这……什么鬼……
2751,8,1475,说穿了，就是试镜喔！
2751,8,1476,我有在恋爱实境秀节目中看过这样的场景……
2751,8,1477,什么……难道真唯把向自己告白过的对象全都邀请过来了吗……
2751,8,1478,好像是这样哦！真唯实在是很受欢迎呢～！
2751,8,1479,小香穗……你看到这种景象，依然想成为真唯的恋人吗……？
2751,8,1480,嗯！因为真唯是有钱人，又是艺人，长得又好看嘛！
2751,8,1481,对不起，小香穗，你引颈期盼的这场派对，我无论如何都要把它中止掉……
2751,8,1482,咦！？
2751,8,1483,什么意思？这样我可能会困扰的，真的会困扰的！
2751,8,1484,啊，等等。
2751,8,1485,小香穗，会写那种指示牌放在那里的家伙真的好吗！？
2751,8,1486,这样很幽默啊！
2751,8,1487,那是她的真心话！
2751,8,1488,我觉得这种地方也很可爱啊！如果有那样的外表、个性还有资产的话！
2751,8,1489,唔咕咕。
2751,8,1490,那个，香穗，好好听我说。
2751,8,1491,不要！我不听！
2751,8,1492,是在这里试镜对吧？会被选为恋人的只有其中一个。在这几十个、甚至一百个人的情况下，你敢肯定自己会被选上吗？
2751,8,1493,搞不好所有人都会被选中啊！
2751,8,1494,那是最不该出现的状况吧！？
2751,8,1495,听好了！？看是要从这里面只选出一个人，不然就是中止这场派对，你要认真思考哪一个比较好！
2751,8,1496,唔，唔唔？
2751,8,1497,一旦派对中止，真唯当然就还是自由之身。那么香穗，你不觉得在同一个圈子里的你占有绝对优势吗！？
2751,8,1498,啊……确实！
2751,8,1499,你明白了吗！？对吧，就算是为了真唯着想，肯定也是这样做比较好！
2751,8,1500,怎、怎么了？
2751,8,1501,不过，我也不能就这么算了呢。我有个条件，玲奈亲，你能回答我的问题吗？
2751,8,1502,是可以啦……
2751,8,1503,我以前就这么想了――
2751,8,1504,唔。
2751,8,1505,为什么是甘织？
2751,8,1506,玲奈亲为什么也在这个圈子里？
2751,8,1507,――玲奈亲，你该不会也喜欢真唯吧！？
2751,8,1508,啥！？
2751,8,1509,怎么可能！那可是会开这种派对的女人耶！绝对不行！
2751,8,1510,t～解！既然这样，你和我就是竞争对手了呢～！今后我们一起加油吧，玲奈亲！
2751,8,1511,你根本完全没听懂啊！？为什么！？为什么会变成这样啊――！？
2751,8,1512,……差不多到开始的时间了吗？
2751,8,1513,真的很抱歉，玲奈子……请你原谅只能透过这种方式赎罪的我。
2751,8,1514,――那就来道歉啊！
2751,8,1515,唔哦？
2751,8,1516,……玲奈子？你为什么在这里？
2751,8,1517,我到处找你，最后才总算找到这里来的啊！
2751,8,1518,是说，你那身打扮到底是怎么回事？
2751,8,1519,这、这是……出示会员证后，员工说我一个人的话不能穿制服进入泳池，所以才只好换上的！
2751,8,1520,原来如此，真适合你……先拍张照片吧……咦，我的手机呢？
2751,8,1521,不知道啦笨蛋！在置物柜之类的地方吧！我明明一直疯狂打电话给你耶！
2751,8,1522,你果然……在生气吧？
2751,8,1523,是啊！？毕竟我可是费了很大的功夫耶！？
2751,8,1524,我听纱月说了。
2751,8,1525,……这……她说了多少？
2751,8,1526,全部。
2751,8,1527,……是吗……那家伙，话意外地多啊……
2751,8,1528,……我说啊，真唯，别做这种事了。
2751,8,1529,我拒绝。
2751,8,1530,我伤害了你。
2751,8,1531,所、所以就应该接受惩罚吗？当事人都说没关系了，这样就够了吧……况且我也赏了你一巴掌，对不起。
2751,8,1532,是说，抱着这种像是惩罚的心情交往，对对方也很失礼吧。既然要谈恋爱，就应该好好地和真正喜欢的人交往啊……
2751,8,1533,我已经没办法和真正喜欢的人交往了。
2751,8,1534,……这……
2751,8,1535,既然这样，我也只能去找个能喜欢上的人了吧。难道连那份希望，你也要从我这里剥夺吗？
2751,8,1536,真唯……
2751,8,1537,――明明对方拒绝与自己成为恋人，我却非得一直温柔以待，我希望你也能明白这其中的痛苦。
2751,8,1538,所以，已经够了，玲奈子。谢谢你。和你一起度过的日子很开心。最后请你作为感情要好的『朋友
2751,8,1539,我也衷心祝你能幸福。若是遇上什么困难，随时告诉我。为了曾经真心爱过的你，即使身在地球的另一边我也会赶来的。
2751,8,1540,等一下……那我和你的比赛呢？
2751,8,1541,两者都不是。
2751,8,1542,我和你，已经是陌生人（朋友）了。
2751,8,1543,玲奈子――
2751,8,1544,我不要。
2751,8,1545,……玲奈子？
2751,8,1546,还没有结束……不要擅自做决定啊。
2751,8,1547,挚友
2751,8,1548,纱月同学说过喔。王冢真唯，并不是如自己想像中那样了不起的女人。我也有同感。
2751,8,1549,即使不是，我也努力在让自己维持出色。被纱月看不起并非我所乐见。
2751,8,1550,……明明就无法抵抗性欲不是？
2751,8,1551,！所以我想说，为了不再伤害你！为了不再失败！所以我才会――
2751,8,1552,才会打算……放弃跟你在一起的……
2751,8,1553,失败再多次，又有什么关系呢。我明明说过无论真唯失败多少次，都绝对会接受你的……其实，真唯也一样不相信我嘛。
2751,8,1554,可是……
2751,8,1555,像我的人生，可是每天都充满着失败喔。
2751,8,1556,可是，一躺到床上我就会屡屡回想起来……被你赏了一巴掌的那个瞬间。
2751,8,1557,那个我也有说过了。不就是床上的反省大会吗？我每天晚上都这样的。
2751,8,1558,对不起，我也必须早点说才对。这不公平吧。所以，对不起。我也错了。
2751,8,1559,错什么……？
2751,8,1560,其实我……还挺在意真唯的。
2751,8,1561,…………意思是？
2751,8,1562,意思是自从被真唯亲了之后……我就开始把真唯视为恋爱对象了……
2751,8,1563,是、这样吗？你不是讨厌我了吗？所以才赏我一巴掌的吧？
2751,8,1564,那是因为真唯做得太过分了……我希望你能再选择一下时间和地点。
2751,8,1565,不敢相信。
2751,8,1566,我还以为，一切都无法挽回了。
2751,8,1567,我们不就是吵个架而已吗……
2751,8,1568,继续。
2751,8,1569,咦？
2751,8,1570,继续说，这样才能让我真的相信你，继续。
2751,8,1571,唔唉？可是这样很难为情耶。
2751,8,1572,……啊，真是的，知道了啦，真唯。
2751,8,1573,一开始，我一直很害怕面对真唯这个超级美女……是那次在家里被拥抱的时候，我才觉得，你或许真的只是喜欢我吧。
2751,8,1574,然后两个人去了台场玩得很嗨，之后在饭店……被你做了那种事。会在意也是理所当然的嘛。毕竟我也是第一次，每次想到真唯的时候心都会跳个不停……
2751,8,1575,还有你去国外之前我们能稍微两个人独处，与你提前回国来找我的时候，我大概，应该说一定很开心……嗯，很开心。
2751,8,1576,所以说，被真唯推倒的时候，我的内心某处肯定也觉得其实无所谓……就算顺水推舟，我想必也不会那么那么后悔，所以就以那种半吊子的形式接受了真唯，到头来害两个人都受了伤。
2751,8,1577,对不起，真唯。其实……我还挺喜欢你的喔。
2751,8,1578,挚友
2751,8,1579,恋人
2751,8,1580,那个……其实，我差不多到极限了，已经可以了吧……？
2751,8,1581,玲奈子……我居然伤害了那样的你。
2751,8,1582,啊啊，真是的！
2751,8,1583,你给我适可而止
2751,8,1584,我说啊，真唯。我无法像真唯那样解救从顶楼跳下来的人，也没办法飞在天空。
2751,8,1585,咦？
2751,8,1586,但是，我可以陪你一起淋雨，一起淋湿或是一起潜水什么的，这种小事我还是做得到。并不是单方面地保护对方或是被对方保护。这才是真唯所说的『恋人
2751,8,1587,挚友
2751,8,1588,既然你是王冢真唯――我就是甘织玲奈子！
2751,8,1589,这样传达到了吧……真唯。
2751,8,1590,嗯。
2751,8,1591,你的心意传达给我了。真的是，很感谢你。
2751,8,1592,嗯……太好了。
2751,8,1593,……你真的很爱撒娇呢，真唯。
2751,8,1594,呵呵……是啊，或许是那样吧。这就是我所说的『恋人
2751,8,1595,挚友
2751,8,1596,是啊。
2751,8,1597,咦？等一下，你做什么？
2751,8,1598,不过，我是王冢真唯。
2751,8,1599,我现在不能让你看到我的泪水。麻烦你先暂时这样吧。
2751,8,1600,呃……是可以啦……
2751,9,1601,我说，玲奈子。
2751,9,1602,怎么啦～
2751,9,1603,你刚才也说过。你每晚都会在床上想起讨厌的事情。
2751,9,1604,嗯。
2751,9,1605,除了我以外的人真是了不起啊……每天夜里都想着那种事，真亏你们还能活下去。
2751,9,1606,听了这话我倒是很想死耶！？
2751,9,1607,所以你才会那么温柔，那么坚强吧。
2751,9,1608,……你这样……
2751,9,1609,犯规……
2751,9,1610,呵呵。
2751,9,1611,所以，比赛还是继续下去吧。虽然只剩一周就是。
2751,9,1612,知道了。我奉陪到底。
2751,9,1613,一知道自己有了胜算，立刻就打起精神了。你还真现实呢。
2751,9,1614,我很开心呢。因为命定之人的你都像这样来迎接公主了。
2751,9,1615,那么，我们这样就算和好了吧。
2751,9,1616,嗯，和好了。我伤害了你。你赏了我一巴掌。就当作互不相欠，让它随风而去吧。
2751,9,1617,嗯。
2751,9,1618,对了！既然这样，恋活派对也不会继续办了吧？聚在这里的人该怎么办？那么多人……
2751,9,1619,由我解释情况之后再请他们回去。跟他们说我已经恢复精神，没有这个必要了。
2751,9,1620,这不会太过分吗！？
2751,9,1621,你在说什么啊？他们一定会高兴的。再怎么说，他们最喜欢的我都打起精神了。这是理所当然的吧？
2751,9,1622,为了表示歉意，就让我献上一曲吧
2751,9,1623,这什么鬼啊……
2751,9,1624,是吗，那就好
2751,9,1625,虽说嘴上不承认，毕竟纱月同学还是最喜欢真唯嘛！
2751,9,1626,夸张耶……
2751,9,1627,长相！金钱！暴力！
2751,9,1628,怎么了？接待室在这边喔。
2751,9,1629,我还是第一次看到有接待室的房子……
2751,9,1630,我感觉自己就像被吞进了真唯的体内……
2751,9,1631,哈哈，这样我们就能永远在一起了。
2751,9,1632,你神经病喔！？
2751,9,1633,没必要像做交易那样说话吧，你坐在我旁边就好了。
2751,9,1634,呃，嗯，是可以啦……
2751,9,1635,是说，你家其他人呢？
2751,9,1636,虽然有两个帮佣，但现在外出了，妈妈也不会回来。如果你愿意，今晚我们两个可以一直待在一起。
2751,9,1637,不，不必了！话讲完后我立刻告辞！
2751,9,1638,什么嘛，真是无情呢。
2751,9,1639,停、停下，停一下！偷跑是不对的！先把话说完。
2751,9,1640,那么，就让我们进入正题吧。这一个月发生了很多事呢。
2751,9,1641,就，就是啊。
2751,9,1642,朋友和恋人，都各自度过了相同程度的时间。
2751,9,1643,别乱说！自从那起骚动结束之后，你不是一直都没有把头发扎上去吗！？
2751,9,1644,彼此都还有许多想做的事情呢。
2751,9,1645,可多的呢！当朋友的时间太短了！喂，别无视我啊！
2751,9,1646,好啦……那就快点开始吧。
2751,9,1647,告诉我你的答案吧。
2751,9,1648,……嗯。
2751,9,1649,挚友
2751,9,1650,那个。
2751,9,1651,嗯嗯。
2751,9,1652,我还是……不太明白所谓的恋人是什么。
2751,9,1653,你说什么……？都那样夺走了我的心，你是红颜祸水（Femme Fatale）吗……？
2751,9,1654,不，听我说！
2751,9,1655,为了怕你误会我先声明，我并没有玩弄真唯的感情之类的。
2751,9,1656,你还中断了我寻找恋人的计画……
2751,9,1657,那是当然的吧！如果真唯想和自己真正喜欢的人交往，我也会支持你的！……大概。
2751,9,1658,你都摆出那种吊我胃口的表情了……
2751,9,1659,那是你自己擅自被吊到吧！又不是我的错！
2751,9,1660,我还有好多好多想以朋友的身分去做的事情耶！？而且真唯后来根本就没在扎头发！
2751,9,1661,等我们成为恋人后再做就行了吧！
2751,9,1662,不行啦！
2751,9,1663,为什么！？
2751,9,1664,因为……
2751,9,1665,……因为？
2751,9,1666,……我还是和真唯做挚友比较好。
2751,9,1667,……
2751,9,1668,这样啊。
2751,9,1669,可是……
2751,9,1670,毕竟我也喜欢真唯……所以我想作为挚友，让真唯做自己想做的事……所以……
2751,9,1671,所以？
2751,9,1672,所以说，那个……就是挚友以上，恋人未满！怎么样！
2751,9,1673,总之，在真唯有其他喜欢的人之前！我们是挚友加恋人的……对，玲真挚友这样，如何！你觉得呢！？
2751,9,1674,玲真挚友。
2751,9,1675,意思就是……玲奈子和真唯的崭新关系……
2751,9,1676,听起来……
2751,9,1677,……你也太不干脆了吧？
2751,9,1678,呜。
2751,9,1679,恋人
2751,9,1680,你觉得怎么样……？
2751,9,1681,暂缓
2751,9,1682,没想到既不是挚友，也不是恋人，你竟然会提出第三种选择啊。
2751,9,1683,你、你自己之前不是也做过吗……有一次你说『两者都不是，已经是陌生人（朋友）了
2751,9,1684,……你、你傻眼到说不出话来了？既然这样，那个，还是――
2751,9,1685,不。
2751,9,1686,老实说，事情并没有如我所预料的那样发展，没能完全把你攻陷，归咎于我的实力不足。毕竟我也给你添了不少麻烦，所以这也是无可厚非。
2751,9,1687,咿！
2751,9,1688,真是的，我这辈子还是第一次遇到像你这么难缠的对手。你真是个有趣的女孩。
2751,9,1689,呃，那个，我们是玲真挚友，这种行为还是……
2751,9,1690,明明是挚友，却说要让我做想做的事。这难道不是人们所说的炮友吗？
2751,9,1691,不，我们的关系，要由我们自己来命名！
2751,9,1692,……呼嗯，原来如此。
2751,9,1693,啊，等一下，咬耳朵是犯规的吧！？
2751,9,1694,无法确定自己打算选择哪一方的你，似乎也为此感到十分内疚。既然这样，我们要不要再来比一次呢？
2751,9,1695,比，比什么？
2751,9,1696,嗯，你主张要当玲真挚友，而我则重新努力让我们成为恋人。因为我还不打算放弃你。期限的话，这样吧。
2751,9,1697,就到我们毕业如何？
2751,9,1698,我、我知道了。好啊，我接受你的挑战。是说，我可知道我们比起当恋人，绝对是当朋友更好的哦。
2751,9,1699,咦？等一下？
2751,9,1700,什、什么啦！？这样我会害怕耶！
2751,9,1701,呃，这是什么？是漫画那种有顶蓬的床！
2751,9,1702,这里是我的寝室。事不宜迟，我们立刻开始比赛吧，开始像个恋人一样交欢。
2751,9,1703,不会太快了吗！？
2751,9,1704,虽然期限是到毕业为止，但我要今天一天就分出胜负。
2751,9,1705,那，那个……
2751,9,1706,顺便问一下，所谓的玲真挚友，能做到什么程度呢？
2751,9,1707,只到接吻！顶多是朋友亲嘴吧！
2751,9,1708,原来如此。那不管怎么想，还是当恋人更好吧？
2751,9,1709,你是这样没错啦！
2751,9,1710,我可不是那种随便的女人！
2751,9,1711,玲奈子真的好可爱啊。
2751,9,1712,不不，不不不……
2751,9,1713,不行，不行不行！我们还不是恋人！今天是中场休息！明天再决胜负，从七月开始！
2751,9,1714,……这样啊。
2751,9,1715,只要你愿意，有再多要求我也乐意奉陪的呢。
2751,9,1716,你以为立场调换了吗！
2751,9,1717,只要你当我的恋人，就可以每天都过着这样的生活。我每天都会只注视着你、只对你倾注爱意。就让我们两个在这张床上，顺着情欲赤裸着抱在一起，直到永远吧。
2751,9,1718,每、每天都这样……
2751,9,1719,那我们还是要当挚友，否则绝对不行！
2751,9,1720,我想要你。
2751,9,1721,……咦？
2751,9,1722,说错了。我想要的是你的照片。
2751,9,1723,…………
2751,9,1724,怎么了？为什么要瞪我？
2751,9,1725,没什么……
2751,9,1726,怎么这么突然？
2751,9,1727,我希望永远都能在你身边，但现实中这是不可能的对吧？所以，我想至少把你的照片带在身上。不，如果能一天二十四小时都在一起，自然可以解决这个问题，你愿意和我一起生活吗？
2751,9,1728,我才不要！不过，嗯……
2751,9,1729,好啊，这种小事当然没问题。
2751,9,1730,真的吗？太好了。那么……
2751,9,1731,唔！
2751,9,1732,请、请拍吧。
2751,9,1733,那个，真唯？
2751,9,1734,啊，抱歉。那个，玲奈子，你下下个周日有空吗？平常很照顾我的摄影师好像刚好会来日本。如果你同意的话，我想要为你预约一个摄影棚和工作人员。
2751,9,1735,当然不同意啊！？
2751,9,1736,什么意思啊！？你打算拍宣传照吗！？难道是打算制成相簿！？
2751,9,1737,我没有那个打算，但提到照片，难道还能用其他东西拍吗？
2751,9,1738,就是用你现在手上的那块板子啊！
2751,9,1739,用手机拍人像照……也没有反光板……？这样没问题吗？
2751,9,1740,我是不知道啦，但我是绝对不会去摄影棚的！
2751,9,1741,杀了我……快杀了我
2751,9,1742,唔，那么也只能用这个了……
2751,9,1743,糟糕，我愈来愈紧张了。我真的有办法捕捉玲奈子的可爱吗？真令人不安……
2751,9,1744,不，等等！别把难度往上调啊！我的外观根本怎么拍都一样啊！是说别管那么多了快点拍啦！
2751,9,1745,这样啊，既然你都这么说了。
2751,9,1746,这样子完全不行！
2751,9,1747,真可爱。
2751,9,1748,唔……
2751,9,1749,那、那应该是真唯有拍照的天赋吧？
2751,9,1750,也许吧，但肯定是因为摄影对象也同样出众。唔嗯，这样啊，这或许就是大家会想拍我的心情吧。
2751,9,1751,别把世界知名的模特儿与普通的女子高中生混为一谈好吗……？
2751,9,1752,我想再多拍一些玲奈子的照片。
2751,9,1753,咦、咦咦……？有一张不就够了吗……？
2751,9,1754,我接下来想拍侧脸。你朝那边看一下。
2751,9,1755,这样很难为情耶……
2751,9,1756,嗯，很好。在可爱中感受到一丝寂寞，让人忍不住想要马上抱住你。那这次你把视线移往这边。
2751,9,1757,啊――唔――
2751,9,1758,把手放在嘴巴附近。收下巴，仰视一下，很可爱喔。不愧是玲奈子。噢，很好，很可爱很可爱。也拍一下你回首的样子。位置呢，就背对太阳看看吧。嗯，在逆光下的玲奈子，真是闪闪发亮的。
2751,9,1759,你要拍到什么时候啊……
2751,9,1760,拍得愈多，就愈想尝试不同的角度和姿势呢……拍喜欢的人，真的很棒。
2751,9,1761,那、那个啊！既然这样，我也想要拍几张朋友的照片，可以吗？
2751,9,1762,是吗？说得也是。我希望你也务必体验一下这种感觉。请吧。
2751,9,1763,挚友
2751,9,1764,呵呵，这样若是玲奈子感到寂寞，也能随时看到我了。
2751,9,1765,啊，嗯，对啊……
2751,9,1766,嘿！
2751,9,1767,为什么要删掉！？
2751,9,1768,我就是想删！好了好了，结束了结束了！
2751,9,1769,你在做什么～？
2751,9,1770,玲奈子喜欢的东西是什么？
2751,9,1771,呃――
2751,9,1772,这样啊，原来是我啊。嗯，也对啦。
2751,9,1773,等等，等一下等一下。不是，朋友。Friend。
2751,9,1774,是说，怎么突然这样问？
2751,9,1775,因为今后，我要带玲奈子去各种地方。所以想先t解一些你的饮食喜好。
2751,9,1776,那应该要直接问『你喜欢吃什么？
2751,9,1777,呃……我喜欢汉堡还有薯条之类的。啊，真唯有吃过吗？就是吃东西不用刀叉，而是用手抓着吃。
2751,9,1778,你是怎么看待我的啊？不过，垃圾食物吗……
2751,9,1779,呃，那么真唯你喜欢什么？
2751,9,1780,玲奈子。
2751,9,1781,别再说那个了！我说食物！我知道了，是鱼子酱、葡萄酒和鹅肝酱，对吧？
2751,9,1782,你到底是怎么看待我的？
2751,9,1783,我喜欢的食物呢，是肉喔。
2751,9,1784,啊～
2751,9,1785,像是汉堡排、烧烤或是寿喜烧之类的？
2751,9,1786,嗯，那些类型我都喜欢。牛肉应该是最喜欢的吧。所以我经常会外食。不过频率大概是一个月几次就是。
2751,9,1787,肉很赞啊。我也爱吃肉。那我们下次一起去吃肉吧？
2751,9,1788,真的吗？太好了。那么，我有一间推荐的餐厅。约下周六如何？
2751,9,1789,嗯？啊，嗯，是可以啦……
2751,9,1790,那家餐厅的价位，是不是相当惊人？
2751,9,1791,不，其实还好。就味道来说，价格算合理。比方说呢，通常我一个人的话会点五万圆的烧烤套餐，但既然这次是和玲奈子一起，不如就点十万圆的套餐如何？
2751,9,1792,你是上流阶级喔！
2751,9,1793,不是有女孩子会说，假日都在逛街购物吗？
2751,9,1794,是有呢。
2751,9,1795,美女
2751,9,1796,我啊，一直对这件事很疑惑。因为每周有两天假日对吧。这样子怎么可能假日都在都逛街啊。那我希望她们就好好说出自己的兴趣是看漫画、连续剧，或是看动画玩游戏之类……
2751,9,1797,我不是很清楚，但对于那种女孩而言，在家里玩的游戏应该只是单纯消磨时间，而能称为兴趣的是每个月出门几次的购物吧？像那些说自己的兴趣是滑雪的人也一样，他们也不会整年都在滑雪，不是吗？
2751,9,1798,你完全说服我了――！
2751,9,1799,唔唔，那么真唯，你假日都在做什么……？
2751,9,1800,你说我吗？
2751,10,1801,我会像平日一样，早上六点半起床，然后先跑跑步机流些汗。
2751,10,1802,跑步机。
2751,10,1803,在淋浴之后，就吃早餐。有时候会只吃沙拉过着简朴风，而有时候会在土司上涂上艾许牌的奶油，享受它的味道和香气。帮佣会根据我前一天的身体状况做调整。
2751,10,1804,吃完早餐后是自由时间。我会自主学习，或趁这段时间享受我的嗜好。最近，吹萨克斯风是我的小小乐趣。
2751,10,1805,啊，我最近习惯在假日读一本书。也很喜欢去推理纱月推荐的悬疑小说。我会在附近的私人咖啡厅，一边品味着咖啡香气，一边阅读。
2751,10,1806,当我想要更认真地运动身体时，会到公寓的健身房进行更正式的健身运动，我请了一位专属的教练，现在主要在锻炼腹内斜肌。最近肌肉变得很有弹性，我也很高兴能看到成果。
2751,10,1807,我母亲的朋友是名画家。她在工作之余开设了一个绘画班，我有请她帮忙指导。我喜欢的是写生素描，但这次打算挑战画人物。有一天我想画玲奈子。
2751,10,1808,我早上起床后，到睡前会一直玩游戏，不然就是看漫画或看动画。
2751,10,1809,嗯。
2751,10,1810,原来如此，那也是很好的兴趣。你应该引以为傲。
2751,10,1811,你这个上流阶级！！
2751,10,1812,哇～
2751,10,1813,如何？玩得开心吗？
2751,10,1814,杀了我，让我死吧……
2751,10,1815,你依然是如此独特啊。
2751,10,1816,……为什么我会在这种地方……？
2751,10,1817,当然是因为我邀请你来参加派对，而你也欣然接受了啊。
2751,10,1818,真的吗？你没有窜改我的记忆吧？
2751,10,1819,之前给你添了不少麻烦，为了表达歉意，是否能让我请你吃一顿呢？
2751,10,1820,她该不会带我去什么奇怪的地方吧？
2751,10,1821,玲真挚友
2751,10,1822,玲真挚友
2751,10,1823,好吧好吧，反正是真唯的兴趣吧，真拿你没办法～
2751,10,1824,不好意思，我现在和朋友在一起。
2751,10,1825,哎呀，是王冢小姐的朋友吗？还请务必向我们介绍一下。
2751,10,1826,这是我的同学
2751,10,1827,你、你好
2751,10,1828,她是甘织玲奈子，是我的未婚妻。
2751,10,1829,哎呀，是这样啊
2751,10,1830,那么，祝你玩得尽兴哦，甘织小姐。
2751,10,1831,好。
2751,10,1832,呼
2751,10,1833,总算能和你独处了，玲奈子。
2751,10,1834,如何？若是有想吃的东西，我去帮你拿吧。
2751,10,1835,我感觉连一粒米都吞不下去。
2751,10,1836,什么？原来是这样啊。你身体不舒服吗？假如你没有食欲，早点跟我说一声就好了。感觉真是抱歉。
2751,10,1837,我半个小时前还饿得肚子咕噜咕噜叫啦！
2751,10,1838,这个乡下姑娘是怎样？
2751,10,1839,真是粗俗。
2751,10,1840,究竟是谁把那种卑贱之民带来这里的？
2751,10,1841,她根本不该来这个地方。
2751,10,1842,嗯？怎么了？
2751,10,1843,总之你先过来！
2751,10,1844,王冢真唯──！
2751,10,1845,你带我来这种地方，到底是打算做什么呢？
2751,10,1846,你这家伙，真的是一点也不t解我耶……难道你不知道我为什么这么火大吗！？
2751,10,1847,摆在桌上的菜肴大多是义大利菜。因为之前也吃过义大利面，我还以为你会喜欢义大利菜呢，看来是我猜错了……
2751,10,1848,这种事情怎──么样都无所谓啦！我是喜欢吃义大利菜啊！不管是义大利面、披萨还是蛤蜊意面我都喜欢！
2751,10,1849,哦，这样啊。看样子我还是挺t解你的呢。
2751,10,1850,你这种想法根本就是大错特错──！
2751,10,1851,我还以为只是和真唯一起去吃顿饭而已耶！你怎么会带我来这种派对啊！？
2751,10,1852,我也只是打算来吃点东西的啊？
2751,10,1853,讲人话你是听不懂喔！
2751,10,1854,看来，我似乎又会错意了。
2751,10,1855,……真唯。
2751,10,1856,不是……那个，嗯……
2751,10,1857,因为这里的主厨以厨艺精湛而闻名，所以我才想带你来品尝一下的……这样啊，既然你不开心，那也没有意义了。
2751,10,1858,……你的心意，我就心怀感激地收下了。
2751,10,1859,……所以这是什么派对？
2751,10,1860,我记得是向母亲的公司出资的赞助商在每个季节都会定期举办的聚会，并没有什么特定的目的。
2751,10,1861,竟然真的有这种不存在任何目的的派对啊……
2751,10,1862,我们家一年365天都会收到五花八门的邀请函，所以我没想到带你一起来这种地方会是如此没有常识的行为。
2751,10,1863,王冢真唯，真厉害啊……
2751,10,1864,对不起。虽然很抱歉，但我先回去了。毕竟现场好像有许多真唯的熟人，你就留下来慢慢跟他们聊吧……
2751,10,1865,你在说什么。我怎么可能让你一个人先回去呢。
2751,10,1866,不、不是啦……我不是在顾虑什么，只是希望你能解开刚才说我是你未婚妻的那个误会……
2751,10,1867,你是我的恋人，换句话说就是未婚妻吧？因为我本来就打算要和初次交往的对象发展到结婚的。
2751,10,1868,就算是这样，向别人这样介绍我还是……有点不太对……
2751,10,1869,……因为。
2751,10,1870,如果我不事先声明，你肯定会被别人的花言巧语撩走的。
2751,10,1871,怎、怎……怎么可能啦。我可是个村姑，是卑贱的平民耶。
2751,10,1872,在我眼里，你就是灰姑娘。
2751,10,1873,啾
2751,10,1874,今天的你非常动人。
2751,10,1875,毕竟俗话说佛要金装，人要衣装……
2751,10,1876,非常适合你。
2751,10,1877,等、等一下……真唯……
2751,10,1878,像这样肌肤接触，我就愈是坚信，你就是我的『命定之人
2751,10,1879,哪、哪有可能……因为，我只是碰巧在真唯心情低落的时候成为你倾诉的对象……这种事情，就算不是我也……
2751,10,1880,我说过吧？这并非偶然，我相信那是命运。就算假设那个人不是你也毫无意义。因为当时出现的人就是你。
2751,10,1881,好、好啦。我知道了我知道了，我已经知道真唯的心意了啦！
2751,10,1882,那么，如果你丢下我一个人回去，是否就太坏心眼了呢？
2751,10,1883,谁、谁叫你向别人介绍说我是你的未婚妻啊……！
2751,10,1884,唉唉，你看见了吗？今天王冢前辈有来呢。
2751,10,1885,嗯！真难得呢，好久没见到她本人，果然漂亮得不得了。脸小小的，腿又那么长，真的感觉是世界级的水准呢～！
2751,10,1886,然后啊，我听说与王冢前辈订婚的对象也来了喔。
2751,10,1887,咦～！？真的吗！？不知道是什么样的人呢！
2751,10,1888,我没看到，不过应该是像克里斯&#8226;伊凡或是布莱德&#8226;彼特那样的人吧？
2751,10,1889,哇！感觉超登对的～～
2751,10,1890,……看吧，真唯，像我这样的人果然……
2751,10,1891,……呜呜。
2751,10,1892,哎，玲奈子，你真可爱。
2751,10,1893,那我们明天学校见。
2751,10,1894,是是是，再见……记得把头发扎起来再上学哦。
2751,10,1895,你也是，我觉得穿成这样在家里晃来晃去很有问题。
2751,10,1896,姊姊才是……你那身打扮是怎么回事？
2751,10,1897,咦？
2751,10,1898,咦，这个人是谁？
2751,10,1899,啊，不是，这是因为……
2751,10,1900,因为真唯，那个，邀请我参加派对。
2751,10,1901,派对！？
2751,10,1902,呃，嗯，还好啦……现场来了很多人。是向真唯的公司出资的赞助商举办的派对。我也受到了邀请，所以才打扮成这个模样。
2751,10,1903,那是什么……好、好厉害……
2751,10,1904,用餐是采自助式，桌上琳琅满目地摆着知名主厨烹煮的义大利菜。哎呀，怎么说呢……超赞的。
2751,10,1905,唉────！
2751,10,1906,妈妈～今天吃什么～？
2751,10,1907,咦，姊姊，你不是才刚在饭店吃过吗？
2751,10,1908,王冢真唯在学中！
2751,10,1909,我们来做朋友吧！
2751,10,1910,哎啊～在学校真令人安心……
2751,10,1911,你来得真早呢，甘织。
2751,10,1912,咦？呃，嗯，那个，偶尔啦！
2751,10,1913,在没有任何人看到的状况下悄悄把借来的礼服还回去
2751,10,1914,是吗？
2751,10,1915,咦？啊，是。
2751,10,1916,您……您有何贵干吗……？
2751,10,1917,正好。嗳，甘织。
2751,10,1918,你现在能陪我一下吗？
2751,10,1919,……很热呢。
2751,10,1920,……就是啊。
2751,10,1921,美少女是不会出汗的
2751,10,1922,那、那个，请问你这次找我有何贵干呢？
2751,10,1923,……
2751,10,1924,呃、那个……是、是关于真唯那件事吗？
2751,10,1925,对不起。
2751,10,1926,没关系。因为你说对了。
2751,10,1927,跟我上床
2751,10,1928,因为你喜欢我吧？
2751,10,1929,啊，那该不会，你其实想和真唯和好，但老实道歉又很让人难为情，所以希望我帮你一把！？
2751,10,1930,你说谁，要向谁，道歉？
2751,10,1931,……应、应该是、真唯、向纱月同学吧？
2751,10,1932,没错。但是那个笨蛋根本不可能意识到自己犯了什么错吧。
2751,10,1933,所以呢，甘织。
2751,10,1934,如果不向那家伙复仇，我可是不会消气的。单方面被人耍着玩不符合我的原则。
2751,10,1935,复、复仇什么的，太夸张了啦。
2751,10,1936,抱歉纱月同学，我突然想到还有点事！
2751,10,1937,不过呢，现在复仇对我来说根本就无所谓。
2751,10,1938,我说，甘织。
2751,10,1939,你能和我交往吗？
2751,10,1940,啊！？
2751,10,1941,嗯，着火了啊。没办法，今天就住旅馆吧
2751,10,1942,我说得对吧！？纱月同学！
2751,10,1943,不是。
2751,10,1944,我打从心底喜欢你。现在我已经喜欢上甘织了。已经喜欢到无可自拔地爱着甘织。
2751,10,1945,也讲得太没感情了吧！
2751,10,1946,那我问你，你喜欢我什么地方！？
2751,10,1947,咦？……我想想。
2751,10,1948,…………………………很有自知之明这点？
2751,10,1949,怎么有人会因为这种理由喜欢上别人啦！
2751,10,1950,怎么，你不满意我当你的恋人吗？
2751,10,1951,唉！？不是，怎、怎么会……
2751,10,1952,怎、怎么会不满意呢，哪有啦。纱月同学这么漂亮……而且……
2751,10,1953,而且？
2751,10,1954,像是冷冽动听的声音，神采焕发的站姿，我都觉得很棒……坐在位子上时露出的侧脸也很帅气……你总是表现得光明磊落、充满自信，我真的很羡慕你……
2751,10,1955,……是吗，谢谢。
2751,10,1956,不，可是，那个，对我来说！
2751,10,1957,恋人关系是不行的啦！如果是朋友关系，那就完全没问题！
2751,10,1958,啊，这么说的话……确实是这样呢。你也是用这套说词暂时搁下了那个女人的诱惑呢。
2751,10,1959,呜呜呜，不管是和谁都不行啦……这不是说真唯有哪里不好，或是纱月同学怎么样，只是我完全没有自信能把这段关系维持下去……
2751,10,1960,不要紧的。即使阴差阳错地和你交往，我感觉只要过一个月就能彻底断得一干二净。你就放心和我交往吧。
2751,10,1961,哪有人这样追女生的啊！
2751,10,1962,午睡
2751,10,1963,早安，玲奈子，还有……
2751,10,1964,早、早安，王冢同学。
2751,10,1965,嗯……
2751,10,1966,没有面包的话吃蛋糕不就好了？而且我本来就比较喜欢蛋糕
2751,10,1967,能在进教室前遇到玲奈子，今天真是个好日子啊。
2751,10,1968,嗯～～～王冢真唯！
2751,10,1969,我当然会负责的
2751,10,1970,嗯？你怎么了？一直盯着我的脸。今天也依然美丽吗？
2751,10,1971,是啊！？王冢同学一直都很漂亮！
2751,10,1972,呵呵，听到你这样称赞，也怪难为情的。今天果然是个好日子。不过，对我而言，基本上每一天都是好日子。
2751,10,1973,王冢同学
2751,10,1974,挚友
2751,10,1975,啊，是王冢同学～早～！
2751,10,1976,听说你前阵子开了自弹自唱的演唱会，是真的吗？我超想听的──！
2751,10,1977,嗨，大家好
2751,10,1978,啊，小玲奈，早安～
2751,10,1979,啊～体力慢慢恢复了……
2751,10,1980,唉？什么意思？
2751,10,1981,意思是，如果紫阳花同学在RPG里面，绝对会是僧侣呢。
2751,10,1982,是吗？我比较喜欢武道家呢。
2751,10,1983,呃，不对，不对啦，小玲奈。
2751,10,1984,啊，是，对不起。
2751,10,1985,咦？不会，我才不好意思？不对，那个……
2751,10,1986,刚才啊，我在来教室的途中看到了，那个，小玲奈和小纱月走在一起，我想说很难得呢。
2751,10,1987,没有那种事啦──
2751,10,1988,的确……
2751,10,1989,发生了什么事吗？
2751,10,1990,唉！？
2751,10,1991,啊，对不起，我完全没有那个意思。那个，我只是在想是不是发生了什么事而已，不回答也完全没关系的。因为我也不是那么在意。呃，今天天气好热呢！
2751,10,1992,嗯、嗯！幸好教室很凉呢！
2751,10,1993,蠢事
2751,10,1994,喜欢
2751,10,1995,当时的小玲奈看起来真的超凄惨的w
2751,10,1996,紫阳花同学。
2751,10,1997,咦？怎、怎么了？
2751,10,1998,上次给您添了许多麻烦，实在是非常抱歉……
2751,10,1999,咦？什么什么！？哪次！？
2751,10,2000,和我交往吧
2751,11,2001,听我说，玲奈亲、小紫（紫阳花）。
2751,11,2002,主推真唯！
2751,11,2003,小香穗，快开始上课了耶？
2751,11,2004,嗯，对啊。老师要来了喔。
2751,11,2005,在那之前呢～
2751,11,2006,之前提过的关于下下周的那件事，我们来稍微讨论一下吧。
2751,11,2007,哦，就是五个人一起出去玩那件事啊。
2751,11,2008,嘘──！玲奈亲你太大声了！
2751,11,2009,啊，抱歉。
2751,11,2010,比起小玲奈，小香穗反而更大声啦！
2751,11,2011,先别管那些鸡毛蒜皮的事情了。现在发生了一个难以忽视的问题。
2751,11,2012,就是那两个人能不能在那之前和好喵……
2751,11,2013,是啊……其实也冷战很久了呢。
2751,11,2014,呜～呜～我想和大家一起出去玩～～！想去玩想去玩想去玩想去玩嘛～！没有全员到齐就不好玩了啦～～～～！
2751,11,2015,别、别这样啦……！
2751,11,2016,唉……谢了，玲奈亲……但是看样子，我的身体已经离不开小纱（纱月）了……
2751,11,2017,对、对不起。
2751,11,2018,如果不是像小纱月那样，用那种能让人哭笑不得的力道狠狠地朝脑袋敲下去的话……就不够刺激了……你懂吧。
2751,11,2019,我才没那么做过
2751,11,2020,若是能知道她们两人发生了什么事情，至少还有可能帮得上忙呢。
2751,11,2021,好，我是不会放弃的！绝对要五个人一起出去玩！总之，我也会尽力帮她们和好的！因为高一的夏天，一辈子就只有一次啊──！
2751,11,2022,小柳，回位子坐好。
2751,11,2023,好的～老师～！啊，老师今天这件点点花纹的长裙好可爱哦！
2751,11,2024,谢谢夸奖。
2751,11,2025,小香穗，让她们两人和好的那件事，也让我出一份力吧！
2751,11,2026,哦、哦？玲奈亲很有干劲呢！
2751,11,2027,嗯！虽说我不知道自己能做什么，说穿了我可能真的什么都办不到，既没有自信又毫无计画，但我是真心盼望她们能和好的……除了这份心意以外我什么也没有……也没有一丝行动力……对不起……
2751,11,2028,唉！？这样我不就只能说……『只要你有这份心意我就很开心了
2751,11,2029,那么，我们一起回去吧。
2751,11,2030,今天要绕去哪里逛逛吗？
2751,11,2031,也是，我今天稍微有些时间。去车站前稍稍晃晃如何？
2751,11,2032,不错耶，感觉很好玩。啊，小玲奈也一起来吧。
2751,11,2033,啊，好。
2751,11,2034,绝不能拒绝别人的邀请
2751,11,2035,这样啊，玲奈子还有其他事情要忙吗？那香穗、紫阳花同学，就我们三个人去吧。
2751,11,2036,嘿嘿嘿……
2751,11,2037,没错。
2751,11,2038,甘织和我还有事情要忙。走，我们回去吧。
2751,11,2039,咦？等──！？
2751,11,2040,我们有事情要忙对吧。
2751,11,2041,不，呃！？
2751,11,2042,对吧？
2751,11,2043,要我现在继续讲早上那件事也可以。反正对我来说无所谓，不过你在班上的立场会变成怎么样呢？
2751,11,2044,啪
2751,11,2045,原来如此，是这样啊！那玲奈亲，小纱就拜托你了！我们两个就和真唯一起回去！对吧，对吧！
2751,11,2046,玲奈子，你……
2751,11,2047,嗯、嗯！就是这样！大家对不起，我们明天见！
2751,11,2048,小、小玲奈～～……？你们为什么要挽着手～～……？
2751,11,2049,你就大发慈悲放过我吧。
2751,11,2050,所以我不是说你要喝什么都请你吗？
2751,11,2051,自动贩卖机……
2751,11,2052,怎么，你有意见？
2751,11,2053,没有……
2751,11,2054,话说回来。
2751,11,2055,我讨厌饮料的异味
2751,11,2056,你看到那家伙刚才的表情了吗？看起来很受打击。真是让人痛快。
2751,11,2057,那这样子，就算报了一箭之仇吧。很好很好，纱月同学非常成功地反咬她一口。所以你们可以和好了，从明天开始大家又是好朋友！
2751,11,2058,怎么可能，我的复仇才刚刚开始呢。
2751,11,2059,我想也是……
2751,11,2060,你对那家伙来说果然是与众不同的。
2751,11,2061,就是啊，到底是为什么呢……
2751,11,2062,这种事已经无所谓了。重点在于，和你交往确实是值得的。
2751,11,2063,看到你满脑子都是算计，我反而也比较舒坦呢……
2751,11,2064,我明明有好好跟你告白过啊。你就假设我个性害羞，所以只能说出那样的话如何？
2751,11,2065,是很可爱啦！但其实并不是这样吧！？
2751,11,2066,唔……
2751,11,2067,……你不是也同样因为那家伙而饱受其害吗？
2751,11,2068,这……是没错啦。
2751,11,2069,话是这样说，但这种做法还是有点……让真唯看到我与纱月同学交往的样子，借此伤害真唯什么的……对朋友做这种事，感觉会有点于心不忍……
2751,11,2070,……朋友。
2751,11,2071,甘织，你和我是朋友吗？
2751,11,2072,唉？
2751,11,2073,我、我不知道……
2751,11,2074,……你的回答还真是老实呢。
2751,11,2075,因为！
2751,11,2076,我几乎没有和纱月同学单独说过话！就算我把纱月同学当作朋友，但纱月同学若不这样想的话，我会很受伤的！而且就刚才的气氛来说，如果我说『当然是朋友啦！因为我很重视纱月同学！
2751,11,2077,是不会凶你，但我会趁势问你『那么你会帮我吧？
2751,11,2078,你这是在套我话啊！请不要这样啦，我很容易上钩的！
2751,11,2079,好吧，我知道了。
2751,11,2080,咦……
2751,11,2081,反正我打从一开始就不认为这种方法能够顺利。我也不想硬是勉强你做这种事。让你奉陪我，真的很对不起。
2751,11,2082,呃，不会。
2751,11,2083,而且我和你也不算是朋友，只是刚好在同一个圈子罢了。这样就行了吧。好了，这件事就到此为止。
2751,11,2084,那我就先回家玩游戏了……
2751,11,2085,那个。
2751,11,2086,怎么了？
2751,11,2087,那么，我现在应该可以认为，你打算与真唯和好了吗？
2751,11,2088,………………你从刚才的对话，得出了这种结论？
2751,11,2089,唉？有什么不对吗……？
2751,11,2090,像是这种想法之类就不对了。
2751,11,2091,但是，要是你们两人不愿和好，感觉会非常尴尬……我上学时会很难受的……到时就会拒绝上学，给父母亲添麻烦……
2751,11,2092,等等甘织，你的脸为什么看起来像是快哭了一样？咦？你这是在威胁我？现在反而变成你在威胁我吗？
2751,11,2093,啊啊真是的。
2751,11,2094,好啦，我跟她和好。这样就行了吧。和以前一样，又～～～是由我向那个毫无罪恶感的家伙让步就行了吧！
2751,11,2095,咦……纱月同学，你好温柔……
2751,11,2096,但相对的──
2751,11,2097,好可怕！
2751,11,2098,两周！只要两周就好，你要在这段期间和我交往。结束之后我就和那家伙和好。
2751,11,2099,这次我可是认真拜托你的。那个笨蛋根本就不把我当一回事，不过现在我总算是找到她的弱点了。所以──
2751,11,2100,……请你协助我。
2751,11,2101,如果只是这样的话，那就……不过，我不会听太过分的要求哦。
2751,11,2102,好。
2751,11,2103,那是当然的。谢谢你，甘织。
2751,11,2104,嗯……
2751,11,2105,那么，从明天起的两周，我们就算正式交往了，可以吧？
2751,11,2106,呜呜……好……
2751,11,2107,可恶！
2751,11,2108,彼此彼此，我才要请你多多指教……
2751,11,2109,纱月同学？
2751,11,2110,嗳，我们可以绕一下路吗？
2751,11,2111,咦？嗯。啊，这个嘛，只要不是人太多的地方就好。
2751,11,2112,什么意思？没事的，我又不是那个女人。很快就结束了。
2751,11,2113,感觉是个很不错的地方呢。
2751,11,2114,是啊，这里对我来说，是个有点回忆的地方。
2751,11,2115,呃，你经常来这里玩吗？
2751,11,2116,是啊，比方说想要好好激励自己的时候。
2751,11,2117,看来是很棒的回忆呢。
2751,11,2118,因为我会回想起当时还是个小学生的王冢真唯在崩溃得一塌糊涂的同时，不顾形象紧紧抱着我的画面……呵呵呵……
2751,11,2119,这算是很棒的回忆吗！？
2751,11,2120,这可是无论多久都不会褪色的永远的美酒喔。
2751,11,2121,你把我带到这种类似战场遗址的地方，打算做什么……
2751,11,2122,既然我们已经决定要打倒那个女人，你不认为这里是个再好不过的誓言之地吗？
2751,11,2123,不是要打倒啦！是和好！结缘！
2751,11,2124,好吧。不过该做的还是要做。甘织，虽然只有短短两周。
2751,11,2125,我整个人都是缺点，经常被人说像个雪女，也知道自己是个冷血的人。或许我不是你喜欢的类型……但是，我这个女人是有恩必报。
2751,11,2126,不，该怎么说，我喜欢的类型是……
2751,11,2127,你不是喜欢金发碧眼的四分之一混血女性吗？
2751,11,2128,一般来说一辈子都不会遇见这种人吧！？
2751,11,2129,那就是像濑名那种的。
2751,11,2130,唔。
2751,11,2131,基本上你好像有什么误会，我并不是喜欢女孩子耶！？
2751,11,2132,是吗？这样的话，我果然没有任何条件符合你的要求呢。
2751,11,2133,既然要求你与我交往，那么我就必须让自己表现得是个配得上你的恋人。
2751,11,2134,可、可是，纱月同学并没有喜、喜欢我吧？只是因为真唯喜欢我所以才会想和我交往吧？
2751,11,2135,是没错。
2751,11,2136,这和喜不喜欢没关系吧？我会遵守我们两人签订的契约。
2751,11,2137,这好像相亲结婚……
2751,11,2138,没错，某种意义上或许很接近。
2751,11,2139,所以，虽然时间不长，但我会作为一名妻子尽力服侍你的。
2751,11,2140,唉、唉唉唉唉唉唉……怎、怎么这样说啦……
2751,11,2141,什么啦，没必要那么惊讶吧。
2751,11,2142,不是，因为那个纱月同学竟然说出这种话，我当然会吓一跳啊……
2751,11,2143,我不知道你说的是哪个纱月同学，但你是为了我才和我交往的，我想应该也多少给你一些好处吧。
2751,11,2144,好、好处是指……？
2751,11,2145,你就好好期待吧。
2751,11,2146,咿……
2751,11,2147,等等……你的脸怎么这么红？
2751,11,2148,唉！？是吗！
2751,11,2149,……你……我懂了，原来是这样啊。毕竟我无权过问你的喜好，如果你希望那种事情，我姑且也会……尽可能地努力的……
2751,11,2150,等、等一下！
2751,11,2151,我、我才不想做那种事！我完全没有那方面的想法！我从出生到现在，从来都没有过那方面的想法！
2751,11,2152,那我就放心了。因为就算你有那方面的需要，我也对那类的知识不太清楚……
2751,11,2153,我绝对不会有那种需要！
2751,11,2154,……不过，你渴望王冢真唯这么做吧？这点我倒是有点难以释怀。
2751,11,2155,别在这种地方燃起竞争意识啦！？再说我也没渴望她这么做！都只是真唯单方面袭击我而已！
2751,11,2156,我认为自己在世人眼中，应该能归类在美女之流喔？
2751,11,2157,这一点我深有同感！纱月同学是个超漂亮的美女！
2751,11,2158,还好啦
2751,11,2159,是说，妻子啊结婚啊什么的，我是觉得不用考虑得这么沉重啦……毕竟也才两周而已……
2751,11,2160,原来你是这么轻浮的女人（婊子）吗……？
2751,11,2161,才不是──！我不是那个意思！
2751,11,2162,不管甘织怎么想，我依然会基于自己的信念行动。
2751,11,2163,你一开始的动机分明只是为了刺激真唯吧……
2751,11,2164,我会基于信念行动的。
2751,11,2165,那么，虽然只有短短两周……
2751,11,2166,嗯，请你多多指教了，亲爱的。
2751,11,2167,亲爱的（译注：日文亲爱的与你／你同音。）
2751,11,2168,感觉纱月同学意外地会是一个好妻子呢……
2751,11,2169,是吗？不过也很难说呢。毕竟你好像比较喜欢床上功夫了得的女人……
2751,11,2170,误会！那是误会！
2751,11,2171,请多指教
2751,11,2172,不是这样。总之，像这种得从形式开始做起……你觉得如何？
2751,11,2173,啊。
2751,11,2174,我做事情最讨厌的就是不够彻底。
2751,11,2175,不是，可是，那个。
2751,11,2176,……这样还好吧。连这点小事都做不到，怎么能说我们在交往呢。
2751,11,2177,那、那个，纱月同学……牵手还是有点，那个……
2751,11,2178,嗳，作为证据，我们至少先拍一张牵手照吧。
2751,11,2179,唉？
2751,11,2180,对了，把这张照片上传到IG如何？就是要传这种刻意的照片吧？呵呵，感觉挺有意思的。我可以想像那个女人看到照片后闷闷不乐的表情了。
2751,11,2181,这样做我们圈子的人肯定马上就会知道了啊！要是传上去我就立刻跟你离婚，离婚！
2751,11,2182,甘织有什么兴趣吗？
2751,11,2183,唉？我、我吗？
2751,11,2184,那当然
2751,11,2185,总之，我想t解关于你的各种事情。
2751,11,2186,每个听起来都是脑袋不好的兴趣，跟甘织很配呢
2751,11,2187,是吗？我也喜欢玩游戏。魔物猎人已经玩了两万个小时
2751,11,2188,真、真要说的话，就是……玩游戏吧。
2751,11,2189,你说的游戏，是指大富翁吗？你一个人玩？
2751,11,2190,呃、嗯，算是吧，差不多就是这样。
2751,11,2191,甘织。
2751,11,2192,你为什么要说谎？
2751,11,2193,唉？
2751,11,2194,我是为了t解你才提问的，假如你撒谎的话就没意义了。好好回答我的问题。
2751,11,2195,呜呜呜对不起……
2751,11,2196,呃，喂。
2751,11,2197,其实，我都在玩游戏，是刑警……用枪砰砰砰射人的那种野蛮游戏……
2751,11,2198,是吗，你是因为在现实过得不顺利，才会在游戏中发泄心中的怨气啊。这就是所谓的游戏脑吧。真可怜
2751,11,2199,哦
2751,11,2200,就是所谓的FPS吧。
2751,12,2201,原来你知道啊！？那个纱月同学竟然知道！？
2751,12,2202,我感觉自己刚刚受到了莫名的侮辱。
2751,12,2203,小的不敢！该怎么说呢，那个……纱月同学平常给人的感觉就是行得端、坐得正那样！游戏根本就是不良学生才会玩的，是人生的落伍者，会愈玩愈笨的！
2751,12,2204,我反而认为会抱有那种刻板印象的现代人才是稀有动物……总之，这是因为我偶尔会看到妈妈在玩游戏。
2751,12,2205,什么？竟然是令堂？
2751,12,2206,你觉得她是那种戴着尖框眼镜，一开口就是念书、念书的那种人吗？
2751,12,2207,竟然读了我的心！
2751,12,2208,并没有。
2751,12,2209,不过，也对。经常会有人对她有这种印象，但实际上完全不是那么回事。虽然你一辈子都不会知道真相就是。
2751,12,2210,啊，是。
2751,12,2211,FPS好玩吗？
2751,12,2212,唉！？呃，这个嘛，怎么说呢！我想应该要看人吧！
2751,12,2213,这种说法无论套在什么事情都是一样的吧。我现在是在和你说话，所以想听听你的主观意见。
2751,12,2214,说、说得也是呢。那个，我是挺……挺喜欢的。因为玩游戏的时候不用思考其他事情……
2751,12,2215,是啊，我懂。当我邂逅一本好书时，根本就是读到废寝忘食。
2751,12,2216,哦──……啊，纱月同学喜欢什么样的书？
2751,12,2217,基本上什么都喜欢，不过最喜欢的题材应该是描写人类的吧。
2751,12,2218,应该算感情那方面的吧。像是被逼入绝境，在紧要关头才显露本性；又或者是陷入了无可奈何的状况之下也要拼死挣扎往前迈进之类的。我特别喜爱这类毫无保留地描写人类心理的故事。
2751,12,2219,这样啊。啊，我也喜欢这种故事！
2751,12,2220,……真的吗？
2751,12,2221,唉？我这次说的是真的啊！？
2751,12,2222,我知道啦。刚才只是开个玩笑。
2751,12,2223,你、你好坏……！
2751,12,2224,你为什么要那么拼？
2751,12,2225,那是因为……
2751,12,2226,我不想被纱月同学讨厌……
2751,12,2227,我不会讨厌你的。
2751,12,2228,唉？
2751,12,2229,反正打从一开始，我就没那么喜欢你。
2751,12,2230,喂喂喂──！
2751,12,2231,嗳，甘织。
2751,12,2232,什、什么事？
2751,12,2233,如果你不嫌弃，我这里有本刚看完的小说……你要看吗？
2751,12,2234,咦？嗯，我要看！
2751,12,2235,你不想看也没关系……呃，你回答得真快。
2751,12,2236,因为我对纱月同学平常在看些什么书很感兴趣！
2751,12,2237,……是吗？
2751,12,2238,不用急着还。虽然我觉得内容应该是你会喜欢的，但若是你觉得无聊，也不需要勉强自己看完。
2751,12,2239,谢谢你！
2751,12,2240,我不常向别人推荐我喜欢的书，但我觉得至少该由我主动拉近两人的关系。
2751,12,2241,看到甘织的反应，我更确定自己该这么做。
2751,12,2242,我们难得都交往了，如果还一直掩饰、讲场面话，那不论过了多久也都只是像个外人。感谢你提供的反面教材。
2751,12,2243,不客气啦！
2751,12,2244,内容应该是你会喜欢的
2751,12,2245,早安
2751,12,2246,早、早安……
2751,12,2247,嗯
2751,12,2248,可以借个时间吗，玲奈子？
2751,12,2249,唉？……呃！
2751,12,2250,那、那个，要去顶楼吗？
2751,12,2251,抱歉，并不是。我的皮肤对紫外线很敏感，这个季节待在顶楼会有点难受。不过那里是与你的回忆之地，若是你想去的话，我就拿阳伞陪你去吧。
2751,12,2252,这样也太显眼了吧……呃，那我们要去哪里？空教室吗？
2751,12,2253,安静的地方。
2751,12,2254,来，请上车吧，达令。
2751,12,2255,如果是在这里就不会被别人听到了。应该可以好好说清楚了吧？
2751,12,2256,不，是这样没错……是这样没错啦！？但你摆出那种『这主意不错吧
2751,12,2257,既然这无疑是胜利，透过什么方式也无关紧要了吧。来，你要喝点什么？苏格兰威士忌？波本酒？还是我帮你调一杯鸡尾酒如何？
2751,12,2258,王冢家的法律和日本的法律不一样啦！哪有女高中生会在午休时间小酌一杯鸡尾酒再回去上课啊！
2751,12,2259,这样只属于我俩的甜美秘密又多了一个呢。
2751,12,2260,这只是酒精骚扰吧！？我没想过竟然会被同班同学酒精骚扰！
2751,12,2261,……最近，你好像和纱月走得很近，你们是从什么时候变得这么要好了？
2751,12,2262,那个，呃，是、是是是这样的！
2751,12,2263,那个，就是，呃……该怎么说呢，呃……其实是从前天开始的，那个，我想说偶尔也要和纱月同学加深友谊，这样！
2751,12,2264,哈哈、哈哈哈
2751,12,2265,不，那个……
2751,12,2266,嗯？
2751,12,2267,非常抱歉……
2751,12,2268,怎么了，玲奈子？你做了什么必须向我道歉的事情吗？
2751,12,2269,不是，该怎么说呢……我只是觉得应该道歉……
2751,12,2270,那个，真唯……我和真唯是朋友对吧……
2751,12,2271,现在是暂时稳定在玲真挚友的关系呢。
2751,12,2272,像这样，在相处的人增加之后，偶尔周围的人彼此意见会发生冲突，要求的东西也会重叠……在这种情况下，我该怎么做才好呢……
2751,12,2273,没想到反而是你找我商量啊。
2751,12,2274,这样啊，我懂喔，玲奈子。
2751,12,2275,反正就是纱月在策划一些对我不利的事吧。而你虽然在协助纱月，内心却又对我过意不去。我说得没错吧？
2751,12,2276,唉……你为什么知道？
2751,12,2277,这点小事我当然知道。毕竟我是王冢真唯啊。
2751,12,2278,我的朋友怎么这么帅气啊……
2751,12,2279,而且你之所以会觉得对我过意不去，是因为你打从心底爱着我。
2751,12,2280,不，这就不对了。
2751,12,2281,我当然明白。你是个为朋友着想的佳人。正因为如此，你才会总是因为自己被夹在朋友之间而痛苦不堪。可是呢，毕竟这就是你的魅力，我绝不会否认这点。无论你要与谁在一起都无所谓，只要最后能回到我王冢真唯身边就行了。
2751,12,2282,不如说我反而放心了。你与纱月关系要好，对我来说也是值得高兴的事情。纱月虽然看起来那个样子，但其实很温柔。你们应该会合得来吧。
2751,12,2283,呃……真唯和纱月同学在进这所学校之前就已经认识了吧？
2751,12,2284,嗯，是啊。我们第一次见面是在国小五年级的春天。
2751,12,2285,从国小开始啊。
2751,12,2286,原来你们也有过国小时代啊……
2751,12,2287,毕竟我们也不是从这个世界突然冒出来的。话虽如此，幸好我是在上高中之后才遇见你的。毕竟以前的我是个蠢到不行的女孩。
2751,12,2288,是这样吗！？
2751,12,2289,是啊。我以前曾认为收到他人的好意是理所当然，是个不谙世事的大小姐。丝毫没有察觉自己所处的环境有多么优渥，是个无知又傲慢的少女。
2751,12,2290,纱月是知晓当时的我的为数不多的朋友。老实说，有时我也会觉得难为情……玲奈子，我曾说过我把你视为命定之人吧？
2751,12,2291,唉？嗯。
2751,12,2292,我遇见了你，这个事实无论如何都改变不了。同样的，纱月从以前就陪伴在我身边，这份日积月累的岁月也是无可取代的。
2751,12,2293,……嗯，说得也是。
2751,12,2294,她是个不错的家伙
2751,12,2295,话说……真唯你超喜欢纱月同学的嘛。
2751,12,2296,这就不清楚了。像现在我们几乎也没什么说话。
2751,12,2297,就、就是啊，没错，就是这个！
2751,12,2298,既然你认为纱月同学对你很重要，应该能马上就和好了吧？
2751,12,2299,就算你要我与她和好，我自己也没特别想与她争执啊。
2751,12,2300,唉──……？
2751,12,2301,毕竟纱月这个人顽固且不知变通。她如果决定要做一件事，短时间内是不会结束的。没关系，就让纱月照她的想法放手去做吧。
2751,12,2302,真、真的好吗？真的要让她放手去做吗？
2751,12,2303,虽说她抢走了我与玲奈子相处的时间是有点难受。不过，这种程度应该没关系吧。毕竟玲奈子也想这么做吧？那么我自然会尊重你的想法。纱月就麻烦你多多关照了。
2751,12,2304,可以吧？让纱月同学照自己的想法去做，真的可以对吧！？
2751,12,2305,嗯，我不就是这么说的吗？我已经决定要在毕业前与玲奈子慢慢加深关系。偶尔稍微绕点远路对人生也是必要的。反正，我们也要年满18岁才能结婚。
2751,12,2306,是吗……我知道了。
2751,12,2307,不过，要是我早知道会像这样与你独处，今天就应该把头发放下来才对。
2751,12,2308,可、可是，你帮了我大忙了。真唯以朋友的身分，很认真地陪我商量事情。
2751,12,2309,是吗？那就再好不过了。
2751,12,2310,顺带一提，如果是恋人的话，我会比现在温柔四倍，会把你宠到不会再有任何的烦恼，如何？
2751,12,2311,什么如何啊！不要那样子把人家为了稍微有所成长而做出的努力化为乌有啊！
2751,12,2312,那我们回去吧，甘织。
2751,12,2313,呃，嗯。
2751,12,2314,好，要和纱月同学感情要好地离开教室～
2751,12,2315,那、那个……明天见，王冢同学。
2751,12,2316,嗯，路上小心喔。明天见。
2751,12,2317,来，快走吧，好吗？亲爱的。
2751,12,2318,啊，呃。
2751,12,2319,亲爱的
2751,12,2320,…………
2751,12,2321,你刚才是不是有点强硬啊，纱月同学……
2751,12,2322,昨天我说过了吧。会给你一些好处。
2751,12,2323,那我们走吧。
2751,12,2324,要、要去哪……？
2751,12,2325,当然是去个好地方。
2751,12,2326,呃，这不是图书馆吗！
2751,12,2327,是啊。
2751,12,2328,冷气好强，好凉！
2751,12,2329,那就好。别在那吵闹了，稍微安静一点。
2751,12,2330,那个……我想顺便请教一下，你说的好处是指什么呢？
2751,12,2331,那当然就是由我来教你念书啊。
2751,12,2332,这样啊……
2751,12,2333,你为什么要用双手捂着脸呢？难道是喜极而泣……好像也不对。
2751,12,2334,该怎么说呢，我觉得自己已经不纯洁了……
2751,12,2335,是无所谓，不过下周就要期末考了，你现在一天会花多少时间念书？
2751,12,2336,唉？
2751,12,2337,大、大概30分钟……？
2751,12,2338,这样真亏你还能维持现在的成绩呢。你上次考试的平均分数多少？
2751,12,2339,我呢，不打算和成绩不好的学生混在一起。
2751,12,2340,竟然还直接语中带刺地酸我……呜呜，就算这样，我的分数也只是比一年级的平均稍微低一点而已啊……
2751,12,2341,既然你是我交往的对象，起码也要考进一年级的前十名，否则我会很困扰的。
2751,12,2342,我怎么可能考得进前十名啊……找遍全世界搞不好也没三个人吧……！？
2751,12,2343,有十个人。
2751,12,2344,王冢真唯是年级第一，这点不用我再提醒你。但濑名也是前十名的常客，就连香穗也有这种程度喔。
2751,12,2345,是这样吗！？
2751,12,2346,先别管那种事，甘织。你对其他人总是抱有劣等感吧。如果有什么可以透过自身的努力弥补的地方，我认为你可以试着再稍微努力一下。
2751,12,2347,呜……
2751,12,2348,也对，年级前十是设定得太夸张了。你没有必要勉强和别人去争名次。但是，你不觉得靠自己的努力让成绩变好会很开心吗？
2751,12,2349,这我倒是有点理解……
2751,12,2350,也对，如果成绩变好了，妈妈应该也会开心……
2751,12,2351,尽是好事对吧。
2751,12,2352,的确……
2751,12,2353,那我们就开始吧。你也把课本拿出来。
2751,12,2354,好～
2751,12,2355,整人大作战☆阳角齐聚的烤肉祭典
2751,12,2356,不行不行绝对不行我要死了──！
2751,12,2357,那个，纱月同学，我想问这个地方。
2751,12,2358,哪里？啊，这个啊，有点复杂呢。听好？像这种问题要稍微转换一下想法──
2751,12,2359,纱月同学该不会是那种会让没用的老公出人头地的贤妻吗……明明平常那么冷淡，但教人念书却这么温柔……这就是软硬兼施吗？
2751,12,2360,我不是故意这样做的。毕竟这种时候对你再严厉也无济于事吧。如果用骂的能让你记起来的话就另当别论了。
2751,12,2361,纱月同学其实是那种一旦成为恋人的话，就会说『真拿你没办法呢
2751,12,2362,我又没跟人交往过，怎么会知道啦……
2751,12,2363,你用这种角度看我，总觉得怪难为情的……
2751,12,2364,唉？不是，那个，不是啦，这不是因为我很在意你，只是假设而已。我只是单纯觉得『当纱月同学的恋人想必会很幸福吧
2751,12,2365,……你现在不就是那个恋人吗？
2751,12,2366,是、是没错啦。
2751,12,2367,你、你想想嘛，如果是真唯教我，她肯定会摆出『我无法理解你为何听不懂
2751,12,2368,你拿我和那家伙在这点做比较，等同对我的精神施以过度的暴力，以后能注意一点吗？
2751,12,2369,是。
2751,12,2370,然后还有这里。
2751,12,2371,不用顾虑我
2751,12,2372,我以前也解不开这些问题。
2751,12,2373,唉？
2751,12,2374,因为我始终抓不到念书的要领，说不定现在也是这样。我根本完全就不会念书，一点也找不到其中的乐趣，老是重复犯下同样的错误。
2751,12,2375,可是，你还是一直坚持了下去。
2751,12,2376,因为我在赌气。
2751,12,2377,我很不甘心。不管是念书还是运动，没有人赢得了真唯。大家都以为真唯是特别的而拼命夸赞她。但不是那样的。那家伙也是有好好靠着自己努力。我因为知道这点，便觉得既然同样生而为人，就没有赢不了她的道理，所以才不断挑战她。
2751,12,2378,这样啊……那如果我好好努力，是不是也能考到年级第二呢？
2751,12,2379,就要看你的努力了。
2751,12,2380,既然这样，那我就再稍微努力一下好了～
2751,12,2381,啊，抱歉，我订正一下。
2751,12,2382,如果你有豁出一切，努力到甚至吐血的觉悟，就一定可以做到。
2751,12,2383,我还是希望适可而止就好！
2751,12,2384,嗳，姊姊，真唯前辈还是紫阳花前辈会不会再来玩啊？
2751,12,2385,唉～？她们不会这么常来的啦。
2751,12,2386,姊姊，你还好吗？
2751,12,2387,咦？你指什么？
2751,12,2388,就是……该怎么说，那不会是一种欺负阴角的方式吧……？
2751,12,2389,才不是咧！？
2751,12,2390,总觉得啊，姊姊这个阴角居然能和真唯前辈交往或是结婚什么的，我愈想愈觉得不可能。我果然是在做梦吧。
2751,12,2391,不是啦！这是现实！不对，我们才不会结婚！
2751,12,2392,听好了，这件事绝对不能告诉爸爸和妈妈喔！还有我是阴角这件事也瞒着学校的同学，你可不能说出去哦！？
2751,12,2393,这我当然知道啦。
2751,12,2394,我还不会没品到去嫉妒姊姊好不容易到来的春天啦。
2751,12,2395,你这家伙……
2751,12,2396,哎啊～是说我突然好想吃甜甜圈喔～唉唉，我们去买甜甜圈吧。我有间甜甜圈店一直想进去看看～
2751,12,2397,咦～我们不是说要准备晚餐很麻烦，今天就吃便利商店的吗？
2751,12,2398,如果不吃甜甜圈，我可能会随口说出什么奇怪的词汇，这样很困扰呢～阴角阴角。
2751,12,2399,杀了你喔臭家伙！
2751,12,2400,好耶～我最喜欢姊姊了～
2751,13,2401,是是是。
2751,13,2402,这样根本就是面包店吧？
2751,13,2403,哇～让人看得眼花撩乱呢～
2751,13,2404,哇，不得了。姊姊，你看你看，有个超漂亮的店员小姐。
2751,13,2405,哦……不过，我在学校已经看美女看到免疫了（拨头发）。
2751,13,2406,真唯前辈与紫阳花前辈该不会有在做出租朋友的工作吧？
2751,13,2407,我才没有每个月花一万圆请她们来当我的朋友！
2751,13,2408,欢迎光临，请问要内用还是外带？
2751,13,2409,啊，呃……
2751,13,2410,啊？
2751,13,2411,…………咦？纱月同学？
2751,13,2412,……哇，制服超可爱的耶。
2751,13,2413,…………
2751,13,2414,甘织。
2751,13,2415,啊，呃，那个……
2751,13,2416,唉？姊姊，你认识这位漂亮的店员小姐吗！？
2751,13,2417,该怎么说，其实我们是同班同学……
2751,13,2418,不对吧，甘织。
2751,13,2419,你是甘织的妹妹吧，初次见面。我叫琴纱月，现在正和甘织玲奈子同学在交往。
2751,13,2420,你们在交往！？
2751,13,2421,唉？什么情况？姊姊你劈……？啊，不对，呃，原、原来是这样啊哈哈哈──！
2751,13,2422,劈腿
2751,13,2423,先、先别管这个了！那个，点餐，我要点餐！
2751,13,2424,甘织，我还有15分钟就下班了，你可以等我一下吗？
2751,13,2425,咦？
2751,13,2426,你可以等我吗？
2751,13,2427,是。
2751,13,2428,事情就是这样，妹妹啊……你就先回家自己吃吧……
2751,13,2429,是可以啦，姊姊，回来后我也有话要和你说哦。
2751,13,2430,哎呀
2751,13,2431,甘织，对不起。我还得准备一下，你再稍微等一会儿哦。
2751,13,2432,啊，是小琴的朋友～？
2751,13,2433,唉～女高中生？唉～好可爱！
2751,13,2434,唉嘿……嘿嘿嘿……
2751,13,2435,小琴她虽然来这里才刚满一个月，现在已经变得很可靠了呢。
2751,13,2436,她不管什么都学得很快，很厉害呢～
2751,13,2437,嗳，你是她在学校的朋友吧？小琴是怎样的人呢？感觉她很像是那种一本正经、拼命努力，还担任班长的那种人。
2751,13,2438,啊，我懂～她看起来就很擅长管事～
2751,13,2439,不，那个，呃，是、是啊！她是头脑聪明、值得信赖的朋友！
2751,13,2440,不知道小琴有没有男朋友呢～毕竟她这么漂亮，应该有吧～
2751,13,2441,一定是担任学生会长的帅气前辈。不然就是儿时玩伴之类。
2751,13,2442,好适合喔～！
2751,13,2443,陪笑
2751,13,2444,那么两位辛苦了。我今天就先走了。
2751,13,2445,好～你也辛苦了～
2751,13,2446,那我们走吧，甘织。
2751,13,2447,嗯、嗯。
2751,13,2448,呃……原来你在打工啊～纱月同学。
2751,13,2449,…………
2751,13,2450,没想到偏偏被你看到了。
2751,13,2451,不、不要紧啦。我们学校没有禁止学生打工，这不算违反校规！而且也没有触犯法律！
2751,13,2452,这是在安慰我吗？你还真是厉害呢。
2751,13,2453,你口风紧吗？
2751,13,2454,那、那当然了！如果纱月同学不希望我说出去，我绝不会告诉任何人的！
2751,13,2455,就是这样，纱月同学。我不会说出去的，你放心吧，相信我甘织玲奈子。
2751,13,2456,不要，我没办法。
2751,13,2457,为什么啊──！？
2751,13,2458,……因为我个性不好，不会那么轻易就相信别人。
2751,13,2459,才、才没有这回事呢！纱月同学的个性很好的！
2751,13,2460,…………
2751,13,2461,对不起。
2751,13,2462,因为这样道歉倒也挺令人火大的……
2751,13,2463,呃，可是，我们姑且算是恋人……
2751,13,2464,这两件事有任何关系吗？
2751,13,2465,唉！？不是，你当初不是信任我，才怂恿我签订恋人契约的吗……
2751,13,2466,因为那家伙口中的『命定之人
2751,13,2467,是啊……我又不是紫阳花同学或是小香穗那样的好孩子……
2751,13,2468,香穗她……
2751,13,2469,我不知道你是怎么看待那孩子的，但她应该没有你想像得那么乖巧……不过确实是个有趣的孩子。
2751,13,2470,唉？是这样吗？啊，这么说来，纱月同学确实和小香穗很要好呢。
2751,13,2471,要好……嗯，算是吧。不过我感觉她只是在背地里利用我而已。
2751,13,2472,不管你再怎么好奇，这件事我也不打算告诉任何人。就说到这吧。
2751,13,2473,这样啊……
2751,13,2474,呃，该不会连紫阳花同学也有什么秘密吧？
2751,13,2475,……你不会告诉别人吧？
2751,13,2476,唉！？！？！？
2751,13,2477,不、不会告诉别人的！
2751,13,2478,这样啊……
2751,13,2479,濑名呢。
2751,13,2480,嗯。
2751,13,2481,我在午休的时候，经常会在学生餐厅打开便当，一个人吃午餐。
2751,13,2482,嗯、嗯。
2751,13,2483,她总是会在不知不觉间坐到我旁边，说你们今天怎么样，或是聊最近电视上的话题什么的。一──直跟我聊一些无关紧要的话题。而且她看起来还挺开心的。
2751,13,2484,…………然后呢？
2751,13,2485,而且她自己应该和你们吃过午饭，照理来说已经饱了。可是她顾虑到我，还带着饭团和点心面包过来，一直假装是和我一起吃午餐。
2751,13,2486,唉嘿嘿
2751,13,2487,根本就只是个超级无敌霹雳好孩子嘛！
2751,13,2488,是啊。
2751,13,2489,到底要怎么做才会生出这样的人呢，我实在是完全无法理解。
2751,13,2490,要是有人说无法信任濑名，我也只能认为那个人的人性本来就是有缺陷的吧……
2751,13,2491,太厉害了……
2751,13,2492,和紫阳花同学相比，我的可信度就跟顺手牵羊的惯犯没啥两样……
2751,13,2493,是比那种人还要高啦……
2751,13,2494,不过，算了。
2751,13,2495,你知道『一不做二不休
2751,13,2496,就是这里。
2751,13,2497,破烂公寓
2751,13,2498,琴
2751,13,2499,我回来了
2751,13,2500,怎么了？
2751,13,2501,啊，没什么。
2751,13,2502,不用客气。我们不是正在交往吗？
2751,13,2503,打、打扰了……
2751,13,2504,来，请进，这是我的房间。
2751,13,2505,那个……
2751,13,2506,虽然我家很小，但你大可放轻松。这可不是比喻喔。
2751,13,2507,为什么还强调这么一句话！？
2751,13,2508,因为甘织的表情比想像中还要僵硬，我想稍微缓和一下……
2751,13,2509,因为你没说明意图也老是说些危言耸听的话，我当然会有这种反应啊！
2751,13,2510,是吗？或许是这样呢。
2751,13,2511,所以，如何？
2751,13,2512,你、你指的是什么？
2751,13,2513,你看了我的房间，有什么感想？
2751,13,2514,……感觉别有一番风情呢。很有韵味这样。
2751,13,2515,很小吧。
2751,13,2516,那个……
2751,13,2517,没关系，毕竟这是事实。
2751,13,2518,那个，纱月同学。我──
2751,13,2519,啊──！
2751,13,2520,什么什么！？是朋友吗！？小纱月原来有朋友吗！？
2751,13,2521,还是有的。
2751,13,2522,哇──！那个小纱月居然会带朋友回家！今天煮红豆饭怎么样！？
2751,13,2523,不，意思应该不一样吧……
2751,13,2524,那、那个，初次见面，姊姊。我平常承蒙纱月同学照顾。
2751,13,2525,唉──！？是啊，小纱月好像和你处得很好，实在是很感激呢，这是真的喔。因为小纱月就是这个样子吧？我一直很担心她在学校有没有被人欺负。毕竟小纱月很老实，做事情又很胆小。啊，不过她真的是个很乖的孩子喔。
2751,13,2526,你真的好烦啊……
2751,13,2527,唉──才不烦呢，我一点也不烦。哎啊～如果有时间，我好想听听小纱月在学校的情况啊。因为姊姊最喜欢小纱月了，姊姊啊，姊姊。呵呵呵，话说回来，前阵子小纱月还碰到了这样的事──
2751,13,2528,那个，甘织。这不是姊姊，而是妈妈。
2751,13,2529,真假！？
2751,13,2530,唉嘿嘿
2751,13,2531,唉──我还想再听她叫我『姊姊
2751,13,2532,别这样，妈妈……
2751,13,2533,唉？是真的吗……？你妈妈好可爱哦……
2751,13,2534,好了甘织，不要再夸她了。这跟不要随便喂野狗是一样意思。
2751,13,2535,小纱月好过分！
2751,13,2536,话说妈妈，你今天不是要上班吗？
2751,13,2537,嗯，要啊。不过我要与客人碰面后再去公司，会晚一点出门喔。
2751,13,2538,这样啊……失算了……
2751,13,2539,啊，不过我也差不多该准备了。那个，小甘织！
2751,13,2540,啊，是！
2751,13,2541,小纱月就拜托你。这孩子明明是个女孩子，却完全不会撒娇。不过，她真的是个好孩子。前阵子在我生日的时候还送了我一双亲手织的袜子。她去借了编织的书来看，还拜托朋友教她，练习了好久才做好的喔。
2751,13,2542,妈妈！
2751,13,2543,呵呵呵，吓死了吓死了。那你们慢慢聊吧！
2751,13,2544,那就是我妈妈。
2751,13,2545,呃、嗯。
2751,13,2546,你不要误会。虽然她看起来很像个笨蛋，但姑且也是靠一个女人的力量把我抚养长大的。不，也许她真的是个笨蛋……
2751,13,2547,纱月同学，所以你才会去打工……
2751,13,2548,别说了，别因为看过我妈妈，就自以为能t解我。
2751,13,2549,啊，是。
2751,13,2550,……不过，也对。既然是相亲结婚，这件事就显得很重要了。个性、工作都清楚之后，接下来就是家世了吧。
2751,13,2551,……这就是你说的『一不做二不休
2751,13,2552,没错。虽然我不是刻意隐瞒，但是不讲出来故意保持沉默也不是很舒坦。
2751,13,2553,让你来看我家，是你在打工的地方看到了我很丢人的打扮，所以才想要稍微让你难堪一下，之后再送你去车站的。
2751,13,2554,呃、嗯。
2751,13,2555,我根本没有想让你知道这么多。我已经完蛋了。
2751,13,2556,不、不要紧啦，纱月同学……我不会告诉任何人的……
2751,13,2557,我无法相信你……反正明天整个学校就人尽皆知了吧……说我这个女人在妈妈的生日那天送了她一双用来御寒保暖的毛线袜……
2751,13,2558,这不是件好事吗！？
2751,13,2559,明明平常都装得很冷酷，不论对方是男是女态度都始终冷淡，却是个对妈妈很温柔的母控。我今后就要过着在背后遭人指指点点的人生了……
2751,13,2560,听起来明明就很孝顺啊……！
2751,13,2561,啊，现在很晚了，我也该回家了。明天见！
2751,13,2562,那、那个，就是啊！
2751,13,2563,……什么……？
2751,13,2564,我、我、我呢。
2751,13,2565,我！在升上高中改头换面之前，一直是个阴角！
2751,13,2566,是吗。
2751,13,2567,反应也太冷淡了！？
2751,13,2568,不，因为……我听了后也只有『原来如此
2751,13,2569,原来如此！？我可是在高中成功改头换面耶，你就一句『原来如此
2751,13,2570,因为你偶尔会做出可疑的举动，也莫名觉得自己低人一等，自我评价很低加上你的眼神经常四处游移，一个人看着手机时也是一脸幸福。
2751,13,2571,别说了！不要再分析了！
2751,13,2572,我还想反过来问你，难道你以为吐露这件事后会得到『唉？我还以为你是天生的阳角耶！
2751,13,2573,我明明一直很努力耶！
2751,13,2574,我为了改变自己，一直努力到了现在……可是，过去总是在背后追着我不放啊──！
2751,13,2575,啊，等等。
2751,13,2576,找、找到你了……
2751,13,2577,咦……
2751,13,2578,纱月同学……你为什么在这里……
2751,13,2579,我能猜到你大概会去哪里。
2751,13,2580,……是很想这么说，但其实我完全没有头绪，只是普通地到处找你。来，这个给你。
2751,13,2581,啊，我的钱包……
2751,13,2582,忘了带这个，也没办法坐电车回去吧。
2751,13,2583,呜呜，纱月同学……对不起，给你添麻烦了……
2751,13,2584,没关系，这没什么。
2751,13,2585,因为这种情况我已经习惯了。
2751,13,2586,你真的是个笨蛋呢。
2751,13,2587,嗯……对不起。
2751,13,2588,我妈妈在做晚上的工作。
2751,13,2589,嗯。
2751,13,2590,总是到了早上才会喝得烂醉回到家里，所以我经常会照顾她。而且不仅是我妈妈……还有个大只女也常跑来我家过夜。
2751,13,2591,是这样啊。
2751,13,2592,是啊。
2751,13,2593,为什么？
2751,13,2594,唉？
2751,13,2595,你为什么想成为阳角？
2751,13,2596,呃……该怎么说呢，因为我很羡慕……
2751,13,2597,……你羡慕什么地方？
2751,13,2598,就是身边有许多朋友，非常热闹，放学后会一起去买零食吃，搞不好还能顺便交到恋人……这些只有自己一个人无法体会的乐趣，总觉得，非常让我向往……
2751,13,2599,哦……
2751,13,2600,我并没有厌恶每天回到家后就是玩游戏的生活，应该说我还乐在其中……但是就觉得，如果只有这样的话，其实什么时候都无所谓……所以才想尝试不一样的事情……
2751,14,2601,是吗？
2751,14,2602,对你来说，这件事很重要呢。
2751,14,2603,嗯、嗯……
2751,14,2604,既然这样，谢谢你告诉我。
2751,14,2605,谢谢你告诉我
2751,14,2606,幸好我有说出口
2751,14,2607,好啦。
2751,14,2608,唉？啊，这里不是车站！是纱月同学家！
2751,14,2609,你着凉了吧。即使是七月，你连手都这么冰冷也不好。我会准备热水让你泡澡的，今晚就在我家住下来吧。
2751,14,2610,唉唉？这样我会很过意不去……
2751,14,2611,如果你要和家人联络，就用我的手机吧。
2751,14,2612,……好。
2751,14,2613,唉……明天去学校前还得先回家一趟换衣服……
2751,14,2614,你就随便找个借口，直接穿运动服上学如何？我的借你穿。
2751,14,2615,穿着纱月同学借的运动服，从纱月同学家一起出门上学……
2751,14,2616,喔啊啊啊啊啊──！
2751,14,2617,这样还是不太好吧！？
2751,14,2618,是吗？我倒是无所谓……喀喀喀……
2751,14,2619,呜哇，好邪恶的表情……
2751,14,2620,洗澡水烧好了。内衣裤我也有先买起来放着的，你拿去用吧。
2751,14,2621,唉？这样很不好意思耶。
2751,14,2622,三件980圆，所以你要给我326圆。零头我就不算了。
2751,14,2623,原来还要收费啊！？不对，比真唯好太多了！
2751,14,2624,那我先去洗澡了。
2751,14,2625,嗯。
2751,14,2626,奇怪？
2751,14,2627,浴巾我帮你放在这里……呃，喂甘织，你怎么黑漆漆的就进去了？
2751,14,2628,咦？因为电灯打不开啊……？
2751,14,2629,哦……是这样啊，抱歉，你等我一下。
2751,14,2630,呃，你怎么没穿衣服啊！？
2751,14,2631,我想说机会难得。
2751,14,2632,不是，我不太懂这是什么意思！
2751,14,2633,你和那个女人在饭店里一起泡过澡了吧。这样一来，比分就是一比一了。
2751,14,2634,什么状况！？难道我因为一时迷路，就误打误撞地闯进了根据一辈子能与玲奈子一起入浴几次来计算价值的异世界了吗！？
2751,14,2635,你好吵，而且好挤……你再往那边靠一点。
2751,14,2636,不管是我这么吵还是浴缸太挤都要怪纱月同学吧！
2751,14,2637,甘织，把腿移开一点。
2751,14,2638,唉？啊，好。
2751,14,2639,这是……？
2751,14,2640,特制的浴室灯。不过，还不只这样。
2751,14,2641,这壁贴还不错吧。再来加上这个就完成了。
2751,14,2642,好漂亮喔！纱月同学！
2751,14,2643,呵呵，漂亮吧？
2751,14,2644,哇，好漂亮……
2751,14,2645,嗯？
2751,14,2646,怎么了？
2751,14,2647,哦，原来你这么中意我家的浴室吗？
2751,14,2648,啊，嗯，算是吧，嗯……
2751,14,2649,你看，我还有浴室专用的书架喔，是我自己DIY的。不错吧？
2751,14,2650,啊，嗯……
2751,14,2651,对了，甘织。我来帮你洗身体吧。
2751,14,2652,呼唉！？这、这是何故！？
2751,14,2653,就算一起洗过澡，只是泡在浴缸里面还缺了点筹码，不足以打击那家伙。怎么？你在害羞吗？
2751,14,2654,当然会害羞啊！
2751,14,2655,那么，你在那别动也行。
2751,14,2656,Why!?
2751,14,2657,纱纱纱纱纱月同学！
2751,14,2658,唉？什么？你脸色都变了，是怎么了？
2751,14,2659,这个是泡在浴缸里面也能用的沐浴乳。我来帮你洗，暂时先老实一点。
2751,14,2660,不行！绝对不行啊！
2751,14,2661,你从刚才开始是怎么样啊？
2751,14,2662,好了，反正你喜欢这样对吧。能让妻子替你擦洗身体，应该很爽快吧，亲爱的。
2751,14,2663,爽快什么啊！
2751,14,2664,是是是，不要乱动哦。
2751,14,2665,那、那个，是说，纱月同学……
2751,14,2666,什～么？
2751,14,2667,现在纱月同学在做的这个啊……
2751,14,2668,嗯。
2751,14,2669,我、我觉得这样非常色情！
2751,14,2670,嗯………………嗯？
2751,14,2671,色、色情……等等，你在想像什么啊？
2751,14,2672,不是啊，因为！
2751,14,2673,根本就很像那么一回事啊！
2751,14,2674,才不是！我只不过是在帮你洗身体吧！？这就类似帮人擦背那样！
2751,14,2675,完──全不一样啦！根本满满都是性的味道嘛！
2751,14,2676,性、性…………
2751,14,2677,等、等一下甘织……你这种地方真的是……我是说过拥有什么兴趣爱好是个人自由，但麻烦你不要把所有事情都联想到那方面……
2751,14,2678,我才没有呢──！是纱月同学太色了──！啊，我想起来了！你之前借给我的书也是那样！我可是还在电车里面翻来看耶！？
2751,14,2679,在哪里看书又有什么关系。别因为这种事情而大声……啊。
2751,14,2680,仔细想想，那本书里或许多少有关于那方面的描述。
2751,14,2681,多到不行好吗！开头的40页就全都是性行为耶！？而且还是大姊姊和小女生超激烈的那种！纱月同学到底是用什么眼光看待我啊！？
2751,14,2682,才、才没有！你不要光是在意那种地方，把整个作品好好看一遍啊，知道吗！因为那个场景在讲述整个故事时也是不可或缺的啊！
2751,14,2683,啊──真是的，我要先出去了！？再继续被你做色色的事情，我的脑子就要变得奇怪了！
2751,14,2684,你、你等一下，甘织！再说，我们都是女孩子，这种事情根本就没有──
2751,14,2685,啊哇！
2751,14,2686,喂，甘织──
2751,14,2687,……甘织……
2751,14,2688,唉？
2751,14,2689,呃，那个……
2751,14,2690,对、对不起……
2751,14,2691,……别说了，快起来。
2751,14,2692,可、可是！纱月同学的胸部好柔软又好温暖，手感超好的！谢谢你！
2751,14,2693,那、那我就失礼了……
2751,14,2694,嗯……
2751,14,2695,………………
2751,14,2696,喂、喂，甘织……快一点。
2751,14,2697,好、好的，马上好！
2751,14,2698,…………甘织。
2751,14,2699,什、什么事！？
2751,14,2700,……你要好好用莲蓬头把泡泡洗干净。
2751,14,2701,也！？也对呢！
2751,14,2702,……你睡了吗？
2751,14,2703,还、还没。
2751,14,2704,是吗？
2751,14,2705,那套被子，是真唯为了来过夜留下的。
2751,14,2706,啊，难怪……
2751,14,2707,怎么了？
2751,14,2708,没、没有啦。
2751,14,2709,真唯有这么常来吗？
2751,14,2710,国小的时候经常会来。不过现在那家伙的工作变得愈来愈忙。
2751,14,2711,毕竟她前阵子甚至还跑去国外呢。
2751,14,2712,呼啊～
2751,14,2713,明天还要上学，早点睡吧。
2751,14,2714,啊，嗯……晚安。
2751,14,2715,晚安。
2751,14,2716,对了。
2751,14,2717,咦……抱歉，纱月同学，吵醒你了……？
2751,14,2718,忘记拍下那种很刻意的照片作为证据了。
2751,14,2719,唉……？有必要拍吗？
2751,14,2720,要是没有物证，在关键时刻就没办法证明了吧。
2751,14,2721,机会难得，这次呢，就来拍些大胆一点的好了。
2751,14,2722,大胆一点是指……
2751,14,2723,像是接吻的照片如何？
2751,14,2724,唉～……
2751,14,2725,来，甘织，把脸转过来这边。
2751,14,2726,真是的，绝对不能外流哦……
2751,14,2727,我知道。手枪这种东西只要收在怀里就行了。要是真的开枪会被抓的。
2751,14,2728,是是是……
2751,14,2729,……纱月同学？
2751,14,2730,你、你、你、你……！？
2751,14,2731,呃，是？
2751,14,2732,你做什么啊！？
2751,14,2733,说要接吻的明明是纱月同学啊。
2751,14,2734,如果说到接吻的话，一般不都是亲脸颊吗！？
2751,14,2735,这、这是我的第一次耶。
2751,14,2736,不是，那个！
2751,14,2737,不要紧！朋友之间的亲吻是不算数的！
2751,14,2738,我们不是朋友，而是恋人……也就是说，是有效的……？
2751,14,2739,是说，对不起，真的很对不起。我没有那个意思。
2751,14,2740,……算了，其实也没什么大不了的。
2751,14,2741,虽然你看起来很不以为意，但耳朵都红了啊！
2751,14,2742,反正我也经常接吻，这并不是第一次，已经有三亿次了吧。
2751,14,2743,这是在对谁说谎啊！？
2751,14,2744,那你要负起责任吗！？
2751,14,2745,不，那个，呃……这、这是什么意思……？
2751,14,2746,没、没什么意思啦！笨蛋！别说了快点睡觉！
2751,14,2747,真是的，真拿你们没办法。
2751,14,2748,来，玲奈子。美好的一天又要拉开序幕了喔。
2751,14,2749,呃，王冢真唯！你怎么会在这里！？
2751,14,2750,什么为什么，这还用说吗？因为我是你的……呵呵呵，事到如今还要我说出口吗？
2751,14,2751,喂，等等！别闯进我的梦里啊！
2751,14,2752,我说过没打算和真唯成为恋人了！我们是朋友！玲真挚友！现在这个状况才不是反映我的深层心理还什么的！你可不要误会了！
2751,14,2753,嗳，甘织……
2751,14,2754,不会吧！？
2751,14,2755,我喜欢你……我……爱着你，甘织……
2751,14,2756,咿呀！
2751,14,2757,姊～姊……
2751,14,2758,今天我一定要你从实招来。
2751,14,2759,好、好啦。
2751,14,2760,该怎么说呢，姊姊在高中成功改头换面，这点确实值得你高兴，但我认为那种事情是不行的。
2751,14,2761,唔。
2751,14,2762,不论什么事情，最重要的就是真诚。如果只是因为自己很开心就利用身边的朋友，那她们很快就会离你而去了哦。
2751,14,2763,呜呜。
2751,14,2764,说穿了，姊姊的人生终究是自己的，与我无关。但姊姊的所作所为根本不是阳角，也不是现充。不过是稍微受欢迎一点就做出这种会伤害别人的事，这样只是个坏人而已。
2751,14,2765,总之，我想说的只有这些。那我等等还要去晨练，先走。
2751,14,2766,是……非常感谢你……
2751,14,2767,你在想什么啊……你是笨蛋吗？
2751,14,2768,你、你这个笨蛋……
2751,14,2769,啊，早安──！甘织同学。
2751,14,2770,早安～
2751,14,2771,啊，嗯。你们两位早啊。
2751,14,2772,哈～在早上的这个时间，就算向美少女打招呼也不会有人生气，真是无比幸福的时光……！
2751,14,2773,毕竟我们也就只有早上可以亲近甘织同学嘛～……啊啊，今天是我人生中最棒的一天～
2751,14,2774,唉？什、什么啦？啊哈哈……
2751,14,2775,你们说得太夸张了啦，随时都可以来找我聊天喔。我也希望和两位好好相处。
2751,14,2776,真的吗！？咦──！？这不是阳角特有的客套话吗！？不对，就算是客套话我也很开心！
2751,14,2777,哇～我们好好相处吧，甘织同学～啊～可以随时看到这张脸蛋，实在太幸福了吧。照这个感觉，是不是能顺便交换联络方式呢～？
2751,14,2778,嗯，当然没问题！我们好好相处吧！
2751,14,2779,……早。
2751,14,2780,咿……纱、纱月同学，早安……
2751,14,2781,啊，然后呢，关于联络方式……
2751,14,2782,刚刚琴同学对我们说早安……！那个黑发美女琴同学竟然会……唉？这不是在做梦吧……？
2751,14,2783,想不到琴同学居然会主动跟我们打招呼……今天真的是最最美好的一天……
2751,14,2784,喂，两位！？联络方式呢，联络方式！
2751,14,2785,啊，那头漂亮的黑发……身材又纤细又好，哎呀，真的好完美……
2751,14,2786,哈啊……如果投胎转世，我也想拥有那样的容貌……
2751,14,2787,甘织
2751,14,2788,什、什么事？
2751,14,2789,那个……放学后照旧哦。
2751,14,2790,啊，嗯……
2751,14,2791,说不定能和纱月同学成为朋友
2751,14,2792,你今天好早哦～早安～小玲奈。
2751,14,2793,唉？怎么了？这是什么动作？
2751,14,2794,紫阳花同学，我好喜欢你……
2751,14,2795,唉！？
2751,14,2796,呃，这个，就是……小玲奈，你在这里讲那么大胆的发言……是说，那个……我其实一直有个问题想要问你……就是，就是那个……
2751,14,2797,紫阳花同学，我希望至少你能直到最后都当我的朋友……一辈子、一直、无论经过多久都当我的朋友……我们永远是朋友喔……
2751,14,2798,咦？呃，嗯！……唉！？
2751,14,2799,那、那个，小玲奈。
2751,14,2800,嗯──？
2751,15,2801,那个，今天呢，我没有和任何人有约喔。
2751,15,2802,啊，是这样啊，真难得。
2751,15,2803,不，其实也没有那么难得啦……
2751,15,2804,啪
2751,15,2805,不对，你、你说得没错！真的非常难得！
2751,15,2806,所以，那个，我正想说今天该怎么办。
2751,15,2807,嗯。
2751,15,2808,…………该怎么办呢～？
2751,15,2809,嗯、嗯……？
2751,15,2810,甘织，你在做什么？
2751,15,2811,啊，呃……没什么啦。那么紫阳花同学，我们明天见──
2751,15,2812,那、那个……怎、怎么了？紫阳花同学……
2751,15,2813,没、没事！没什么啦，什么事都没有！仔细想想，我今天好像也有其他事情！毕竟我可是个大忙人呢！所以，我们明天见！
2751,15,2814,好、好喔。
2751,15,2815,濑名她是怎么了？
2751,15,2816,刚刚她说今天有空，但果然还是很忙的样子。啊，以后也约紫阳花同学一起参加读书会如何？如果下次她有空的话就一起嘛。
2751,15,2817,不好意思，我不是很喜欢一群人聚在一起念书。这样效率会变差的。
2751,15,2818,哎呀，玲奈子。今天也和纱月在一起吗？
2751,15,2819,怎么样，纱月？玲奈子是个非常出色的女性吧？只要和她在一起，心脏就会扑通狂跳，心里也会涌起一股暖意。没错，这就是玲奈子的魅力。
2751,15,2820,是啊，你说得没错，甘织也许是和一般人不一样。
2751,15,2821,唉唉？
2751,15,2822,实际上，我也从她身上学到了很多。像是不久前的事情，对吧，甘织？
2751,15,2823,哦？到底发生了什么事呢？
2751,15,2824,有点难以启齿呢。对吧，甘织？你也不太想把那件事告诉『外人
2751,15,2825,那、那当然啦！
2751,15,2826,原来如此，是你们之间的秘密啊。希望我之后也能一起参与呢。
2751,15,2827,很遗憾。
2751,15,2828,这是只有『我和甘织
2751,15,2829,两个人之间
2751,15,2830,秘密
2751,15,2831,这样啊，那是我失礼了。你们就过着两人世界，尽情加深彼此的情谊吧。我不会做出冒昧的行为，强行介入你们两人之间的。
2751,15,2832,那家伙看起来相当不甘心呢。
2751,15,2833,果、果然是吗？
2751,15,2834,……这样一想，总觉得她很可怜耶。
2751,15,2835,是啊，要是她再顶撞我几句，我也能自豪地秀出证据照片了。
2751,15,2836,不要这样好吗！？
2751,15,2837,甘织，你又在完全搞懂问题之前跳去看后面的内容了吧？
2751,15,2838,唉？不是啦，因为我觉得这样更有效率……
2751,15,2839,如果只是为了在考试中拿到高分是没关系。但我们现在才高一，考虑到将来的话，最好还是该一步一脚印、脚踏实地地打好基础。
2751,15,2840,纱月同学，你甚至考虑到我的将来……！？
2751,15,2841,唉？
2751,15,2842,啊。
2751,15,2843,……那个，甘织，我事先跟你声明。
2751,15,2844,呃，好。
2751,15,2845,我虽然确实和你……接、接吻了。但就算这样，我的心依然是属于我自己的，不会被任何人夺走。所以，那个……你不要得意忘形。
2751,15,2846,我不觉得自己有得意忘形啊……比方说怎样才算是呢？
2751,15,2847,我想想，比方说……把我当作是你的女人之类的。
2751,15,2848,我没这么做过吧！？
2751,15,2849,你打算像平常那样，将我赚来的微薄薪水全部抢走，拿去赌博对吧……好吧，谁教我选择和你在一起呢……我下次还会再帮你准备好零用钱的……
2751,15,2850,别这样啦！？讲得跟真的一样！
2751,15,2851,再说，为什么把我设定成像是家暴男一样啊……
2751,15,2852,因为你很适合当个小白脸啊。
2751,15,2853,喂，再怎么说这也讲得太过分了吧！？纱月同学才是，你看起来就像会在家里养着红不起来的音乐人！
2751,15,2854,换句话说，要是我和你在一起的话……？
2751,15,2855,我就是那个红不起来的乐团小白脸，靠纱月同学工作来照顾我……？
2751,15,2856,放心啦，我总有一天会红的！
2751,15,2857,是说，纱月同学哪有可能那么轻易被人利用啊。如果我丢了工作，感觉纱月同学肯定会对我说『我帮你找了工作的地方，明天开始你就去这里上班
2751,15,2858,是啊，我会这么做。不过你放心吧。你下班之后我还是会为你泡一碗热腾腾的泡面。
2751,15,2859,你明明会煮饭还故意给我吃泡面！？
2751,15,2860,呼
2751,15,2861,但不巧的是，我不会喜欢上任何人。谈恋爱对我根本没意义。
2751,15,2862,自己的事情，自己也想不通呢
2751,15,2863,自己想要的未来
2751,15,2864,如果是个现充阳角的话就应该这么做
2751,15,2865,纱月同学，你虽然嘴上这么说，其实该不会是真的喜欢上我了吧～？
2751,15,2866,好痛──！
2751,15,2867,下次你再乱说话，我就敲到你所有科目都只能考0分。
2751,15,2868,只是开个玩笑嘛！？你讲得也太吓人了吧！
2751,15,2869,进度到哪了？
2751,15,2870,现在有空吗？
2751,15,2871,是有空啦
2751,15,2872,果然w超好笑的w
2751,15,2873,有空！
2751,15,2874,可以打电话给你吗？
2751,15,2875,总觉得小玲奈很不会用电话聊天呢（笑）
2751,15,2876,唉？怎么了？有什么事情只能打电话说吗？
2751,15,2877,可以喔！
2751,15,2878,你……你好。
2751,15,2879,啊，你好。
2751,15,2880,太好了。我还担心小玲奈如果已经睡了该怎么办，会不会给你添麻烦呢。
2751,15,2881,啊，不，那个，我还在念书。
2751,15,2882,这样啊，对不起，是不是打断你了？
2751,15,2883,不，怎么会，完全没有！我刚念完！
2751,15,2884,哦──这样啊，太好了。
2751,15,2885,所以，找我有什么事吗？还特地打电话过来……
2751,15,2886,呃……就是突然想打？
2751,15,2887,突然想打
2751,15,2888,也、也对啦！有时候就是会突然想打电话嘛！
2751,15,2889,嗯、嗯，就是啊。
2751,15,2890,啊，紫阳花同学在做什么？
2751,15,2891,嗯～我刚洗完澡。在吹头发的时候，忽然想说小玲奈在做什么这样。
2751,15,2892,紫阳花同学在自己家里，竟然还会有一瞬间想起我……
2751,15,2893,唉？我经常会想到你喔。
2751,15,2894,唉嘿嘿
2751,15,2895,晚上和紫阳花同学通电话
2751,15,2896,呃，举例来说，比方说什么时候呢？
2751,15,2897,举例啊。像是听到了好听的歌曲，就会想到小玲奈会不会喜欢这首歌这样？
2751,15,2898,话说回来，小玲奈喜欢听什么歌呢？
2751,15,2899,唉……我、我吗？哎呀──其、其实我不太清楚最近流行什么歌。
2751,15,2900,为什么？
2751,15,2901,唉？不觉得很赞吗……？
2751,15,2902,换、换我问你，我对紫阳花同学在听的歌也很感兴趣！如果方便的话，下次可以告诉我紫阳花同学喜欢听什么歌吗！
2751,15,2903,唉？喜、喜欢！？
2751,15,2904,唉？呃，嗯，喜欢的歌。
2751,15,2905,没、没有啦，就算是讨厌的歌也没关系！？比如最讨厌的歌是什么！
2751,15,2906,唉？唉……？讨厌的歌……什么啦，小玲奈，啊哈哈。
2751,15,2907,哈～
2751,15,2908,对了，小玲奈，我们来玩游戏吧。
2751,15,2909,其实我这个人挺任性的
2751,15,2910,好、好啊，不过要玩什么游戏？
2751,15,2911,对啊，要玩什么呢～
2751,15,2912,啊，对了。就上次和小玲奈玩的那个如何？那个游戏可以连线一起玩吧？
2751,15,2913,啊，啊──对，是可以……呃，要玩吗？
2751,15,2914,嗯。
2751,15,2915,阳角升到50级学会了最强的攻击魔法！
2751,15,2916,我去把游戏机拿到房间，对不起，你先等我一下哦。
2751,15,2917,啊，好，t解。
2751,15,2918,是说，我还是第一次和朋友一起连线玩游戏……
2751,15,2919,是喔？
2751,15,2920,嗯。
2751,15,2921,哦～
2751,15,2922,这样啊。那我就是小玲奈的第一次了呢。
2751,15,2923,唉？嗯、嗯。
2751,15,2924,话说，小玲奈什么时候才要来我家玩呢？
2751,15,2925,唔呃？
2751,15,2926,今、今晚的紫阳花同学好积极啊……！
2751,15,2927,呵呵。
2751,15,2928,如果紫阳花同学邀请我的话，无论何时我当然都是随传随到……
2751,15,2929,不过在考试前应该不行吧？毕竟小玲奈现在都和小纱月腻在一起。
2751,15,2930,不是，事情绝不是你想的那样！
2751,15,2931,我无论什么时候都是把紫阳花同学摆在第一位的！
2751,15,2932,……这、这样啊。
2751,15,2933,……小玲奈，你要注意一下才行喔。要是你随便对别人说这种话，可是会被误会的哦？不行这样。
2751,15,2934,啊呜啊呜啊呜。
2751,15,2935,呵呵……不过我很开心。谢谢你。
2751,15,2936,对不起哦，说了些坏心眼的话。小玲奈现在很努力吧。我这边之后再约也不要紧的。啊，那我们就等暑假再好好玩吧，好吗？
2751,15,2937,嗯，嗯……我会期待的……
2751,15,2938,我先装一下游戏机，再稍微等我一下哦。
2751,15,2939,好～
2751,15,2940,对了，我听小香穗说了，小玲奈现在……
2751,15,2941,啊，什么？
2751,15,2942,正在努力让小真唯和小纱月和好对吧。
2751,15,2943,那个，如果让你觉得不开心，我先说对不起哦。我在想，小玲奈为什么要这么努力呢……
2751,15,2944,呃──
2751,15,2945,我想是因为王冢同学与纱月同学都是和我们同一个圈子的伙伴，我不希望看到她们就这样一直吵下去。
2751,15,2946,嗯，你说得对……小香穗也是哦，她毫不畏惧地在小真唯面前提起小纱月，我觉得她实在很厉害。是说，这样我反而显得很冷漠……
2751,15,2947,紫阳花同学算冷漠的话，那像纱月同学应该全身有七成都是液氮了吧……
2751,15,2948,不对喔
2751,15,2949,其实，我最近也在想自己要更努力一点。要再多认真考虑朋友的事，或是试着采取行动，尝试改变自己一下。
2751,15,2950,唉……？紫阳花同学也会这样想啊。
2751,15,2951,嗯。会打电话给小玲奈也是其中的一环……吧。
2751,15,2952,这样啊。
2751,15,2953,就算照现在这样，紫阳花同学也很优秀了！
2751,15,2954,维持现状就好
2751,15,2955,因为……我其实非常喜欢小玲奈喔。
2751,15,2956,呜呜，小的感激涕零……
2751,15,2957,唉？你的反应怎么像是得到了国王的称赞一样……！？
2751,15,2958,我也最喜欢紫阳花同学了！
2751,15,2959,啊啊啊～……呜呜～……总、总之，我想改变一下自己这种消极的个性……我会改变的！
2751,15,2960,嗯，我很期待！
2751,15,2961,咦？怎么了？
2751,15,2962,什么？
2751,15,2963,睡不着吗？
2751,15,2964,唉？你说晚上玩游戏太狡猾了？姊姊没关系，因为姊姊已经是高中生了。
2751,15,2965,不～行，你现在不能玩。明天还要上学吧。
2751,15,2966,唉～
2751,15,2967,好了，回房间睡觉吧。咦？什么啦～姊姊正在讲电话，不要打扰姊姊。
2751,15,2968,你很烦耶──！走开走开！
2751,15,2969,什么～？你不管长多大就是这么爱撒娇。妈妈呢？不要？比较想跟姊姊？
2751,15,2970,唉……
2751,15,2971,真是的……好啦。
2751,15,2972,对不起，小玲奈。
2751,15,2973,没事，没事。
2751,15,2974,让你久等了，对不起
2751,15,2975,我得去哄小鬼头睡觉，先等我一下，对不起哦。
2751,15,2976,啊，没关系！别在意！
2751,15,2977,嗯……再见。
2751,15,2978,不过，你今生今世是我的未婚妻吧？
2751,15,2979,抱歉，今天好像没办法玩了。真的很对不起
2751,15,2980,挚友
2751,15,2981,……好。
2751,15,2982,总之呢，我想也差不多该和纱月好好沟通一下了。
2751,15,2983,噢噢──
2751,15,2984,不愧是真唯！
2751,15,2985,沟通，什么，沟通！？
2751,15,2986,其实，今天早上我和紫阳花稍微聊了一下。
2751,15,2987,突然讲那种话，对不起哦小真唯。
2751,15,2988,不，没关系。毕竟我也认为该设法做点什么了。是紫阳花同学从背后推了我一把。
2751,15,2989,我没有做什么特别的事情啦。
2751,15,2990,不过，我也想为了朋友做些什么。
2751,15,2991,呵呵，你真是个值得夸赞的女孩。
2751,15,2992,不会啦，我没那么厉害。
2751,15,2993,这样一来，真紫派就暂时领先了……
2751,15,2994,真紫派是什么……！？
2751,15,2995,自从进了这所学校后，真紫派与真纱派都在暗地展开激烈的争斗……
2751,15,2996,不是，这也太奇怪了吧……！两边都是女孩子啊……！？
2751,15,2997,因为我们学校受欢迎的男生好像几乎都有女朋友了嘛～
2751,15,2998,就算是这样……
2751,15,2999,我身边愿意与我平等对话的朋友很少，但紫阳花的态度自然且不加修饰，总是治愈我的心灵。我想和你长久保持交流。
2751,15,3000,啊哈，听到你这么说我很开心。能和小真唯这么出色的女孩子当朋友，我非常高兴。
2751,16,3001,彼此彼此，紫阳花。
2751,16,3002,我我我，我有问题！小紫是怎么说服真唯的呢，我想知道这个！
2751,16,3003,这个嘛……
2751,16,3004,那个，我只是告诉小真唯，不管是小真唯还是小纱月我都很喜欢，不希望看到两人形同陌路，这样会让人有点难过。
2751,16,3005,所以这只是我在任性。只是在向小真唯撒娇而已。
2751,16,3006,多管闲事
2751,16,3007,这和你无关
2751,16,3008,小玲奈？你怎么了？
2751,16,3009,唉？
2751,16,3010,怎么了～？
2751,16,3011,呜呜，没事啦……真不愧是濑名前辈……
2751,16,3012,唉？这个称呼听起来很有心灵上的距离感耶！？
2751,16,3013,总之，事情就是这样，香穗。我以前从未考虑过自己的行为会让其他人带来有什么样的感受。没想到身边的朋友竟然因为我而感到难过。紫阳花同学告诉了我这点。
2751,16,3014,不，我们是彼此彼此。一般来说，并不会因为别人说了什么就决定要跟对方好好沟通。我认为这就代表真唯是个成熟的大人。
2751,16,3015,哈哈，听起来真害羞呢。
2751,16,3016,所以。
2751,16,3017,我有个请求。
2751,16,3018,我希望玲奈子当我们的见证人。虽然这样会占用你的时间，也会给你添麻烦，但如果只有我和纱月单独碰面，我的言词或许又会惹她不快。
2751,16,3019,为什么要指定我！？
2751,16,3020,还问我为什么，你真的想让我说吗？
2751,16,3021,因为玲奈亲是真唯的主推！
2751,16,3022,正确答案（Exactement）。
2751,16,3023,好耶！
2751,16,3024,如何，玲奈子。这对你很困难吗？
2751,16,3025,这、这个……
2751,16,3026,如果小玲奈觉得困难，就不要勉强哦。
2751,16,3027,那可不是我的任务
2751,16,3028,那可不是我的任务。
2751,16,3029,简单明t
2751,16,3030,我知道了……大家，王冢同学与纱月同学的事就包在我身上……我会想办法的……
2751,16,3031,真拿你没办法……
2751,16,3032,是我错了
2751,16,3033,不了，那样感觉很烦，我不需要。
2751,16,3034,是。
2751,16,3035,不过，这就像是在考验我这个人的人品，是一整个学期的集大成……
2751,16,3036,不要紧的，甘织。
2751,16,3037,你只要待在我身边就行了。这样就能给带来我莫大的勇气。
2751,16,3038,……真的吗？
2751,16,3039,嗯，当然是真的。这样会让我心里涌起暖意，也会让我冷静下来，感觉能让我表现出自己平常的一面。体重也会掉个3公斤，即使一天只睡4个小时也能获得等同于8小时睡眠的效果。若是去买彩券想必还能中两亿圆的大奖吧。
2751,16,3040,这是什么可疑购物网站的宣传标语吗！
2751,16,3041,对不起，我是骗你的。
2751,16,3042,不会，是没关系啦……你有这份心意我就满足了……
2751,16,3043,我不买彩券的。我不想把希望寄托在这种模棱两可的事物上面。
2751,16,3044,你说的骗人是指这个！？
2751,16,3045,不过话说回来，今天真热啊……我们为什么非得在这里等她呢……而且感觉还莫名引人注目……
2751,16,3046,话、话说啊，真唯说她会带我们去安静的地方。会不会是气氛很好的咖啡厅呢？
2751,16,3047,你依然不t解那个家伙呢。
2751,16,3048,怎么可能是那种一般人会想到的地方呢。如果是那个家伙，肯定会在讨人厌的意义上做出超乎我们想像的选择。
2751,16,3049,讨人厌的意义上。
2751,16,3050,嗯──那会是高级饭店的休息室吗……？
2751,16,3051,你还是太天真了，甘织。她甚至有可能带我们去她母亲公司，找一间能容纳30人左右的会议室呢。那家伙会坐在董事的位子上，一脸得意地对我们笑着说『如何？在这里就不用担心被人听到了吧？
2751,16,3052,唉？好可怕……
2751,16,3053,听好了，甘织。不可以对她做的每一件事都大惊小怪。那家伙会因此得意忘形，然后又带着纯粹的善意满心期待着『下次该做点什么来让她大吃一惊呢
2751,16,3054,我、我知道了！前辈！
2751,16,3055,对抗她的策略就是无动于衷。无论她做了什么、把我们带去什么地方，只要一句『就这样啊
2751,16,3056,不愧是前辈……对付王冢真唯的专家。
2751,16,3057,没错。我自从在国小时代想出这个方法以后，她就会想着『这次也没什么反应呢……好，下次一定再多花点心思，让她大吃一惊！
2751,16,3058,原来都要怪纱月同学吗！？
2751,16,3059,不好意思啊，甘织。
2751,16,3060,负责！请你负起责任！
2751,16,3061,负、负责？等等，你在大庭广众之下叫什么啊……
2751,16,3062,不──是啦！我指的是真唯！
2751,16,3063,嗯，我知道。
2751,16,3064,刚才只是开个玩笑对不对！我也知道了！
2751,16,3065,唔……
2751,16,3066,又是豪华轿车……我都开始觉得豪华轿车在国内随处可见了呢。
2751,16,3067,甘织，清醒一点。
2751,16,3068,抱歉，让你们久等了。那我们走吧。
2751,16,3069,太慢了。
2751,16,3070,非常抱歉，琴小姐。
2751,16,3071,……不会，我并不是在向花取小姐抱怨。
2751,16,3072,我就是知道才这么说的。因为我想说琴小姐应该会很为难吧。
2751,16,3073,……………………甘织，我回去了。再来就拜托你了。
2751,16,3074,等、等一下！我一个人去也没有意义吧！？好嘛，一起去啦，啊，对了！你现在回去的话，明天紫阳花同学会伤心的！她虽然很难过，但会隐藏内心的情绪笑着说『是这样啊……
2751,16,3075,唔…………
2751,16,3076,濑名紫阳花的悲伤
2751,16,3077,人生在世，就是会不断地受到羁绊阻碍着自己……如果我可以不依靠任何人，独自生活下去的话就轻松多了……
2751,16,3078,虽然我不是很懂，来，请吧，请上车。
2751,16,3079,请吧
2751,16,3080,谢、谢谢你。
2751,16,3081,不客气。
2751,16,3082,呃……
2751,16,3083,话说，我们现在要去哪啊……
2751,16,3084,当然是个适合让我们沟通对话的好地方。
2751,16,3085,我就说过了吧。
2751,16,3086,在讨人厌的意义上超乎想像的女人……
2751,16,3087,嗯？
2751,16,3088,咔砰
2751,16,3089,啊，对了，去银座的高级料亭吧
2751,16,3090,这里很安静，如果是在这里就不会被任何人听到谈话的内容了。很适合让我们好好交流吧？这次我肯定没有弄错。
2751,16,3091,你对事情的判断标准根本不像女高中生……这里充满隐蔽性，应该是像政治家在密谈时才会用的吧……
2751,16,3092,好想吃甜点啊
2751,16,3093,时间正好，我们一起吃晚餐如何呢？这里的宴会料理很不错哦。
2751,16,3094,那是当然的吧！毕竟这里是料亭嘛！？
2751,16,3095,不能一概而论哦，玲奈子。即使是料亭，也还是有一些店会打着自己的招牌而不思进取。尽管近年来这种情况着实令人叹息，但这家店可是有真本事的。
2751,16,3096,这样啊！我这么无知真是抱歉呢！不对我不是要说这个啦！
2751,16,3097,总之呢
2751,16,3098,毕竟我之前曾答应过要请你吃美食，却没能遵守约定。所以才想趁这个机会顺便帮你实现……这里很安静，也不会被他人打扰吧？
2751,16,3099,呜。
2751,16,3100,我就不用了，因为我家里还有煮饭。如果你们要用餐，等事情谈完再随你们高兴吧。
2751,16,3101,这样啊。那么玲奈子，我们就点两人份的菜单如何？
2751,16,3102,呜呜…………那、那就照你说的……
2751,16,3103,啊──
2751,16,3104,不，还是算了。
2751,16,3105,今后有的是时间和你一起吃饭。我不打算偏离原本的目的。今天来这里是为了好好谈谈的吧。
2751,16,3106,比起那种事
2751,16,3107,你找我有话要说吧。麻烦先开始谈这件事。
2751,16,3108,说得也是，就这么做吧。
2751,16,3109,做着自己不习惯的打工感觉如何？会不会很辛苦？
2751,16,3110,没那回事。而且还能用员工价买到甜甜圈。
2751,16,3111,以一个社会人士的资历来说，我算是前辈。要是遇上困难，无论有任何事都可以来问我。
2751,16,3112,社会人士……唉？原来真唯，算是社会人士吗？
2751,16,3113,社会人士！
2751,16,3114,是啊，玲奈子。和你一起玩的时候，我花的都是自己赚来的钱。毕竟我平常忙于学业与工作，实在没时间花钱。所以你不用在意，就照以往那样让我为你花钱吧。我很乐意包养你。
2751,16,3115,甘织，你……
2751,16,3116,不是，等等，不对啦！误会，这是误会啊！我从来没开口向你要钱吧！不都是你自作主张花掉的吗！？这是在捏造记忆，我反对！
2751,16,3117,别说这个了，好了，对话！快进入正题！
2751,16,3118,哦，说得也是。那个，纱月。
2751,16,3119,是关于我的事。我好像又做了什么惹你不高兴吧。
2751,16,3120,……没有啊。
2751,16,3121,是啊
2751,16,3122,你依然和以前一样啊。完全不肯明说我究竟是什么地方得罪你了。一直以来都是如此。尽管这个说法有些卑鄙，但我也不是喜欢才这么做的。
2751,16,3123,……你随心所欲做的事情可多了吧。
2751,16,3124,如果你是因为这样而生气，那也没有办法。但是，如果这不是你生气的点，其实我也没有那个意思。至少把你生气的理由告诉我吧，这样我好歹还有余地改善。
2751,16,3125,……这个嘛。
2751,16,3126,尤其是这次拖了很长时间。照以往的经验，应该只要过了三天你就会露出无奈的表情，让一切恢复原状。看来你这次是真的无法压抑怒火吧。既然如此，你就全部说出来吧，这样对我也是一件好事。
2751,16,3127,所以，我就说不是了。
2751,16,3128,其、其实啊，真唯。纱月同学对真唯之前说的『因为你喜欢我
2751,16,3129,因为纱月同学不肯说嘛──！
2751,16,3130,让这个女人知道我因为这件事一直记仇的话，你知道会有什么后果吗？我会一辈子都无法在她面前抬起头的！再说我本来就没有记仇！
2751,16,3131,唉──……？
2751,16,3132,这再怎么样也说不过去吧……
2751,16,3133,我说啊！趁这个机会，我想好好澄清一个误会！
2751,16,3134,先声明，我才没有喜欢真唯呢！
2751,16,3135,这句话是对人家喜欢得不得了的人才会说的吧……
2751,16,3136,甘织你给我闭嘴！
2751,16,3137,还有，你也是。你为什么认为我喜欢你？你倒是说说看根据在哪，讲啊。
2751,16,3138,这种事情有必要一一说明吗？你从以前开始就一直在我身边，我会察觉到你的心情也是理所当然的。
2751,16,3139,什、什么心情啊？
2751,16,3140,无论什么事情都会冲着我来。简直就像国小的男生一样。会想要让喜欢的对象为自己困扰。我很t解这种心情。
2751,16,3141,什么啦……我的行为从来没让你困扰过吧？
2751,16,3142,没那回事。就好比现在，我也因为不知如何与你和好而感到困扰。因为我不晓得该如何回应紫阳花、香穗与玲奈子的期待。
2751,16,3143,再说，我都已经高一了，怎么可能做出那种孩子气的行为呢。
2751,16,3144,啊啊！
2751,16,3145,我懂了，因为纱月同学喜欢真唯，你想让真唯觉得困扰所以才和我喔嘎！
2751,16,3146,我已经是个大人了。无论是看得见的地方，还是看不见的地方都是。
2751,16,3147,在我看来，从我认识你的那天起，你就没什么改变呢。
2751,16,3148,……什……什么啦。
2751,16,3149,命定之人
2751,16,3150,所有人都无法看到真正的自己
2751,16,3151,没什么改变
2751,16,3152,……怎么会……为什么你要说这种话……
2751,16,3153,自己想要的未来
2751,16,3154,又给自己增加了无谓的负担
2751,16,3155,──那你自己又怎样！
2751,16,3156,你指什么？
2751,16,3157,只有身体成长，每次遇到稍微不顺心的事就哭个不停！
2751,16,3158,那是因为……
2751,16,3159,你也许以为自己长大了，但老是在给周围的人添麻烦！该不会你的脑子都被国小女生塞满了吗！？
2751,16,3160,这件事……现在跟我的事情无关吧？对了，你对玲奈子滔滔不绝地说了不少事情吧。关于这点，是没有事先封你口的我疏忽了。
2751,16,3161,是啊，你从以前就总是粗心大意。一直都是这样。就算是碰上一般人都会三思的事情，你却总是抱着毫无根据的自信表示『如果是我就没问题
2751,16,3162,……那件事是我不对。我承认自己的失败。但即使如此，我也一直在努力把事情做得更好。
2751,16,3163,哎呀，还真了不起呢。那么真唯一直以来努力的成果，当然要秀给身为恋人的甘织看看了。甘织，下次来我家玩吧。仔细找找应该还能找到十几二十张真唯搞砸事情时嚎啕大哭的照片。
2751,16,3164,咦……？
2751,16,3165,啪
2751,16,3166,你为什么想把玲奈子牵扯进来！你真的很坏心眼！
2751,16,3167,在上次我陪哭得死去活来的你耗到早上五点半的时候，我的温柔就已经消失殆尽了！真唯你对他人的温柔以待太习以为常了！我就是讨厌你这一点！
2751,16,3168,我也不喜欢你这种事后就要讨人情的个性！既然这样你一开始就拒绝我不就好了！
2751,16,3169,还在逞强！要是我拒绝了，你根本就无处可去！
2751,16,3170,不，才没有那回事。
2751,16,3171,因为我现在有一个打从心底爱着的女性。下次开始我就会拜托玲奈子。
2751,16,3172,唉！？
2751,16,3173,所以纱月，谢谢你至今所做的一切。今后我身边有玲奈子陪伴。我会和玲奈子共度人生。我们结婚吧，玲奈子。
2751,16,3174,我才不结咧！？
2751,16,3175,『谢谢你至今所做的一切
2751,16,3176,我明明忍耐了这么久一直陪着你，竟然就这样？
2751,16,3177,呵呵。
2751,16,3178,呵呵呵呵呵……
2751,16,3179,真可笑。那么，你可要落得孤单一人了呢，王冢真唯。
2751,16,3180,……你说什么？
2751,16,3181,我就讲清楚点让你也能明白吧，我和甘织已经在交往了！
2751,16,3182,你在说什么啊？
2751,16,3183,就别扯这种不好笑的笑话了，纱月。若是将你我放到天秤两端，我完全不认为会有人选择你。
2751,16,3184,这张接吻的照片就是证据。
2751,16,3185,不可能！？！？！？
2751,16,3186,喂────！你怎么会有这张照片！？纱月同学！
2751,16,3187,我早料到会有这种状况发生，所以事先开好了相机。
2751,16,3188,要是让她看到这张照片！
2751,16,3189,怎么样？
2751,16,3190,真唯不就会误会了吗！
2751,16,3191,误会？你在说什么啊？
2751,16,3192,这张照片已经说明一切了吧。是说，要在这里继续也可以喔。
2751,16,3193,你自己当时明明也超害羞的啊！
2751,16,3194,那、那当然啊！毕竟我是第一次耶！
2751,16,3195,没、没关系啦！那个吻不算数的！只是睡迷糊了而已！
2751,16,3196,这只是你单方面的主张吧！
2751,16,3197,因为我就是不行啊！我竟然夺走了这么漂亮的纱月同学的初吻！这个事实会让我无法接受自己的存在的！
2751,16,3198,就算是这样，我也没有要求你负起什么责任吧！竟然把发生的事情当作没有过一样，我对你很失望！
2751,16,3199,怎么可能……我竟然，输给了纱月……？
2751,16,3200,啊，不是，真唯！这其实只是纱月同学想要刺激真唯，一开始是打算亲在脸颊的！这就像一场意外！所以说不是这样的！
2751,17,3201,有什么不一样吗？
2751,17,3202,与我成为恋人，还有和我接吻，如果这些与事实不符，你倒是否认看看啊？我不认为你做得到就是。
2751,17,3203,成为、恋人……？
2751,17,3204,呜、呜呜呜……不、不是啦……这只是为期两周的限时交往……
2751,17,3205,是啊。但确实是『交往
2751,17,3206,玲奈子……
2751,17,3207,呜呜呜呜呜呜呜。
2751,17,3208,我明明把你当作朋友的
2751,17,3209,为什么……玲奈子……你都有了我这个恋人，竟然还出轨……
2751,17,3210,朋友！我们是朋友！玲真挚友！才不是恋人咧！
2751,17,3211,因为你说过啊！『让纱月照自己的想法去做吧
2751,17,3212,是吗，原来当时你其实是在试探我吗……？其实你痛彻心腑地呐喊着，希望我阻止你，但我却放开了你的手……
2751,17,3213,哪有人为了试探恋人的爱情还故意出轨啊！
2751,17,3214,不是真唯自己说『只要最后能回到我身边就行了
2751,17,3215,那么，其实你的心依然在我这边……
2751,17,3216,我的心是属于我自己的啦！？
2751,17,3217,就是这个，我就是想看到这一幕……
2751,17,3218,我就是想看到你这副模样啊！王冢真唯倒在我面前的样子！啊，实在是太痛快了！今天就是我重生的日子！琴纱月的人生在今天圆满了！
2751,17,3219,……等等，纱月。刚刚玲奈子说你们是为期两周的限时交往吧。那之后你们打算怎么办？
2751,17,3220,是啊。我起先确实是这样打算的，但我现在心情很好，若是甘织有那个意思，我也不是不能和她继续交往下去呢。
2751,17,3221,既然都过了两周，我们就和好吧，真唯
2751,17,3222,你要和玲奈子结婚吗？
2751,17,3223,就这么办吧。
2751,17,3224,才不会结咧！？
2751,17,3225,那么，这代表我在今后的人生当中还是会有不少机会的。我可不是那种只尝到一次失败的滋味，就乖乖放弃的凡庸女人。
2751,17,3226,唔……听起来很烦人呢。
2751,17,3227,我会让她忘了你。起码我还有这点自信。
2751,17,3228,明明被我横刀夺爱了，还这么大言不惭吗？
2751,17,3229,这不过是漫长人生当中的一个中继点。这种事也是有可能发生的。不如说这甚至是个机会，正是因为和你交往，才会让她更加深刻地体会到我的魅力。
2751,17,3230,唔唔唔……
2751,17,3231,嗯……是这样没错。
2751,17,3232,那么纱月……你要和我一决胜负吗？
2751,17,3233,你说要决胜负？
2751,17,3234,嗯，事情很简单。我和玲奈子目前处于难以决定要当挚友还是恋人的状态。如果留着我这个祸根，你和玲奈子交往时也会心存芥蒂吧？
2751,17,3235,是这样讲没错。要是得为了防止你打扰我和甘织的关系，而不得不投入类似防卫经费的额外资源，我也很不愿意。
2751,17,3236,……不过，你竟然会主动说出这种话，让我很不爽。反正你也没打算输吧。
2751,17,3237,那当然。如果我赢了，玲奈子就得还给我。
2751,17,3238,她会和我结婚，一起建立幸福的家庭。玲奈子，你想生几个孩子都无所谓。我们轮流生吧。
2751,17,3239,是要和谁生啊！
2751,17,3240,是吗？
2751,17,3241,那如果我赢了，我就要收下甘织的人生。
2751,17,3242,人生！？我才刚刚高一而已人生就要拱手让人了！？
2751,17,3243,对了，我们会当着你的面，一直感情要好地幸福生活下去。牵牵手，亲亲嘴，那个……还会做更进一步的事。
2751,17,3244,这太奇怪了吧！？
2751,17,3245,没问题啊。我们就赌上玲奈子，一决胜负吧。
2751,17,3246,好，来做个了断吧。
2751,17,3247,不要因为我争执！
2751,17,3248,你们这么爱我，好为难喔
2751,17,3249,你们两个，都等一下！
2751,17,3250,玲奈子。
2751,17,3251,怎么了，甘织。我们现在正在讨论重要的事。
2751,17,3252,是我的人生规划对吧！？我何止知道，还再清楚不过了！
2751,17,3253,是说，不管是谁赢了我都会失去自由吧！而且我一～～直都在强调吧！？恋人关系对我来说是不行的！我想要的是朋友！
2751,17,3254,可是玲奈子，你担心的是一旦恋情破裂，就会失去人际关系吧？我已经做好与玲奈子白头偕老的心理准备了。
2751,17,3255,那我也这么做。
2751,17,3256,纱月同学讲得太随便了！哼！就算是这样，像你们这么突然又用这种霸王硬上弓的方式，我绝对不要！就算是选择恋爱对象，我也要主宰自己的人生，自己做决定！
2751,17,3257,所以！
2751,17,3258,算我一个！这场对决，我也要参加！
2751,17,3259,什么？
2751,17,3260,你说什么？
2751,17,3261,可以吧！？你们可不会说与我无关吧！？
2751,17,3262,玲奈子竟然也要参战，真是出乎预料。
2751,17,3263,我当然没有意见……
2751,17,3264,嗯
2751,17,3265,那正好，就用下周的期末考来一决胜负吧。
2751,17,3266,求之不得。这次我一定会让你俯首称臣。
2751,17,3267,等等！
2751,17,3268,展现你努力成果的时候这么快就来了呢，甘织。是时候回收伏笔了。我们这样的对手应该够格与你对决吧？你好好加油哦。
2751,17,3269,不要把新手冒险者送进魔王城啊！你们分别是年级第一和第二吧！？
2751,17,3270,不过，玲奈子是足以让我着迷的女性。那么你的潜力肯定也是十分了得。如果你有那个意思，应该也能超越我的。
2751,17,3271,现在我的成绩可是在平均分数以下耶！？
2751,17,3272,嗳，那对决内容就给我决定嘛！因为这件事赌上了我的人生，我起码有这个权利吧！？
2751,17,3273,不，可是。
2751,17,3274,如果你声明一旦你取得胜利，我就得将自己的人生奉献给你，那么我们需要承担的风险就是相同程度了……
2751,17,3275,我绝对不会说这种话你放心吧！
2751,17,3276,那你的目标果然是纱月吗！？
2751,17,3277,不是！
2751,17,3278,如果我赢了，和你们的关系就维持现状，今后依然是同一个圈子的伙伴！还有，你们必须真的和好！
2751,17,3279,算了，没问题。起码这样事情就简单多了。
2751,17,3280,没问题。那么，我们究竟要用什么项目来决胜负呢？
2751,17,3281,FPS！就用第一人称射击游戏来决胜负！
2751,17,3282,也太狡猾了。
2751,17,3283,不喜欢也没关系啊！？我就算不战而胜也无所谓喔！
2751,17,3284,怎么样！？
2751,17,3285,我没意见。
2751,17,3286,这个是游戏吧？我没有这款。
2751,17,3287,哦，我那里还有多一台，就把那台借你吧。
2751,17,3288,唉？你为什么有两台？
2751,17,3289,是我以前想说要练习格斗游戏才买的。原本是打算麻烦佣人陪我练习，但我不知道一台主机就可以对战了。
2751,17,3290,那我就心怀感激地收下了。
2751,17,3291,嗯，到时顺便连电视也一起送过去吧。
2751,17,3292,如果我赢了，你们就要乖乖和好哦！真唯、纱月同学！
2751,17,3293,当然。但相对的，如果是我赢了……
2751,17,3294,嗯、嗯……不，不用讲出来！就算不特地强调，我也知道你在想什么！
2751,17,3295,虽然我从来没玩过游戏……不过，应该能设法应付吧。
2751,17,3296,和好那件事，怎么样了？
2751,17,3297,抱歉，有点一言难尽，但现在要开始战争了……
2751,17,3298,竟然恶化到这种地步！？
2751,17,3299,总之，就是这么一回事……
2751,17,3300,呃……如果小玲奈在游戏中赢过她们，小真唯和小纱月就会和好，对吧？
2751,17,3301,嗯。
2751,17,3302,那如果是小真唯或小纱月赢了呢？
2751,17,3303,唔！
2751,17,3304,哒啊！
2751,17,3305,咦？你突然怎么了！？
2751,17,3306,不是，对不起，因为想像中的紫阳花同学说了很过分的话，一时忍不住……
2751,17,3307,想像中的我！？那是什么？这种事情经常发生吗！？
2751,17,3308,还满常的……？
2751,17,3309,真的！？为什么──！？
2751,17,3310,如、如果她们两个赢了，我想想……哈哈，也许会有什么惩罚游戏吧……
2751,17,3311,唉──？那就绝对非赢不可了呢！
2751,17,3312,嗯……我一定要赢，绝对要，就算赌上性命也得赢……
2751,17,3313,小玲奈，你为了让她们两个和好不惜做到这个地步……你果然很厉害呢……非常了不起喔。
2751,17,3314,那个，所以，就是……今天要做些什么呢？
2751,17,3315,啊，嗯。待会我得带小鬼头去公园玩。小玲奈，对不起。
2751,17,3316,啊，不会不会，千万别这么说。
2751,17,3317,可是，可是。
2751,17,3318,现在还有一点时间……我想说，还想再多聊一会儿～
2751,17,3319,唉？啊，好、好的，嘿、嘿嘿……这样啊，嘿嘿……
2751,17,3320,那就，呃……我、我们要聊什么呢……？啊，最、最近很热呢。
2751,17,3321,是啊～因为也快放暑假了呢。
2751,17,3322,姊姊──！
2751,17,3323,紫阳花同学暑假要去哪里玩吗？
2751,17,3324,还不知道呢。虽然想去很多地方玩，但我不太能出远门。
2751,17,3325,姊姊──！
2751,17,3326,那不然就小玲奈来吧，你愿意来我家玩吧？
2751,17,3327,那、那当然了。我会带很多游戏过去的！
2751,17,3328,哇，我好开心。那我先烤好起司蛋糕等你哦。小玲奈喜欢吃蛋糕吗？
2751,17,3329,唉！？喜、喜欢……
2751,17,3330,人生的冠军
2751,17,3331,啪
2751,17,3332,姊姊！
2751,17,3333,喂。现在我和紫阳花同学聊得正开心呢！
2751,17,3334,哎呀是吗？那么能优先考虑一下我吗？毕竟我们好歹是恋人吧？
2751,17,3335,唉！？
2751,17,3336,小玲奈！？刚才我好像听到有人说恋人！？小玲奈！？小玲奈──！？
2751,17,3337,啊。
2751,17,3338,纱月同学为什么会在这里……
2751,17,3339,我有联络你，但你没有接电话。住处是向花取小姐打听的。
2751,17,3340,咚
2751,17,3341,姊姊。
2751,17,3342,你为什么要无视身为你『恋人
2751,17,3343,唉！？不、不是啦……是因为我正在和紫阳花同学通电话……？
2751,17,3344,啧……姊姊，我认为你最好活得再正经一点啦。
2751,17,3345,砰
2751,17,3346,……怎么，你们在吵架吗？
2751,17,3347,哎呀，不好说呢……哈哈……
2751,17,3348,呜呜，紫阳花同学的讯息一则接一则地……
2751,17,3349,你还真是从容呢。
2751,17,3350,唉？
2751,17,3351,是、是说，纱月同学为何要来我家？
2751,17,3352,因为我有很多问题想问你。
2751,17,3353,我想让你陪我练习，没问题吧？
2751,17,3354,没、没有。
2751,17,3355,啊，纱月同学，那条线是插在后面的。
2751,17,3356,……
2751,17,3357,我、我来弄吧。
2751,17,3358,你的房间很干净呢。
2751,17,3359,唉？是、是吗？
2751,17,3360,哦～你就是在这里被真唯推倒的？
2751,17,3361,噗！
2751,17,3362,纱、纱月同学，麻烦你更慎重地看待这种敏感话题好吗……
2751,17,3363,反正我已经全都知道了，现在还说这种话吗？更何况这就像是我蒙受损害的契机吧。
2751,17,3364,是这样说没错啦……
2751,17,3365,准、准备好了……
2751,17,3366,嗯，谢谢你。
2751,17,3367,嗯？怎么了？
2751,17,3368,没、没事……
2751,17,3369,你以为我会像真唯一样推倒你？
2751,17,3370,没有！
2751,17,3371,的确，我之前怎么没想到呢。其实不需要认真去拼个输赢。只要现在让你觉得比起和好，还是和我继续交往更重要的话──
2751,17,3372,唉？等等！？
2751,17,3373,……甘织。
2751,17,3374,啊……就说这种事不行了。
2751,17,3375,来，身体放松。
2751,17,3376,喂，等……等，不行，不行──！
2751,17,3377,开玩笑的
2751,17,3378,你、你、你……
2751,17,3379,又、又多了一张证据照片……！？这次你打算威胁谁！？紫阳花同学？小香穗？还、还是说……是我妹妹！？
2751,17,3380,你很吵耶。我才不会做那种事。
2751,17,3381,我只是想确认一件事情。
2751,17,3382,什、什么事……
2751,17,3383,我做事不喜欢不干不脆的。所以我从头仔细想了一下关于你的事。
2751,17,3384,我、我？
2751,17,3385,嗯。照这个发展，你今后的人生将要被我们之中的某人收下对吧。
2751,17,3386,啊，嗯……
2751,17,3387,冷静下来想想之后，我发现今后还要活上好几十年，现在就选择你作为伴侣未免太过草率了。
2751,17,3388,这种事情不用冷静下来也能想到吧！？
2751,17,3389,因为对真唯燃起了竞争意识，害我没有好好看清楚周遭的状况。这点我已经自我反省过了，但问题就出在这里。
2751,17,3390,唔。
2751,17,3391,我想知道，我究竟是怎么看待你的。
2751,17,3392,那、那个……
2751,17,3393,想不想更进一步？
2751,17,3394,不、不不不！不行不行，不行不行就是不行！
2751,17,3395,我什么都还没说……你依然是这么下流呢。
2751,17,3396,这、这是误会！那个，这误会可大了！而且明明就是纱月同学冷不防亲过来的！下流的是你才对！
2751,17,3397,你喜欢我吗？
2751,17,3398,与、与其说喜欢……
2751,17,3399,再说，纱月同学又是怎么看待我的──！
2751,17,3400,喜欢啊
2751,18,3401,呜哇
2751,18,3402,我不知道。
2751,18,3403,唉……唉？
2751,18,3404,老实说，我也不清楚自己是怎么看待你的。这也没办法啊。毕竟，我还是第一次和你这样的人在一起相处这么久的时间。
2751,18,3405,我这样的人。
2751,18,3406,……如果描述得再清楚一点，你说不定会受到不小的打击，即使这样你也想听吗？
2751,18,3407,没关系……
2751,18,3408,……那我就说了。
2751,18,3409,你是个怪人。
2751,18,3410,你不是一般人
2751,18,3411,才、才没那回事……我是个平凡到不能再平凡的……
2751,18,3412,一般来说，是不会有人愿意和我签订为期两周的恋人契约的。而且，竟然还是因为不让我和真唯和好的话就会喘不过气，窒息而死。为了活下去你也太拼了吧。
2751,18,3413,啊呜。
2751,18,3414,你真的是既鲁莽，又瞻前不顾后。但是……我并不讨厌。
2751,18,3415,……纱月同学？
2751,18,3416,毕竟，要说鲁莽我也是半斤八两。这个游戏真的很难。
2751,18,3417,为了打败真唯，我需要你的协助。你可以教我该怎么样才能玩得更好吗？当然，我知道你也是对手之一，不过还是拜托你了。
2751,18,3418,嗯、嗯。
2751,18,3419,纱月同学，你被射了，你被射了啦！
2751,18,3420,唉？这是怎样？死了吗？
2751,18,3421,你手上明明就有枪，为什么还要刻意用拳头攻击啊！？
2751,18,3422,因为射不到嘛。
2751,18,3423,看地图啊，地图！你看，敌人从那边过来了！快看！就在右上角！地图！
2751,18,3424,哦，这个吗？我不知道怎么看，以前一直都无视它。
2751,18,3425,今天我要在这里过夜哦
2751,18,3426,呃，好像不太方便
2751,18,3427,……我就算一个人在家玩游戏，也不晓得该怎么样才能玩得更好。而且也只有今天晚上不用打工。所以我想趁这个机会练得再更厉害一点……这样也，不行吗……
2751,18,3428,呜──好吧……总之我先去问问我妈妈哦。
2751,18,3429,嗯，谢谢你。我是不是也去打个招呼比较好？
2751,18,3430,你、你就先留在这里吧。
2751,18,3431,那个──妈妈。
2751,18,3432,嗯～？
2751,18,3433,我的朋友（未满）问说可不可以留下来过夜，你、你觉得呢？
2751,18,3434,唉？唉……？怎、怎么了？
2751,18,3435,玲奈子……
2751,18,3436,什么？这怎么回事！？什么状况！？
2751,18,3437,当然没问题啊……想住一周还是两周都可以……她是玲奈子的朋友吧？
2751,18,3438,呃，对。
2751,18,3439,啊，竟然要帮玲奈子的朋友煮晚餐，这是自你国小五年级的8月27日以来的第一次呢……
2751,18,3440,你为什么还记得啊！？好可怕！
2751,18,3441,这是我朋友
2751,18,3442,你们、是朋友……？
2751,18,3443,那、那就交给你！
2751,18,3444,嗯嗯，包在我身上，为了让她还想再来玩，妈妈会加油的。
2751,18,3445,不用做多余的事啦！
2751,18,3446,我吃饱了！
2751,18,3447,我洗完澡了。谢谢。
2751,18,3448,好～
2751,18,3449,呃……那我也去洗澡。
2751,18,3450,慢走。
2751,18,3451,…………
2751,18,3452,纱月同学啊……
2751,18,3453,只练习一周，怎么想都没办法赢吧……
2751,18,3454,至少要一个月……不，只要三周，说不定就有机会……
2751,18,3455,呜呜。
2751,18,3456,姊姊。
2751,18,3457,对不起。
2751,18,3458,……唉？
2751,18,3459,那个，刚才纱月前辈来找我聊了一会儿。
2751,18,3460,唉、唉……你和纱月同学聊过了？
2751,18,3461,她问我『虽然这可能是我多管闲事，不过你们为什么在吵架呢？
2751,18,3462,嗯、嗯嗯……
2751,18,3463,那个，我后来听说了事情的来龙去脉。纱月前辈说姊姊其实只是为了帮忙实现她的目的才和她交往的。她说因为自己讲了蠢话害我误会，觉得很对不起我。她还说姊姊只是人很好，并没有做错什么。
2751,18,3464,不，那个。
2751,18,3465,呃，事情是这样没错啦……
2751,18,3466,她说姊姊真正喜欢的是真唯前辈。
2751,18,3467,这就不对了！
2751,18,3468,所以，是我擅自误会了你，对不起。
2751,18,3469,呃，不会啦……
2751,18,3470,毕竟是我自己做出让人误会的事……
2751,18,3471,那倒是。
2751,18,3472,你这家伙！
2751,18,3473,既然我已经道过歉了，这件事就到此为止
2751,18,3474,不过，纱月前辈还这样说。
2751,18,3475,她说什么？
2751,18,3476,她说『我也经常和母亲吵架，能理解你的心情。要是和住在同一个屋檐下的人发生摩擦，肯定会很尴尬吧。虽然要坦率表达自己的心情不是那么容易，但你还是和她和好吧
2751,18,3477,……纱月同学她……
2751,18,3478,上高中之后的姊姊很厉害呢。纱月前辈是个超级棒的朋友呢。
2751,18,3479,……嗯。
2751,18,3480,要那么做不如早点起床，明天再继续练习一整天才更有效率吧
2751,18,3481,况且我一旦睡眠不足，脑袋就转不动了。
2751,18,3482,是喔。
2751,18,3483,因为真唯是那种三天三夜不睡觉也能把油门催到底的人，她平常总是要我陪她熬夜，害我吃了不少苦头。
2751,18,3484,哈哈哈……我感同身受……
2751,18,3485,那我要关灯。
2751,18,3486,好。
2751,18,3487,……一闭上眼，眼皮底下就会显示出游戏画面呢……
2751,18,3488,啊哈哈……我也经常会这样……
2751,18,3489,要射中正在移动的目标还挺困难的。
2751,18,3490,那接下来你的课题，就是在自己来回移动的同时打中会动的目标了。
2751,18,3491,我想一辈子都练不好吧。
2751,18,3492,我以前也是这样想呢……
2751,18,3493,那你后来是怎么练成功的？
2751,18,3494,唉？就是……因为我在家里蹲的那段时间，每天疯狂地练习……
2751,18,3495,你很喜欢这游戏呢。
2751,18,3496,要说喜不喜欢，应该算是喜欢吧……这种感觉不像是纯粹让人开心的那种，比较像是把负面能量浓缩在一起，再把攻击性流露出来那样……
2751,18,3497,就像发泄压力那样？
2751,18,3498,感觉比较类似『就连我也能击杀你们这群人喔
2751,18,3499,什么啦。
2751,18,3500,就是这点。
2751,18,3501,唉？哪、哪一点？
2751,18,3502,明明看起来一脸人畜无害的，一旦被逼急了就会拼命反抗这点。
2751,18,3503,说穿了，就是不会看气氛吧……
2751,18,3504,不仅这次是这样，上一次也是。你会突然就冒出一句异想天开的话。不过，我并不讨厌甘织这一点。
2751,18,3505,嘿、嘿嘿……
2751,18,3506,那个，甘织。
2751,18,3507,我、我在，不好意思，我得意忘形了。
2751,18,3508,我什么都还没说吧……
2751,18,3509,……谢谢你。
2751,18,3510,咦？不会，完全没关系啊。教纱月同学玩游戏，也算是答谢你教我念书那样……
2751,18,3511,不对，我不是那个意思。
2751,18,3512,那其他，还有什么事会让纱月同学道谢吗……？
2751,18,3513,在漫长的人生中，感激你愿意与琴纱月相遇……这样吗……
2751,18,3514,不懂你为什么有时候会突然对自己的评价那么高。也表现得太极端了吧。
2751,18,3515,大事不妙了……
2751,18,3516,我指的是，让我得以和真唯一决胜负。
2751,18,3517,咻……？
2751,18,3518,可、可是你们平常都会比考试的成绩啊？
2751,18,3519,在那方面也会全力以赴，这点毋庸置疑。但不一样。像这种双方都从零开始，用从来没玩过的游戏来分出胜负，其实是很少见的。
2751,18,3520,是这样啊。
2751,18,3521,嗯。毕竟我也没想到真唯会附和我说的话。不过这次她肯定会认真起来吧。无论有多少时间都不够用。我不禁觉得『原来我还能做到这种事
2751,18,3522,不对
2751,18,3523,并不是……不可思议的感觉。原来啊，这样我就彻底明白了。
2751,18,3524,我非常开心。
2751,18,3525,我懂
2751,18,3526,所以，谢谢你，甘织。
2751,18,3527,……不会。
2751,18,3528,晚安。明天也拜托你了。
2751,18,3529,嗯……晚安。
2751,18,3530,挚友
2751,18,3531,好了，把这次的考卷发给你们哦～
2751,18,3532,今天的晚饭吃咖喱哦～
2751,18,3533,啊，那就交给我广崎吧
2751,18,3534,然后，甘织──
2751,18,3535,有。
2751,18,3536,这次你很用功哦～
2751,18,3537,唉？啊，是。
2751,18,3538,给你一些好处
2751,18,3539,呃～接下来还有什么要讲呢。啊，对了，明天是结业式，没有要上课喔～大家不要记错了哦～
2751,18,3540,啊，小玲奈，就是今天对吧。
2751,18,3541,嗯。
2751,18,3542,至今的努力总不会背叛我吧
2751,18,3543,我、我我我我我会加油，会加油的……你就放一百二十个心……等我的好消……呼唉……
2751,18,3544,小玲奈！？你笑得好像灵魂都要从嘴里跑出来耶！？
2751,18,3545,呜呜，紫阳花同学……
2751,18,3546,没事的啦，玲奈亲。
2751,18,3547,好痛。
2751,18,3548,就算玲奈亲搞砸了，导致真唯和小纱月变成只要在走廊上擦肩而过就会马上拔剑决斗的关系……到了那个时候，也还有我和小紫在呢！
2751,18,3549,小香穗、紫阳花同学……
2751,18,3550,没错没错，我当然也不会把所有事情都推给小玲奈。如果觉得没办法的话就来找我商量吧，我们再一起想别的办法。
2751,18,3551,不过，我们的计画姑且是定在明天执行。如果今天圆满结束的话就再好不过了！
2751,18,3552,呜呜呜呜呜我会加油的……
2751,18,3553,别、别这样啦小香穗，不能给她太大的压力呀……那个，小玲奈，没、没事的。不要哭，毕竟俗话说船到桥头自然直，对吧？对吧？
2751,18,3554,那我们走吧，玲奈子。
2751,18,3555,嗯，走吧，甘织。
2751,18,3556,那我去去就回！
2751,18,3557,纱月同学，你熬夜了？
2751,18,3558,嗯，是啊。算是做最后的准备。
2751,18,3559,没问题的。我在车上稍微眯了一下。
2751,18,3560,又读我的心……
2751,18,3561,因为你太好懂了。
2751,18,3562,我也来猜看看你现在正在想什么吧。
2751,18,3563,竟然。
2751,18,3564,『要是纱月不在场，我就可以立刻抱上去接吻了说……
2751,18,3565,也差太远了吧！
2751,18,3566,什么？就算纱月在场也无所谓吗？不过这样我也会有点难为情……
2751,18,3567,各位，我们到了。
2751,18,3568,哇，好厉害……
2751,18,3569,如何？玲奈子？你喜欢这种的吧？
2751,18,3570,呜……喜、喜欢……
2751,18,3571,你说什么？
2751,18,3572,喜欢……
2751,18,3573,再说一遍。
2751,18,3574,我好喜欢……
2751,18,3575,呵呵呵，对吧对吧。我也是，玲奈子……
2751,18,3576,你们要玩到几点啊。
2751,18,3577,说得也是，要打情骂俏，就等纱月回去之后再说吧。如你们所见，我请业者布置了这个房间，买的椅子也有分别配合我们每个人的体格，不过还是自己稍微微调一下吧。
2751,18,3578,原、原来如此……
2751,18,3579,请让我帮忙吧。
2751,18,3580,啊，好的。谢、谢谢你。
2751,18,3581,好像还不错嘛。
2751,18,3582,若是拜托真唯，说不定还能用PC版来决胜负呢……
2751,18,3583,PC版有哪里不一样吗？
2751,18,3584,差得可多了呢，纱月同学……哼哼。首先每秒帧数就完全不同，再来就是基本上用滑鼠操作，准度也会有明显差异……应该说，这款游戏本来就是出在STEAM上面，是后来才移植到PS4。而在移植的过程中由于受到主机性能的限制，原本支援100人对战的模式被砍到了最大上限只剩30人……虽说作为补偿追加了这次的规则中使用的私人对战功能，不过在PC上体验特效全开的感觉来玩看看果然还是学生玩家的梦想……嘿嘿……
2751,18,3585,甘织，我完全听不懂你在说什么。
2751,18,3586,啊！
2751,18,3587,我、我刚才说了什么！？
2751,18,3588,呃。
2751,18,3589,不是，不对，不是这样的，纱月同学！刚才说话的不是我，是国中时代的我！
2751,18,3590,是、是吗……之前听你说的时候我还没什么感觉，原来如此，是这样啊……你真的变得正常多了呢……
2751,18,3591,不要用怜悯的眼神看着我！
2751,18,3592,虽然不是很懂，但是哪种玲奈子我都喜欢。
2751,18,3593,不要宠坏我！
2751,18,3594,那么，如果准备好了就开始吧。
2751,18,3595,我准备好了。
2751,18,3596,我也OK～
2751,18,3597,嗯。
2751,18,3598,那我设定了，私人对战模式，地图随机，尺寸最小，大逃杀模式，武器模式是标准，上限人数三人，规则是吃鸡两次，也就是先拿到两次第一名的人获胜……好了。
2751,18,3599,GO──！
2751,18,3600,……嗯？
2751,19,3601,啥！？
2751,19,3602,嘿。
2751,19,3603,you are dead
2751,19,3604,这是怎样！？
2751,19,3605,如何，吓一跳了吗？
2751,19,3606,那当然啊！
2751,19,3607,那太好了。哎呀，没想到会这么顺利。
2751,19,3608,一点也不好！唉？等一下，这到底是什么状况！？
2751,19,3609,没什么，其实这也并非难事。如果是四人对战用的最小地图，出生点不就只有24处吗？
2751,19,3610,唉？是、是吗？
2751,19,3611,有几个点集中在同一个区域，所以我一开局就朝着那里全速奔跑。万一扑空的话就会浪费相当多的时间，幸好成功了。
2751,19,3612,再怎么说，我的运气一向很好。
2751,19,3613,唔……你、你这个……
2751,19,3614,顺带一提，姑且不论是否能顺利执行，不过我这次可是准备好了对付玲奈子的作战计画。
2751,19,3615,作战计画……？
2751,19,3616,没错。我根据你的个性，起先想了20个左右。接着再根据实用性进行取舍，最后缩减到三个。也就是说，还剩两个。
2751,19,3617,呵呵，你虽然相当有实力，但我事先告诉你，没有人像我这样，平常就一直在关注你。
2751,19,3618,唔、嘎、唔唔唔……
2751,19,3619,纱月同学的实力明显变强了……！好厉害，你好厉害喔纱月同学！
2751,19,3620,别吵，闭嘴。我会分心的。
2751,19,3621,啊，是。
2751,19,3622,真可惜呢。
2751,19,3623,…………是啊。
2751,19,3624,先抢下一胜，而且也拿到了赛点。下一场我就要赢了。
2751,19,3625,我、我才不会让你这么轻易获胜……
2751,19,3626,玲奈子，结束之后就立刻去拜访你的父母好了。虽然现在还是学生，但你意下如何？只要你愿意，我们一周就抽几天住在一起生活吧。花取也很会做菜。希望这次能让你满意呢。
2751,19,3627,可以不要在中场休息的时候说你的人生规划吗！？
2751,19,3628,好了，开始了开始了！
2751,19,3629,唔嗯
2751,19,3630,现、现在还在比赛耶！？
2751,19,3631,我当然知道。为了胜利，我也正以自己的方式尽到最好的努力。现在这个时间也是必要的。
2751,19,3632,莫、莫名其妙……
2751,19,3633,如何！真唯！
2751,19,3634,我还要再稍微想一会儿。思考该如何把玻璃鞋交给你。
2751,19,3635,你这个王子殿下刚刚可是用钝器狠狠敲碎了灰姑娘的头耶！
2751,19,3636,啧，是甘织啊。
2751,19,3637,在比赛中咂嘴，其实很吓人耶！
2751,19,3638,唔……
2751,19,3639,哦？
2751,19,3640,如何，纱月？我们先联手解决玲奈子怎么样？
2751,19,3641,你在说什么傻话。这样如果是你赢了，比赛就结束了吧。
2751,19,3642,哎呀？意思是你没有自信在正面交战中赢过我吗？
2751,19,3643,我当然有自信，只是想选择胜率更高的手段。
2751,19,3644,原来如此，是机率问题吗？不过，这和你擅长的念书可不一样喔。
2751,19,3645,……什么？
2751,19,3646,假如你遭到了奇袭，这时前面有两条路，一条是狭窄的死路，另一条则刚好相反，是条宽敞的道路。假设敌人就埋伏在其中一条路上。
2751,19,3647,什么意思？
2751,19,3648,当然，谁都会选择宽敞的道路。毕竟这是生存率更高的『正确
2751,19,3649,不过呢，纱月，真正正确的选项，是没有敌人的道路。
2751,19,3650,你的确一直在选择正确的选项。正因为如此，你才赢不了我。
2751,19,3651,…………
2751,19,3652,呃……那个，因为你站着不动，我就……
2751,19,3653,嗯。好吧，也是会有这种状况。
2751,19,3654,……我借一下洗手间。
2751,19,3655,请便。
2751,19,3656,……纱月同学。
2751,19,3657,刚刚是不是有点说过头了呢？
2751,19,3658,……对啊，那样讲太过分了。
2751,19,3659,不过呢，我只是刚好想到如果那样说的话，就能轻易打败纱月。就纱月的立场来看，如果我想取得胜利却不竭尽所能，而是手下留情，这样她真的会高兴吗？
2751,19,3660,这……
2751,19,3661,如果她能活得更轻松一点就好了。
2751,19,3662,……就是因为做不到，所以她才是纱月同学吧。
2751,19,3663,说得没错。
2751,19,3664,谢、谢谢。
2751,19,3665,真唯，你啊。
2751,19,3666,嗯。
2751,19,3667,你果然还是很厉害。感觉就是连想法都和普通人不一样。
2751,19,3668,那当然。我可是要成为你伴侣的女人，王冢真唯啊。
2751,19,3669,没那种事没那种事。
2751,19,3670,不过，告诉我什么是自由的，其实是她。
2751,19,3671,这是什么意思……？
2751,19,3672,这是以前的事了。当时我们才刚刚认识。
2751,19,3673,是国小的时候吗？
2751,19,3674,是啊。
2751,19,3675,真是的……为什么她会变得对我这么执着呢。
2751,19,3676,我也不知道……
2751,19,3677,是说，你刚才那句我也想原封不动地还给你。
2751,19,3678,因为你是我的命定之人啊。
2751,19,3679,还在说这种话……
2751,19,3680,那当然，我说这句话时，可是蕴含着百年都不会变的心意呢。
2751,19,3681,纱月同学是不是有点慢啊？
2751,19,3682,是啊。我想暂时让她一个人独处。
2751,19,3683,唉？独处是指……
2751,19,3684,是、是那个意思吗？
2751,19,3685,我、我稍微去看一下。
2751,19,3686,最好别去打扰她。
2751,19,3687,我不要。
2751,19,3688,因、因为。
2751,19,3689,真唯那时候来找我了吧，在我逃去顶楼的时候，你有来找我对吧。
2751,19,3690,也因为这样，才会害得你从顶楼上掉下去的。
2751,19,3691,是、是没错啦。
2751,19,3692,我那个时候，很开心。
2751,19,3693,这样啊。那么，我就尊重你的选择吧。
2751,19,3694,如果是我所说的话，她肯定听不进去吧。
2751,19,3695,那个……纱月同学？
2751,19,3696,纱月同学。
2751,19,3697,甘织。
2751,19,3698,对不起，让你担心了吧。我马上就回去。我只是在思考下一场比赛该怎么办而已。
2751,19,3699,就是没办法顺利呢。真唯果然很了不起。可是，我也努力过了啊。只要能再给我一些时间的话……
2751,19,3700,……嗯。我很清楚纱月同学有多么努力。因为你现在变得非常厉害了嘛。
2751,19,3701,……不过，就是赢不了真唯。
2751,19,3702,呃……
2751,19,3703,这也是没办法的事
2751,19,3704,在期中考的期间我也有在打工。
2751,19,3705,……唉？
2751,19,3706,虽然店长说我可以请假，但我已经和妈妈约好一上高中就要赚钱补贴家用了。既然是自己决定的事情，我就不想反悔。
2751,19,3707,这样啊。
2751,19,3708,我也有认真念书，而且也有一直在练习。
2751,19,3709,嗯……原来是这样，好厉害。纱月同学很了不起。
2751,19,3710,可是，这样肯定只是为自己找个逃避的借口而已。
2751,19,3711,怎么会……
2751,19,3712,我赌上了一切与真唯一决胜负，要是这样都还输得一败涂地，那我就一无所有了。
2751,19,3713,纱月同学……
2751,19,3714,我非常开心
2751,19,3715,……纱月同学……
2751,19,3716,不可以放弃啊，纱月同学。
2751,19,3717,……什么啦？
2751,19,3718,就算今天赢不了，也许明天就能赢。说不定下次就会赢了，还是有可能追上她的。
2751,19,3719,我……一直以来都是这么想的啊。但对手是……
2751,19,3720,对手是真唯没错，但也不能放弃啊！我不希望纱月同学就这样放弃！
2751,19,3721,你想赢过真唯吧，一直都想对她还以颜色吧，所以你不可以放弃啊。因为我也想看到纱月同学赢过真唯的那一幕！真唯因为输给纱月同学而不甘心的表情，我超想看的啊！
2751,19,3722,……事到如今，提那种事情又有什么意义……
2751,19,3723,才不是没有意义呢！说起来，不就是纱月同学把我牵扯进来的吗！我也赞同纱月同学对我说的那些话！所以我就算背叛朋友，也要助纱月同学一臂之力啊！因为我一直、一直觉得气氛很尴尬，快受不了啊！
2751,19,3724,所以，你不要自己在那边放弃啊！就算今天输了，也要无畏地笑着说『下次一定会赢的
2751,19,3725,……你。
2751,19,3726,你已经很努力了
2751,19,3727,那个，纱月同学──
2751,19,3728,啊哇哇哇。
2751,19,3729,你在做什么啊……
2751,19,3730,对、对不起……我好像，有点太激动了……
2751,19,3731,你敲门的方式太粗鲁了。
2751,19,3732,话是这样说没错啦！唉？现在是讲这种中肯发言的时候吗！？
2751,19,3733,为、为什么不放开我……
2751,19,3734,你叫得那么大声，让我想起了一件事。
2751,19,3735,这人根本没打算回答！唉？是什么……
2751,19,3736,就是，王冢真唯这女人，并没有自己所想的那么了不起。
2751,19,3737,纱月同学……
2751,19,3738,你刚才真的是口无遮拦呢，明明只不过是甘织。
2751,19,3739,唉！？对、对不起……
2751,19,3740,没关系，就放过你吧。毕竟我也不讨厌你这点。
2751,19,3741,为什么！？
2751,19,3742,没有什么特别的意思，算是提振士气吧。
2751,19,3743,我的嘴唇哪有什么提神醒脑的功效！
2751,19,3744,你想抱到什么时候？差不多该放开了吧。
2751,19,3745,太不讲理了吧！那你可以先放开我吗！？放手、放、放开我！
2751,19,3746,这是怎样啦……
2751,19,3747,甘织，谢谢你。
2751,19,3748,呃，虽然我不是很懂，但不用谢啦……
2751,19,3749,仔细想想，只有我受到打击也太不合理了。我也得狠狠撕裂真唯的心才行。
2751,19,3750,你是要做什么啊！？
2751,19,3751,这还用说吗？当然是继续战争了。
2751,19,3752,嗨，你们还真久呢。
2751,19,3753,如何？想到什么打败我的作战计画了吗？
2751,19,3754,嗯，托你的福。
2751,19,3755,哦，那真是令人期待啊。
2751,19,3756,不过，你到底在厕所做了什么呢？玲奈子也好像出了很多汗。
2751,19,3757,是啊，因为我抱（编注：日文中「拥抱
2751,19,3758,上床
2751,19,3759,哦？
2751,19,3760,抱了甘织。
2751,19,3761,哦、哦，哦哦哦哦？
2751,19,3762,再怎么样，这样讲也太超过了，纱月。其实只是紧紧拥抱了她而已对吧？不过就算是这样，也很让人羡慕呢……
2751,19,3763,但是我们接吻了。对吧，甘织？
2751,19,3764,是有亲没错啦！
2751,19,3765,玲奈子……？
2751,19,3766,游、游戏开始！
2751,19,3767,嗳，甘织，让我来告诉你吧，为什么我会如此坚持把真唯视为竞争对手。
2751,19,3768,唉！？这局才刚刚开始耶！？
2751,19,3769,以前的真唯，真的就像是画中走出来的大小姐。
2751,19,3770,等等，纱月。你打算对玲奈子说什么？
2751,19,3771,我要讲的是你最可爱……不对，是唯一可爱过的那个时代的故事。
2751,19,3772,那时的真唯，当然也和现在一样受欢迎。身边聚集了许多人。可是，这仅限于在学校里，因为放学后她总是很难约。除了模特儿的工作，每天都还得去上才艺课。我想对于还是孩子的她来说应该相当辛苦吧。
2751,19,3773,……妈妈对我采用的是精英教育。她的教育方针，应该是尽可能去开发孩子的可能性吧。
2751,19,3774,但是，你过得很不自由吧？
2751,19,3775,或许我是在羡慕吧。因为你们看起来总是如此开心。
2751,19,3776,所以才会做出那么乱来的举动吧。
2751,19,3777,毕竟年少轻狂嘛。
2751,19,3778,有一天呢，真唯她说『今天没问题
2751,19,3779,……你真的打算全说出来吗？
2751,19,3780,是啊，怎么了？还是说，你不希望让甘织听到这些？
2751,19,3781,……即使我叫你停下，你也会继续说吧？
2751,19,3782,你很t解我嘛。
2751,19,3783,毕竟我们都认识这么久了。
2751,19,3784,然后呢，到了傍晚，我们这群的孩子一个接一个地回家了，只剩下我和真唯。真唯蹲在我们玩耍的神社公园，同时露出泫然欲泣的表情说『今天回不去了
2751,19,3785,为、为什么？
2751,19,3786,因为真唯把放学后的预定全都翘掉了。而且还不只是才艺课，也包括儿童模特儿的工作。她关掉了手机，选择和我们一起玩。想必她当时已经忍到极限了吧。
2751,19,3787,她还只是个孩子。在工作上犯错，遭到大人训斥，又和妈妈有些小吵架，这些事情错综复杂地交错在一起，导致她决定反抗。
2751,19,3788,然后呢，纱月同学你呢？
2751,19,3789,我把真唯带回家了。毕竟又不能丢下她一个人不管。只不过，要让平常穿着光鲜亮丽的衣服、耀眼动人的大小姐真唯看到我家的样子，还是挺难为情的。再加上我妈妈又是那个样子，爸爸从我懂事时就不在了。
2751,19,3790,我当时是第一次到朋友家里玩，真的是很紧张。不过，伯母一直很体贴。当然，你也是。
2751,19,3791,我可是使出浑身解数招待你呢。每次看到你那种不安的表情，我就觉得自己一定要努力让你开心起来。因为我也经常和母亲吵架后离家出走，多少能理解你的不安。
2751,19,3792,后、后来呢？
2751,19,3793,我想想。应该是吃过晚餐后吧？真唯的母亲来了。
2751,19,3794,呜哇。
2751,19,3795,她当然是大发雷霆臭骂一顿……是吗？
2751,19,3796,不，她的态度简直就像毫无感情的机器人。她说『这次我女儿给您添了麻烦，实在很抱歉
2751,19,3797,我也是第一次见到妈妈那个样子。不过现在回想起来，妈妈想必也在反省自己对我太过严苛了吧。她这个人很不善于表达感情，所以才不知道该如何宣泄。不过，确实是挺可怕的……
2751,19,3798,你还因为自己翘掉了工作，给许多人添了麻烦而愧疚呢。嗳，你知道我当时是怎么想的吗？不开玩笑，我还以为你被带走后会被杀掉呢。
2751,19,3799,太夸张了。不过，我也以为自己说不定会被勒令退学，明明我才读国小而已。
2751,19,3800,所以，后来怎么样了？
2751,20,3801,纱月她出面袒护了我。
2751,20,3802,唉？纱月同学……？
2751,20,3803,是啊。
2751,20,3804,请不要带走她！
2751,20,3805,真唯只是想和我们一起玩，没有做什么坏事！因为我妈妈说过，小孩子的工作就是玩耍！请不要对她不好！
2751,20,3806,真唯哪里也不用去！当我们家的小孩就好！我会一直陪在你身边的──！
2751,20,3807,这样啊，所以我才对你……
2751,20,3808,唉？
2751,20,3809,不，没什么。该怎么说呢，现在讲的话就太不识趣了。因为我是由衷地爱着你的。
2751,20,3810,怎、怎么突然讲这种话……
2751,20,3811,虽然我袒护了你，但也被完全不明白事情经过的妈妈训了一顿，真唯当然也被带回家里，真的是很倒霉。
2751,20,3812,就是从那时开始的吧，纱月。
2751,20,3813,开始什么。
2751,20,3814,每当我快被孤立的时候，你总是会跑到我身边来贬低我，说我这女人其实也没什么了不起的。
2751,20,3815,那当然啦。我看过你这女人哭得死去活来的样子，现在就算再怎么装成熟也没用的。
2751,20,3816,可是你为了和我较劲，却一直假装自己很成熟，这是为什么？
2751,20,3817,那是因为你故作成熟，我只是在配合你。
2751,20,3818,为什么要这么做？
2751,20,3819,因为──
2751,20,3820,你为什么连这种事也不明白呢？
2751,20,3821,如果我不这么做，等到哪天你又变成孤单一人的时候，我不就没办法陪在你身边了吗？
2751,20,3822,呵。
2751,20,3823,……如果是这样的话，那你应该要一开始就告诉我啊。我还以为你开始讨厌我了呢……不过，从我认识你的那天起，你果然就没什么改变。一直都是这么温柔。
2751,20,3824,纱月同学，你也太喜欢真唯了吧……
2751,20,3825,无所谓。这是我自己决定的事，并不是想要因此让真唯欠我人情……而且，刻意说出口也怪难为情的。
2751,20,3826,呵呵……不过，我总算是明白了你真正的心意。谢谢你告诉我。
2751,20,3827,再来呢，就是……
2751,20,3828,只要说了这么多，就算是真唯也应该会对我动之以情，露出破绽了吧。
2751,20,3829,……你说什么？
2751,20,3830,唉？
2751,20,3831,笨～～～～～～～～～～蛋！大意了吧～～～～～～！？
2751,20,3832,什、什、什……
2751,20,3833,你不是最喜欢我了吗……
2751,20,3834,一码归一码！哪有可能混为一谈啊！什么永远陪在你身边啊……别开玩笑了！一直陪着你又怎么样！？一直输一直输一直输一直输的话，随便想想都知道肯定会不甘心的啊！你这个满脑子不切实际幻想的女人！我看起来像是那种善意百分百的女人吗！？
2751,20,3835,……你说了那么多，就只是为了打败我吗……？吐露出一直深藏在心中的想法，就只是为了开这一枪……！？
2751,20,3836,如果能看到你那表情，简直是物超所值呢～～～！
2751,20,3837,太过分了……！
2751,20,3838,如何！？被我偷袭有什么感想啊！？难过？懊悔？还是伤心！？告诉我吧，快告诉我啊！把你的感情全部宣泄出来！我啊！现在可是非常开心呢！这种感觉实在是棒极了！那天把你带回家真的是太好了──！
2751,20,3839,你为什么就是这么坏心眼啊！
2751,20,3840,纱月同学，这样一来就是变成和我一对一了呢。
2751,20,3841,……
2751,20,3842,甘织。
2751,20,3843,怎么了？
2751,20,3844,呃，我喜欢你，最喜欢了，已经喜欢到无可自拔甘织LOVE。
2751,20,3845,讲得太随便了！喜欢哪里你倒是说说看啊！
2751,20,3846,……我想想……
2751,20,3847,虽然你做事不经大脑，也不擅长与人交往，不仅冒失，又完全没有实力……
2751,20,3848,嗯。
2751,20,3849,不过，你知道自己的弱点，又比任何人都温柔……无论何时都全力以赴，害我看了都很难为情……就这些地方吧。
2751,20,3850,──是吗！谢谢──！
2751,20,3851,辛苦啦──！
2751,20,3852,哎呀，明天开始终于要放暑假了呢！
2751,20,3853,纱月同学有什么计画吗？
2751,20,3854,这个嘛，我想要痛快地看书。拿着书去泡冷水澡，让自己一整天都能浸在活字当中。
2751,20,3855,在浴室看的话，书不是会伤到吗？
2751,20,3856,那是湿气的影响吧。我会把窗户打开，那里也放着书架，没问题的。
2751,20,3857,就、就是啊。纱月同学家的浴室很酷喔～
2751,20,3858,原来如此
2751,20,3859,琴家的浴室确实是相当有情趣。毕竟纱月很讲究这些。话说回来──为什么玲奈子会知道这件事呢？
2751,20,3860,唉？
2751,20,3861,小、小玲奈……？
2751,20,3862,什么情况！？什么情况！？小纱！
2751,20,3863,没什么大不了的。只不过是甘织曾到我家来玩而已。
2751,20,3864,哦？
2751,20,3865,这也没什么好奇怪的吧，不过只是招待朋友到家里做客罢了。
2751,20,3866,纱、纱、纱月同学～～～～～……！
2751,20,3867,唉？等一下，玲奈亲怎么哭了！？
2751,20,3868,小玲奈！？
2751,20,3869,你、你是怎样啊……
2751,20,3870,因、因为……纱月同学刚才说，朋友，说我们是朋友嘛～～……！
2751,20,3871,就因为这点小事？
2751,20,3872,对我来说很重要嘛～～～！
2751,20,3873,我也是，我和玲奈亲也是朋友哦！
2751,20,3874,嗯、嗯。我、我也……是、是朋友喔！？
2751,20,3875,小香穗，紫阳花同学～……
2751,20,3876,真是奇怪的家伙……
2751,20,3877,干嘛一边哭还一脸笑咪咪的啊……
2751,20,3878,玲奈子很有趣吧。
2751,20,3879,毕竟是我的推。
2751,20,3880,我从以前就搞不太懂你的喜好。
2751,20,3881,我喜欢的类型始终如一喔。我啊，就是喜欢美丽的事物。
2751,20,3882,但她哭得一把鼻涕一把泪的耶……
2751,20,3883,很美吧？
2751,20,3884,这样很丢脸。还很引人注目。
2751,20,3885,咿呀……
2751,20,3886,啊，来，我的也给你。
2751,20,3887,啊，我也有我也有。
2751,20,3888,先别管她了，所以今天是怎么回事？可别说是要庆祝我回到这个圈子哦。
2751,20,3889,那当然。如果要为了这点小事一一庆祝也太傻了。如果真要那样，今后每当你离开这个圈子又回来时，可都得举办宴会才行呢。
2751,20,3890,……我不会常常这么做啦。
2751,20,3891,我倒觉得每周一次也无所谓。因为很有趣。
2751,20,3892,我不会常常这么做啦！
2751,20,3893,……这是什么？
2751,20,3894,生日快乐，纱月。
2751,20,3895,……对耶。因为太忙了，我完全忘了。
2751,20,3896,这样一来，你在这阵子就会是姊姊了呢。
2751,20,3897,是啊。不过因为自己年长就摆架子根本没意义，我已经不会那么做了。
2751,20,3898,来，小纱月。祝你生日快乐。
2751,20,3899,谢谢你，濑名。我很开心能得到你的祝福。
2751,20,3900,我的朋友纱月同学！这是你的朋友玲奈子送的礼物喔！我们之间友情的证明！
2751,20,3901,好烦……
2751,20,3902,好过分！
2751,20,3903,幸好顺利地赶上了这天！我一直担心得不行呢！
2751,20,3904,……原来，所以你们才会……
2751,20,3905,就是！这样！
2751,20,3906,……大家，谢谢你们。
2751,20,3907,小纱在害羞耶！好口爱！我可以拍照吗！？
2751,20,3908,绝对不行。
2751,20,3909,好，那我拍！
2751,20,3910,我连同手机把你一起打烂喔。
2751,20,3911,我也要！？
2751,20,3912,和当时不一样，现在我们的周围有了许多朋友。不会再孤单一人了，纱月。
2751,20,3913,是啊……也许，真的是这样吧。
2751,20,3914,所以你不需要再管我了
2751,20,3915,话说回来。
2751,20,3916,真唯，我也有东西要给你。
2751,20,3917,是吗？会是什么呢？像奖杯之类的吗？
2751,20,3918,……什么的奖杯？
2751,20,3919,我想了一下现在收到什么东西能让我开心，自然就浮现在脑海了。
2751,20,3920,……奖杯就等你生日我再考虑看看吧。拿去。
2751,20,3921,这是？
2751,20,3922,你仔细看。
2751,20,3923,……唉？
2751,20,3924,你啊，肯定是不管三七二十一，疯狂练习那款游戏对吧？我说过了，我在每个地方都尽了全力。
2751,20,3925,我第一次赢过你呢。
2751,20,3926,所以呢，我希望你能安慰我。
2751,20,3927,不是，什么所以啊？
2751,20,3928,因为，我不仅在游戏上输给你，连考试成绩都输给了纱月嘛……就算是我也是受了很大的打击呢。
2751,20,3929,先不论纱月同学，你至少有99亿个项目都赢过我吧……
2751,20,3930,没那回事。而且，我也失去了迎娶你这个伴侣的机会。
2751,20,3931,……话是这样说，但就算我赢了，我也没有打算要和你结婚呢。
2751,20,3932,是、是吗？
2751,20,3933,是啊，用决斗来赢取你的心什么的，又不是莎士比亚那个年代。我打算让你用自己的意志选择我。
2751,20,3934,你明明超全力以赴的耶……
2751,20,3935,我对比赛向来都是认真的。否则对对方就太失礼了……话虽如此。
2751,20,3936,但我还是输了……我……接连输给了你和纱月……
2751,20,3937,唔。
2751,20,3938,啊啊真是的──真拿你没办法──
2751,20,3939,膝枕。
2751,20,3940,唉？
2751,20,3941,过来吧。
2751,20,3942,……
2751,20,3943,这种事不是很常见吗？你想想，像是漫画里面要道谢的话，就是亲吻啊。不过会这么做的女人，也代表她知道自己的吻会让对方觉得很值得吧。你很t解自己的价值嘛。哇～这么往自己脸上贴金啊。不行不行～
2751,20,3944,过来，膝枕，快一点。
2751,20,3945,不，可是……
2751,20,3946,膝枕！
2751,20,3947,唔……真强势啊……
2751,20,3948,真唯才是吧，难得你会拒绝……既然纱月同学要离开你了，你今后也需要开始依赖其他人了吧。
2751,20,3949,唔……这样讲确实也没错……
2751,20,3950,之前也说过了吧，不管失败多少次都没关系。就算屡屡失败，也就那样而已。毕竟真唯平常就很努力了。
2751,20,3951,唔。
2751,20,3952,有种好难形容的感觉！
2751,20,3953,你平常被人认同、被人夸奖的次数明明就多到数以万计了……
2751,20,3954,因为我会赢是理所当然的……在失败之后被别人认同自己的努力什么的，我几乎没有这种经验。
2751,20,3955,这样啊这样啊，不过没关系，因为只有我知道真唯你一直都在努力嘛。呵呵呵，小真唯很棒很棒，要当个乖宝宝哦～……呵呵呵呵。
2751,20,3956,你讲这种……你啊，真是……！
2751,20,3957,多亏有你，我才能和纱月同学也成为朋友。
2751,20,3958,关于这点倒并非我的本意……不过玲奈子高兴的话，也算是值得了吧。
2751,20,3959,要是你一直都这么惹人怜爱的话，事情就简单多了……
2751,20,3960,……那样你会比较开心吗？
2751,20,3961,嗯……这个嘛，真唯还是像平常那样就好。想生气的时候就生气，想笑的时候就笑，沮丧的时候就沮丧，那样的真唯就好了。
2751,20,3962,啊……
2751,20,3963,现在，我又更喜欢玲奈子了。
2751,20,3964,唔……
2751,20,3965,又没什么……毕竟我们是朋友嘛。
2751,20,3966,你的想法与我对你的爱，两者都是自由的。这样才是『玲真挚友
2751,20,3967,你只是把这个词解释成对你有利而已吧──！
2751,20,3968,玲奈子，你和纱月同学吻了几次？
2751,20,3969,啊，呃，那个……
2751,20,3970,大、大概三次吧……？
2751,20,3971,短短两周就三次了……？你到底是有多……
2751,20,3972,慢、慢着！你误会了！
2751,20,3973,既然你认为我维持这样就可以了……啊，意思就是，这个压抑在胸口的难耐之情，我也不需要再忍耐了吧？
2751,20,3974,不，还是稍微忍耐一下比较……要是不管后果直接宣泄出来，就算是朋友，我也不晓得有没有办法全部承受……
2751,20,3975,当然，我是不会伤害你的。
2751,20,3976,呜，呜呜……那个，其实我多少还是有点罪恶感。只要动作别那么强硬把我弄痛，我也没办法拒绝，所以希望你可以手下留情……
2751,20,3977,你这是在向我的理性下战帖吗？
2751,20,3978,不，我保证没那种打算！
2751,20,3979,哎呀，你真是狡猾呢。
2751,20,3980,总之，这样就姑且三次了。
2751,20,3981,我爱你，玲奈子。让我们一起度过一个愉快的暑假吧。
2751,20,3982,是，呃……好。
2751,20,3983,作为你的挚友，这个暑假也请你多多指教了！
2751,20,3984,有好多想写在本篇的东西，这样应该不需要写后记了吧……？
2751,20,3985,读者要是能在看完后喜欢上纱月就太好了
2751,20,3986,那么那么，小玲奈。
2751,20,3987,啊，怎么了？
2751,20,3988,假如小玲奈是勇者的话，大家要选什么职业比较好？
2751,20,3989,啊，呃。
2751,20,3990,紫阳花同学应该是僧侣吧～
2751,20,3991,顺带一提，小玲奈是勇者哦。
2751,20,3992,嗯～～原来如此。
2751,20,3993,来得好，勇者……咦？勇者？汝吗？不是村姑？……唉。总之那边有宝箱，你随便拿点钱就离开吧。
2751,20,3994,没错，我是天下无敌的最强勇者……只要挥剑就能将山劈成两半，一旦施展魔法就连大海都会干涸，是个品德高尚，受到全世界需要的勇者……不管谁说什么我都是勇者……
2751,20,3995,小玲奈，小玲奈小玲奈。
2751,20,3996,再来的话，就是纱月同学，小香穗和王冢同学对吧。
2751,20,3997,嗯。
2751,20,3998,总之，先把紫阳花同学定为僧侣……
2751,20,3999,收到。
2751,20,4000,我会努力恢复大家的伤势的。『蕖
2751,21,4001,呃，那小纱月呢？
2751,21,4002,纱月同学只能是魔法师呢。
2751,21,4003,她会运用各种手段，让魔物求生不得、求死不能。与其说是魔法师，倒不如说是魔女。
2751,21,4004,啧……真没意思……难道就没有更能打的敌人吗？
2751,21,4005,确实，毕竟小纱月她脑袋超好的嘛～
2751,21,4006,脑袋很好
2751,21,4007,小香穗感觉就很像个战士呢。
2751,21,4008,啊～我好像懂你的意思～
2751,21,4009,感觉她会争先恐后地挥着武器，就这样杀入敌阵呢。
2751,21,4010,如此这般，就是我、紫阳花同学、纱月同学与小香穗组成四人队伍吧。
2751,21,4011,小真唯呢？
2751,21,4012,王冢同学她……
2751,21,4013,嗨
2751,21,4014,勇者……？
2751,21,4015,勇者是小玲奈喔。
2751,21,4016,是这样没错啦……
2751,21,4017,啪
2751,21,4018,被囚禁的公主殿下之类的如何？
2751,21,4019,被魔物囚禁在迷宫深处的公主殿下，王冢真唯……
2751,21,4020,呼……今天，勇者是否就会来救我了呢？啊啊，我在等着你呢，我心爱的玲奈子……
2751,21,4021,好，我想到了。紫阳花同学。
2751,21,4022,你有好点子了？
2751,21,4023,王冢同学就当个游人吧。
2751,21,4024,纱月同学，你为什么会在皇后甜甜圈打工？
2751,21,4025,你问我……为什么？
2751,21,4026,不，就是，那个……因为制服超可爱的！我想说纱月同学是不是很憧憬穿上那种衣服这样！
2751,21,4027,你是这样吗？
2751,21,4028,咦？不……我倒是还好……
2751,21,4029,好可爱→好想穿
2751,21,4030,好可爱→如果是可爱的女生穿上应该会很搭
2751,21,4031,只要离家近又是餐饮店，在哪工作其实都无所谓。就算是速食店或牛井店也可以。
2751,21,4032,在牛井店打工的纱月同学……
2751,21,4033,呃？你没弄错店吗？
2751,21,4034,我在这些店里面会选皇甜打工，是因为他们只招募内场员工。
2751,21,4035,咦？可是纱月同学很常在外场接客啊。
2751,21,4036,……
2751,21,4037,我也跟店长说过了，自己不擅长应付客人，所以希望待在厨房。但人手好像不足，所以我现在也会帮忙到外场接客。
2751,21,4038,这样啊……那我会目击到外场的纱月同学只是刚好而已啊。
2751,21,4039,顺带一提，这个月我被安排一直待在外场。
2751,21,4040,根本就是外场了吧！？
2751,21,4041,不，我是内场的员工。是因为现在凑巧处于这种时期……
2751,21,4042,就算你露出女人在绝不承认恋人花心时的表情说这种话，也很没说服力耶…………
2751,21,4043,由于我被调去外场，也有前辈因此被调到内场。
2751,21,4044,你自己肯定也看清了吧！？
2751,21,4045,无论在哪里都是这样呢。尽管我已经表明自己不想与他人扯上关系，到头来总是会变成这样。真没道理。
2751,21,4046,嗯，这个……
2751,21,4047,纱月同学也很辛苦呢……
2751,21,4048,是啊。不过这也难免。毕竟生为美人，自然会有这种困扰。
2751,21,4049,啊，你有意识到这点！？
2751,21,4050,……纱月同学的生日礼物……
2751,21,4051,纱月同学收到什么礼物才会开心啊……
2751,21,4052,咦？呃，嗯……谢、谢谢你。
2751,21,4053,熊子
2751,21,4054,啊，熊子……不对，呃，玲奈子同学w
2751,21,4055,我和小紫一起去买了喔。买了可爱的书套！
2751,21,4056,我呢～是送身体喷雾和护手霜喔～
2751,21,4057,我可以打开吗？
2751,21,4058,啊，可以啊，请吧请吧。
2751,21,4059,嗯。
2751,21,4060,哎呀。
2751,21,4061,那是带香气的浴盐……因为纱月同学感觉很喜欢泡澡。
2751,21,4062,原来是这样啊。
2751,21,4063,谢谢
2751,21,4064,原来是这样啊
2751,21,4065,原来是这样啊
2751,21,4066,甘织。
2751,21,4067,啊，是！
2751,21,4068,你送我这样的礼物，是还想再和我一起泡澡吗？真是的，你实在很下流呢。
2751,21,4069,不、不是！不是这样啦！
2751,21,4070,可以坐你旁边吗？
2751,21,4071,……位置，别处还空着很多哦
2751,21,4072,可是，我想着坐在小纱月旁边比较好呢～
2751,21,4073,倒是可以
2751,21,4074,太好了
2751,21,4075,但你不是，刚和她们一起吃过饭了么？
2751,21,4076,啊，呃
2751,21,4077,可是，我有点在意小纱月的样子
2751,21,4078,最近午饭的量减少了，所以想着再垫点东西吃
2751,21,4079,是这样啊
2751,21,4080,总觉得这是借口呢
2751,21,4081,是吗？可能确实变成那样了呢
2751,21,4082,……和我一起吃饭的话会变得
2751,21,4083,会变得？
2751,21,4084,比如说，想回到那边去的时候，已经没有你的一席之地了
2751,21,4085,啊哈哈
2751,21,4086,不会不会
2751,21,4087,不过那样的话，接下来就要一直和小纱月相依为命了呢
2751,21,4088,……是啊
2751,21,4089,话说回来，马上就要考试了呢。小纱月不和谁一起开读书会吗？
2751,21,4090,是啊，我大概都是一个人吧
2751,21,4091,一个人就能保持住那样的成绩，小纱月真厉害
2751,21,4092,是啊……
2751,21,4093,是啊
2751,21,4094,濑名，你有什么不擅长的科目吗？
2751,21,4095,我稍～微有一点不擅长数学啊～。如果是循序渐进能记住的，那我花点时间就能掌握，但如果是灵光乍现？那种的，我的思维就跟不上了。小纱月很擅长数学吧？
2751,21,4096,嘛，我最擅长的就是数学呢。相反地，国语是不擅长的那边
2751,21,4097,咦，是这样吗？
2751,21,4098,虽然读了很多书呢
2751,21,4099,不过你看，国语不是会变成以揣测伟人脑内回路为目标的游戏吗？
2751,21,4100,以揣测脑内回路为目标的游戏？那是什么啊
2751,21,4101,回答作者此时心境的这种问题，你看，必须把出题者期望得到的答案回答出来嘛。所以很麻烦啊。很多时候我觉得答不对也没关系的吧
2751,21,4102,啊啊，原来是这个意思。不过，确实如此呢。我听说那个答案经常会和作者想的不一样的时候，还觉得『什么嘛
2751,21,4103,就是说啊
2751,21,4104,小纱月？
2751,21,4105,…………不，没事
2751,21,4106,假设有个吸水越多就会变得越强，就像史莱姆一样的魔物的话
2751,21,4107,诶？嗯，嗯
2751,21,4108,那孩子有个像太阳一样的朋友。只要靠近它，就会变得暖乎乎的。可是啊，魔物是不可以靠近那个太阳的
2751,21,4109,呃……因为身体里的水分会蒸发，什么的？
2751,21,4110,就会逐渐失去力量。听完这个故事，你是怎么想的？
2751,21,4111,嗯……
2751,21,4112,是有什么要努力变强去达成的目标，吗……
2751,21,4113,魔物有个无论如何都想杀死的对象哦
2751,21,4114,嗯，嗯。这样啊……既然如此，要不要和那个太阳一起战斗？既然是朋友，或许它会愿意来帮忙
2751,21,4115,原来你是这样思考的啊。感谢回答。之后会通知你是否合格
2751,21,4116,这是某种测验吗！？
2751,21,4117,那个……
2751,21,4118,我是不是让你感到困扰了
2751,21,4119,小纱月你──那个──对了，你暑假有什么计划么？我这边啊，家人说是要一起去露营来着
2751,21,4120,是不是让你感到困扰了？
2751,21,4121,没这回事
2751,21,4122,善人
2751,21,4123,我的话，没什么特别的预定呢
2751,21,4124,这样啊～
2751,21,4125,来吧，来吧，很好玩哦！
2751,21,4126,…………濑名你，和家人感情很好呢
2751,21,4127,嗯～怎么说呢，应该算普通吧？
2751,21,4128,假设有一辆失控的矿车
2751,21,4129,诶？
2751,21,4130,在那辆矿车飞驰的轨道前方，我想想，假设有五个甘织
2751,21,4131,五个小玲奈……
2751,21,4132,虽然看起来没有认真工作，但她们正在挖矿。因为矿车是失控状态，这样下去，五个甘织都会被辗死
2751,21,4133,为什么这种比喻要用小玲奈的名字……
2751,21,4134,不过呢，你手边有一个操纵拉杆，只要用它切换轨道，会死的就只有切换轨道后前方的一个甘织
2751,21,4135,唔，嗯
2751,21,4136,你是会为了拯救五个甘织，而杀死一个甘织呢；还是无法下定决心，结果杀死五个甘织呢。你会选择哪边？
2751,21,4137,啊，是这种问题啊？
2751,21,4138,电车难题
2751,21,4139,是的
2751,21,4140,不过这只是说着玩的，随意回答也无所谓就是
2751,21,4141,嗯──稍等一下，我思考一下
2751,21,4142,你不拿东西过来吃也可以的
2751,21,4143,那个，小纱月
2751,21,4144,嗯
2751,21,4145,我啊，总之会大喊『小心危险！
2751,21,4146,是吗
2751,21,4147,嗯
2751,21,4148,这样啊。……诶？
2751,21,4149,不对，不是这样的问题啊
2751,21,4150,我啊，能发出很响亮的声音哦。在家里也偶尔会大喊大叫呢
2751,21,4151,说的不是这个问题啊
2751,21,4152,可我想问的是，你会选择两个选项中的哪一个
2751,21,4153,可是，一旦做出选择，其中一边的小玲奈就会死掉啊。这样很悲伤吧
2751,21,4154,啊，那我用身体全力去撞矿车如何？只要把矿车撞出轨道，大家就都能平安无事了吧
2751,21,4155,那样倒也可以……对了，不过如果那样做的话，就算真的成功了，你也可能会身受重伤哦。最糟的情况可能会死掉呢
2751,21,4156,这都是为了拯救小玲奈
2751,21,4157,嗯──
2751,21,4158,这样啊，那就伤脑筋了啊……这可怎么办呢
2751,21,4159,你挺身而出，去拯救甘织不就好了
2751,21,4160,可是，如果我死了，就没人照顾小不点们了。而且还得去接送他们上课外班啊
2751,21,4161,那么甘织就会死掉了
2751,21,4162,嗯──嗯──
2751,21,4163,那就把小玲奈杀掉吧
2751,21,4164,可以了，濑名。因为再这样下去的话，感觉会变成单纯是在欺负你一样
2751,21,4165,是这样吗？
2751,21,4166,嗯。我已经明白了，就算看到你困扰的样子，我也不会感到畅快
2751,21,4167,难道说，我被欺负了？
2751,21,4168,或许，是这样没错呢
2751,21,4169,啊～小纱月坏心眼～
2751,21,4170,闭嘴
2751,21,4171,那么，如果是小纱月的话，会怎么做？
2751,21,4172,如果是这样的话
2751,21,4173,我可能会选择杀死五个甘织，吧
2751,21,4174,诶，为什么？
2751,21,4175,甘织的话有一个就足够了吧
2751,21,4176,好狡猾
2751,21,4177,难道你把五个我杀掉都不会感到愧疚吗！
2751,21,4178,你好吵啊
2751,21,4179,咕奴奴
2751,21,4180,小纱&#9825;
2751,21,4181,……怎么了？
2751,21,4182,嗯呼呼呼
2751,21,4183,……
2751,21,4184,p&#12539;re&#12539;se&#12539;n&#12539;t&#9825;怎么样了喵？
2751,21,4185,……
2751,21,4186,什么怎么样？
2751,21,4187,因为那可是，至亲女儿呕心沥血编织的袜子啊，对妈妈来说，不就像是了不得的无价之宝一样的存在嘛
2751,21,4188,是，这样么
2751,21,4189,话说啊，就是因为抱着这种想法，小纱才会选袜子当礼物吧？
2751,21,4190,或许确实是这样想的吧，曾经的我
2751,21,4191,曾经的
2751,21,4192,我犯傻了呢
2751,21,4193,也就是说，小纱在这个瞬间，也每分每秒都在成长……！？
2751,21,4194,啊嘞嘞
2751,21,4195,是说～，是说～，该不会是那种情况吧。没感受到对方收到礼物的喜悦吗……？
2751,21,4196,……
2751,21,4197,糟了
2751,21,4198,没，没问题的！心意，第一次的话心意最重要！没错，就算失败了，就算对方是不穿袜子的那种类型，怎么说呢，那下次就试试编窗帘吧！？听说是会累死人级别的真的要死的那种哦！？
2751,21,4199,……还没呢
2751,21,4200,还想活着吗！？
2751,22,4201,不是说这个
2751,22,4202,还没送出去呢。礼物
2751,22,4203,生日那天的日期，我记得是…………
2751,22,4204,呼喵！
2751,22,4205,小纱月～我好困啊～
2751,22,4206,马上就好
2751,22,4207,请把盘子端过去吧
2751,22,4208,好～的～
2751,22,4209,噗～噗～
2751,22,4210,不是妈妈一开始说的吗。说至少早上要一起吃，什么的
2751,22,4211,因～为啊，不这样的话就见不到小纱月嘛～所以我才说的是好困啊，而从来没说过我不吃了、我睡了之类的话吧～？
2751,22,4212,嘴真硬啊……
2751,22,4213,感觉就像双职工夫妻呢，这种情况。在生活步调不一致的情况下，一起寻找能见到面的时间，是吧～所以小纱月真的很了不起，真的
2751,22,4214,虽然我只是在做早餐而已……
2751,22,4215,不过啊，不过啊，小纱月你不用勉强自己也可以哦。早餐的话，就算顿顿都吃森永威德能量果冻我也没问题哦，小纱月。我们一起吃森永威德能量果冻吧
2751,22,4216,我才不要吃
2751,22,4217,早上吃香蕉也可以哦。因为香蕉更甜，所以我喜欢
2751,22,4218,做了不甜的味噌汤可真是抱歉呢
2751,22,4219,我开动了
2751,22,4220,好吃～！
2751,22,4221,说起来小纱月，高中生活如何？开心吗？有交到朋友吗？
2751,22,4222,一句话里出现三个问号的，可是病句哦
2751,22,4223,你只要按照顺序挨个回答就好啦～！
2751,22,4224,……高中的话，嘛，很普通。至于开不开心，也没有，多开心吧。朋友的话，马马虎虎
2751,22,4225,没有朋友吗……？
2751,22,4226,也不是，没有吧
2751,22,4227,我来教你怎么交朋友吧……？就是啊，只要跑到正聊得开心的地方说一句『带～我～一～个～嘛～
2751,22,4228,你知道我今年几岁了吗……？
2751,22,4229,所以说对话的契机是什么都行啦～！你看你看，只要笑咪咪地和人搭话，光是这样就能让彼此都莫名感到开心吧？笑咪咪，笑咪咪地来，你试试看嘛小纱月。笑咪咪～！
2751,22,4230,笑咪咪
2751,22,4231,我要是和小纱月同班，可能会不敢上去搭话……
2751,22,4232,没事，我又不在乎这些。就算没有朋友，只要在必要的时候，有必要的对象在就好
2751,22,4233,嘛，说得也是，没问题呢。毕竟小真唯也在同一个班级呢。只要好闺蜜小真唯在的话，不管什么都问她就好了呢
2751,22,4234,…………说得是呢
2751,22,4235,话说回来，最近小真唯好像变得很少来咱们家了呢。果然是因为有各种事要忙吗？
2751,22,4236,好像是这样。虽然我不太清楚
2751,22,4237,不过就算她来了，母亲这边也是要么在睡觉要么在工作。不管怎样，都是基本见不到面的
2751,22,4238,小真唯会不会来我们店里呢……
2751,22,4239,可能你会很意外，但真唯和我同岁。还是未成年
2751,22,4240,那就聊到这儿，小纱月～今天也加油学习哦～
2751,22,4241,……
2751,22,4242,……那个，妈妈
2751,22,4243,嗯？怎么了？
2751,22,4244,…………没事
2751,22,4245,因为今天打工会晚到家，所以那个，明天见
2751,22,4246,嗯～明天见
2751,22,4247,没送出去啊。已经是第八天了
2751,22,4248,小纱………………
2751,22,4249,我反而开始有了那种，不送出去也无所谓的心情呢。不如说为什么要送啊。庆祝生日的习惯是有必要的吗？明明自己正一分一秒地接近死亡
2751,22,4250,明明都那么努力过了……
2751,22,4251,我有没有努力过，在收到礼物的一方看来是无所谓的
2751,22,4252,不，怎么想都有所谓吧……不然的话，手工艺作品根本就不可能超越量产成品吧……
2751,22,4253,真是愚蠢的想法
2751,22,4254,感觉小紫就是会送亲手织的袜子之类的礼物的那种人呢。玲奈亲的话就有点难猜了
2751,22,4255,是啊
2751,22,4256,也就是说，从一开始，这就不符合我的人设呢
2751,22,4257,啊，马上就开始闹别扭了！
2751,22,4258,不是那样。只是每个人都有自己的人生轨迹，大幅偏离轨迹的行动，就只会产生杂音而已，我想说的就是这个
2751,22,4259,那么说，如果小纱做的是毛线玩偶的话可能确实如此，但袜子应该算是勉强安全的喵……
2751,22,4260,没什么差别吧
2751,22,4261,真是抱歉啊，香穗
2751,22,4262,……老实说，虽然我是觉得怎样都好，或者说都无所谓的
2751,22,4263,但你对我的感谢计量器要是能满格的话，接下来的事情会比较好办，所以在这种意义上还是希望你能顺利地把礼物交出去的喵
2751,22,4264,幸好没有把礼物交出去
2751,22,4265,…………
2751,22,4266,妈妈
2751,22,4267,咦，小纱月？
2751,22,4268,怎么了？不是说今天打工要晚到家么？
2751,22,4269,平时都是从学校直接去打工的地方，但今天我先回来一趟
2751,22,4270,啊哈哈，有忘了的东西～？真稀奇啊～
2751,22,4271,嘛，要说忘东西的话，确实是忘了东西呢。请稍微等我一下
2751,22,4272,来，给你
2751,22,4273,这～是？
2751,22,4274,…………………………………………
2751,22,4275,诶！？怎么了！？只是问一下而已，怎么沉默成这样啊！？
2751,22,4276,生日快乐……
2751,22,4277,诶……诶！？
2751,22,4278,哇，吓我一跳……你用这么吓人的表情说这种话，我还以为是从哪里偷来的……应该不是吧？
2751,22,4279,……………………
2751,22,4280,应该不是吧！？
2751,22,4281,总之
2751,22,4282,别管那么多了，请赶紧打开。不打开的话就请扔进垃圾桶里
2751,22,4283,炸弹……？
2751,22,4284,哇～！
2751,22,4285,好厉害，是袜子！而且这该不会是该不会是，手工编织的吧！？
2751,22,4286,嗯，就是这样
2751,22,4287,诶～！？真的假的～！？这是小纱月织的吗！？为了我！？这是怎么织出来的～！？
2751,22,4288,一句话里的问号不要──
2751,22,4289,好开心～！好厉害～！现在的我是最开心的～！哇～！谢谢你～！
2751,22,4290,没什么
2751,22,4291,小纱月真是个好孩子！竟然为了妈妈亲手织袜子什么的，这样的好孩子哪儿都找不见！小纱月真了不起！好厉害！我好开心～！
2751,22,4292,诶～真好啊～真好啊～唔呵呵，我要穿去上班
2751,22,4293,那样不行的吧
2751,22,4294,怎，怎么了
2751,22,4295,我说，小纱月……
2751,22,4296,我啊，本来没什么自信………………但我说不定非常擅长养孩子呢！
2751,22,4297,你是笨蛋吗
2751,22,4298,这样啊！太好了呢小纱！那你就欠我一个人情了！我会好好～地让你用肉体偿还的喵！嗯呼呼呼！
2751,22,4299,我的母亲她
2751,22,4300,她好像，算是个，受欢迎的人。生日也总是，被盛大地庆祝着。收到的礼物多到，一次性带不回来。还会收到，很多花
2751,22,4301,所以呢，女儿送的礼物什么的，我觉得她是不会特别期待的
2751,22,4302,原来如此
2751,22,4303,尤其是，没有送礼物的合理性
2751,22,4304,既然如此，那反过来送她没有合理性的礼物怎么样？
2751,22,4305,……
2751,22,4306,……比如说？
2751,22,4307,亲手做的那种！
2751,22,4308,那种啊…………
2751,22,4309,比如制作饰品、编织东西，或者小物件之类的？
2751,22,4310,……你对那些方面很了解吗？
2751,22,4311,哎呀，总之，马马虎虎？
2751,22,4312,……是吗
2751,22,4313,我会考虑的
2751,22,4314,还可以再玩一次咚！
2751,22,4315,玲真挚友
2751,22,4316,那个人的身材超好的耶！
2751,22,4317,嗨，你看得开心吗？
2751,22,4318,你、你好厉害喔！真的非常漂亮！
2751,22,4319,这样啊，那就好。哎呀，一想到玲奈子在看我，心里实在非常紧张。
2751,22,4320,不过，结束之后模特儿就立刻来到会场，这样不要紧吗？
2751,22,4321,嗯，毕竟今天是QR为媒体与客户所举办的，以伸展台形式呈现的时装秀嘛。
2751,22,4322,原来如此。
2751,22,4323,换句话说，招待相关人士也是我今天工作的一环。
2751,22,4324,原、原来如此！
2751,22,4325,怎么了，玲奈子？你的脸好像变得很红呢。看来，是重新迷上我了吗？
2751,22,4326,我、我本来就没有那个意思！也没有什么重不重新的！
2751,22,4327,是吗？真可惜。如果现在我们是两人独处，我还想当场听听你的心跳，确认一下你我有没有猜对呢。
2751,22,4328,唔……
2751,22,4329,因为你是我的命定之人
2751,22,4330,即使如此，中奖的也是你
2751,22,4331,算、算了……姑且先不管重新爱不爱上的……我、我确实觉得真唯很厉害……说、说不定是比之前还要更喜欢你一点……
2751,22,4332,受不了，你还真是嘴硬呢。
2751,22,4333,哪、哪有啊！我刚才那样已经很努力……让自己坦率一点了……
2751,22,4334,……是啊，我很开心呢。
2751,22,4335,那两个人是怎样？明明都是女生还在那打情骂俏的
2751,22,4336,机会难得，我很想和你去哪逛逛再回去，但今天接下来还安排了好几个采访。难得我们这么久才见到面……真可惜。
2751,22,4337,啊，是这样啊。真唯在暑假期间好像很忙呢……
2751,22,4338,……嗯，是有一点。抱歉，我明明在我们的结婚典礼上发过誓，一定会给你幸福的，却还是让你感到寂寞。
2751,22,4339,嗯，反正再传讯息之类的……偶尔打个电话也可以，好吗？
2751,22,4340,唔呃！
2751,22,4341,好，稍微补充了一些玲奈子成分。这样我就能再努力一阵子了。
2751,22,4342,那、那就好……
2751,22,4343,顺带一提，如果之后我们能在行政书士的见证之下，一起签订婚前协议书的话，我会更加努力的，如何？
2751,22,4344,如何什么啊！？
2751,22,4345,是说，今天我不能那么晚回家。不对，就算接下来没事我也不会签那个什么婚前协议书。
2751,22,4346,这样啊，你明天要去紫阳花家玩对吧。
2751,22,4347,是、是没错啦……
2751,22,4348,嗯，你要和紫阳花好好相处喔。我明天还有工作，所以没办法一起去玩，真可惜。
2751,22,4349,呃，嗯……
2751,22,4350,真可惜，唉，真是可惜。
2751,22,4351,那、那就下次再玩吧……
2751,22,4352,嗯……就这么办吧。
2751,22,4353,那我也该过去了。抱歉，说了多余的话。你就和紫阳花好好玩吧，不用在意我。她对我来说也是重要的朋友。若是你们能和睦相处，我也很开心。
2751,22,4354,我肚子不饿，没关系的
2751,22,4355,我、我才是，谢谢你今天邀我出来。工作要加油哦！
2751,22,4356,为了能让你永远看到美丽的一面，我会努力的。谢谢你今天来这一趟。
2751,22,4357,你和那位模特儿讲起话来还真是亲密啊。
2751,22,4358,那、那个……
2751,22,4359,是、是的，那个，我们是同班同学。
2751,22,4360,这样啊。你们关系有多好？
2751,22,4361,有多好……
2751,22,4362,呃……应该不是我单方面把她视为朋友，我有一定程度确信她一定也很重视我……总之是朋友。
2751,22,4363,然后呢，你们上床过了吗？
2751,22,4364,唉！？
2751,22,4365,那个模特儿身上的氛围与六月那阵子相较之下有了巨大的转变（Conversion），从熊熊燃烧的朱红色（Vermilion），变成了略显圆润的洋红色（Magenta）。急剧的变化会导致模特儿的属性产生质变，所以我想尽可能地知道原因。所以，她上了你吗？还是你上了她？
2751,22,4366,都、都没有！
2751,22,4367,算了，没关系。
2751,22,4368,那个……
2751,22,4369,老实说，哪边都无所谓。我只是想知道变化的根据罢了。你是那孩子的朋友吧？假如遇到什么困难就联络我吧。我每天都固定会有15分钟的休息时间，如果时机合适，也有办法接电话的。
2751,22,4370,96分之1的机率！
2751,22,4371,某某公司某某职位
2751,22,4372,Renée Ohduka……芮妮、王冢……？
2751,22,4373,我回来了……
2751,22,4374,啊，姊姊。
2751,22,4375,呃。
2751,22,4376,滚一边去
2751,22,4377,唉？你刚有出门吗？
2751,22,4378,呃，稍微去涩谷逛了一下。
2751,22,4379,啊，是传说中的姊姊。打扰了。
2751,22,4380,不会吧，真假？好可爱～
2751,22,4381,你、你们好，多谢你们平常一直照顾我妹妹。
2751,22,4382,姊姊也一起过来聊天吧～来嘛来嘛～
2751,22,4383,其实刚刚我们还在聊姊姊的事情喔～
2751,22,4384,这、这样啊～
2751,22,4385,喂，星来，姊姊都吓到了啦。
2751,22,4386,唉～哪有。对了姊姊，我想问你，你和那个王冢真唯是好朋友对吧？
2751,22,4387,咦？啊，嗯。
2751,22,4388,嗯
2751,22,4389,这样啊
2751,22,4390,哇～我就知道～
2751,22,4391,我第一眼看到姊姊时就在想，姊姊这么漂亮，身材又苗条，散发出一股气场呢～
2751,22,4392,唉！？不是，唉！？
2751,22,4393,那个那个，姊姊也和我交交朋友嘛～我们来交换联络方式吧？
2751,22,4394,喂，喂，妹妹……
2751,22,4395,哎呀，真拿你没办法呢！谁教我家姊姊是那个王冢真唯独一无二的挚友呢！
2751,22,4396,说什么独一无二的挚友，没有啦……
2751,22,4397,──嗯！是这样没错啦！
2751,22,4398,果然，真不愧是我姊姊！
2751,22,4399,唉～好厉害～！该不会姊姊前辈其实也有在当模特儿吗～？
2751,22,4400,唉？不是，这个嘛，该、该怎么说呢～？
2751,23,4401,竟、竟然说姊姊是模特儿……！竟然说，模特儿！模特儿！（笑）不行了不行了！姊姊怎么可能会是模特儿啦！（笑）※我不行了！（爆笑）
2751,23,4402,虽然我确实当不了模特儿啦！不过，今天我可是受真唯邀请，去看了时装秀呢！
2751,23,4403,呀
2751,23,4404,你说的是女王玫瑰（Queen Rose）的时装秀对吧！咦？你真的去了吗！？姊姊！你去了现场！？
2751,23,4405,咦？啊，嗯。
2751,23,4406,太夸张了吧……嗳，星来、遥奈，这很不得了耶！
2751,23,4407,唉～？虽然我不是很懂，不过好厉害～！
2751,23,4408,还好啦，毕竟是我姊姊嘛！
2751,23,4409,女王玫瑰（Queen Rose）是日本近十年来最具代表性的实用性服装（Real Clothes）品牌，在整个世界都有不少人所喜爱喔！不仅是在东京时装周能看到它的活跃，现在它甚至也会出席参加四大国际时装周呢！
2751,23,4410,原来QR念作Queen Rose啊……
2751,23,4411,凑，你真～的很喜欢时装呢。明明之前来遥奈家里玩的时候，你看起来还兴致缺缺的呢～
2751,23,4412,……我、我只是对时装感兴趣，并不是对王冢真唯。不过，王冢真唯确实是女王玫瑰（Queen Rose）的当家模特儿，是也不讨厌啦……是说，星来你只不过是追星族吧！
2751,23,4413,唉～？哪有～我的梦想可是成为模特儿哦～？
2751,23,4414,那、那我就先回房间了，你们慢慢聊哦。
2751,23,4415,哎呀？姊姊，你好像掉了什么东西喔。
2751,23,4416,咦？
2751,23,4417,啊，那个是……
2751,23,4418,在会场收到的、名片……
2751,23,4419,──王冢芮妮！？
2751,23,4420,女王玫瑰（Queen Rose）的王冢芮妮！？那个世界级的设计师！？
2751,23,4421,前阵子电视上还播了她的专访，叫魔法师（Little Witch）的工作！
2751,23,4422,累、累死了……
2751,23,4423,王冢学姊是很厉害没错，但那个人是怎样啊笑，就只是个跟班吧笑
2751,23,4424,约明天下午1点在车站前可以吗？
2751,23,4425,对不起，我好像得了热感冒，明天大概没办法去了……
2751,23,4426,咦！你还好吗！？小玲奈，你要保重身体哦！
2751,23,4427,OK──！
2751,23,4428,嘿嘿，姊姊大人，我的炸鸡分你一块吧？
2751,23,4429,不、不用了……
2751,23,4430,唉──这样啊。还有就是啊，我朋友说想和你交换联络方式。
2751,23,4431,妹妹啊……也许我没有义务说这种话……
2751,23,4432,什、什么啦？
2751,23,4433,想要假借他人威风，装得好像自己很厉害，之后可是会很辛苦的喔……
2751,23,4434,……唔。
2751,23,4435,竟然会被姊姊这种人教训，真是一辈子的耻辱……
2751,23,4436,那句话是多余的！
2751,23,4437,那今天放学后一起玩吧
2751,23,4438,虽然在学校可以和小玲奈聊得很开心，但要私底下长时间待在一起果然还是没办法耶w
2751,23,4439,啊，小玲奈，这边这边。
2751,23,4440,呜哇──！好可爱喔──！
2751,23,4441,咦？什么？
2751,23,4442,唉？这也太可爱了吧……好猛……这个暑假，紫阳花同学身上究竟发生了什么事……？你会不会变得可爱过头了……？
2751,23,4443,咦？就算你突然夸我，我也只能露出笑脸给你喔～
2751,23,4444,那个，可是啊，也许是隔了好久才能见到小玲奈，所以我比平常还要稍微努力了一下下……这样子，不会奇怪吧？
2751,23,4445,一点也不奇怪！不对，应该说反而太奇怪了！可爱到让人觉得很不正常这样！
2751,23,4446,不正常吗！？
2751,23,4447,不正常啊……毕竟我都要怀疑自己的眼睛了，紫阳花同学该不会是只有我才能看见的妖精之类的吗？
2751,23,4448,呃，嗯，我们快点去凉快的地方吧，小玲奈。
2751,23,4449,今天就多多指教，紫阳花同学！
2751,23,4450,彼此彼此，小玲奈。
2751,23,4451,没问题
2751,23,4452,没问题
2751,23,4453,就这样，吧
2751,23,4454,自打约好的那天起，不管怎么说，都已经过了两个多月了呢
2751,23,4455,那时的小玲奈，全心全意的，真可爱啊
2751,23,4456,……又想起来了。不行不行
2751,23,4457,姐姐去车站接下朋友，很快就回来哦―
2751,23,4458,哇啊
2751,23,4459,天气真好
2751,23,4460,呵呵，真期待啊，小玲奈
2751,23,4461,来，请进。
2751,23,4462,啊，打、打扰了……
2751,23,4463,有麦茶、咖啡、红茶和柳橙汁，小玲奈要喝哪个？
2751,23,4464,啊，还麻烦你费心。那个，我想想，那我喝柳橙汁好了。
2751,23,4465,好～
2751,23,4466,来，请喝。
2751,23,4467,啊，谢谢、谢谢……
2751,23,4468,那个，我想玩之前说好要一起玩的那个游戏～
2751,23,4469,嗯，嗯。当然没问题。
2751,23,4470,嘿嘿，太好了。啊，可是我想在那之前再和你多聊聊。
2751,23,4471,都、都可以。
2751,23,4472,那个，小玲奈，你最近在做什么？
2751,23,4473,唉？最、最近吗……呃，那个，那个。
2751,23,4474,待在紫阳花同学家里要如何保持清醒
2751,23,4475,玲真挚友
2751,23,4476,像是念书啦，或是玩游戏。应该就是泡在冷气房里面懒散地过日子吧……
2751,23,4477,听起来不错耶，作业大概写多少了？
2751,23,4478,差不多一半吧……数学完全没有进展。
2751,23,4479,啊啊，我懂～这次出的问题都很坏心眼呢～话说，那题你做了吗？就是一整页全都是图形的那个──
2751,23,4480,啊，那个超麻烦的！而且后面那页的也是──
2751,23,4481,我这个人该不会很擅长聊天吧？
2751,23,4482,这种家谁待得下去啊！我要回去了！
2751,23,4483,小玲奈没有在打工吗？
2751,23,4484,咦咦？不行啦不行啦！
2751,23,4485,是吗？
2751,23,4486,愣住
2751,23,4487,因为要打工的话，都是选KTV和家庭餐厅之类的吧……？这种要我和陌生人说话的工作……我绝对做不来的……
2751,23,4488,咦～？才没这回事呢，小玲奈一定没问题的。
2751,23,4489,你这骗人的家伙到底在说什么啊！
2751,23,4490,啊啊，不过也是，毕竟小玲奈很不擅长面对男孩子嘛。
2751,23,4491,唔、嗯，呃……算是啦……
2751,23,4492,我这种人竟然进入您的视线实在很抱歉
2751,23,4493,兴趣是打女人！
2751,23,4494,其实，也没发生什么事啦……那个，因为我在国小国中的时候几乎没和男生有什么交集，所以不知道该说什么这样。
2751,23,4495,就是，该怎么说呢，男性……不就是男人吗？他们感觉很粗鲁、身材又壮、也没有生理期……完全是另一种生物嘛？
2751,23,4496,咦～？是这样吗？可是，偶尔也会有男孩子向小玲奈搭话吧？
2751,23,4497,嗯，是有在手机行被Pepper小弟（编注：一种会表达情绪的类人型机器人，也有在店铺担任店员的功用。）搭过话啦……
2751,23,4498,那是什么状况！？
2751,23,4499,不过就算有人来搭话，基本上也都是我和小香穗或王冢同学，还有紫阳花同学在一起的时候啦……
2751,23,4500,那个，紫阳花同学都聊什么话题？
2751,23,4501,唉～？很普通啊。像是动画啊，或朋友之类的话题。
2751,23,4502,不愧是紫阳花同学……居然能和他们沟通，简直是男生语高手……
2751,23,4503,男生语是什么！？
2751,23,4504,不过，总之就是这样，也没什么特别的理由。只要继续待在现在的小圈子，想必接触的机会也会增加，再慢慢习惯就好了。循序渐进。
2751,23,4505,这样啊～要是小玲奈变得可以和男生说话，感觉会很受欢迎呢～
2751,23,4506,不可能不可能！
2751,23,4507,咦？是吗？
2751,23,4508,就算我受欢迎，肯定也是为了保底啦。
2751,23,4509,保底！？
2751,23,4510,我在和真唯小圈子的人交往！（了不起！）
2751,23,4511,其实，反而是我有点想尝试打工呢～
2751,23,4512,唉唉──紫阳花同学吗！？
2751,23,4513,这么意外吗？在外面工作感觉上很快乐吧？
2751,23,4514,早安
2751,23,4515,呃，不错耶……打工的紫阳花同学，我觉得很棒。
2751,23,4516,像服饰店的店员，我也有点憧憬呢。
2751,23,4517,那、那是！
2751,23,4518,你说的店员是那个吧……会很积极跟客人搭话，说『啊～我也有那件衣服喔～！
2751,23,4519,我觉得他们应该不是因为那种目的才来搭话的啦！那只是表现出友好的态度在问你『请问有什么可以帮忙的吗～？
2751,23,4520,还、还有别的吗？别的。
2751,23,4521,嗯──对了。像是居酒屋的服务员，那种地方很热闹，感觉很有意思呢。
2751,23,4522,不可以！！！
2751,23,4523,唉！？
2751,23,4524,像居酒屋这种地方，会被喝醉的客人纠缠的！也会被一起在店里打工的轻浮大学生骚扰的喔！？那种地方太危险了！
2751,23,4525,唉、唉唉～……？
2751,23,4526,我希望紫阳花同学可以去面包工厂从事流水线的工作……戴着发帽和口罩，一整天都不和别人说任何一句话，只要打卡上班就好。午休时间则是在空荡荡的餐厅孤单地吃着员工餐的面包……
2751,23,4527,太寂寞了吧！？
2751,23,4528,那个、那个，紫阳花同学，如果你要打工就去川仙车站前面的皇后甜甜圈吧。去那里就可以安心了，因为……
2751,23,4529,因为？
2751,23,4530,甘织？
2751,23,4531,因为，就是……据说那里会配给女性店员一把小型手枪……
2751,23,4532,有这种都市传说！？
2751,23,4533,啊哈哈
2751,23,4534,唉
2751,23,4535,话是这样说，但我没有时间打工就是了。
2751,23,4536,是、是吗？
2751,23,4537,嗯。毕竟现在是暑假嘛。我必须帮妈妈照顾弟弟们。实在是没办法出去玩，或是去外面工作呢～
2751,23,4538,是……这样啊。
2751,23,4539,因为是双薪家庭，这也没办法呢。一直以来都是这样的。
2751,23,4540,好辛苦哦
2751,23,4541,啊，感觉这样很不好意思，说了奇怪的话。好了，我们来打游戏吧，打游戏。
2751,23,4542,呃，嗯。
2751,23,4543,唉──？小桔，怎么了？
2751,23,4544,小广也来了？想和姊姊们玩？受不了，真拿你们没办法。来，那你们要好好打招呼喔。可以吗？
2751,23,4545,对，这个姊姊就是我之前说的那个很会玩游戏的姊姊。不可以提太任性的要求给人家造成困扰哦？可以吗？能好好遵守约定吗？再怎么说，玲奈子姊姊是来和姊姊玩的哦？
2751,23,4546,对不起哦，小玲奈。可以稍微陪陪他们吗？
2751,23,4547,嗯，当然OK。是说这件事本来就有提过了嘛。
2751,23,4548,姊姊好厉害！好强喔！
2751,23,4549,喂，桔平！下一个换我了！
2751,23,4550,唉！？快点换人啦！
2751,23,4551,刚才那关，刚才那关！
2751,23,4552,一直这样玩下去真的好吗？
2751,23,4553,对不起哦，小玲奈。还让你陪他们玩。
2751,23,4554,不会，没关系，完全没关系。我很开心，没关系！
2751,23,4555,和别人一起玩游戏
2751,23,4556,玩到差不多就可以结束了，在那之后就去我房间吧。
2751,23,4557,啊，好啊……唉！？
2751,23,4558,我说，小广、小桔，姊姊们差不多要去房间里了，不要玩太久哦。
2751,23,4559,唉──再玩一下下就好──！
2751,23,4560,小玲奈，我今天做了乳酪蛋糕，你要吃吃看吗？
2751,23,4561,啊，要吃，请务必让我吃！等这场结束！
2751,23,4562,好了，你们两个，也差不多要去写暑假作业了吧，听到了吗？
2751,23,4563,早上写过了啊！
2751,23,4564,下一场换我，轮到我了！桔平──！
2751,23,4565,真是的────────────────！！
2751,23,4566,真是的──！从刚才开始就都是小广和小桔在玩！我明明也很期待和朋友玩的，为什么你们就是不遵守约定呢！？真是的──！我们不是约好玩到三点的吗！？说过马上就不玩的吧！？真是的──！
2751,23,4567,你们两个，有在听吗！？姊姊在生气喔，知道吗！？真是的──！
2751,23,4568,真是的
2751,23,4569,真是的……真是的……！
2751,23,4570,……小玲奈。
2751,23,4571,我、我在……
2751,23,4572,……对不起哦，让你看到这种难堪的样子……
2751,23,4573,呃，嗯……没、没关系……
2751,23,4574,好丢脸…………
2751,23,4575,不、不要紧啦！
2751,23,4576,就是啊，那个，我也是呢！和妹妹三天两头就在吵架！还互相骂着笨蛋和白痴什么的！总是在用很难听的字眼对骂！对亲人总是会有爱恨交织的感觉对吧！？不管谁家都是这样啦！好吗？好吗？好吗！？
2751,23,4577,………………呜…………
2751,23,4578,学校和家里的形象不一样也是啊！？那是当然的啊！？我在家里和在外面也是完全不一样的！（只是在陈述事实）所以呢！？是有一点点惊讶没错，但完全没事，那个……所以说，那个，没关系的！好吗！？
2751,23,4579,好、好好吃！这蛋糕好好吃！真美味！对吧，紫阳花同学，对吧！
2751,23,4580,嗯…………
2751,23,4581,我回来了…………
2751,23,4582,欢迎回来～
2751,23,4583,怎么了？
2751,23,4584,啊──呜──
2751,23,4585,你不是去紫阳花学姊家玩吗？
2751,23,4586,是这样没错啦……
2751,23,4587,其实啊──
2751,23,4588,嗯嗯。
2751,23,4589,这样啊～看来紫阳花学姊很期待和姊姊一起玩呢～
2751,23,4590,……咦？
2751,23,4591,因为她之所以生气，就是因为弟弟打扰她和姊姊吧？
2751,23,4592,唉──……？
2751,23,4593,不是因为平常就一直对弟弟们很生气，这次终于超过了极限……之类的？
2751,23,4594,我觉得紫阳花学姊不像是那种人喔。
2751,23,4595,那、那么……一定是，那个，因为紫阳花同学实在太温柔了，不管是谁来玩，如果没有好好地款待对方的话就会觉得很在意啦。
2751,23,4596,嗯，也有可能。
2751,23,4597,才没这种事啦，是因为紫阳花学姊特别重视姊姊喔&#9825;
2751,23,4598,不过，感觉她确实累积了蛮多压力的。毕竟紫阳花学姊好像整个暑假一直都在照顾弟弟。
2751,23,4599,就是啊……
2751,23,4600,就算是我，如果被要求一整年都要照顾姊姊，也绝不可能做到的。
2751,24,4601,反了吧！？
2751,24,4602,暑假，哪里都去不了……是吗？
2751,24,4603,喂……小玲奈？
2751,24,4604,啊，对，我是甘织玲奈子。
2751,24,4605,嗯……刚才很对不起哦。
2751,24,4606,不会，别这么说啦。
2751,24,4607,明明你难得过来玩，却给你留下了不好的回忆呢……
2751,24,4608,才、才没那种事啦。而且我还看到了紫阳花同学平常的样子。该怎么说，嗯，感觉很多体验都很新奇，很开心喔！
2751,24,4609,真的很对不起。
2751,24,4610,怎么会，完全没关系啦……
2751,24,4611,所以说，嗯！没关系啦！我下次还会再去玩的！
2751,24,4612,嗯……
2751,24,4613,紫阳花同学，我给你一万圆！
2751,24,4614,所以呢，我决定了。
2751,24,4615,唉？是什么啊～？
2751,24,4616,嗯，就是啊。
2751,24,4617,──我啊，决定要离家出走。
2751,24,4618,这样大家会很担心的吧……
2751,24,4619,没关系没关系的
2751,24,4620,不要紧、不要紧。我没有在自暴自弃。
2751,24,4621,嗯……没错。小玲奈说得对，我有点不够冷静呢
2751,24,4622,早啊──&#9834;
2751,24,4623,抱歉&#9834;我今天要和三号女友约会～&#9834;
2751,24,4624,咦？
2751,24,4625,小玲奈？
2751,24,4626,嗨、嗨～紫阳花同学。
2751,24,4627,小玲奈，你怎么会在这……？
2751,24,4628,哎呀，因为我突然就很想去旅行……这样。
2751,24,4629,可、可是一个人的话又觉得有各种不安！所以，想说干脆跟着紫阳花同学一起好了～就是这样！
2751,24,4630,小玲奈。
2751,24,4631,要是紫阳花同学不在了，家里的人会很困扰的
2751,24,4632,不要，你很碍事，回去吧&#9834;我想一个人享受夏天的大冒险&#9834;
2751,24,4633,对不起哦，小玲奈……让你担心了。可是……这样好吗？
2751,24,4634,当、当然啦！反正我在家也是闲着！这样不如和紫阳花同学一起去旅行，肯定会更开心的──
2751,24,4635,谢谢你，小玲奈。
2751,24,4636,呃，嗯……
2751,24,4637,如果你很困扰，要不要和我撑一把伞一起走到学校呢？
2751,24,4638,咦──可以吗？好开心。
2751,24,4639,请多指教哦，小玲奈。
2751,24,4640,唉？难道除了我以外的高中生都这么天使吗！？
2751,24,4641,我找不到人一组，正在伤脑筋呢，我们一起做吧？
2751,24,4642,我还是第一次搭早上第一班电车呢，原来车厢这么空啊。
2751,24,4643,就、就是啊。
2751,24,4644,我有空的时候啊，经常会浏览旅游网站呢。
2751,24,4645,我的最爱
2751,24,4646,我会一个人制定旅游计画，像是用转乘资讯APP的时候就会想着『去那里要花两个小时啊──
2751,24,4647,这两个小时该做什么呢？要不要找本书来看呢？
2751,24,4648,妄想
2751,24,4649,哦，原来妄想也是可以直接在别人面前讲出来的啊
2751,24,4650,呃，那我们现在要去的地方呢？
2751,24,4651,嗯──到那里也差不多两个半小时吧。
2751,24,4652,这样啊，t解！这年头只要随便玩个手机，两个半小时一下子就过了。
2751,24,4653,嗯，而且小玲奈也和我在一起呢。
2751,24,4654,完全没有人的早班电车，感觉很新鲜呢。
2751,24,4655,就、就是啊。
2751,24,4656,果然是离家出走吗？何时出发？我也一起去
2751,24,4657,唔哇──必须要一直对那个不会看气氛的家伙察言观色，超没劲的……
2751,24,4658,和、和昨天相比，今天还挺凉爽的，真是个好天气呢！
2751,24,4659,是啊。
2751,24,4660,那、那个，对不起！我稍微去一下厕所！
2751,24,4661,好～下一班电车还有一段时间，没关系的，慢慢来就好。
2751,24,4662,糟糕。
2751,24,4663,有甘织玲奈子一起来真是太好了。
2751,24,4664,我很开心喔
2751,24,4665,小玲奈果然是勉强自己跟过来的吧……
2751,24,4666,我现在和紫阳花同学一起离家出走……
2751,24,4667,纯恋歌
2751,24,4668,聊聊有一天想去看看的地方
2751,24,4669,全世界的拷问方法当中你最喜欢哪个？我最喜欢的呢，呵呵呵，应该是炮烙吧&#9825;
2751,24,4670,要完整爱上一个人的全部，是不可能的
2751,24,4671,久、久等了，紫阳花同学。
2751,24,4672,不会，没关系啦。
2751,24,4673,那我们走吧。
2751,24,4674,嗯，那个，呃。
2751,24,4675,那个，紫阳花同学，我们现在要往哪里？
2751,24,4676,呵呵。
2751,24,4677,小玲奈，我们现在要去只有我们两个人的世界喔
2751,24,4678,只要和紫阳花同学在一起，其实也无所谓
2751,24,4679,小玲奈，请回答问题～
2751,24,4680,唉？啊，好。
2751,24,4681,我从很久以前就一直想要去旅行的地方，是哪里呢～
2751,24,4682,唉──？是哪里呢……老鼠乐园？
2751,24,4683,噗噗──那我给你个提示喔，是一个可以非常放松的地方。
2751,24,4684,可以放松的地方……呃，该不会要去京都？像是参拜寺院之类的？
2751,24,4685,噗噗──那么，来公布正确答案。
2751,24,4686,是温泉喔，小玲奈。
2751,24,4687,温、温泉！？
2751,24,4688,没错。我已经买了对号座的票，来，我们坐下吧。
2751,24,4689,啊哇哇哇。
2751,24,4690,雀跃不已
2751,24,4691,嘿咻
2751,24,4692,小玲奈，坐吧。
2751,24,4693,呃，嗯。
2751,24,4694,和紫阳花同学一起离家出走
2751,24,4695,现在后悔还来得及
2751,24,4696,小玲奈？
2751,24,4697,你愿意陪我一起去天堂吗？
2751,24,4698,呼唉？
2751,24,4699,今天可是紫阳花同学的大日子呢！
2751,24,4700,谢谢你，小玲奈。
2751,24,4701,不、不会啦。
2751,24,4702,我真的已经很久没有坐过靠窗的位置了。因为每次出门旅行，那两个小鬼头总是会把这个位置抢走。其实在我心里，是很想这么做的吧。
2751,24,4703,那个，小玲奈，你觉得呢？
2751,24,4704,那、那个……我不知道。
2751,24,4705,这样啊，说得也是呢。
2751,24,4706,嗯……
2751,24,4707,那、那个，话说啊。
2751,24,4708,嗯～？
2751,24,4709,如果哪里都能去的话，紫阳花同学有什么想去的地方吗？
2751,24,4710,想去的地方啊。就算是幻想世界也可以吗？比如爱丽丝里面的仙境之类的？
2751,24,4711,唉？我不知道……
2751,24,4712,不知道！？
2751,24,4713,呃──不过，唔──我也想去西洋的古堡看看呢。就是像新天鹅堡或是温莎城堡那类的。
2751,24,4714,啊，嗯，城堡听起来不错耶！感觉会找到宝箱呢！
2751,24,4715,还有啊──
2751,24,4716,那个我也想去一次看看呢。是叫做Comike来着？
2751,24,4717,Comic Market！？
2751,24,4718,对对，就是那个
2751,24,4719,那个～紫阳花同学说想去Comike，是对那里的什么东西感兴趣呢～？
2751,24,4720,嗯，我经常在新闻看到在Cosplay的人。因为太可爱了，所以想去现场亲眼看看这样。
2751,24,4721,原来如此！
2751,24,4722,因为今年很忙，可能是没办法去了，不过总有一天想去一次看看呢～
2751,24,4723,是说，我好像超想看紫阳花同学Cosplay耶。
2751,24,4724,唉～？
2751,24,4725,但是，会Cosplay的人都是喜欢那部作品的吧。啊，既然这样，我想打扮成周日晨间动画的魔法少女，那个很可爱呢。
2751,24,4726,在那部作品里面登场的角色有一个我喜欢的女孩子，虽然她是中途才加入的──
2751,24,4727,小玲奈，差不多快到了喔～
2751,24,4728,啊！
2751,24,4729,对、对不起，紫阳花同学。
2751,24,4730,不会啦，别在意。毕竟我自己也稍微眯了一会儿。
2751,24,4731,游客爆满的观光圣地！
2751,24,4732,感觉很萧条呢。
2751,24,4733,唉！？可以直接讲出来吗！？
2751,24,4734,啊哈哈，因为看起来就是这样啊。
2751,24,4735,那个，我们的目的地就在这附近吗？
2751,24,4736,嗯。今天呢，我打算在这个镇上的温泉旅馆过夜。
2751,24,4737,这样啊。
2751,24,4738,快中午了，而且肚子也饿了呢。我们先找一间店吃个东西吧。
2751,24,4739,收到！
2751,24,4740,紫、紫阳花同学喜欢吃乌龙面吗？
2751,24,4741,喜欢喔～面类我都喜欢。不过我实在不太敢自己一个人来这种店。
2751,24,4742,我懂～
2751,24,4743,你为什么要说谎呢？我之前就说过了吧？
2751,24,4744,呃，可是！我好像还蛮常一个人去拉面店之类的地方呢～！
2751,24,4745,你为什么说谎呢？
2751,24,4746,哦～好厉害～这样的话，只要和小玲奈在一起，不管什么店都能进去了呢。
2751,24,4747,对呀！
2751,24,4748,那、那么，我开动了。
2751,24,4749,我开动了～
2751,24,4750,好好吃哦。
2751,24,4751,呃，嗯。
2751,24,4752,两个人一起吃饭
2751,24,4753,你想吃一口吗？
2751,24,4754,不、不是啦。只是，那个，不知不觉就看过去了，对不起。
2751,24,4755,小玲奈为什么要道歉？你好奇怪喔。
2751,24,4756,嘿、嘿嘿……
2751,24,4757,关于将来的梦想
2751,24,4758,紫阳花同学，你有什么将来的梦想吗？
2751,24,4759,唉～梦想吗？我想想喔。
2751,24,4760,要实现梦想应该很困难吧？
2751,24,4761,小玲奈有吗？
2751,24,4762,我吗……这个嘛。
2751,24,4763,我、我曾经想过，如果能够只靠玩游戏吃饭该有多好，啊哈哈。就像现在很热门的那种游戏实况主那样，哈哈哈……
2751,24,4764,哇～听起来好有趣。真棒。
2751,24,4765,这、这女生认同了我的梦想……好，我要成为全世界最强的游戏实况主，然后娶这个女生，嘿嘿嘿……
2751,24,4766,不、不过，我现在不这么想了。感觉现在比较想尝试做各种事情。虽然可能没办法顺利就是……！
2751,24,4767,这样啊，我觉得很好啊。听别人分享自己的梦想还蛮开心的。
2751,24,4768,我以前呢，应该是想当点心店的老板娘吧。再来，就是当个成熟的大姊姊。
2751,24,4769,成、成熟的大姊姊？
2751,24,4770,听起来很莫名其妙对吧？以前就是想当个会挺直腰杆走路的帅气大姊姊，但完全不知道她们那种人在做什么。只是一直觉得她们都穿着西装还有高跟鞋在街上逛。
2751,24,4771,不过呢……其实我现在的想法好像也没什么变。
2751,24,4772,我常常在想，如果自己能比现在更成熟一点就好了。这样对人就会更温柔一些，也能鼓起勇气，什么都做得到。
2751,24,4773,这是你之前在电话里提到的那个？
2751,24,4774,是啊～总之，这应该算是现在的目标吧。不过这个目标还遥遥无期就是了……
2751,24,4775,不过，我完全没做到这点。毕竟我对弟弟大发脾气，还离家出走了。
2751,24,4776,偶、偶尔也会发生这种事啦。毕竟人类没办法一直持续努力的嘛。
2751,24,4777,小玲奈真是个好孩子呢……我这么没用，你居然还愿意安慰我……
2751,24,4778,呃，不是那样啦，你想想，像我就不行，什么事都做不好！虽然紫阳花同学经常夸奖我，但我还差得远呢！我这个人很容易泄气，所以该休息的时候就会好好休息，没有干劲时就会用全力摸鱼！
2751,24,4779,意思是小玲奈很t解自己的步调呢，你好厉害～
2751,24,4780,我有时甚至还会窝在被窝里睡一整天耶！？
2751,24,4781,该休息的时候就要休息，这很重要吧。
2751,24,4782,我还会浑浑噩噩地玩着游戏，把必须写好的作业拖到隔天！
2751,24,4783,能有一件这么热衷的事情，好让人羡慕喔。
2751,24,4784,拜托了，紫阳花同学……骂我……
2751,24,4785,怎么会拜托这种事！？
2751,24,4786,可是，为什么……？
2751,24,4787,只要紫阳花同学把平常心里想的坏话说出来就行了……
2751,24,4788,唉～……？这种话……
2751,24,4789,你这个笨蛋，呆瓜
2751,24,4790,要是有三个人以上在聊天，小玲奈的话就会突然很少呢
2751,24,4791,小玲奈……你对所有人都太温柔了吧～
2751,24,4792,这话轮得到紫阳花同学说吗！？
2751,24,4793,我吃饱了
2751,24,4794,其实，我以前有来这个镇上玩过几次。因为有亲戚在这里开了一间民宿。
2751,24,4795,啊，原来是这样啊。
2751,24,4796,嗯，我从以前就觉得，这里真的是个什么都没有的地方。不过，也许是因为平常都住在东京吧？我好像不讨厌这种悠闲的感觉。
2751,24,4797,虽然我经常浏览旅游网站，想说要去哪个地方旅行……不过，一旦决定要离家出走之后，我第一个想到地方的就是这里。
2751,24,4798,到头来，我发现我也只能去自己熟悉的地方。
2751,24,4799,呀！小、小玲奈？
2751,24,4800,那个，紫阳花同学！这附近好像还有另一间旅馆喔！
2751,25,4801,虽然去紫阳花同学去过的地方也不错，但我们要不要试试看两个人一起去住一个没去过的旅馆？说不定这个选项是大错特错……但就算这样，也无所谓吧！
2751,25,4802,不，现在不是那种气氛吧？
2751,25,4803,没问题的！紫阳花同学哪里都去得了，要选什么地方都可以！如果紫阳花同学自己一个人会感到不安，还有我陪在你身边！
2751,25,4804,小玲奈……
2751,25,4805,呃，嗯，就是这样，那个。
2751,25,4806,……你说的旅馆，是那间吗？
2751,25,4807,唉？
2751,25,4808,倒、倒了……！
2751,25,4809,停业
2751,25,4810,既然这样，小玲奈……我们到隔壁车站附近找找吧。
2751,25,4811,咦？啊，好！说得也是！
2751,25,4812,……谢谢。
2751,25,4813,唉？呃，什么？
2751,25,4814,这里果然不是东京啊～～！
2751,25,4815,刚才完全没想到，不过仔细想想，两个高中生可以外宿吗……？
2751,25,4816,我们去问一下吧。
2751,25,4817,请问有人在吗──？
2751,25,4818,去问一下
2751,25,4819,小玲奈，阿姨说还有空房，太好了呢～
2751,25,4820,好、好耶～
2751,25,4821,你们是朋友？
2751,25,4822,两人一起来旅行？真好呢。
2751,25,4823,虽然这个地方什么都没有，还是希望你们玩得开心点哦。
2751,25,4824,啊，不过明天有祭典，是这里的特色之一，可以的话务必去看看哦。
2751,25,4825,就算住到烂旅馆也没关系！
2751,25,4826,那就这样了，假如有什么需要尽管说哦～紫阳花妹妹～
2751,25,4827,好的，谢谢阿姨。
2751,25,4828,喀嚓
2751,25,4829,两个人独占这么大的房间，感觉好奢侈呢～
2751,25,4830,就、就是啊。
2751,25,4831,哇～这间旅馆真不错呢～
2751,25,4832,快看快看，里面有放浴衣耶，浴衣。小玲奈，我们快来换吧。
2751,25,4833,啊，嗯。
2751,25,4834,哇～穿上去的话感觉很凉快呢～
2751,25,4835,那、那个，那个那个。
2751,25,4836,啊，对不起哦，我去隔壁房间换吧。
2751,25,4837,小玲奈……不可以偷看喔？
2751,25,4838,咻啊！？
2751,25,4839,让你久等了～
2751,25,4840,啊，好～
2751,25,4841,嘿嘿，浴衣穿起来真舒服呢～
2751,25,4842,啊哇哇哇。
2751,25,4843,小玲奈穿浴衣的样子真好看。呵呵，我们穿着同样的衣服呢。
2751,25,4844,是啊！
2751,25,4845,大饱眼福
2751,25,4846,有种真的来到旅馆的感觉呢～
2751,25,4847,对呀～！
2751,25,4848,我们班上你最喜欢谁？
2751,25,4849,好想和王冢交往啊～
2751,25,4850,不不，应该是濑名才对吧
2751,25,4851,光
2751,25,4852,光
2751,25,4853,好棒喔，上面写说这里的别馆有包场温泉呢。好像只要有预约就可以用了。待会再打个电话问问看吧。
2751,25,4854,听、听起来不错呢～
2751,25,4855,意思是。
2751,25,4856,嗯？
2751,25,4857,我要和紫阳花同学一起泡温泉？
2751,25,4858,嗯。
2751,25,4859,……和紫阳花同学一起泡温泉……意思就是，我要和紫阳花同学一起泡温泉……？
2751,25,4860,是、是啊。
2751,25,4861,啊，对、对不起，其实我不是很想泡温泉。
2751,25,4862,是吗？
2751,25,4863,呃，嗯！那个，该怎么说呢，我不太习惯被别人看到裸体，这不是特别针对紫阳花同学！我完全没有那个意思哦！？
2751,25,4864,这、这样啊。
2751,25,4865,好想和小玲奈一起泡温泉喔
2751,25,4866,难道小玲奈不想和我一起泡温泉吗？
2751,25,4867,啊，这边的区域有桌球场。小玲奈会打桌球吗？
2751,25,4868,还算可以吧……
2751,25,4869,我想和小玲奈一起打桌球～
2751,25,4870,麻、麻烦你手下留情。
2751,25,4871,……
2751,25,4872,那个，小玲奈，我有重要的事情对你说。
2751,25,4873,好、好的。
2751,25,4874,其实我不想再回去故乡，打算就这样住在这间旅馆，一边工作一边生活下去。
2751,25,4875,之前一直都没说清楚，其实是关于钱的问题。
2751,25,4876,咦？
2751,25,4877,这次，小玲奈是特地陪我离家出走的对吧。
2751,25,4878,嗯？这个嘛，嗯……？
2751,25,4879,所以呢，这次花的钱应该全部由我来出。像是住宿费、交通费，还有今天的午餐钱也是。
2751,25,4880,不行，不行不行不行！
2751,25,4881,我是自愿跟着紫阳花同学来的！
2751,25,4882,嗯……小玲奈有这份心意让我很开心，我也真的很感谢你。
2751,25,4883,不过归根究柢，这件事都是因我而起。小玲奈光是能陪在身边，就已经让我很满足了，再继续让你付出更多我会良心不安的。对不起，把气氛搞得这么僵。
2751,25,4884,不，怎么这样说……因为，我也只是出自己的份啊……
2751,25,4885,因为小玲奈的那笔钱也是因为我才花的。而且这里的住宿费，对高中生来说并不便宜吧？
2751,25,4886,没、没有那种事……！你想想，我们这个小圈子放学后一起去逛街的时候，就算有人提议说去某间店，也不会变成是由那个人请客吧？当然是AA制的吧？对吧？对吧？
2751,25,4887,而、而且，反正我存的钱也只会用来课手游或是买游戏！能和紫阳花同学一起旅行，我可是很心满意足的！连福泽谕吉（编注：日本万元钞上的人像。）现在也忍不住在举杯庆祝了呢！
2751,25,4888,我的确有听说福泽谕吉相当喜欢喝酒啦……
2751,25,4889,嗯…………嗯。
2751,25,4890,不，果然……还是不行。这和大家一起去咖啡厅不一样。
2751,25,4891,哪、哪里不一样了？
2751,25,4892,因为，离家出走是件坏事。
2751,25,4893,我是个把弟弟丢在家里，自己跑出来旅行的坏姊姊……可是，却还让小玲奈陪着我。如果再让小玲奈出一半的钱，这样也太自私了吧。
2751,25,4894,我、我……
2751,25,4895,这只是你的一厢情愿，我根本不希望这样
2751,25,4896,呃，那个……我……
2751,25,4897,钱的问题你不用担心
2751,25,4898,哎呀，是吗？谢谢你。
2751,25,4899,哼哼哼！不用担心，这笔钱是我买彩券中的！
2751,25,4900,紫阳花同学，我……我……
2751,25,4901,对不起，小玲奈，我不想要伤害你……我只是不希望对小玲奈造成负担。
2751,25,4902,……小玲奈？
2751,25,4903,好、好吧，紫阳花同学……但是，我有一个条件……！
2751,25,4904,条、条件……？
2751,25,4905,什、什么条件……？
2751,25,4906,就是，用身体……
2751,25,4907,用身体……！？
2751,25,4908,──用身体来一决胜负！
2751,25,4909,那个──
2751,25,4910,如果我赢了，我们就各付各的哦！
2751,25,4911,我觉得应该不能这样算……？
2751,25,4912,不要，不要不要！让紫阳花同学付全额是不行的！这样的话我一开始就不该跟过来！干脆现在直接回家还比较好！
2751,25,4913,那我也只能表示遗憾了。
2751,25,4914,我不会回去！绝对不会回去！我会自己在隔壁租个房间，一～直缠着紫阳花同学！如果你不希望事情变成这样，就请用桌球赢过我！
2751,25,4915,小玲奈你也太乱来了……
2751,25,4916,所以，比赛开始！
2751,25,4917,啊，真是的。
2751,25,4918,如果我赢了，小玲奈会乖乖接受吗？
2751,25,4919,到、到时候，我会再想别的方法！
2751,25,4920,什么啦！这样要是我输了，我也会赖皮的喔！？
2751,25,4921,这点麻烦你通融！
2751,25,4922,这样也只对小玲奈太有利了吧！？
2751,25,4923,再说了，反正是离家出走的旅行嘛，这样有什么不好！我们就不要在意钱的问题，好好地散个心，尽情享受嘛！睡到中午，一整天都慵懒地度过，或是去散个步什么的！
2751,25,4924,这是两回事喔。我自作主张的行为把小玲奈牵扯了进来，你还为我花这么多时间！
2751,25,4925,紫阳花同学才是，你为什么要那么倔强啊！？
2751,25,4926,要花上好几万圆耶！？
2751,25,4927,我知道！但不要紧的，我有领钱！就是为了用在这种时候！
2751,25,4928,你要花在重要的地方啊！
2751,25,4929,我就是花在重要的地方啊！
2751,25,4930,啪
2751,25,4931,因为──
2751,25,4932,紫阳花同学是我……重要的朋友。
2751,25,4933,……我当然也是这样想的啊。
2751,25,4934,对紫阳花同学来说，你的朋友是会在这种情况下乖乖让你请客的人吗？
2751,25,4935,这……
2751,25,4936,对我来说，朋友就是互相扶持、互相依靠，能带着笑容一起往前走的关系。对紫阳花同学来说，难道不是这样吗……？
2751,25,4937,接下来的事情就不用你操心了。
2751,25,4938,我……
2751,25,4939,我只想把快乐的事情分享给朋友。
2751,25,4940,这……
2751,25,4941,我不希望朋友体会到我的悲伤还有痛苦，我想要独自承受这些情绪。这就是我认为的朋友……还有重要的人。
2751,25,4942,……这样的话，不是只有紫阳花同学在勉强自己吗……！
2751,25,4943,我很清楚不可能毫无限度地忍下去。可是，如果我看到身边的人露出难过的表情，我就会想要减轻她们的担忧。尽可能地帮助她们。只要我身边的人过得幸福，我就很幸福了。
2751,25,4944,对。
2751,25,4945,结果，我只是因为自己想这么做才做的。全部都是为了我自己。
2751,25,4946,全部……？
2751,25,4947,……对不起哦，小玲奈。我根本就不是什么对别人温柔的人。希望朋友能一直保持愉快的心情，就只是我把愿望强加在别人身上而已。
2751,25,4948,我真的很任性。虽然平常总是笑脸迎人，看起来很讨人喜欢，但结果这一切都是为了自己，只是希望别人觉得我是个好人。是因为我喜欢让大家看起来都开开心心的，所以才会这么做。
2751,25,4949,对不起哦，讲了这么可悲的话。你一定对我幻灭了吧。
2751,25,4950,即使是濑名，只要剥去她的伪装，一定会显露出人性丑恶的一面
2751,25,4951,你在说什么啊！即使紫阳花是为了让自己开心才温柔对待别人，事实上你就真的对人很温柔啊！
2751,25,4952,小、小玲奈……？
2751,25,4953,要形成一个人的品格不是靠言语，而是行动！不管紫阳花同学内心是怎么想的，肯定有人因为紫阳花同学的行动而得到救赎！像我就是！
2751,25,4954,如果只是这种程度，就算再过一百年我的想法也不会改变的！谁教紫阳花同学累积了我这么多的好感度！
2751,25,4955,好、好感度……？
2751,25,4956,如果身边的人的幸福就是紫阳花同学的幸福，那么我只要能和紫阳花同学在一起就会永远幸福下去，所以我要永远一直和紫阳花同学在一起！我要打造幸福的永动机！可是如果都让你付钱我就不幸福了，所以还是AA吧！好，反驳成功──！
2751,25,4957,小玲奈，我是认真……
2751,25,4958,我也是超级认真的啊──！
2751,25,4959,就像紫阳花同学一样，只要紫阳花同学幸福我也会幸福的！我早就决定了，我绝对会在这场离家出走的旅行让紫阳花同学得到幸福的！
2751,25,4960,这、这样也太奇怪了吧。因为就算对我再好，小玲奈也不会有任何好处……
2751,25,4961,好处！？多到爆好吗！？对紫阳花同学愈好，就代表我是个能帮上别人忙的优秀人类，还可以肯定自己！
2751,25,4962,这样的话，就算不是我也……
2751,25,4963,当然是因为是紫阳花同学才会这样啊！
2751,25,4964,像紫阳花同学这样的天使会愿意接受我的爱！这肯定是最美妙的事情啊！紫阳花同学只要活在世上，对我来说就是一种救赎！你是我的推！和开朗的紫阳花同学一起聊天就会开心得不得了，一想到这一切都是为了让我幸福而做的，什么啦，不会吧，这一切都是为了我……！？那我也只能报答这份恩情了啊……！
2751,25,4965,等、等一下……如果不是很特别的时候，我也只是做一些很普通的事情啊……？
2751,25,4966,是、是吗？太好了……万一紫阳花同学是特地为了我这么做的，那就不仅仅是这次的钱了，就连紫阳花同学往后人生中所有的花费，我也必须进贡给你呢……
2751,25,4967,这、这也太夸张了……
2751,25,4968,所以！
2751,25,4969,我听了紫阳花同学的真心话后，变得更喜欢紫阳花同学了，所以不行！我不会让紫阳花同学称心如意的！
2751,25,4970,为什么！？
2751,25,4971,太奇怪了吧！小玲奈明明都已经知道我是个很狡猾的人了。
2751,25,4972,什么叫狡猾的人，有个国二女生因为姊姊认识一个模特儿朋友，讲得好像自己的功绩一样到处吹嘘，借此引人注目，满足自己的认同渴望。这样的家伙才叫狡猾！
2751,25,4973,有、有这样的人吗？
2751,25,4974,再说，要讲表面伪装，紫阳花同学那样只不过是上课妆而已！我可是好莱坞特效化妆的等级呢！
2751,25,4975,才没那回事。小玲奈非常可爱，又是个好孩子。因为有小玲奈坐在我后面，所以下课时间才过得很自在，去学校也觉得很开心啊。
2751,25,4976,既然这样，就请你不要说什么『由我出钱
2751,25,4977,小玲奈……
2751,25,4978,对不起哦，小玲奈。
2751,25,4979,啊呜……
2751,25,4980,我没有好好理解小玲奈的心意，对不起。
2751,25,4981,不、不会啦……
2751,25,4982,让你这么难过，对不起哦。我太任性了。我没有想让小玲奈有这样的感受，对不起哦。
2751,25,4983,小玲奈有这份心意，我很开心。真的很谢谢你……
2751,25,4984,紫、紫阳花同学……
2751,25,4985,总觉得……很像我之前晕过去的那次呢……
2751,25,4986,你是说去百货公司的时候吧。当时我真的是吓了一大跳呢。
2751,25,4987,呜呜，对不起……真没面子……
2751,25,4988,不。
2751,25,4989,无论小玲奈有什么缺点，或者给我添了什么麻烦也一样。因为小玲奈平常那么温柔对待我的事实，为我着想的心意都不会就此消失的。
2751,25,4990,这不是……
2751,25,4991,谢谢你哦。小玲奈，你真的……总是让爱钻牛角尖的我注意到重要的事情呢。
2751,25,4992,是这样吗……？
2751,25,4993,我家的小鬼头们也是这样，我现在才意识到这点。虽然他们总是不听话，老是给我添麻烦，可是与他们分开之后，我才发现自己果然很重视他们。
2751,25,4994,对不起哦，看到小玲奈哭泣的样子，我却想起了那两个小鬼头，很没礼貌对吧。
2751,25,4995,不、不会啦。
2751,25,4996,而且……就算你说了没礼貌的话也完全没关系。我想要更加t解紫阳花同学，也想看看紫阳花同学不同的一面。
2751,25,4997,……这样啊。
2751,25,4998,那个，听说明天镇上有祭典呢。
2751,25,4999,唉？
2751,25,5000,我决定在这个小镇尽情地玩过之后，就会回家了。要是住太久，肯定会让小玲奈花很多钱的。
2751,26,5001,啊啊，不是的。我不是在怪小玲奈……应该说，我反而很感谢小玲奈喔。因为你听我说了这么多……我现在心里感觉舒坦多了。
2751,26,5002,是吗……太好了。
2751,26,5003,不、不过话又说回来，小玲奈，你又那样夸奖我……
2751,26,5004,嗯？
2751,26,5005,……小玲奈，看来你是真的很喜欢我呢……
2751,26,5006,唉！？
2751,26,5007,当当当当当当然喜欢啦！
2751,26,5008,哦、哦～这样啊……
2751,26,5009,啊，啊，对了！那个那个，小玲奈，来看这里。
2751,26,5010,怎、怎么了？
2751,26,5011,啊。
2751,26,5012,请、请务必！请务必让我付钱啊！
2751,26,5013,唉──？
2751,26,5014,该怎么办呢～？
2751,26,5015,拜、拜托你……如果不这样做，我就无法抬头挺胸说紫阳花同学是我的『朋友
2751,26,5016,唉～？但比赛是我赢了嘛～？
2751,26,5017,请、请你成全……如果有其他要求，我什么都会做的……
2751,26,5018,正合我意
2751,26,5019,你说什么都会做吗～？这样的话～
2751,26,5020,我、我不行啦……
2751,26,5021,不──行。愿赌服输，对吧？
2751,26,5022,是这样讲没错啦！
2751,26,5023,我都同意一人出一半了，这点小事应该没关系吧？……还是说，小玲奈讨厌和我一起泡温泉？
2751,26,5024,唔唔……
2751,26,5025,我知道了……请让我陪您一同入浴……
2751,26,5026,呵呵，耶～
2751,26,5027,果、果然还是有点不好意思呢。为什么呢？是因为我们现在是两人独处吗？
2751,26,5028,呃，嗯，很害羞对吧。那我们去大浴场吧！
2751,26,5029,不行！
2751,26,5030,哇，是露天温泉。好了，小玲奈也过来吧，很舒服的。
2751,26,5031,好的……
2751,26,5032,早知道我应该在暑假期间努力减肥的……！
2751,26,5033,你看，很舒服吧。
2751,26,5034,来，快过来吧，小玲奈。
2751,26,5035,啊，也对，泡温泉之前要先洗干净呢。
2751,26,5036,呃，嗯。
2751,26,5037,小玲奈，你在紧张吗？
2751,26,5038,嗯，是啊……
2751,26,5039,……明明你都和纱月同学一起洗过澡了～
2751,26,5040,噗！
2751,26,5041,和、和纱月同学一起洗澡的时候，我也很紧张的！
2751,26,5042,……比现在还紧张？
2751,26,5043,应、应该差不多吧……！？
2751,26,5044,嘿。
2751,26,5045,呀！？
2751,26,5046,你在做什么啊紫阳花同学！？
2751,26,5047,……就突然想这样？
2751,26,5048,话说！和纱月同学一起洗澡的时候，我超丢脸的呢！当时我在浴池里摔了一跤！然后手就像这样，用力抓住纱月同学的──
2751,26,5049,话说，晚餐真的好好吃呢，里面有好多海鲜。
2751,26,5050,抓住小纱月的什么？
2751,26,5051,不过我只知道鲔鱼而已。毕竟白身鱼看起来几乎都差不多呢。
2751,26,5052,你抓住小纱月的什么？嗳，小玲奈？快说嘛快说嘛。
2751,26,5053,我用力抓住……纱月同学的胸部……
2751,26,5054,唉唉唉唉……？
2751,26,5055,然、然后呢，后来怎么样了？
2751,26,5056,也没有怎么样……我就跟她道歉，然后直接离开了浴室……
2751,26,5057,你肯定很害羞吧……感觉很对不起你，竟然让你想起这件事。
2751,26,5058,不会，没关系啦……顺带一提，『耻
2751,26,5059,耻
2751,26,5060,那、那个……
2751,26,5061,小玲奈，你要不要也……摸摸看我的胸部？
2751,26,5062,为什么！？
2751,26,5063,我、我没有什么奇怪的意思！
2751,26,5064,要不要摸我的胸部？
2751,26,5065,那个，就是像把回忆盖过去这样……！我想说，如果这样可以把你和小纱月一起洗澡时的羞耻回忆盖掉就好了。你、你看，我的胸部还蛮大的，要不要摸摸看？就是这个意思！
2751,26,5066,啊，啊啊，是那种感觉啊！
2751,26,5067,对、对对对！就是这样！
2751,26,5068,那、那我就恭敬不如从命了！
2751,26,5069,请、请吧！
2751,26,5070,还是不要好了！
2751,26,5071,那我要摸了！
2751,26,5072,好、好的！
2751,26,5073,紫阳花同学的
2751,26,5074,那、那个，小玲奈……
2751,26,5075,啊！
2751,26,5076,感、感觉有点痒……我、我没有觉得讨厌，那个，完全没有这个意思。
2751,26,5077,对、对不起！
2751,26,5078,这是最后一下！
2751,26,5079,呜喵……
2751,26,5080,啊，啊哈哈，啊哈哈哈哈……不、不小心发出了奇怪的声音……
2751,26,5081,哈、哈哈哈哈哈……
2751,26,5082,呼……水温刚刚好呢……
2751,26,5083,是、是啊……
2751,26,5084,呼……
2751,26,5085,嗳，小玲奈。
2751,26,5086,嗯。
2751,26,5087,你刚才说的关于朋友的定义，那个很有趣喔。
2751,26,5088,这、这样啊。
2751,26,5089,因为我也不太常和别人讲这么深刻的话题。
2751,26,5090,哦……
2751,26,5091,嗯……我对朋友的感情真的很奇怪吗？很沉重，对吧？
2751,26,5092,我、我不觉得是这样喔。刚才我也说过了，我平常就一直受到你的帮助……我很庆幸紫阳花同学是个会珍惜友情的人……应该说，如果要论谁的感情比较沉重，我大概也不惶多让……
2751,26,5093,小玲奈呢，嗯，该怎么说呢。
2751,26,5094,你讲的与其说是朋友……更像是恋人呢。
2751,26,5095,唔。
2751,26,5096,那换我问一下，对小玲奈来说，恋人是什么样的人呢？
2751,26,5097,唉？我吗？
2751,26,5098,嗯，我想问你……你觉得……朋友与恋人有什么区别呢？
2751,26,5099,我要讲的是我个人的意见。
2751,26,5100,呵呵，我现在是在和小玲奈聊天呀。
2751,26,5101,说、说得也是……那个，最近呢，其实我开始觉得，友情和恋情并没有那么大的区别。
2751,26,5102,没有那么大的区别？
2751,26,5103,嗯。重要的是，自己在与对方的关系之中追求着什么吧。
2751,26,5104,我想要和朋友，建立一种无话不谈的关系。可是，就如紫阳花同学刚才所说的……也有人把这种关系称为恋人，对吧？
2751,26,5105,很不可思议吧？明明彼此都是在讲同一件事，却用了完全不同的词。所以，那个。
2751,26,5106,我想说的就是，也许友情与恋情应该也有那种部分吧。就是，把两个圆叠在一起的时候，总会有一部分是重合的……
2751,26,5107,那、那个，在以前的恋爱游戏里面呢，如果要和某些角色成为恋人的话，就必须同时提高『亲密度
2751,26,5108,憧憬
2751,26,5109,只要彼此认为是朋友就是朋友，能互相称为恋人就是恋人。我想，友情与恋情……这两者其实没有那么明确的区别，应该算是模糊地带吧。
2751,26,5110,玲真挚友
2751,26,5111,所以，我也是吗？
2751,26,5112,唉？
2751,26,5113,呃，嗯，那当然啦。紫阳花同学在我憧憬的人排行榜可是第一名喔，第一名！这点毋庸置疑呢！
2751,26,5114,这样啊。
2751,26,5115,这、这终究不过是我个人的想法……紫阳花同学觉得呢？对于恋人和朋友的区别……
2751,26,5116,我可能……还不太清楚吧。
2751,26,5117,这、这样啊？
2751,26,5118,小玲奈真厉害呢，有许多事都能用自己的脑袋好好厘出头绪。我好尊敬你。
2751,26,5119,崇、崇拜我了吗？开玩笑的。
2751,26,5120,嗯。
2751,26,5121,姊姊，你什么时候回家？
2751,26,5122,预计后天回去。
2751,26,5123,t解。顺便问一下，你今晚住哪？
2751,26,5124,这里。
2751,26,5125,嗳。
2751,26,5126,怎、怎么了？
2751,26,5127,差不多来睡觉吧？
2751,26,5128,啊，嗯，是啊……
2751,26,5129,我关灯～
2751,26,5130,好～
2751,26,5131,晚安，小玲奈。
2751,26,5132,晚、晚安。
2751,26,5133,那个，小玲奈。
2751,26,5134,呃，嗯。
2751,26,5135,你有喜欢的人吗？
2751,26,5136,唉！？
2751,26,5137,我一直很想讲这种校外教学会聊的话题。
2751,26,5138,喔喔，嗯，确实很像那种感觉。
2751,26,5139,所以，是谁呢？
2751,26,5140,唉！？
2751,26,5141,没、没有啊。
2751,26,5142,咦～真的吗？
2751,26,5143,嗯……大概吧。
2751,26,5144,我一定要让紫阳花同学开心，不会让她无聊的──
2751,26,5145,我也许从来没有对别人产生过恋爱的感情……
2751,26,5146,是吗？对谁都没有？
2751,26,5147,应该……没有吧。
2751,26,5148,嗨
2751,26,5149,像国小的时候……我们学校男生和女生好像都是各玩各的。
2751,26,5150,那有在意的男生吗？
2751,26,5151,嗯──应该没有吧……啊，不对。
2751,26,5152,怎么了怎么了？
2751,26,5153,有……不过，我觉得不是恋爱……
2751,26,5154,他是怎么样的人？
2751,26,5155,平常总是在那边傻笑，讲一些轻浮的话，但到了关键时刻又很可靠，比谁都为同伴着想，意外地有领导能力……
2751,26,5156,嗯嗯。
2751,26,5157,一旦觉醒就变得乱强一把的，总是抢走别人的锋头……但是，就算被强大的敌人打得遍体鳞伤，脸上也依然会挂着游刃有余的笑容。
2751,26,5158,小玲奈。
2751,26,5159,是。
2751,26,5160,那是创作的角色吗？
2751,26,5161,是
2751,26,5162,这样啊，原来那就是我的初恋吗……
2751,26,5163,嗯～～……
2751,26,5164,应该不是那样吧！
2751,26,5165,你叫我吗？
2751,26,5166,那个……那么紫阳花同学呢？你有喜欢的人吗？
2751,26,5167,我吗……
2751,26,5168,嗯～
2751,26,5169,秘密。
2751,26,5170,唉？真的有吗！？
2751,26,5171,不知道。应该算是……在意的人吧。
2751,26,5172,哦──……
2751,26,5173,咦？是说，对方是我们学校的？
2751,26,5174,嗯，是啊。
2751,26,5175,唉唉──是谁？是谁啊？是谁？
2751,26,5176,啊，之前紫阳花同学好像有说过喜欢什么样的人。
2751,26,5177,……是吗？
2751,26,5178,嗯，因为是紫阳花同学说过的话，我可是记得一清二楚呢。你喜欢能让自己安心的人吧。
2751,26,5179,呃，嗯──……
2751,26,5180,我好像想到一个了。
2751,26,5181,想到什么？
2751,26,5182,友情和恋情有哪里不同。
2751,26,5183,喔喔，嗯。
2751,26,5184,……是不是会有色色的想法，这样。
2751,26,5185,──唉？唉唉！？
2751,26,5186,吓、吓我一跳，原来，紫阳花同学也会说这种话啊。
2751,26,5187,我平常也会和别人聊色色的话题喔，虽然经常有人说很意外，但我应该不算讨厌吧。
2751,26,5188,这样啊……对、对不起，我好像反应太大了。
2751,26,5189,为什么小玲奈要道歉呢？
2751,26,5190,……还是说，你不喜欢我说这样的话？这样子，应该不是小玲奈最喜欢的天使吧？
2751,26,5191,唉？不是，那是因为……
2751,26,5192,……可是呢，这就是我。我也有这样的一面。
2751,26,5193,呃，嗯。
2751,26,5194,小玲奈在面对朋友时，曾经有过那方面的想法吗？
2751,26,5195,我、我吗！？该怎么说呢！这个问题很困难呢！
2751,26,5196,啊～原来有啊……小玲奈好色哦。
2751,26,5197,不、不不、不是啦！
2751,26,5198,如果再继续聊这么刺激的话题，小玲奈就会激动得睡不着了呢。
2751,26,5199,是啊……不过，你误会了哦，我不会用那种眼神看朋友啦……
2751,26,5200,好～
2751,27,5201,……即使有那样的想法，也不可以袭击我哦。
2751,27,5202,唉！？
2751,27,5203,不要变成……趁着离家出走的女孩子心情低落时……趁虚而入的大野狼哦？
2751,27,5204,──
2751,27,5205,晚、晚安！
2751,27,5206,我们永远都是好朋友
2751,27,5207,──因为紫阳花同学是我的天使，所以……今后我也会一直最喜欢你的！
2751,27,5208,……为什么呢？我睡不着……心跳得如此快呢？
2751,27,5209,纱月同学你撞到头了！？我们快去医院！
2751,27,5210,请收下
2751,27,5211,不用在意～
2751,27,5212,我也会聊色色的话题，真的会聊喔，不如说我最喜欢聊这个了
2751,27,5213,……小玲奈～
2751,27,5214,啊，对不起，吵醒你了吗？
2751,27,5215,？
2751,27,5216,哇、哇哇哇！？
2751,27,5217,啊哈哈。
2751,27,5218,把小玲奈吃掉了。
2751,27,5219,喔、喔呜呼。
2751,27,5220,什、什么？怎么了吗？
2751,27,5221,我还想再多睡一会儿呢。
2751,27,5222,是、是吗？咦？那我为什么会在这里？
2751,27,5223,我想要小玲奈也一起睡嘛。
2751,27,5224,您、您是这个意思啊？
2751,27,5225,嗯。
2751,27,5226,我今天啊，总觉得好想把小玲奈耍得团团转呢。
2751,27,5227,这是什么宣言！？
2751,27,5228,玲奈子姊姊～～～
2751,27,5229,唉唉唉……？
2751,27,5230,玲奈子姊姊～
2751,27,5231,呃、那个……紫阳花同学，好乖，好乖好乖……
2751,27,5232,今天的我呢，是玲奈子姊姊的妹妹喔。
2751,27,5233,这样啊……
2751,27,5234,所以呢，玲奈子姊姊会怎么叫我呢？
2751,27,5235,唉？那个……紫、紫阳花同学？
2751,27,5236,噗噗──
2751,27,5237,遥奈同学
2751,27,5238,紫、紫阳花……妹妹？
2751,27,5239,玲奈子姊姊～～～～～
2751,27,5240,咕呃。
2751,27,5241,紫、紫阳花妹妹？差不多该起床了喔～？
2751,27,5242,唉──？我想和玲奈子姊姊在被窝里面再慵懒一会儿。
2751,27,5243,那个，大概是几秒？
2751,27,5244,一亿秒！
2751,27,5245,这孩子好呆！
2751,27,5246,我绝不会放你走
2751,27,5247,顺带一提，一亿秒换算一下差不多是三年两个月喔。
2751,27,5248,是这样啊……紫阳花妹妹懂得真多呢。
2751,27,5249,我厉害吗？厉～害～吗～？
2751,27,5250,呃，嗯……很厉害很厉害……
2751,27,5251,唉嘿～
2751,27,5252,呃……紫阳花妹妹，你今天要做什么？
2751,27,5253,嗯──我想和玲奈子姊姊待在一起，放空一整天～
2751,27,5254,不想去哪里玩吗？
2751,27,5255,不想～今天的紫阳花呢，是非常懒惰的喔～
2751,27,5256,懒惰啊。
2751,27,5257,我不要一早起来就得叫小鬼头们起床，帮忙他们换衣服，还有准备早餐，也不想一大早就得花时间把散落一地的乐高积木一块一块收拾干净……
2751,27,5258,呃，嗯。
2751,27,5259,玲奈子姊姊～
2751,27,5260,姊姊……
2751,27,5261,这样子……果然太勉强了，对吧……
2751,27,5262,啊！不、不会！没有那种事！
2751,27,5263,对不起哦，让你为难了……我本来以为可以靠着一股气势演下去的……还是不行呢，我已经高一了……身高有158公分……再怎么说也不能像弟弟们那样撒娇吧……
2751,27,5264,没有那回事喔！来～好乖好乖好乖好乖好乖！
2751,27,5265,真可爱呢！紫阳花妹妹好可爱哦！今年几岁了呢！
2751,27,5266,十五岁了……
2751,27,5267,这样啊这样啊，五岁了啊！可以自己把岁数说出来，真了不起呢！嗯──好孩子好孩子！你是全世界最乖的小孩！
2751,27,5268,好了，来和姊姊一起玩吧，紫阳花妹妹。啊，要看影片吗？想看什么？要不要看篝火影片？
2751,27,5269,篝火影片？那是什么？
2751,27,5270,咦？你不知道吗？就是一直看着柴火燃烧的影片喔。看了心情会平静下来呢。
2751,27,5271,第一次是什么时候？
2751,27,5272,琴纱月！
2751,27,5273,唉？怎么了怎么了……？
2751,27,5274,是因为纱月同学传给我奇怪的讯息而已啦。
2751,27,5275,什么样的讯息～？
2751,27,5276,就是，呃，那个。对五岁的紫阳花妹妹来说还太早了！
2751,27,5277,呼喵。
2751,27,5278,哈、哈……呵呵呵……你、你的第一次是什么时候？
2751,27,5279,甘织喜欢这种话题吧？
2751,27,5280,那个，紫阳花妹妹。
2751,27,5281,什么事～？
2751,27,5282,之前你说过想试试Cosplay对吧！我们上推特搜索一下吧！啊哈哈～！
2751,27,5283,好可爱～
2751,27,5284,和朋友小月的合照！Cos的是Creminage
2751,27,5285,咿！
2751,27,5286,哇！玲、玲奈子姊姊？
2751,27,5287,抱歉吓到你了。是纱月同学打来的电话！我去接一下！
2751,27,5288,你、你好？
2751,27,5289,──看见了？
2751,27,5290,不，呃，什么意思？我听不懂。我没有推特的帐号喔。
2751,27,5291,是吗，你看见了啊。
2751,27,5292,我想你应该懂吧。
2751,27,5293,……如果说出去的话？
2751,27,5294,我会不择手段。连你的家人也不会放过的。
2751,27,5295,这是邪恶到极点的反派才会讲的话吧……
2751,27,5296,不、不要紧啦！纱月同学穿起来非常适合！
2751,27,5297,…………
2751,27,5298,对、对不起。
2751,27,5299,那个，既然你那么不情愿，为什么还要Cosplay呢……？
2751,27,5300,因为就是那样的契约。
2751,27,5301,契约……？魔法少女那种……？
2751,27,5302,我不打算详细说明。总之，你就和濑名玩得开心点吧。记得封锁nagipo＠JKlayer的帐号，就这样。
2751,27,5303,唉～唉～
2751,27,5304,玲奈子姊姊～？
2751,27,5305,啊，嗯。
2751,27,5306,你和小纱月说了什么？
2751,27,5307,啊，没有，也不是什么大事啦。
2751,27,5308,唔～
2751,27,5309,是秘密吗，姊姊？
2751,27,5310,是、是啊……？
2751,27,5311,是吗……是秘密啊……和小纱月之间的，两个人的秘密……
2751,27,5312,因、因为我的家人被当成了人质！
2751,27,5313,……没关系。
2751,27,5314,那个，听我说！不是这样的！我和纱月同学不是那种关系！
2751,27,5315,小猫咪真可爱，喵～喵～
2751,27,5316,啊，没在听，你在假装没听见吧！你这个孩子不听姊姊的话！坏孩子──！
2751,27,5317,……我是……坏孩子……？
2751,27,5318,才没那回事！紫阳花妹妹是人类有史以来最乖的孩子！从400万年前到现在都没有存在过任何一个比你更乖的孩子！
2751,27,5319,但是，玲奈子姊姊把小纱月看得比我重要吧。
2751,27,5320,没有这种事！
2751,27,5321,就连她和小真唯吵架的时候，也那么尽心尽力……
2751,27,5322,紫阳花同学比纱月同学重要！
2751,27,5323,我，那个，呃……
2751,27,5324,……
2751,27,5325,濑名紫阳花
2751,27,5326,在玲奈子姊姊心里……我不是第一吗……？
2751,27,5327,我、我──
2751,27,5328,你是第一！
2751,27,5329,……玲奈子姊姊，抱我。
2751,27,5330,呃，嗯……
2751,27,5331,我当然是把紫阳花同学摆在第一！
2751,27,5332,小玲奈……
2751,27,5333,……紫阳花同学。
2751,27,5334,是来叠好被子的吗？
2751,27,5335,…………嗯。
2751,27,5336,紫阳花妹妹还想再慵懒地躺一会儿对吧？我先去回绝阿姨，你等我一下哦。
2751,27,5337,姊姊……我说了些奇怪的话，对不起……谢谢你对我这么温柔。
2751,27,5338,呃，嗯。
2751,27,5339,我会当个好孩子等你回来的。
2751,27,5340,来了……那个，不好意思，其实房间还不需要──
2751,27,5341,嗨。
2751,27,5342,叮铃铃～
2751,27,5343,啊，原来神明是想把人类塑造成这样啊……
2751,27,5344,哇这张脸我好像在哪里见过！
2751,27,5345,真的吗？不过我曾经以『世间独一无二
2751,27,5346,就是你啦！我见过的就是你！
2751,27,5347,哎呀，竟然瞒着我跑出来旅行，真是无情呢。我可以稍微打扰一下吗？
2751,27,5348,不行，那个，等一等！
2751,27,5349,玲奈子姊姊～？快点嘛，赶快回到被窝里面，再来抱抱我嘛，好嘛，抱抱我。
2751,27,5350,哎呀？
2751,27,5351,…………呼唉？
2751,27,5352,哇啊啊啊啊啊啊啊啊啊啊啊啊啊啊啊啊啊啊啊啊啊啊啊啊啊啊！
2751,27,5353,所以。
2751,27,5354,你是来做什么的！？
2751,27,5355,就是突然想来看看大海。
2751,27,5356,少骗人了！像你这样的王公贵族，就算是微服出巡，也不可能来住这种荒凉的小旅馆吧！对不起我不小心就说这里荒凉了！
2751,27,5357,哎呀，你一点也没变，真是太好了。突然听说你和紫阳花一起出门旅行，反而是我吓了一跳。今天正好请到了假，所以就追过来了。
2751,27,5358,啊，啊啊啊！
2751,27,5359,没想到亲人当中竟然会混了一个间谍……
2751,27,5360,遥奈是一个懂礼貌又可爱的后辈。她似乎已经完全把我视为嫂子仰慕呢。
2751,27,5361,这就是所谓的射人先射马吗……
2751,27,5362,耻
2751,27,5363,嗨，紫阳花。我们这次好像是在暑假第一次见面吧。最近过得如何？
2751,27,5364,普、普通吧……
2751,27,5365,这样啊。话说，刚才那声『姊姊
2751,27,5366,那、那个是！没、没什么特别的意思啦！
2751,27,5367,话说回来你知道吗真唯！？听说紫阳花同学小时候还有来这附近玩过呢！
2751,27,5368,这样啊。这里的生活节奏悠闲，是个不错的小镇呢。你对这一带很熟吗？
2751,27,5369,呃，嗯。还可以……
2751,27,5370,既然这样，你能不能带我们到附近逛逛呢？其实我相当喜欢在陌生的小镇闲逛。不过，还是要看你方不方便。
2751,27,5371,她、她这么说！怎么样呢，紫阳花同学！
2751,27,5372,呃，嗯，说得也是！就这么办吧！？
2751,27,5373,啊，当然了，我不会勉强你的。每个人都有自己享受假期的方式。假如你不去呢，对了，我就拉着玲奈子一起逛吧。好吗，玲奈子姊姊？
2751,27,5374,住口！别说了！
2751,27,5375,不，抱歉。我只是因为自己好像被排挤了一样，感到有点寂寞。当然，因为我工作比较忙，你们很难联络我，这部分是我自己的问题……
2751,27,5376,呃，嗯，我才应该道歉，对不起哦，小真唯。
2751,27,5377,不，紫阳花不需要道歉。这只是我的内心还不够成熟罢了。
2751,27,5378,是说，其实紫阳花同学本来是打算一个人出来旅行的，我只是厚着脸皮跟了过来……就立场上来说，我和真唯其实是一样的……
2751,27,5379,是这样吗？既然如此，那个，我可以郑重地请求你们让我一起加入吗？
2751,27,5380,嗯，当然了。
2751,27,5381,那事不宜迟，我们快点准备一下吧。其实呢，我订了隔壁的套房。呃，玲奈子的房间在哪呢？
2751,27,5382,在哪……就是这里啊。
2751,27,5383,……嗯？
2751,27,5384,这个房间是紫阳花的吧？
2751,27,5385,因为我们两个住在一起啊。那边不是还放着两套被褥吗？
2751,27,5386,看就知道了吧
2751,27,5387,……你和紫阳花，住同一间房？
2751,27,5388,太不检点了吧！？
2751,27,5389,哪有！？
2751,27,5390,你居然和同性的女孩子在同一个房间过夜！
2751,27,5391,你在说什么啦！？
2751,27,5392,你还真的是，受不了……居然和每个人都这样！
2751,27,5393,又不是每个人！我只有跟纱月同学和紫阳花同学这样而已！
2751,27,5394,还有纱月！？
2751,27,5395,和小纱月也……？
2751,27,5396,普通
2751,27,5397,好吧。我今天也要在这个房间睡。
2751,27,5398,你刚刚不是才说自己订了隔壁的房间吗！？
2751,27,5399,为什么只排挤我！？是因为我太美了，怕闪瞎了双眼吗！？
2751,27,5400,因为住宿条款里就是这么规定的啊！
2751,28,5401,嗳，嗳，紫阳花同学也说说真唯嘛！
2751,28,5402,……唉？『真唯
2751,28,5403,啊。
2751,28,5404,王冢同学
2751,28,5405,啊，这是因为，呃，那个……！
2751,28,5406,我们现在处于一种叫做玲真挚友的关系。
2751,28,5407,玲真挚友……？
2751,28,5408,没、没错。那个，就是，发生了很多事，嗯，很多事！
2751,28,5409,简单来说呢，我们因为发生了一些事情，关系变得更亲密了……但是你也知道，玲奈子很容易害羞对吧？她说不好意思在大家面前直接叫我的名字，所以就继续叫我『王冢同学
2751,28,5410,呃，原、原来是这样啊。因为小玲奈突然叫了小真唯的名字，不小心吓了我一跳。
2751,28,5411,如何，玲奈子？要不要借着这个机会，以后在学校里也直接叫我真唯吧。
2751,28,5412,不行啦！这样周围看我的视线会很可怕的！
2751,28,5413,是吗？我倒是觉得没有人会在意啊。
2751,28,5414,紫阳花同学觉得怎么样！？
2751,28,5415,呃……不过，也对。确实是需要一点勇气吧？
2751,28,5416,紫阳花也可以直接叫我真唯喔。
2751,28,5417,……真、真唯。
2751,28,5418,嗯，紫阳花。
2751,28,5419,这、这样果然很害羞呢。而且，小真唯给我的感觉就是『小真唯
2751,28,5420,是吗？
2751,28,5421,嗯，很有女孩子的感觉，又像个公主，不过很平易近人，这就是小真唯。
2751,28,5422,这样的话，以后我也叫你小紫阳花吧。
2751,28,5423,这、这样也有点难为情呢。
2751,28,5424,那么，我们就一起去玩吧。
2751,28,5425,嗯。
2751,28,5426,好～
2751,28,5427,不过，这个小镇真的是几乎什么都没有喔。
2751,28,5428,是吗？
2751,28,5429,嗯。我只有在寒暑假期间偶尔会来玩。因为我在这里也没有朋友，每天都无所事事，所以只好四处闲晃了～
2751,28,5430,那时我弟弟才刚出生，爸妈每天都忙得昏天暗地，所以就把我丢到这里了。
2751,28,5431,原来如此。那么这里就相当于你的第二故乡吧。
2751,28,5432,呵呵，可以这么说。对不起哦，小真唯、小玲奈，还让你们陪我故地重游。
2751,28,5433,啊，不会，完全没关系。
2751,28,5434,别这么说。我一直想做这种事，难得可以和同学加深友谊，这种时间反而奢侈。
2751,28,5435,所以，我们现在要去哪里呢？
2751,28,5436,呵呵，这个嘛，会是哪里呢？给你们提示，是我还在读国小的时候会拿着零用钱去花的地方。
2751,28,5437,这个嘛，是美术馆吗？
2751,28,5438,呵呵，小玲奈呢？
2751,28,5439,那个──那个──是、是游乐中心吧！
2751,28,5440,差一点～
2751,28,5441,再过一会儿就到了。
2751,28,5442,游乐中心算差一点啊。那么会是什么呢？游乐园吗？
2751,28,5443,该不会台场购物广场当时是盖在这附近……！？
2751,28,5444,不要把等级想得太高啦！？
2751,28,5445,就、就是这里。
2751,28,5446,是、是粗点心店！
2751,28,5447,幸好这里还没倒闭呢。
2751,28,5448,唔哇──好厉害，正牌的粗点心店耶～来拍个照吧～
2751,28,5449,怎么样？时髦又优雅的小真唯，应该不知道什么是粗点心店吧？
2751,28,5450,呵。
2751,28,5451,很遗憾，紫阳花。我有纱月这个儿时玩伴。所有不需要花钱的娱乐，她大概都教过我一遍了。其中，当然也包含了粗点心店。
2751,28,5452,竟、竟然──
2751,28,5453,怎么会，你给人的感觉明明就是吃汉堡的时候会讲说『这个没有刀叉，到底该怎么吃呢？
2751,28,5454,纱月教会了我不少东西。就是为了只用100圆高效率地享受放学后的宴会，该如何挑选粗点心的最佳方法。我当时最喜欢吃的是薯条。
2751,28,5455,小真唯好厉害……！
2751,28,5456,好吧，我知道了，小真唯。
2751,28,5457,那我们就来比一比，谁能用100圆完成最棒的套餐吧。
2751,28,5458,哦？我接受你的挑战。输赢就由玲奈子来判定吧？
2751,28,5459,唉唉？
2751,28,5460,嗯。究极VS至高的粗点心之战，正式开幕！
2751,28,5461,哎呀，我对粗点心不是很t解……
2751,28,5462,包在我身上。话说在前头，我对零食可是很挑剔的。就算闭上眼睛，我也有八成的把握知道嘴里的洋芋片是淡盐味还是清汤口味。
2751,28,5463,我应该也可以啊！？
2751,28,5464,哇──我以前常吃这个呢。
2751,28,5465,感觉紫阳花同学不管是在百货公司挑选化妆品的时候还是去逛杂货店的时候，表情都和现在逛粗点心店的时候一样呢。
2751,28,5466,唉唉？这样子很奇怪吗？
2751,28,5467,不是啦，呃，就是很有紫阳花同学的风格，加了不少好感度……
2751,28,5468,加分？是吗，太好了。
2751,28,5469,该怎么说呢，我很喜欢从许多商品里面仔细挑选东西的感觉呢～会看得眼花撩乱，让人觉得很奢侈呢。
2751,28,5470,哦，紫阳花同学，这个巧克力棒，看起来好像很好吃耶？
2751,28,5471,你想吃那个的话，不如买这边每颗25圆的巧克力，这样可以省下钱买其他的东西，品尝到各种口味喔～
2751,28,5472,原来如此，不愧是紫阳花前辈……！
2751,28,5473,哦？我还没吃过这个呢……
2751,28,5474,唔哇都高中生了还吃这个真难为情啊……
2751,28,5475,三个高中生一起逛粗点心店，这根本就是在夏天闪耀的青春嘛！
2751,28,5476,真唯，你平常都吃什么样的零食？
2751,28,5477,这个嘛，炸猪排饼干吧。
2751,28,5478,就是你手上现在拿的那个吧！？
2751,28,5479,好了，不开玩笑了，我平常主要吃的多半是送到家里的点心。
2751,28,5480,点心还有到府宅配的！？巧克力派也会送吗！？
2751,28,5481,里面没巧克力派喔。因为工作上的关系，有时候我会收到各大名店的热门甜点。尽管我也很想全部吃掉，但实在吃不了那么多，所以会拜托佣人把快过期的带回家里。
2751,28,5482,这样啊。
2751,28,5483,平常家里有的都吃不完，自然就会涌起一种罪恶感，没办法毫无顾虑地购买点心。所以这个企画让我非常乐在其中，呵呵呵。
2751,28,5484,那么，小玲奈。这些就是我选的粗点心喔。
2751,28,5485,这是棉花软糖、洋芋片，还有吃进嘴里就会劈里啪啦爆开的棉花糖喔。
2751,28,5486,有甜的有咸的，另外再加上刺激性的甜味，我的作战计画就是把小玲奈变成粗点心的俘虏。
2751,28,5487,哎呀……
2751,28,5488,原来如此，也有这种状况啊。
2751,28,5489,嗯？
2751,28,5490,什么什么？
2751,28,5491,你们看。
2751,28,5492,撞到了。
2751,28,5493,是啊。
2751,28,5494,唉──
2751,28,5495,这样也没办法了，只好以平手收场了吧。
2751,28,5496,嗯～真可惜，我还以为这次可以赢过小真唯呢。
2751,28,5497,我一直以为紫阳花和这种想法无缘呢。
2751,28,5498,唉～？我也是会有很生气的时候喔～？
2751,28,5499,比如说～
2751,28,5500,……比方说……秘密。
2751,28,5501,唔，真教人在意啊。
2751,28,5502,不──行──
2751,28,5503,快说啦～
2751,28,5504,不要啦～
2751,28,5505,哎呀哎呀。
2751,28,5506,你该不会是紫阳花妹妹吧？
2751,28,5507,咦？
2751,28,5508,啊，难道是……铃木叔叔？
2751,28,5509,哎呀～都长这么大了啊
2751,28,5510,叔叔才是，好久不见了～
2751,28,5511,铃木叔叔在经营一间照相馆，这附近的小孩过七五三（译注：日本特有的节日，会穿正装到神社参拜，祈求儿童健康长大。）的时候都是请铃木叔叔帮忙拍照的。
2751,28,5512,只要是拍过的孩子我都记得。而且紫阳花妹妹是其中最为漂亮的美女呢。这边这两位是你的朋友吗？大家都非常漂亮呢。
2751,28,5513,嘿嘿……
2751,28,5514,我想看以前的照片
2751,28,5515,是啊，感觉很有趣
2751,28,5516,啊，不过，小玲奈没问题吗……
2751,28,5517,唉！？当然没问题了！走吧走吧！肯定要走的啦！
2751,28,5518,唔哇……………………好可爱……
2751,28,5519,好、好可……好可、好好好可、好可爱……
2751,28,5520,这、这样我很害羞啦，小玲奈……
2751,28,5521,不、不是啦，我不是萝莉控啊！只是幼年期的紫阳花同学太可爱了！只是这样而已……唔，这是何等破坏力！这就是真正的五岁儿童紫阳花同学……！
2751,28,5522,既然是七五三，应该是七岁吧。
2751,28,5523,啊～紫阳花同学从小就那么可爱啊……
2751,28,5524,是这样吗？我也不知道呢～呜～好害羞。
2751,28,5525,姊姊
2751,28,5526,对了，不嫌弃的话，要不要再拍一张呢？
2751,28,5527,好主意！
2751,28,5528,机会难得，来，两位朋友也一起吧。
2751,28,5529,不错耶～
2751,28,5530,其实我也觉得我们三人合照一张是个好主意。
2751,28,5531,拍照是没关系啦……！但这张照片会一直挂在照相馆耶……！？
2751,28,5532,真拿你没办法……
2751,28,5533,你也愈来愈会像这样可爱地撒娇了呢……
2751,28,5534,那么，这次就我和紫阳花两个人拍好了。
2751,28,5535,嗯，好啊。
2751,28,5536,啥？也太不合群了吧
2751,28,5537,哎呀？难道王冢小姐已经习惯被人拍照了吗？
2751,28,5538,是啊，略有心得。
2751,28,5539,呼，好紧张啊。
2751,28,5540,这种拍摄也挺有意思的。
2751,28,5541,呃，嗯，你们两个都很可爱喔！
2751,28,5542,谢谢
2751,28,5543,谢谢
2751,28,5544,其实呢，我想起自己以前在这里大哭了一场呢。
2751,28,5545,唉？真的吗？
2751,28,5546,当时真的很不得了呢。对吧，叔叔？
2751,28,5547,你说那个时候啊
2751,28,5548,当时不管是爸爸还是妈妈，都成天只顾着弟弟，所以我独自被放在亲戚家的民宿里。再加上弟弟刚好在七五三的时候发起了高烧，我又一个人被晾在了一旁。当时还因此发了脾气，想说『我受够了！为什么啊～～～！
2751,28,5549,就在这个时候，叔叔拼命安慰我，说要把紫阳花妹妹最可爱的一面给爸爸妈妈看，让他们后悔没来陪你。我当时一定是很喜欢这句话，所以才会鼓起干劲，想说一定要打扮得漂漂亮亮的。
2751,28,5550,后来拍的就是那张。哭泣的痕迹也用化妆盖过去了。现在想想，我以前无论做什么事情，假如不是第一就不会罢休，还说了不少任性话，给大家添了许多麻烦。
2751,28,5551,不管是小真唯还是小玲奈，我好像总是让你们看到自己丢人的一面。
2751,28,5552,是这样吗？
2751,28,5553,是这样喔，大概。
2751,28,5554,不过我也更t解小玲奈了，太好了
2751,28,5555,不过，今天还没有结束吧？
2751,28,5556,你的意思是？
2751,28,5557,没错，我可是非常期待呢。你们当然会去吧？
2751,28,5558,嗯！
2751,28,5559,啊，这附近会不会有可以租借浴衣的店呢？
2751,28,5560,不知道耶，我们回旅馆去问看看吧？
2751,28,5561,说、说得也是，这样好像不错……
2751,28,5562,喔对，关于浴衣呢。
2751,28,5563,下次该做点什么来让她大吃一惊呢
2751,28,5564,抱歉，我已经替你们准备好了。
2751,28,5565,唉？
2751,28,5566,唉唉唉唉唉…………？
2751,28,5567,哇～小真唯好厉害～！
2751,28,5568,这是从我经常光顾的饭店借来的，穿过后再还回去就可以了，不用客气，你们就随便挑吧。
2751,28,5569,哇，意思是这些全都免费吗……？
2751,28,5570,是啊，要说的话……就像是去自己经常光顾的店用餐，在餐后还免费附赠了甜点那样吧。
2751,28,5571,好厉害……竟然还有这样的世界……那我就恭敬不如从命借来穿，小真唯！
2751,28,5572,反正我也想和大家一起穿嘛。呵呵，不用客气。
2751,28,5573,玲奈子也来挑一件喜欢的吧。
2751,28,5574,我、我不会认输的，真唯……！最后赢得紫阳花同学芳心的一定是我……！可别以为用这种方法就算赢了啊……！
2751,28,5575,是吗……我想说机会难得，原本还打算三人一起穿着浴衣去逛祭典的……但你好像不是很愿意呢……？
2751,28,5576,不是，我超开心的！我很期待看到紫阳花同学和真唯穿浴衣的样子！
2751,28,5577,该选哪一件呢～
2751,28,5578,请问你有什么喜欢的款式吗？
2751,28,5579,喔哇。
2751,28,5580,花、花取小姐。
2751,28,5581,好久不见。请你继续，不用在意我。
2751,28,5582,我也会无视你的存在的。
2751,28,5583,唉！？
2751,28,5584,呃，那个，刚才那句话是什么意思……？
2751,28,5585,还请不用在意，害虫。
2751,28,5586,嗳！先等一下！？
2751,28,5587,那个，我做了什么吗……？
2751,28,5588,不，并没有。
2751,28,5589,那为什么叫我害虫……不对，唉？难道花取小姐是那种会把所有人都叫做害虫的毒舌女佣吗？
2751,28,5590,我不觉得那种人能在社会上过着正常的生活。
2751,28,5591,上次和纱月同学一起见到你的时候，我还以为你是个举止端庄的大姊姊呢……
2751,28,5592,毕竟琴小姐，也算是我未来的主人嘛。
2751,28,5593,所以说……呃，请问你刚才的意思是，你和纱月同学约好，等她将来变成有钱人就会去她底下工作吗……？
2751,28,5594,不，并不是你想的那样。琴小姐，可是要和大小姐成婚的喔。
2751,28,5595,难道你是真纱激进派吗！？
2751,28,5596,所以，这位被鲜花吸引过来的害虫小姐，你要选哪件浴衣呢？这件下摆短到内裤会被完全看光的迷你浴衣，不知你意下如何呢？
2751,28,5597,我怎么可能穿啊！不要推荐我这种摆明就是小孩尺寸的浴衣啊！
2751,28,5598,怎么了吗，玲奈子？你还没决定好浴衣吗？
2751,28,5599,唔唔唔。
2751,28,5600,因、因为我刚才在请花取小姐帮我挑浴衣……！
2751,29,5601,这样啊。我也经常会参考花取的审美观。花取，麻烦你把玲奈子打扮得漂漂亮亮的。
2751,29,5602,遵命。
2751,29,5603,所以你承认自己是个害虫了吗……目的果然是财产……
2751,29,5604,才不是啦！
2751,29,5605,我和真唯根本不是什么恋人关系，我也不是盯上真唯的财产才和她在一起的……！
2751,29,5606,你的说法根本无所谓。
2751,29,5607,大小姐每天都非常忙碌，她在百忙之中抽出这仅有的一天休假就花在你的身上。还请你不要辜负她的深情厚意。
2751,29,5608,什、什么辜负……
2751,29,5609,不过，我也不能因为这样就特别对待真唯，一直对她阿谀奉承吧……我顶多也就是以朋友的身分，尽我最大努力陪伴真唯而已……
2751,29,5610,…………
2751,29,5611,非常抱歉汪！
2751,29,5612,那么，这件浴衣你觉得如何？
2751,29,5613,那就这件，麻烦你了……
2751,29,5614,那么接下来是腰带。可以的话就请用这边的──
2751,29,5615,哎呀，变成一个大美女了呢。
2751,29,5616,嘿嘿，唉嘿嘿。
2751,29,5617,小玲奈
2751,29,5618,啊，紫阳花同学，真唯──
2751,29,5619,对不起哦，我们迟到了，因为还花了点时间整理头发。
2751,29,5620,如何，玲奈子。我们穿浴衣的样子适合吗？
2751,29,5621,好、好厉害……
2751,29,5622,这应该是米开朗基罗的艺术品吧……
2751,29,5623,好夸张……
2751,29,5624,小玲奈，你的浴衣真好看，好可爱。
2751,29,5625,唉？谢、谢谢……
2751,29,5626,那我呢？
2751,29,5627,非、非常适合你……天使……
2751,29,5628,嘿嘿，好开心。
2751,29,5629,玲奈子，那我呢？
2751,29,5630,您、您如花似月……
2751,29,5631,呵呵，谢谢你。能和这么可爱的两位女孩一起逛祭典，心情真好。
2751,29,5632,素啊……
2751,29,5633,我们出门了……
2751,29,5634,……这反而让人想问，那孩子到底是什么来头？
2751,29,5635,哇。
2751,29,5636,你们看，那个是什么啊？
2751,29,5637,是捞彩球吧？看起来很有趣，我们去体验一下吧。
2751,29,5638,唉？真唯以前没逛过祭典吗？
2751,29,5639,是啊，这类祭典多半都是在暑假举办的吧？我夏天基本上都会待在国外。
2751,29,5640,哼哼，既然这样，为了感谢你带我逛粗点心店，这次就换我来告诉你怎么享受祭典吧！首先是捞彩球！
2751,29,5641,嗳，我们接下来去吃章鱼烧吧。
2751,29,5642,啊，我想吃苹果糖。
2751,29,5643,那我也去买棉花糖，待会三人再一起分享吧。
2751,29,5644,我是不是来晚了？
2751,29,5645,哎呀，欢迎回来，紫阳花。
2751,29,5646,呃，那个……小玲奈还没回来吗？
2751,29,5647,是啊。也许是排队的人太多了。夜晚还很长，我们就耐心等一下吧。
2751,29,5648,说、说得也是。
2751,29,5649,怎么了吗？
2751,29,5650,啊，没有。只是觉得，小真唯看起来好漂亮……啊，我在说什么呢。明明小真唯一直都是这么漂亮。
2751,29,5651,或许是因为我穿了浴衣吧。紫阳花虽然这么夸我，但这身浴衣也非常适合你喔，楚楚动人。
2751,29,5652,谢、谢谢你……
2751,29,5653,小真唯这个暑假一直都很忙对吧。
2751,29,5654,嗯，是啊。妈妈现在也在日本，安排了相当多的工作给我。竟然会期盼开学的时候到来，我这个心态实在不像个学生呢。
2751,29,5655,嗯……就算这样，你还是特地抽出时间来陪我们，谢谢你。
2751,29,5656,不用客气。毕竟今天紫阳花可爱的模样也让我一饱眼福了。
2751,29,5657,小、小真唯真是的。
2751,29,5658,大家一起逛祭典，真的很开心呢。
2751,29,5659,是啊。
2751,29,5660,希望明年夏天，小纱月和小香穗也能一起来玩呢。
2751,29,5661,这主意很不错。
2751,29,5662,话说，你这原本是离家出走的旅行对吧？现在已经没关系了吗？
2751,29,5663,啊，嗯。虽然发生了很多事，但已经没问题了。因为有小玲奈在我身边。
2751,29,5664,这样啊。
2751,29,5665,她是个不可思议的女孩，每当我难过的时候，她总是会出现在身边陪伴着我。我的心不知道已经被她拯救过多少次了。
2751,29,5666,……嗯，我也觉得小玲奈到底是为什么……要为了我做这么多呢。
2751,29,5667,这还用说吗？当然是因为玲奈子喜欢你呀。
2751,29,5668,唉？不会啦，怎么可能。
2751,29,5669,果、果然是这样吗？看起来就是这样，对吧。感觉好害羞啊……
2751,29,5670,紫阳花。
2751,29,5671,其实，我喜欢玲奈子。
2751,29,5672,咦？
2751,29,5673,那个，意思是……
2751,29,5674,是恋爱的那种喜欢，我深深爱着玲奈子。
2751,29,5675,这、这样啊。你突然说出来，吓了我一跳。
2751,29,5676,那个……你们现在在交往吗？
2751,29,5677,关于这点，虽然我已经告白了，但遗憾的是，她还没有给我一个明确的答覆。
2751,29,5678,这样啊……小玲奈为什么还在犹豫……
2751,29,5679,她说自己暂时还不想谈恋爱。不过在我看来，那也只是时间的问题罢了。
2751,29,5680,原来是这样……小真唯喜欢小玲奈啊……
2751,29,5681,呃……可是，为什么只对我坦白这件事呢？其他人都还不知道吧。是因为小真唯认为我是个值得信任的朋友……吗？
2751,29,5682,玲奈子很有魅力吧？
2751,29,5683,嗯。
2751,29,5684,所以呢，我不禁有了个猜想。
2751,29,5685,……什么猜想？
2751,29,5686,会不会，你也和我有着相同的心意。
2751,29,5687,我、也……
2751,29,5688,我……
2751,29,5689,小真唯，我……
2751,29,5690,我……不想破坏和大家的关系。
2751,29,5691,这样啊。
2751,29,5692,我明白了。
2751,29,5693,……唔。
2751,29,5694,……嗯。
2751,29,5695,天使
2751,29,5696,啊。
2751,29,5697,真美啊。
2751,29,5698,……嗯。
2751,29,5699,啊，找到了──！
2751,29,5700,啊。
2751,29,5701,小玲奈──
2751,29,5702,啊啊──好开心啊──！
2751,29,5703,我还是第一次在这么近的地方看烟火呢！
2751,29,5704,粗点心店、浴衣、烟火……呵呵，看来你今晚享受了许多初体验呢，玲奈子。
2751,29,5705,呃，嗯。这是事实没错啦，但你的说法怎么听起来怪怪的……？
2751,29,5706,换句话说，今晚我夺走了玲奈子许多的初体验。
2751,29,5707,别重新换个说法！不要一脸陶醉地把手贴在脸颊上！
2751,29,5708,不过，没有其他人的温泉真是舒服呢。
2751,29,5709,唉？紫阳花同学，你还不脱衣服吗？
2751,29,5710,唉？呃，嗯，现在脱，现在就……脱？
2751,29,5711,请、请吧。
2751,29,5712,唉，我输了……
2751,29,5713,那我们先进去洗了。
2751,29,5714,好、好的～
2751,29,5715,你今天看起来心情很不错呢，玲奈子。
2751,29,5716,唉～？有这么明显吗？
2751,29,5717,很明显喔。如果是平常的你，现在肯定露出一副油尽灯枯的表情。
2751,29,5718,不是，你也说得太过分了吧！？虽然这是事实啦！
2751,29,5719,因为我一直很向往和朋友们像这样度过一天。又实现了一个梦想……
2751,29,5720,那就好。
2751,29,5721,真的，认识真唯之后的这三个月，感觉时间真的是一转眼就过了。只要和真唯在一起，就会慢慢实现各种梦想呢。
2751,29,5722,这样啊。其实，我就是为了实现玲奈子的梦想才来到你身边的。
2751,29,5723,唉～？
2751,29,5724,所以，你一直心心念念的将来的梦想『成为可爱的新娘
2751,29,5725,我才没说过这种话！
2751,29,5726,我先进去泡了哦──
2751,29,5727,呼
2751,29,5728,今天谢谢你们两个。
2751,29,5729,咦？
2751,29,5730,谢什么？
2751,29,5731,不，那个……
2751,29,5732,我今天一整天都一直觉得很开心很开心。所以……
2751,29,5733,……我希望，我们三个人以后也能永远玩在一起。
2751,29,5734,嗯，那当然。让我们一辈子都在一起吧，死后也要进同一座坟墓。
2751,29,5735,这也太可怕了吧！
2751,29,5736,那个，对不起哦。我好像泡到有点头晕，就先出去。
2751,29,5737,啊，嗯。
2751,29,5738,紫阳花也需要一些时间消化烦恼吧。
2751,29,5739,唉？什么意思？你们两个有发生什么事吗？
2751,29,5740,嗯，发生了一件大事。
2751,29,5741,大事！？
2751,29,5742,这是秘密喔。
2751,29,5743,怎、怎么了？
2751,29,5744,没什么。
2751,29,5745,但是，手……
2751,29,5746,嗯。
2751,29,5747,我爱你喔，玲奈子。
2751,29,5748,嘿呀！？为、为什么突然说这个！？
2751,29,5749,我、我知道啊……
2751,29,5750,即使如此，假如不把自己的想法反覆说出来，也无法将心意传达给对方。更何况对方是你。
2751,29,5751,这是什么意思……？
2751,29,5752,你内心的某处应该坚信，『我这种人怎么可能会有人喜欢
2751,29,5753,是、是没错啦……
2751,29,5754,真伤脑筋。
2751,29,5755,我、我反而觉得是真唯太积极了……因为你每次总是往我的怀里钻，回过神来才发现被你推倒了……
2751,29,5756,因为，我也别无所求了。
2751,29,5757,唉？
2751,29,5758,别看我这样，我也不是随便到哪个人都能让我涌起欲望。我对真正喜欢的人可是很专情的喔。
2751,29,5759,呃，嗯……
2751,29,5760,……谢谢你。
2751,29,5761,好，我们结婚吧玲奈子。上次举办那场恋活派对的事，似乎是被我妈妈发现了，她对我施加了许多压力。只要把新的未婚妻带回家，妈妈也一定会放心的。
2751,29,5762,我才不要咧！？而且那件事从头到尾都是真唯自作自受吧！？
2751,29,5763,哎呀，你这样说我就没辙呢。我希望下次，是轮到你帮我实现梦想呢。
2751,29,5764,这、这、这么久以后的事我根本就没办法想像啦！不行！
2751,29,5765,晚安，小玲奈。
2751,29,5766,啊，好，晚安。
2751,29,5767,嗨，玲奈子，早安，你起得真早呢。
2751,29,5768,早……怎么了？你要去哪里？
2751,29,5769,我想稍微早一点先回东京。
2751,29,5770,因为工作吗？
2751,29,5771,嗯，是啊。没事的，你们就悠哉地待到退房时间吧。
2751,29,5772,加油哦，真唯。
2751,29,5773,那我先走了。
2751,29,5774,嗯。
2751,29,5775,这样好像我们已经结婚了一样呢。谢谢你为我送行，达令。
2751,29,5776,你说什……
2751,29,5777,喂、喂……
2751,29,5778,谢谢你送我出门的吻。这样我就打起精神了。
2751,29,5779,你这个人真是的。
2751,29,5780,咿！
2751,29,5781,若是你也主动亲我一下，我就能打起双倍的精神了。
2751,29,5782,你、你不要得寸进尺啊！
2751,29,5783,又在我耳朵吹气
2751,29,5784,又用手指戳我的侧腹
2751,29,5785,啊！？
2751,29,5786,小玲奈？你刚才在和谁说话吗？
2751,29,5787,啊，没有啦，那个……就是真唯，真唯她说要先回东京，好像早上还有工作。她真的很辛苦呢。
2751,29,5788,这样啊。
2751,29,5789,呃，嗯。我们再多睡一会吧。
2751,29,5790,嗯～
2751,29,5791,这样啊。
2751,29,5792,嗯～？
2751,29,5793,没有啦，我只是突然想到，能和紫阳花同学在一起真的是太好了。
2751,29,5794,是吗？那太好了。和小玲奈在一起，我也很开心喔。当然，和小真唯在一起的时候也是。
2751,29,5795,嘿嘿嘿。
2751,29,5796,向濑名表达平常对她的感谢。
2751,29,5797,那个，紫阳花同学。
2751,29,5798,嗯？
2751,29,5799,那个……谢谢你平常总是在学校里跟我聊天。
2751,29,5800,怎么突然这样说啦？
2751,30,5801,不是啦，因为我这个人其实还挺怕生的，我很谢谢紫阳花同学愿意对我那么亲切。都要托你的福，我在真唯的小圈子才不会显得那么突兀。
2751,30,5802,小玲奈，我记得一开始应该是你主动向小真唯搭话的吧？
2751,30,5803,那个，呃，该怎么说……我当时只是鼓起了非常大的勇气而已……
2751,30,5804,所以，之所以能有现在的我，绝对都是多亏了紫阳花同学的力量……
2751,30,5805,呵呵，太夸张了啦。
2751,30,5806,请让我郑重地表达谢意。真的非常谢谢你。
2751,30,5807,不客气
2751,30,5808,那个，我也是。
2751,30,5809,嗯？
2751,30,5810,我也有一些话还在犹豫该不该对小玲奈说。
2751,30,5811,那个啊。
2751,30,5812,……嗯。
2751,30,5813,我对小玲奈──
2751,30,5814,──────
2751,30,5815,你刚才说什么？
2751,30,5816,没什么啦。
2751,30,5817,是、是吗？唉？怎么了？不是重要的事吗？
2751,30,5818,嗯。
2751,30,5819,是不值一提的小事。
2751,30,5820,没关系啦。我是因为自己想做才会这么做的。
2751,30,5821,乖孩子
2751,30,5822,想要有所改变
2751,30,5823,这样就好了
2751,30,5824,好孩子
2751,30,5825,我要跟着你一起去
2751,30,5826,好孩子
2751,30,5827,我们一起去吧
2751,30,5828,谢谢你，小玲奈。
2751,30,5829,呃，嗯……
2751,30,5830,怎么办怎么办怎么办……
2751,30,5831,开始紧张了……
2751,30,5832,没事的！根本就不要紧啦！因为你可是紫阳花同学耶！？肯定会被原谅的啦！紫阳花同学就算被判刑要关六万年，也会无罪释放的！
2751,30,5833,因为我有整整两天完全把家里的事情丢在旁边，也给大家添了很多麻烦……要是他们变成不良少年怎么办！万一染了金发、戴上耳环、跑去纹身的话……
2751,30,5834,才三天而已耶！？
2751,30,5835,不、不要紧的啦……就算紫阳花同学不在，大家也会过得悠闲自在……啊，不对，我不是那个意思，紫阳花同学是家里的支柱！所以大家都望穿秋水，引颈期盼地等着你回去……不是，呃，那个！
2751,30,5836,如果你担心的话，至少还有我陪着你一起……可以吗？好吗？
2751,30,5837,呜呜，小玲奈。
2751,30,5838,呃，不、不要紧吧？紫阳花同学，你能走吗？
2751,30,5839,嗯，嗯……我会努力的……
2751,30,5840,那个，小玲奈。今天要玩什么呢。唉嘿嘿，我什么都可以喔。因为我，就只有小玲奈了……
2751,30,5841,小玲奈──！
2751,30,5842,真的……很谢谢你──！
2751,30,5843,嗯！
2751,30,5844,呼啊…………
2751,30,5845,唔哇，是姊姊啊。你怎么每次从外面回来都一副要死的样子啊？
2751,30,5846,怎样？
2751,30,5847,伴手礼呢～？
2751,30,5848,不是，我没买啦。毕竟我又没有钱。
2751,30,5849,唔──哇──
2751,30,5850,所以，开心吗？
2751,30,5851,嗯，当然啦。因为我一直和紫阳花同学在一起嘛。而且后来真唯也有来。
2751,30,5852,……哦──
2751,30,5853,呵呵呵呵。
2751,30,5854,放心吧，姊姊今后会有一段时间都待在家里的。嗯？要不要一起玩游戏？很寂寞吧？嗯嗯？
2751,30,5855,恶心。
2751,30,5856,仁德
2751,30,5857,哎啊──
2751,30,5858,可以和朋友旅行，高中生真好啊～
2751,30,5859,唉？啊，嗯。什么啊，原来你是在意这个啊……
2751,30,5860,你再过不久就是高中生了啦，很快的。不过，在那之前还需要通过考试这一关就是了。
2751,30,5861,我知道啦。姊姊为什么要摆架子，把自己当成人生的前辈啊？
2751,30,5862,因为我本来就是你人生的前辈啊！
2751,30,5863,还有啊，姊姊。
2751,30,5864,怎样啦──
2751,30,5865,因为姊姊突然说要旅行就出门了，妈妈现在可是火冒三丈喔。我想你还是先道个歉比较好。
2751,30,5866,自己去太恐怖了，你在旁边帮我讲话啦小遥奈！
2751,30,5867,如果你至少有帮我买个伴手礼，我明明就会爽快答应了……姊姊，你真的很不懂做人的道理呢～
2751,30,5868,求求你～～～！
2751,30,5869,在高中改头换面出道
2751,30,5870,嗨
2751,30,5871,你好。
2751,30,5872,你、你好！
2751,30,5873,是说，要是你跟我说一声我就会去车站接你了啊。
2751,30,5874,嗯──不过我大致上还记得怎么走，不要紧的啦。而且我也不想让你特地在大热天出门。
2751,30,5875,哎呀……是玲奈子的朋友？
2751,30,5876,是的，前几天不好意思。
2751,30,5877,彬彬有礼
2751,30,5878,因为是我自己要去旅行，却把玲奈子牵扯了进来。
2751,30,5879,是你……这样啊……咦咦……？
2751,30,5880,居然擅自去旅行！
2751,30,5881,嗯──这样啊……虽然你可能也是有什么理由……但下次至少要提前说一声哦，不然我们会担心的。
2751,30,5882,好的，给你们家添麻烦了。这是一点小小心意，在我家附近买的水果塔，不介意的话还请收下。
2751,30,5883,哎呀，还让你这么破费，谢谢你。以后玲奈子也要请你多多照顾了。
2751,30,5884,好的，那是当然的。
2751,30,5885,模范生！
2751,30,5886,只有女孩子去旅行，万一发生什么事情就危险了。真的很想去的话，也可以在家族旅游的时候把朋友一起叫过去喔
2751,30,5887,呃，那个，站着说话也不太好……先去我房间吧？
2751,30,5888,不用了。
2751,30,5889,今天只是顺路过来拜访而已，我先失陪了。
2751,30,5890,啊……这样啊？
2751,30,5891,嗯，下次在学校见吧。小玲奈，拜拜。
2751,30,5892,等、等一下紫阳花同学！至少让我送你到车站！
2751,30,5893,呵呵，都说没关系了。
2751,30,5894,是没错……可是你难得来一趟……那个，我想和你再稍微聊一下……
2751,30,5895,呵呵呵，可以啊，小玲奈。在走到车站之前我们就稍微聊一下吧。
2751,30,5896,啊，对了。你和弟弟他们和好了吗？
2751,30,5897,嗯，完全和好了。应该说，他们甚至忘了自己被我凶过，完全变成之前的那副德性了。真的是一点也学不到教训呢。
2751,30,5898,啊哈哈……
2751,30,5899,这样不是只有我在开心吗！？
2751,30,5900,啊，到车站了……
2751,30,5901,嗯，谢谢你送我过来，小玲奈。
2751,30,5902,嗯，那个。
2751,30,5903,下次在学校……那个，也请多指教。
2751,30,5904,嗯。
2751,30,5905,那、那个。紫阳花同学之前说过吧，你在家的时候，偶尔也会想起我。
2751,30,5906,唉？
2751,30,5907,我也是哦，偶尔也会想到紫阳花同学。像是你现在在做什么？紫阳花同学也在这个问题花了很多时间吗？还有，是不是又和弟弟吵架了呢？之类的。
2751,30,5908,所以，那个……如果又发生事情的话，不管是什么事都可以告诉我哦。虽然紫阳花同学可能不是很想让别人看到自己难受的一面……但我不会在意的。应该说如果你能告诉我的话，我反而会很开心。
2751,30,5909,要快点遭遇不幸哦
2751,30,5910,嗯、谢谢你、小玲奈。
2751,30,5911,紫、紫阳花同学！？
2751,30,5912,唉？奇、奇怪？
2751,30,5913,为什么呢？咦？好奇怪啊？
2751,30,5914,对、对不起哦，小玲奈。
2751,30,5915,不是的。对不起、对不起，小玲奈。
2751,30,5916,对不起。
2751,30,5917,对不起
2751,30,5918,喂，玲奈子吗？
2751,30,5919,啊，对。
2751,30,5920,你居然会打过来，真是稀奇呢。
2751,30,5921,那个，其实──
2751,30,5922,哦，这样啊。你是因为太寂寞了，想听到我的声音是吗？
2751,30,5923,不是！
2751,30,5924,那么，你是因为知道寂寞的我想听你的声音，才特地打来的？真教人开心呢。
2751,30,5925,也不是这样！
2751,30,5926,其、其实就是这样…………我想听真唯的声音…………！
2751,30,5927,这样啊。所以，你的正题是？
2751,30,5928,我都忍着害羞的心情附和你了，你怎么反而不接话啊──！
2751,30,5929,其实！是关于紫阳花同学的事！我们刚才有稍微见了面，但她好像还是没什么精神！
2751,30,5930,这样。
2751,30,5931,所以……我想说真唯会不会知道些什么，就打电话给你了……
2751,30,5932,原来如此。不过，我也猜到是这样了。
2751,30,5933,都知道我要说什么了，竟然还讲那种话来捉弄我，真是有你的风格呢……
2751,30,5934,抱歉，这是我的坏习惯……谁教玲奈子明明这么容易捉弄，却又总是毫无防备地露出可爱的模样……
2751,30,5935,你这也是在假装反省，实际上是在调侃我吧！？对吧──！？
2751,30,5936,如果是关于紫阳花的话，我是有头绪。
2751,30,5937,不愧是真唯！真唯无所不知！是能够连接阿卡夏记录的女性！
2751,30,5938,但是，我并不打算告诉你。
2751,30,5939,为什么！？你好坏心眼！
2751,30,5940,不，我并不是存心刁难你……
2751,30,5941,那要怎么做你才愿意告诉我！？
2751,30,5942,怎么做是指？你打算为我做些什么的意思吗？
2751,30,5943,唉……唉？
2751,30,5944,亲、亲亲你的脸颊，之类的……！
2751,30,5945,…………啊啊，嗯，原来如此。
2751,30,5946,等一下！刚才你是不是在心里想说『她是小学生吗？
2751,30,5947,是怎么个厉害法呢？
2751,30,5948,我、我会和你……接、接吻……
2751,30,5949,平常就在亲了吧。
2751,30,5950,呜呜呜呜呜。
2751,30,5951,那、那好吧……这可是很特别的喔……！
2751,30,5952,你愿意和我结婚吗？
2751,30,5953,代价竟然是要付出我的人生！？什么鬼啊！？
2751,30,5954,不是，感觉上就是这种气氛，我不禁就说出口了。
2751,30,5955,之、之前我们两个有在笔记本上写了自己的各种欲望对吧……
2751,30,5956,我当然记得。还约好了总有一天要两个人一起将那些事情全部实现。
2751,30,5957,你可以实现……那本笔记本上的内容……随、随便一个都行……
2751,30,5958,……随便一个都行。
2751,30,5959,……对。
2751,30,5960,原来如此……这个提案确实足以摧毁我的理性呢。
2751,30,5961,所以，那个……
2751,30,5962,但是不行。
2751,30,5963,为什么啊啊啊！？
2751,30,5964,正确来说，那个，对不起。这不是你的错……因为我原本就不打算把这件事告诉任何人。
2751,30,5965,你说、什么……
2751,30,5966,呜呜，好过分……真唯玩弄了我的纯情……哭哭哭……
2751,30,5967,抱、抱歉。
2751,30,5968,你明明一开始就不打算说，还要捉弄我，偷偷嘲笑我……呜──呜──太过分了……
2751,30,5969,对不起。
2751,30,5970,紫阳花现在的问题，应该要由她自己做出了断。不只是你，连我也没办法帮上忙。
2751,30,5971,是、是吗？
2751,30,5972,嗯，虽然很不甘心就是。
2751,30,5973,可、可是……真的、什么都做不了吗？
2751,30,5974,没错。尤其是你。
2751,30,5975,……
2751,30,5976,……是、这样啊。
2751,30,5977,既然这样，那件事，和我有关吗……？
2751,30,5978,……对。不过，这不是你的错。
2751,30,5979,可是……
2751,30,5980,不是任何人的错。关于这件事，是真的无可奈何……就好像有一天突然有个女孩从天而降一样，就是那种有可能发生在任何人身上的离奇事件。
2751,30,5981,……我知道了。
2751,30,5982,要是我一直愁眉苦脸的，反而会让紫阳花同学更在意对吧。嗯，我知道了。我不会再多想了。
2751,30,5983,太好了。谢谢你为我着想。
2751,30,5984,……只是，我可以问一件事吗？
2751,30,5985,是什么呢？
2751,30,5986,紫阳花同学她，不要紧吧？
2751,30,5987,这个嘛，很难说呢。
2751,30,5988,不过，一旦许愿想获得什么新的东西，那种感觉就已经类似一种诅咒了。为了设法完成目标，也只能自己主动踏出那一步。如果是你的话，肯定会懂的吧？
2751,30,5989,……嗯。
2751,30,5990,会长、会长～
2751,30,5991,唉？
2751,30,5992,会长你过得怎么样？高中生活感觉还不错吗？
2751,30,5993,那当然啦，我完全无法想像会长一个人孤零零的样子。
2751,30,5994,都已经国中毕业了，我不是会长了啦～
2751,30,5995,话是这么说啦，但会长就是会长啊。
2751,30,5996,那这样的话应该叫什么呢？……小紫阳花？
2751,30,5997,好怪──！
2751,30,5998,唉～有这么奇怪吗～？
2751,30,5999,会长
2751,30,6000,会长
2751,31,6001,果然还是因为会长的人气超高呢。
2751,31,6002,她是我们这一代的偶像……应该说已经是传说了？
2751,31,6003,好像在毕业之后，学校也一直在流传着濑名会长的英勇事迹呢！
2751,31,6004,啊哈哈……
2751,31,6005,紫阳花究竟有多么优秀！
2751,31,6006,会长那一届的学生会真的很厉害呢。
2751,31,6007,大家都十分信赖会长。要是遇到什么困难，不管什么事都会去问会长呢。
2751,31,6008,对了，像有人因为体育馆的使用预定表发生争执的时候也是──
2751,31,6009,对了对了，会长在高中也要加入学生会吗？
2751,31,6010,唔～
2751,31,6011,她当然会啊。濑名会长不参加学生会的话，也太浪费人才了吧。这个世上可是有一句话叫『适才适所
2751,31,6012,不过～其实我现在还有点犹豫。
2751,31,6013,是这样吗！？
2751,31,6014,你开始参加社团活动了吗？
2751,31,6015,是因为家人吗？
2751,31,6016,不是啦～
2751,31,6017,啊，我知道了！是交了男朋友对吧！
2751,31,6018,会长交了男朋友！？
2751,31,6019,不管被谁告白，都绝对不会点头的会长竟然有绯闻了！？
2751,31,6020,嗳，对方到底是什么样的人！？
2751,31,6021,唉？唉？
2751,31,6022,不，不是啦。我才……没有男朋友。
2751,31,6023,要是会长真的交到了男朋友，我得在国中的联络网大肆宣传才行呢……
2751,31,6024,看来这附近的人要办一个失恋派对了呢……
2751,31,6025,我们也参加吧……
2751,31,6026,就、就说不是啦……
2751,31,6027,不过，会长已经有意中人了吧？
2751,31,6028,对啊，你看，脸都红了。会长好可爱～！
2751,31,6029,唉……？
2751,31,6030,不、不是那样啦……该怎么说呢，不过，我应该……不会主动告白吧？
2751,31,6031,唉？为什么！？
2751,31,6032,不要紧的啦，只要会长用自己的美貌去展开攻势，不管是什么样的人都会轻易坠入爱河的！
2751,31,6033,因为我和对方的关系，其实不太能被世人接受。
2751,31,6034,那该不会是……
2751,31,6035,学校老师……
2751,31,6036,外遇……
2751,31,6037,唉？唉？
2751,31,6038,虽然我们都想支持会长……但我觉得这种事是不行的。
2751,31,6039,对啊，这样会长会不幸的……
2751,31,6040,最好还是别和那种不负责任的人交往！毕竟会长原本看起来就很适合和年长男性谈糜烂的恋爱了！
2751,31,6041,就、就说不是了啦！
2751,31,6042,不要紧的，谢谢你们为我担心。
2751,31,6043,那里怎么了？怎么那么多人？嗳，你们看，那边是不是在摄影？
2751,31,6044,不会吧？那个人该不会是……
2751,31,6045,唉唉──！？那不是王冢真唯吗！？
2751,31,6046,哇……现场看到本人，果然很厉害呢。
2751,31,6047,应该说是气场不同吗？她果然很与众不同呢。
2751,31,6048,我要是也有王冢真唯的长相就好了～
2751,31,6049,啊。
2751,31,6050,──其实，我喜欢玲奈子。
2751,31,6051,小真唯。
2751,31,6052,那也是模特儿吗？
2751,31,6053,好可爱～
2751,31,6054,等、等一下，会长？
2751,31,6055,嗨，紫阳花。真是巧遇啊。我很高兴你愿意跟我打招呼。
2751,31,6056,小真唯，我……
2751,31,6057,说吧，紫阳花。
2751,31,6058,我──
2751,31,6059,我也……喜欢小玲奈。
2751,31,6060,紫阳花，待会可以借点时间吗？
2751,31,6061,……啊，嗯，今天没问题。
2751,31,6062,是吗？
2751,31,6063,那你能陪我一会儿吗？
2751,31,6064,我要和小真唯一起去别的地方
2751,31,6065,原来会长认识王冢真唯吗！？
2751,31,6066,这么说来，你们都是芦谷高中的！
2751,31,6067,那个，我们也可以一起去吗！？
2751,31,6068,抱歉。我们两人要聊重要的事，先向你们稍微借一下紫阳花。她是我重要的朋友。今后也麻烦你们照顾她。
2751,31,6069,其实，我偶尔会一个人来水族馆。
2751,31,6070,是这样啊。
2751,31,6071,对，因为周围一片昏暗，自然不会有人特意去观察别人的长相。总觉得这样能在真正的意义上变成独自一人，让我相当放松。
2751,31,6072,……我好像有点理解。
2751,31,6073,如何，要牵个手吗？
2751,31,6074,就好像在约会一样呢。
2751,31,6075,呵呵，狗仔大概会这样下标吧──『艺人王冢真唯的秘密约会。恋人竟是同班的美少女！？
2751,31,6076,我配不上小真唯啦。
2751,31,6077,玲奈子也经常这么说呢。
2751,31,6078,也许大家都是这样想的吧。
2751,31,6079,工作中的小真唯，真的非常漂亮，被这样的人说喜欢的话，无论是谁都会喜欢上小真唯吧。
2751,31,6080,如果真是这样就好了。
2751,31,6081,小玲奈是个好孩子呢。
2751,31,6082,是啊。
2751,31,6083,小真唯会让小玲奈幸福吗？
2751,31,6084,我确实是很想这么做，但是她好像喜欢靠着自己的力量获得幸福。
2751,31,6085,靠自己的力量……
2751,31,6086,是啊。她比我想像中还要难缠。虽然我坚持要由来我让她幸福，但战况应该依然还是五五波。
2751,31,6087,好厉害啊，小玲奈。真强呢。
2751,31,6088,紫阳花。
2751,31,6089,嗯。
2751,31,6090,我喜欢你喔。
2751,31,6091,小真唯，唉？你应该不是那个意思吧……？
2751,31,6092,当然，是作为朋友的喜欢。
2751,31,6093,说，说得也是。我有点慌了……我还想说这次是不是要和小玲奈争夺小真唯了呢……
2751,31,6094,所以呢，我也想要实现你的愿望。因为我也喜欢你。
2751,31,6095,那个，可是。
2751,31,6096,我也喜欢小真唯啊。
2751,31,6097,原来如此，看来我们是两情相悦啊。
2751,31,6098,……呵呵，如果是的话就很教人开心呢。
2751,31,6099,不过，没关系的，紫阳花。
2751,31,6100,你很温柔，所以肯定是在顾虑我吧。但是，你不需要这么做。你应该把自己的心意传达出去。
2751,31,6101,……但是，要是那样做的话。
2751,31,6102,我不会困扰的。
2751,31,6103,看着紫阳花怀抱着无法传达的思念痛苦地活着的模样，反而更令人无法忍受。玲奈子的想法肯定也和我是一样的。
2751,31,6104,你说不会困扰，为什么？
2751,31,6105,因为──
2751,31,6106,玲奈子最后选择的，一定是我。
2751,31,6107,难道，我就没有胜算吗？
2751,31,6108,玲奈子很温柔，也许多少会有些犹豫吧。但是不要紧的。被紫阳花告白，不可能有人会不高兴。不如说，反而是我对你过意不去。
2751,31,6109,无论我怎么豁尽全力，都无法实现这个愿望吗？
2751,31,6110,很遗憾。就算以朋友的角度来看，紫阳花也确实很有魅力。但是，不得不说你的对手实在太强了。
2751,31,6111,我喜欢玲奈子。所以，你就放心地把你的心意告诉她吧
2751,31,6112,其实……我很害怕。
2751,31,6113,嗯。
2751,31,6114,所以我一直告诉自己，保持现状就好了。
2751,31,6115,我懂。
2751,31,6116,这是我所希望的，所以我一直告诉自己应该这么做，努力不让这份情感表露出来。
2751,31,6117,所谓的活着，就是改变。根据环境的不同以及全新的邂逅，人会无限地改变下去。在海里游水的鱼经历了漫长时间之后，也能够变成在天空翱翔的鸟。一旦放弃变化，人将会一事无成。
2751,31,6118,就算这样──
2751,31,6119,我一定……还是想永远做玲奈子的天使。
2751,31,6120,你在说什么呢，紫阳花。
2751,31,6121,On n'a qu'une vie. 人生只有一次。既然是个女孩子，就该勇敢去爱。
2751,31,6122,而且你打从一开始，就一直是个无比可爱的女孩子喔
2751,31,6123,总觉得……我好像被告白了一样……
2751,31,6124,……是啊，我好像比你早一步鼓起了勇气。
2751,31,6125,小真唯，真的，很谢谢你。
2751,31,6126,没关系。紫阳花才是……谢谢你愿意听我说话。
2751,31,6127,如果在痛苦的时候、寂寞的时候，互相支持着彼此的就是恋人。那么不管面对什么样的困境，都坚信对方可以重新振作，陪伴在身旁一同走下去的，就是我心中的朋友。
2751,31,6128,虽然不可能会发生万一，但即使在背后推你一把会对未来的我不利，我也依然会这么做。若是因为考虑得失而让朋友后悔的话，那我就不再是王冢真唯了。
2751,31,6129,小真唯，真的是个很棒的人呢。
2751,31,6130,这样讲我会害羞的。
2751,31,6131,真的……谢谢你。
2751,31,6132,小真唯，要看着哦。
2751,31,6133,嗯，如果你希望的话。
2751,31,6134,啊……呃，小玲奈？现在方便吗？呃……嗯，那个……
2751,31,6135,待会，可以见面吗？嗯，嗯……只要一下子就好了……嗯，谢谢。
2751,31,6136,做得好，紫阳花。
2751,31,6137,嗯……好紧张啊。
2751,31,6138,那个……我们聚在这里要做什么呢？
2751,31,6139,那个。
2751,31,6140,嗯。
2751,31,6141,小玲奈，其实我……
2751,31,6142,呃，嗯。
2751,31,6143,我从以前开始，就很不擅长抢走别人的东西。
2751,31,6144,这、这样啊。
2751,31,6145,嗯……如果有人在玩荡秋千，就算到了交换的时间，我也不敢跟对方说『换我
2751,31,6146,你就听下去就对了
2751,31,6147,自从开始照顾弟弟们之后，这样的心情就变得更加强烈。我认为看到大家过得幸福的样子，就是我的幸福。
2751,31,6148,被班上的同学邀请的时候也一样，会来邀我的人，是想和我一起玩才这么做的吧？所以如果能让对方开心，我觉得其实也没什么不好。一直以来，我都以为自己是一个能顾及身边的人感受的好人。
2751,31,6149,明明真正善良的人是不会觉得自己是个好人的。我……真是个笨蛋。我只是不让自己讲任性的话，一直在默默忍耐而已。
2751,31,6150,小玲奈，是你告诉了我这点。
2751,31,6151,我、我吗？
2751,31,6152,嗯……小玲奈，无论何时都很耀眼，为我照亮了前方的道路。是小玲奈，给了我往前走的坚强喔。
2751,31,6153,所以──
2751,31,6154,我喜欢小玲奈。请你和我交往吧。
2751,31,6155,──好、好的……
2751,31,6156,………………………………嗯？
2751,31,6157,给你的信
2751,31,6158,哇。
2751,31,6159,把这个带去学校，让小真唯帮我签个名好了。
2751,31,6160,……这张照片，真不错呢。
2751,31,6161,我出门了──
2751,31,6162,早安，会长。
2751,31,6163,啊，小友梨。早安。
2751,31,6164,会长也是今天开学？
2751,31,6165,嗯。好久没起这么早了，好困喔～
2751,31,6166,我也是。
2751,31,6167,那个，会长。之前很对不起。感觉一直在调侃会长。
2751,31,6168,唉？不会啦，我完全不在意。
2751,31,6169,哎呀～当时我们不是就喜欢的人这个话题问了一堆吗？想说你会不会不舒服。我们每个人都有在私底下反省过了。
2751,31,6170,这样啊？让你们担心了呢。
2751,31,6171,因为，不管我们说什么会长总是一脸笑咪咪的，所以就有点得寸进尺了。真的很对不起。对了，我把带来当午餐的便当给你吧？
2751,31,6172,我没办法吃两份啦。
2751,31,6173,那个，小友梨。
2751,31,6174,什么什么？
2751,31,6175,其实呢，我前阵子告白了喔。
2751,31,6176,唉唉──会长吗！？对、对方是什么人……！？要说配得上会长的人……该不会，是王冢真唯！？
2751,31,6177,呵呵，不是啦。
2751,31,6178,是会拉着我的手、守护我的、非常可爱的天使喔。
2751,31,6179,顶着草帽、穿着白色连身裙的紫阳花同学
2751,31,6180,有一本叫《我恋不行》的少女恋爱喜剧还满有趣的！
2751,31,6181,我现在最喜欢的是小香穗！
2751,31,6182,想把小圈子的每个人都写得更有魅力
2751,31,6183,攻陷不可
2751,31,6184,喔──是真唯耶。
2751,31,6185,王冢真唯
2751,31,6186,哇
2751,31,6187,真唯前辈的年收大概有多少啊……
2751,31,6188,这个问题也太直接了吧！
2751,31,6189,哎呀，姊姊不会好奇吗？
2751,31,6190,网路说模特儿的平均年收是两百到三百万圆。
2751,31,6191,不不不，那家伙肯定赚得更多。
2751,31,6192,啊，如果是专属模特儿，好像一个月只要一本杂志就有一百万圆喔。而且如果是超级顶尖的模特儿，还有人的年收甚至达到三十亿圆……
2751,31,6193,不过真唯算是模特儿吗？她这样应该算是艺人了吧？感觉她有在靠节目的通告费赚钱。
2751,31,6194,确实。因为妈妈是公司的董事长，所以可能也会有董事报酬。
2751,31,6195,经济上的三大支柱，是吗……
2751,31,6196,要是我也能靠打羽毛球，每天拿到三千圆就好了。
2751,31,6197,如果以那家伙为标准，就会觉得自己的人生很空虚，你就别想了吧。
2751,31,6198,如果妈妈更有先见之明，就可以让你们姊妹俩都加入艺人经纪公司的。
2751,31,6199,不可能不可能不可能。
2751,31,6200,不可能变成这样的啦，不可能。
2751,32,6201,哎呀
2751,32,6202,当然啦，要取得辉煌的成就，运气也是必要的呢。
2751,32,6203,别说得好像运气好就能成功啊！
2751,32,6204,不过，就算不这么做，我们家也还有机会的。对吧，姊姊。
2751,32,6205,奇怪？我真的想要成为阳角吗？
2751,32,6206,姊姊，你最近作为一个人是不是没救了？
2751,32,6207,这家伙在说什么啊……？
2751,32,6208,好了，妹妹啊。随时都可以。
2751,32,6209,唉。
2751,32,6210,姊姊，虽然你就算没救了我也无所谓，不过你为什么突然这么有干劲？
2751,32,6211,呵呵呵，妹妹啊，你知道所谓的协和效应吗？
2751,32,6212,不知道。
2751,32,6213,明知道继续投资势必会亏损，但既然已经投资了这么多，事到如今也停不下来！就是会让人有这种感觉的心理效应。
2751,32,6214,既然知道会亏损的话停下来就好了啊。
2751,32,6215,（没在听）就算最近总是觉得『好无聊喔……
2751,32,6216,既然觉得无聊，别玩就好了啊。
2751,32,6217,换句话说，懒散地度过暑假很开心。但是，如果继续这样下去，我在第一学期为了成为阳角所付出的努力就会毁于一旦……这样太可惜了。所以即使在暑假期间，我应该也要在一定程度上过得像个阳角……
2751,32,6218,嗯，我是完全不明白你的逻辑就是。
2751,32,6219,不论是阴角还是阳角，我觉得只要过着像正常人的生活就好了。
2751,32,6220,总、总之就是这样，今天也拜托你了，妹妹。
2751,32,6221,要我陪你一起慢跑是没关系啦，但是姊姊可以用跟我一样的速度跑吗？你在高中有参加社团吗？
2751,32,6222,嗯，我只是回家社。不过，应该没问题吧，毕竟我去年还是网球社的。
2751,32,6223,轻轻松松啦。好啦不用管我，照你平常那样跑就好。
2751,32,6224,这样啊，好吧。
2751,32,6225,啊，姊姊。今天要怎么样？
2751,32,6226,啊──嗯。
2751,32,6227,该怎么说呢，其实也不是说只要慢跑就能成为阳角嘛。慢跑终究只是慢跑而已。问题的本质不在于这里，我想重点呢，是要随时记得保持进步的心。
2751,32,6228,所以，今天就算了吧。而且好久没跑了，其实还脚有点痛，我还是像以前那样，照着我自己的节奏，努力但不要努力过头。虽然这样也是很辛苦──
2751,32,6229,正确生活
2751,32,6230,唉？这在哪？
2751,32,6231,我好寂寞……
2751,32,6232,我出门啦！
2751,32,6233,就算寂寞又有什么关系……？
2751,32,6234,欢迎光临……呃。
2751,32,6235,给我一杯中杯的柳橙汁！
2751,32,6236,你去公园喝水如何？
2751,32,6237,竟然拒绝卖给客人！？
2751,32,6238,话说，你为什么特地来这里？便利商店不是也有卖甜甜圈吗？
2751,32,6239,怎么是店员自己对甜甜圈专卖店的存在产生疑问啊……
2751,32,6240,我要内用
2751,32,6241,请用。
2751,32,6242,哇～谢谢你。
2751,32,6243,欢迎光临。请问是要内用还是外带呢？
2751,32,6244,你竟敢这么做啊，甘织。
2751,32,6245,唉？我没有做什么啊！？
2751,32,6246,竟然敢出现在我的视线中。
2751,32,6247,会因为出现在视线中就生气的顶多只有虫吧！？
2751,32,6248,对、对不起……
2751,32,6249,趁着我在工作动弹不得的时候，从安全区域偷偷观察我，并引以为乐，你的胆子真大呢。
2751,32,6250,我整个暑假都一直宅在家里！突然很想见见熟人！可是又不好意思占用别人的时间，所以就不小心来到这家店了！
2751,32,6251,就是这种地方。
2751,32,6252,什、什么意思……
2751,32,6253,你八成以为暴露了自己软弱的一面，对方就不会再攻击了，但我如果生气的话，连狗也照踩不误。
2751,32,6254,咿！
2751,32,6255,但是，如果你在店里哭出来，对我来说也很伤脑筋。毕竟我可是把自己佯装成一位品行端正的模范生。不想在这里惹麻烦。
2751,32,6256,少多管闲事。
2751,32,6257,又读我的心！
2751,32,6258,所以，现在到哪里了？
2751,32,6259,……什么意思？
2751,32,6260,作业。让我看看吧。
2751,32,6261,啊。
2751,32,6262,哦～想不到你写得很挺认真的嘛。
2751,32,6263,看来你还是不擅长解几何问题。这里是错的。
2751,32,6264,唉？真的吗？
2751,32,6265,休息时间只有半个小时。
2751,32,6266,暑假的特别补习。今天我可不会像之前那样温柔了，你做好心理准备吧。
2751,32,6267,咿！
2751,32,6268,那个，我也来，帮忙做点什么吧
2751,32,6269,不用了姐姐坐着就好
2751,32,6270,让你们担心了，对不起
2751,32,6271,总之
2751,32,6272,你能平安回来，真是太好了
2751,32,6273,是
2751,32,6274,好孩子
2751,32,6275,虽然得知了你是要住在叔父的旅馆，但没有联络到，让我吓了一跳呢
2751,32,6276,……是
2751,32,6277,下次也得去正式拜访一下陪你一起的那位朋友的家呢
2751,32,6278,嗯
2751,32,6279,老实说
2751,32,6280,姐姐
2751,32,6281,小紫阳花会离家出走什么的，完全是意料之外，所以先是吓了一跳呢。虽然我想过既然你似乎会晚一些回来的话，那返程时我就去接你吧……不过，你平安到家就好
2751,32,6282,让你们担心了
2751,32,6283,我估计过会回来的爸爸也会跟你说类似的话，你要做好心理准备哦
2751,32,6284,不过，下次如果有什么要求，要记得好好说出来哦。不管是想提高零花钱的额度，还是想放宽门禁时间等等。突然爆发的话，我们也会仅仅由于措手不及而焦虑不安的
2751,32,6285,还有两件事
2751,32,6286,嗯
2751,32,6287,第一件事是，对不起呢
2751,32,6288,……咦？
2751,32,6289,对于小紫阳花离家出走的原因，我完全不清楚，也不打算强行问出来。如果是爸爸的话应该多少能理解，但我没有过离家出走的经历。不过，我想可能是疏于营造让小紫阳花更容易开口的气氛了
2751,32,6290,那种事情
2751,32,6291,虽然你可能会说没有那回事吧。但这是我的反省点。如果你觉得过意不去，那我接下来可能会有些烦人，还请你见谅
2751,32,6292,……嗯，对不起
2751,32,6293,另一件事就是，家里还有比我更担心的孩子。两人都是呢
2751,32,6294,…………嗯
2751,32,6295,啊啊，小桔，让姐姐来吧──
2751,32,6296,姐姐不用管了，好好坐下！
2751,32,6297,嗯，嗯……
2751,32,6298,啊啊……啊啊，饭正在往下掉……
2751,32,6299,妈，妈妈
2751,32,6300,在姐姐回来之前，我都一直是他们的目标呢
2751,32,6301,那个，呃，真的很对不起！
2751,32,6302,那个，小广、小桔……你们的心意，那个，你们的心意让姐姐非常高兴……但是不要紧的，好吗？姐姐不是讨厌你们了，只是稍微放了个假……对了，只是休息了一下而已。你们像之前一样就好，真的，好不好？
2751,32,6303,我以后会做一个好孩子！
2751,32,6304,反而会添麻烦所以别这样了
2751,32,6305,这样啊……这样啊～……
2751,32,6306,你们真棒…………
2751,32,6307,这是理所当然的，以后可以尽管依赖我们
2751,32,6308,嗯──
2751,32,6309,怎么了？
2751,32,6310,不，没什么
2751,32,6311,姐姐，关于紫阳花学姐啊
2751,32,6312,诶，紫阳花同学怎么了吗？
2751,32,6313,不是，呃──
2751,32,6314,什么什么？紫阳花同学怎么了？出什么事了么？话说为什么遥奈会
2751,32,6315,不是，是说紫阳花学姐有什么喜欢吃的东西吗？
2751,32,6316,我不知道……
2751,32,6317,啊，这样
2751,32,6318,我，什么都，不知道……紫阳花同学的事，我完全不知道……一无所知……不知道她喜欢吃什么，也不知道她喜欢什么品种的猫……不知道她平时都看什么电视节目，也完全不知道她过着什么样的人生……不知道……
2751,32,6319,感觉她好像一直有吃饭团！还有，便当里面，经常会放着煎蛋卷！
2751,32,6320,那不是经典款式吗？
2751,32,6321,紫阳花同学喜欢的食物，到底是什么啊……
2751,32,6322,就算你问我，我也不知道啊
2751,32,6323,学姐有什么想吃的东西吗？
2751,32,6324,机会难得，我们去这家提拉米苏松饼很有名的店吧
2751,32,6325,不是这边也不是那边
2751,32,6326,好的，我很期待！谢谢你，紫阳花学姐！
2751,32,6327,不，说起来她好像说过喜欢面食……！对，她说过！她是说过的！我知道了，遥奈！紫阳花同学喜欢面食！大概，就是像那种，味道柔和的感觉的！还有点心，我看到过她偶尔会从小香穗那里收到点心吃，所以她也会吃点心！
2751,32,6328,一直在忙社团活动，根本没办法出去玩啊～～
2751,32,6329,要不要在偶尔没有社团活动的放学后去哪里玩玩？
2751,32,6330,为什么会变成那种话题……？应该要更慎重地确认一下，这是否是个对双方来说都有利的交涉……
2751,32,6331,抱歉抱歉，让你久等了吗？
2751,32,6332,不会，没关系的！今天打扫的时间延长了一点，本来我还在想如果让紫阳花学姐等太久的话该怎么办来着，所以反而松了一口气！
2751,32,6333,是嘛是嘛。那就正好了呢
2751,32,6334,是！
2751,32,6335,怎么了？
2751,32,6336,没事，只是觉得高中生真有大人范呢
2751,32,6337,诶～你家不也有姐姐在吗？
2751,32,6338,姐姐她……
2751,32,6339,因为姐姐是家人，所以不怎么用那种眼光去看她吧
2751,32,6340,啊哈哈，确实有可能呢
2751,32,6341,紫阳花学姐，是有弟弟的吧
2751,32,6342,嗯，非常小只哦。印象中大概是蜡笔小新那么大吧？不过虽然我是这么想的，但实际上身高有130厘米上下了，和我只差了30厘米，吓了我一跳呢
2751,32,6343,你这样超体育系的嘛
2751,32,6344,哎～！原来紫阳花学姐初中时是学生会长啊！？
2751,32,6345,嗯，是啊。我那时候很努力哦～
2751,32,6346,好厉害啊～是那种学富五车系的吗？
2751,32,6347,嗯──也不是这样吧。可能是我多管闲事的那部分性格受到了认可吧
2751,32,6348,说起来之前有个电视节目讨论了对同样是两位政治家的印象，一位穿着隐形增高鞋示人，另一位不穿，结果发现身高显高的那位政治家比较受人喜爱
2751,32,6349,这样啊。所以说？
2751,32,6350,因为紫阳花学姐很漂亮，所以我想支持者也聚集了很多吧？
2751,32,6351,啊哈哈，没这回事啦
2751,32,6352,诶～
2751,32,6353,因为如果是我的话，绝对会把票投给紫阳花学姐嘛
2751,32,6354,不过那样的话，就是以貌取人了吧～？
2751,32,6355,或许也是抱有那种想法的！
2751,32,6356,哦呀？
2751,32,6357,是，是大人的味道……！
2751,32,6358,──说起来，紫阳花学姐暑假的时候和姐姐一起去旅行了呢
2751,32,6359,嗯，是啊
2751,32,6360,嗯──
2751,32,6361,我说，小遥奈，你在家里，会和姐姐聊我的事情吗？
2751,32,6362,关于紫阳花学姐的事啊？
2751,32,6363,为什么会这样问呢？
2751,32,6364,嗯──只是不由自主地有些在意而已。抱歉呢，问了个奇怪的问题
2751,32,6365,啊，不会不会，完全不会！原来如此，毕竟姐姐好像很喜欢紫阳花学姐嘛
2751,32,6366,是，是吗？
2751,32,6367,抱歉了，紫阳花学姐
2751,32,6368,诶？怎，怎么了？
2751,32,6369,姐姐又给你添麻烦了
2751,32,6370,诶？不是，诶诶？
2751,32,6371,不过，就算是姐姐也是有温柔的一面的哦……那个，偶尔吧……
2751,32,6372,唔，嗯，诶？小遥奈，你知道多少了……？
2751,32,6373,我大致知道了
2751,32,6374,是这样吗！？
2751,32,6375,那个，呃，我这边才是，不好意思呢……
2751,32,6376,不，怎么会呢，紫阳花学姐什么错都没有哦！
2751,32,6377,可是……我也和小玲奈，说了很多，蛮不讲理一样的话，所以
2751,32,6378,如果不介意那样的姐姐的话，那怎么为难她都可以哦！反正她待在家里也只会玩游戏嘛！不如说，直接把她带走也完全没问题！
2751,32,6379,可以带走的吗！？
2751,32,6380,当然！请尽情地（痛扁到打至跪地）做到你满意为止！
2751,32,6381,尽，尽情地做到满意为止是……等，等一下小遥奈，那是……
2751,32,6382,之前就一直想问来着
2751,32,6383,是，是
2751,32,6384,紫阳花学姐到底是看上老姐的哪一点了啊？
2751,32,6385,哪，哪一点，是……
2751,32,6386,是因为能做什么开心事而交往的吗？
2751,32,6387,没，没有在交往啦！……还没有……不，不对！那个……
2751,32,6388,温，温柔的地方……吧……
2751,32,6389,温柔的地方这种话，是没有其他候补词时才会说的吧！
2751,32,6390,我，我说啊，小遥奈。不是的
2751,32,6391,什么意思？
2751,32,6392,今天我确实是，因为小遥奈的邀请而来的，但是，那个，我并不是想打听小玲奈的事情，是真的想和小遥奈一起玩……这是真的，真的是这样
2751,32,6393,所以，我并不是想拉拢小遥奈，或者说趁现在打好关系什么的……那个，虽然我不知道，你会不会相信我就是了……
2751,32,6394,这样。……诶？
2751,32,6395,诶？
2751,32,6396,拉拢……是说的什么？只在学校的话还不够，连在家里都要给姐姐施加压力，想让她在家也不好过，的意思吗？
2751,32,6397,诶！？
2751,32,6398,……学姐，不是在和姐姐吵架吗？
2751,32,6399,不，不是哦！？
2751,32,6400,我回来了～
2751,33,6401,欢迎回来
2751,33,6402,嗯？
2751,33,6403,怎～么了？
2751,33,6404,嗯──
2751,33,6405,刚刚是和紫阳花学姐去玩了来着──
2751,33,6406,姐姐，你和紫阳花学姐之间发生了什么事吗？
2751,33,6407,什么都没有发生就是了！？！？！？
2751,33,6408,虽然发生了很不得了的事，但我不会告诉你就是了！
2751,33,6409,真的什么都没发生啊！等一下遥奈！你有在听吗！？说了什么都没发生啊！
2751,33,6410,……为什么啊……我只是努力过好每一天而已啊……难道我体内那股非比寻常的阳角天赋终于觉醒了吗……
2751,33,6411,好懒得来学校喔～可以永远放暑假吗～
2751,33,6412,就是啊就是啊。
2751,33,6413,话说，前阵子琢磨那家伙好像向王冢真唯告白了。
2751,33,6414,唉～真假～？笑死。
2751,33,6415,是说，新藤也向琴纱月告白了。
2751,33,6416,咦？那家伙原来喜欢那种类型啊。
2751,33,6417,不过是可以理解啦。
2751,33,6418,濑名也相当高呢。
2751,33,6419,啊──
2751,33,6420,你说人气啊。
2751,33,6421,果然。
2751,33,6422,我就知道。
2751,33,6423,大家就是喜欢那种型呢～
2751,33,6424,嗨～
2751,33,6425,欢迎回来，小玲奈。
2751,33,6426,啊，嗯……
2751,33,6427,我回来了！哎呀，吓我一跳，听我说听我说，厕所挤满了一堆人呢，排队的人潮长到就像要等45分钟才能玩到的游乐设施一样！看来以后还得先买快速通关再去呢！
2751,33,6428,什么啦，好好笑喔。
2751,33,6429,哎呀我是说真的啦！啊，不过你不觉得像这样的厕所也很不错吗？每人每天会发一张券，这样就会有一次能优先进去厕所。用智慧型手机的App领取，在厕所的读卡器上刷一下就能用了这样！
2751,33,6430,唉～？感觉好难用哦。
2751,33,6431,那就直接发实体券吧！每天早上在校门口发给每个人一张券！没用过的可以在放学时换到感觉很好吃的点心……啊，这样大家是不是反而都不会用掉啊！？
2751,33,6432,啊哈哈。
2751,33,6433,之后再聊
2751,33,6434,女孩子的理想形象
2751,33,6435,我喜欢小玲奈。请你和我交往吧。
2751,33,6436,好的…………
2751,33,6437,不对，那个！
2751,33,6438,刚才的，不是，那个！
2751,33,6439,该说紫阳花同学的心意让我非常高兴吗！还是该说我完全没注意到紫阳花同学对我有这样的想法呢！呃，该怎么说才好，我觉得很荣幸！非常荣幸！这对我来说是一件很棒的事，不过！我那个，该怎么说才好呢！
2751,33,6440,啊啊，我好紧张。
2751,33,6441,突然和你说这种事，你肯定吓了一跳吧。
2751,33,6442,啊，没有！我非常高兴！真的……真的非常高兴！
2751,33,6443,没关系。我只是想任性一次而已。谢谢小玲奈愿意听我说这些。
2751,33,6444,呃，那个……也就是说，你们？要开始交往了吗？
2751,33,6445,呵呵，是这样吗～？
2751,33,6446,这个发展还真是让我大吃一惊呢。
2751,33,6447,小真唯那件事也让我吓了一跳。
2751,33,6448,是啊。不过紫阳花是很出色的人。一想到玲奈子也有确实地感受到你的魅力，我也莫名感到骄傲。
2751,33,6449,这一切都是多亏了小真唯喔。
2751,33,6450,啊，那个………………你说的交往是指…………
2751,33,6451,那个………………
2751,33,6452,可………………………………
2751,33,6453,……可？
2751,33,6454,可以给我……一点时间吗……？
2751,33,6455,时间？
2751,33,6456,对……那个，因为我需要时间……才能给你答覆……
2751,33,6457,我知道了。
2751,33,6458,…………谢、谢谢……
2751,33,6459,大概多久？
2751,33,6460,唉！？
2751,33,6461,三、三…………三年……
2751,33,6462,唉？
2751,33,6463,一、一个月！你觉得怎么样！
2751,33,6464,呃，嗯。我知道了，小玲奈。
2751,33,6465,啊。
2751,33,6466,小玲奈，我是认真的喔……我的心意，全都是真的。
2751,33,6467,你可以不用勉强自己哦。不过，我会等你回覆的。
2751,33,6468,啊，唔……
2751,33,6469,……紫阳花同学，为什么……
2751,33,6470,啊──……
2751,33,6471,嗨，原来你在这里啊。
2751,33,6472,完美恋人
2751,33,6473,这情境就彷佛当初刚认识你的时候呢。
2751,33,6474,……是啊。
2751,33,6475,……真唯，对不起。
2751,33,6476,嗯。
2751,33,6477,该怎么说……因为事情变成那样。
2751,33,6478,那样……那样，是吗？
2751,33,6479,没能预测到这个结果的我，应该也有一部分的责任就是。
2751,33,6480,这样不对啦！
2751,33,6481,啊，不是……因为，到头来都怪我自己优柔寡断……
2751,33,6482,明明真唯说过好几次喜欢我了，我却因为被紫阳花同学告白，顺其自然就答应了她……太差劲了……
2751,33,6483,虽然就我的立场来说，支持你们也有点奇怪。
2751,33,6484,如果你接受了我的求爱却还转而投奔紫阳花的怀抱，这样确实是很过分没错。不过，你和我现在并非恋人。既然这样，其实你做的事情也没有任何不道德吧。
2751,33,6485,这……
2751,33,6486,……不行啦。
2751,33,6487,因为，我明明说过……会好好考虑真唯的事……
2751,33,6488,如果这就是你好好考虑之后的结果的话……
2751,33,6489,这样子，根本就不算好好考虑啊……
2751,33,6490,在给真唯答覆之前，这样做是不行的啊。
2751,33,6491,这件事，不就是我和紫阳花两个，你更喜欢谁而已吗？
2751,33,6492,我不懂啊……喜欢上一个人是什么感觉……我完全不懂啊……
2751,33,6493,…………因为，明明连我都不喜欢自己啊…………
2751,33,6494,你想要交往的那个女孩子是个很糟糕的家伙。我很讨厌那个人
2751,33,6495,啊……
2751,33,6496,我，喜欢你喔。
2751,33,6497,…………
2751,33,6498,好开心！
2751,33,6499,啊，我怎么会这么幸福呢
2751,33,6500,我……
2751,33,6501,她其实是个好人嘛
2751,33,6502,真正的朋友
2751,33,6503,保证
2751,33,6504,啊……
2751,33,6505,拜托，让我全都忘了吧……
2751,33,6506,……今天，还是算了吧。
2751,33,6507,真唯……
2751,33,6508,呜……呜呜……呜……
2751,33,6509,看吧，我早就提醒你了
2751,33,6510,你也该放弃撒娇了，打从一开始你就绝对不可能成为阳角
2751,33,6511,…………好想死……
2751,33,6512,……紫阳花同学。
2751,33,6513,……为什么会对我这种人……
2751,33,6514,为什么
2751,33,6515,好，那我就不想了！
2751,33,6516,回家吧……
2751,33,6517,妈妈……我今天感觉好像……有点不太舒服。
2751,33,6518,哎呀是吗？那可以去上学吗？
2751,33,6519,我是想请假啦……
2751,33,6520,也好，毕竟你上了高中之后一直都很努力。好吧，但你可别因为请假就顾着玩游戏喔。要乖乖躺在床上休息才行。
2751,33,6521,嗯……
2751,33,6522,咦？姊姊今天要请假？
2751,33,6523,姊姊该不会是跷课病又发作了吧？
2751,33,6524,……唔！
2751,33,6525,我出门了～
2751,33,6526,啊……
2751,33,6527,……嗯。
2751,33,6528,好懒……
2751,33,6529,身体好点了吗？
2751,33,6530,明天有办法去学校吗？
2751,33,6531,应该要去医院看看才对呢
2751,33,6532,我回来了～呜哇，你怎么看起来一副要死不活的样子。
2751,33,6533,……
2751,33,6534,我说姊姊。
2751,33,6535,……怎么了？
2751,33,6536,嗯……不，算了，没什么事啦。我只是觉得看你像那样板着一张脸，哇，真的好丑这样。
2751,33,6537,啥？
2751,33,6538,啊，话说回来，暑假不是有几个女孩子来家里玩吗？她们几个说想看看姊姊的相簿啦。你的照片都放在哪里来着？爸爸的房间吗？
2751,33,6539,咦？什么啦？当然不行啊。
2751,33,6540,不不不，仔细找一下至少也能找到一张像样的照片吧。就算是以前的那个姊姊，也会有幼稚园或婴儿时期的照片啦。
2751,33,6541,所以我就说不要了啊！
2751,33,6542,这样很吵耶。不要的话直接讲就好了，别随便乱拍桌子啦。
2751,33,6543,……啊……
2751,33,6544,我不是平常就一直说不想那样的吗……只是遥奈神经太大条而已吧……
2751,33,6545,为什么大家都这么轻易地闯进我的私人空间啊……真希望她们别这样……不要再管我了，我这种人根本就一点也不重要啊……
2751,33,6546,姊姊，我要进去。
2751,33,6547,唉！？
2751,33,6548,你竟然这么简单就闯进来了！？刚刚才发生那种事情而已你也真敢来呢！？难道你的记忆只能维持五分钟吗！？
2751,33,6549,呃，我不懂你在说什么。我在爸爸的房间没看到相簿，想说肯定是姊姊偷走藏起来了吧。
2751,33,6550,我有说不要了吧！？而且还说了好几遍！
2751,33,6551,不过应该也有拍得比较正常的吧？姊姊只是不想被别人发现自己其实是个阴角对吧。那我们就先找找看嘛。
2751,33,6552,一张也没有啦！因为我从出生到现在一直都是垃圾！
2751,33,6553,啥？
2751,33,6554,只有国中时代的姊姊才是垃圾吧。
2751,33,6555,不要叫别人垃圾啦！
2751,33,6556,不是你自己说的吗……
2751,33,6557,好啦，快给我。
2751,33,6558,啊啊！
2751,33,6559,如、如果不是我认同的照片，就不准拿出去哦……要是连一张都找不到，你也要乖乖死心……这些条件是我的底线……你要是不答应，我就当场把这本相簿烧掉……
2751,33,6560,有必要这么拼吗？呃，我也不是不懂啦……
2751,33,6561,啊，这张怎么样？
2751,33,6562,不要！看起来好呆！
2751,33,6563,那这张呢？
2751,33,6564,发型不会很奇怪吗！？
2751,33,6565,你很麻烦耶……
2751,33,6566,只是因为你选的照片都有恶意而已！
2751,33,6567,我说姊姊。
2751,33,6568,怎样！？
2751,33,6569,你今天翘课了对吧。
2751,33,6570,唉！？
2751,33,6571,没、没有啦～？是、是因为肚子很痛，为、为了以防万一才请假的喔～？
2751,33,6572,我不知道发生了什么事。不管姊姊想翘多久的课，对我的人生永远也不会有任何影响，讲白一点就是我其实超无所谓的。
2751,33,6573,但反过来说呢，当姊姊和阳角们混在一起的时候，对我也会有不错的影响，老实说这点很让我惊讶。
2751,33,6574,……什么啦。
2751,33,6575,我又不是为了遥奈才在高中改头换面的。
2751,33,6576,我知道啊，但我都陪你特训了那么久，要求一点相符的报酬应该不为过吧？类似出人头地费之类的。
2751,33,6577,……这个嘛，是这样没错……？
2751,33,6578,你说一个人不敢去美容院，又不好意思让妈妈带你去，所以我就陪你去了。像是衣服还有化妆品也是我帮你挑的。现在想想，我反而觉得你怎么会问一个前一年还背着小学生书包的妹妹。
2751,33,6579,这个嘛，也是这样没错……
2751,33,6580,如果我的言行有不恰当的地方就告诉我！
2751,33,6581,所以啦，要是姊姊现在又变回家里蹲，实质上我不就吃亏了吗？包含投资在姊姊身上的时间也会化为乌有。所以你明天记得要去上学哦。
2751,33,6582,我、我又没有翘课！等身体状况好一点我就会去啦！而且我本来就打算明天会去上学的……
2751,33,6583,啊，喂！
2751,33,6584,呜哇，积了一堆讯息嘛。你看，真唯前辈和紫阳花前辈都很担心你喔。我先帮你传个『不用担心，我明天会去上学的
2751,33,6585,喂！你干嘛自作主张！笨蛋，住手！
2751,33,6586,再怎么说这都越线了吧……还是该说越LINE……
2751,33,6587,我反而希望你感谢我呢。因为姊姊做不到的事，我轻松就帮你完成了。
2751,33,6588,甚至还在那边卖弄恩情，好可怕……真想看看你爸妈长什么样……
2751,33,6589,这样一来，你明天也只能去学校了吧。
2751,33,6590,也太斯巴达了吧……
2751,33,6591,怎么会。我对社团的后辈更严厉，这样已经算很宠姊姊了。话说这点小事，姊姊应该能轻松办到吧，毕竟你和我可是拥有相同的遗传基因呢。
2751,33,6592,啊，这张还不错啊！
2751,33,6593,那张──
2751,33,6594,……嗯，好吧。是可以啦，你要好好珍惜哦。
2751,33,6595,谢啦，姊姊！
2751,33,6596,现在
2751,33,6597,……啊，这女孩。
2751,33,6598,……如果今天一觉醒来，能再回到国小时代的早上就好了……
2751,33,6599,你们给我认真上课
2751,33,6600,…………嗯嗯？
2751,34,6601,玲奈亲，我们会等你的──！
2751,34,6602,…………唉？
2751,34,6603,早、早安……
2751,34,6604,早安，甘织同学──！
2751,34,6605,你昨天请假害我们很担心你呢，现在身体还好吗？
2751,34,6606,啊，嗯。
2751,34,6607,嘿嘿嘿
2751,34,6608,谢谢你们两个。我现在好多了。
2751,34,6609,这样啊～毕竟最近季节转换，身体很容易出状况呢。
2751,34,6610,不过，甘织同学不在的话班上的华丽度就直接减半了，幸好你能恢复精神！
2751,34,6611,减半什么的太夸张了啦，顶多也就三分之一吧。
2751,34,6612,早啊──！玲奈亲！
2751,34,6613,小、小香穗，早安。
2751,34,6614,嗯！
2751,34,6615,哈哇哇哇
2751,34,6616,Quintet里面的两人像这样交流……就在我眼前……！
2751,34,6617,咦？
2751,34,6618,我无法忍受美少女浓度如此高的空间里面有我的存在……！那么甘织同学小柳同学，你们保重！请一定要让自己健康幸福、长命百岁哦！
2751,34,6619,再见！
2751,34,6620,……Quintet是什么意思啊？
2751,34,6621,我们几个最近好像一直被这样叫喔～
2751,34,6622,我第一次听说。因为我们是五人组？
2751,34,6623,还有喔，像真唯的公司是叫女王玫瑰（Queen Rose）吧。
2751,34,6624,嗯。啊，啊──？原来是这样？
2751,34,6625,Queentet
2751,34,6626,今后你打招呼时必须说『我是五重奏（Quintet）的甘织玲奈子&#9825;闪亮☆
2751,34,6627,原来我也被算进去里面了啊……
2751,34,6628,如果刺杀玲奈亲的话，五重奏（Quintet）的位子就会空出来……搞不好也有些人会这样想哦？
2751,34,6629,满脑子权谋算计耶……
2751,34,6630,啊，是小玲奈。早安～
2751,34,6631,早安，甘织。
2751,34,6632,哇，紫阳花同学、纱月同学。还有，王冢同学。
2751,34,6633,嗨，玲奈子，早安。
2751,34,6634,喔喔～
2751,34,6635,总觉得大家很久没有聚在一起了，好令人开心呢，对吧？
2751,34,6636,对吧
2751,34,6637,对吧
2751,34,6638,呃，嗯。
2751,34,6639,甘织，待会再找濑名或谁给你看看笔记吧。
2751,34,6640,说得也是。啊，可是因为今天没课，我没带古文的笔记。
2751,34,6641,那就把我的给你看吧！因为我一直放在学校！
2751,34,6642,这种事情没什么好骄傲的喔，香穗。
2751,34,6643,啊哈哈……紫阳花同学、小香穗，谢谢你们。纱月同学也是。
2751,34,6644,……
2751,34,6645,没什么事啦！我不要紧的！
2751,34,6646,那上课前我再给你看吧。
2751,34,6647,啊，好，谢谢你。
2751,34,6648,那个，小香穗。
2751,34,6649,啊喵？
2751,34,6650,呃……
2751,34,6651,？
2751,34,6652,喵？
2751,34,6653,就是啊，呃……在这里说不太方便，那个，等到午休时间怎么样……？
2751,34,6654,好啊？
2751,34,6655,怎么了怎么了～？该不会是告白吧？
2751,34,6656,唉！？
2751,34,6657,唉？怎么了？把我叫到这种地方，难道真的要告白？
2751,34,6658,就说不是啦！
2751,34,6659,正确答案
2751,34,6660,那、那个，小香穗，这个。
2751,34,6661,这个人，是小香穗吧？
2751,34,6662,……
2751,34,6663,玲奈亲，你知道人类最古老的兵器是什么吗？
2751,34,6664,那就是掉在地上的石头喔。人类透过丢出大量的石头来，打倒远比自己大上许多的凶猛动物。
2751,34,6665,小、小香穗……？
2751,34,6666,这样啊，你终于打算威胁我了呢，玲奈亲……那么我也会利用人类的睿智，在此全力反抗的……我不会让玲奈亲活着回去的……
2751,34,6667,不、不是啦！
2751,34,6668,多说无益！在此绝灭吧！
2751,34,6669,我就说不是啦！
2751,34,6670,我只是！单纯地！想再和那女孩说话而已！
2751,34,6671,因为最近有许多事情都让我好烦！然后，我偶然在相簿里面发现了这张照片……所以，那个，我只是觉得如果能跟她聊聊的话会很开心……真的、真的就只是这样……
2751,34,6672,……真的？
2751,34,6673,真、真的！
2751,34,6674,可是，对不起！突然被人提起过去的事情，应该会觉得不太舒服吧……可是我却擅自踏进你的私人空间，真的，很对不起……
2751,34,6675,对不起……我不会再提这件事了……当然也不会和任何人说的……所以，也请小香穗忘了吧……
2751,34,6676,你应该有很多话想说吧。
2751,34,6677,小、小香穗…………？
2751,34,6678,今天放学后怎么样？
2751,34,6679,小香穗……！
2751,34,6680,嗯、嗯！
2751,34,6681,哎呀～不过啊，没想到玲奈亲竟然真的把我给忘了，这实在是让我大受打击呢。
2751,34,6682,对、对不起。
2751,34,6683,因为小香穗和那个时候的氛围完全不一样嘛……而且你看，你以前还戴眼镜……现在改戴隐形眼镜我当然会认不出来啊……
2751,34,6684,怎么会，又不是什么老套的漫画。
2751,34,6685,我记忆中的皆口同学，该怎么说呢，是更加……
2751,34,6686,不起眼的阴角眼镜女孩？
2751,34,6687,呃！是个很乖巧的孩子！很文静的那种！
2751,34,6688,也对啦，毕竟连姓氏都不一样了嘛。
2751,34,6689,啊，对，嗯，就是啊。
2751,34,6690,其实也没什么大不了的
2751,34,6691,这样啊
2751,34,6692,是说，我可是一眼就看出来了耶，『是甘织──！
2751,34,6693,唔……对、对不起。可、可是，既然你注意到了应该要早点告诉我嘛！
2751,34,6694,哎呀，完全被人遗忘了还要主动提出来，不觉得这样很难受吗？
2751,34,6695,不过，我想说你没注意到的话其实也没关系。反正我们在同一个小圈子，又成为了朋友，这样也挺不错的。结果你过了半年才过来找我讲这件事，我反而有种『事到如今！
2751,34,6696,好丢脸……
2751,34,6697,因为我觉得，小香穗比那个时候……更加……呃，变得非常可爱……
2751,34,6698,嗯……嗯……是、是没错啦？既然这样，就没办法了喵。
2751,34,6699,小香穗不但长相很可爱，五官也很端正，整个人感觉都很灿烂，就好像偶像一样……皮肤还有头发也保养得闪闪发亮，感觉很时尚又很有品味，讲话也很有趣，声音也很可爱……
2751,34,6700,等、等等先停一下！
2751,34,6701,啊……对不起，都是我自顾自地在说话！
2751,34,6702,呃，是没关系啦……
2751,34,6703,其实，我只是在Cos阳角而已……
2751,34,6704,咦？
2751,34,6705,没事没事！
2751,34,6706,是说，玲奈亲你完全没变呢。
2751,34,6707,唉！？是、是吗？
2751,34,6708,毕竟你当时就说过自己很受欢迎，不管什么时候都处在班级的中心嘛。
2751,34,6709,啊，啊哈哈哈哈！我有说过那种话吗！？
2751,34,6710,嗯。玲奈亲每天都会把班上的男女同学都卷进来，教他们玩很多新游戏对吧。又热闹又开心，我当时很羡慕玲奈亲的学校呢。
2751,34,6711,哎呀，也曾经有过那样的事情呢！
2751,34,6712,那个，玲奈亲现在已经不看漫画还是动画了吗？
2751,34,6713,才没有呢！
2751,34,6714,是说，小香穗才是对这些完全没兴趣了吧？
2751,34,6715,唉？为什么？
2751,34,6716,因为……
2751,34,6717,我喜欢喔，超喜欢！应该说比那个时候还更加更加喜欢！
2751,34,6718,那现在你有迷哪部动画吗？
2751,34,6719,呃，这季呢──
2751,34,6720,谢谢你，小香穗……
2751,34,6721,唉！？谢什么！？
2751,34,6722,其实，我最近发生了很多难受的事，搞得我现在有种无力感……能再见到小香穗，真的是太好了……
2751,34,6723,啊，嗯，你有说过……呃，发生了什么事吗？
2751,34,6724,呃……
2751,34,6725,你就说说看嘛。我和玲奈亲可是好朋友！
2751,34,6726,虽然这种讲法很老套，不过讲给别人听的话说不定心情就会比较轻松喔？我虽然不是能认真听别人商量人生问题的那种类型，但我们曾经也是最好的朋友，来，让我听听看吧。就当作是庆祝我们重逢嘛。
2751,34,6727,小香穗……可是……
2751,34,6728,哈哈～好吧，这也没办法啦。现在我们都是高中生了，和那个时候已经完全不一样了是吗？唉。虽然有点寂寞，但这就是人生啊喵。
2751,34,6729,我、我不是那个意思！
2751,34,6730,听了你可能会后悔喔！？
2751,34,6731,不，决定会不会后悔的人是我。
2751,34,6732,那个……其实我，那个，暑假的时候被紫阳花同学告白了！
2751,34,6733,……咦？
2751,34,6734,不只这样，其实，我在那之前也被真唯告白了……
2751,34,6735,………………啥？
2751,34,6736,必须要从她们两人之中选一个，我根本做不到啊……因为不管是真唯还是紫阳花同学，对我来说都是高攀不起呀……像我这种既平凡又不起眼不会给人留下什么深刻印象的女人，配不上她们两个啊……
2751,34,6737,什……什…………
2751,34,6738,嗯？
2751,34,6739,什么鬼啊！
2751,34,6740,小、小香穗！？你突然怎么了！？你疯了吗！？
2751,34,6741,玲奈亲，石头这种东西自古以来──
2751,34,6742,不用再解释一次了！
2751,34,6743,刚才说的，如果你现在告诉我『全部是骗你的！
2751,34,6744,重点不是在你原不原谅！因为这全都是真的！而且是因为小香穗说什么要我讲出来我才全部讲出来的……
2751,34,6745,那又怎么样！
2751,34,6746,才想说你总算想起我了！原来是来炫耀的！？你是想说这个吗！『人家好受欢迎～好伤脑筋喔～
2751,34,6747,才、才不是！
2751,34,6748,你的意思是我这种人终究和你不是同一个世界的吗！？上流社会的女人就是这样！我这辈子从来没被人这么瞧不起过耶！
2751,34,6749,我……我怎么可能会炫耀自己很受欢迎啊！
2751,34,6750,因为我最讨厌做这种事的人了啊！我是认真在烦恼耶！
2751,34,6751,是啊，是啊，肯定是非常烦恼吧！有人帮忙准备了奶油蛋糕和巧克力蛋糕，到底要吃哪个呢好烦恼喔～&#9834;啊！？是要叫我去舔糖水吗！？啊！？
2751,34,6752,我也没办法啊！毕竟我就是被喜欢上了嘛！
2751,34,6753,真唯也好紫阳花同学也好，她们都说喜欢我啊！根本就莫名其妙啊！我完全不晓得她们为什么要选择我！我才是最搞不懂的那个人啊！
2751,34,6754,明明、明明就连我都不想和我这种人交往了！可是那两个家伙就是这样说的啊！所以我才会烦恼啊！因为我不想……伤害她们两个……
2751,34,6755,……玲奈亲。
2751,34,6756,小香──
2751,34,6757,好痛～～～～～！？
2751,34,6758,谁管你啊──！
2751,34,6759,谁、谁管你？……可是，我就真的这样烦恼啊……
2751,34,6760,我听到了！全部！全──都听到了！不仅全都听到了，我还羡慕你的一切！什么鬼啦！随便选一个不就好了吗！就选你喜欢的那个啊！
2751,34,6761,因、因为我要是做出选择，另一个人就会伤心……
2751,34,6762,那样的话就选小紫（紫阳花）啊！然后我就可以去安慰受伤的真唯！看，这不就解决了！
2751,34,6763,呃！可是，我觉得应该不能这样解决！
2751,34,6764,也对啦！说穿了，你只是想炫耀自己很受欢迎吧！你这家伙、你这家伙、你这家伙！
2751,34,6765,哇、等等、别这样。
2751,34,6766,你从以前开始就老是摆出只有自己很特别的嘴脸！而且还真的被大家疼爱！很了不起嘛，不管做什么都很顺利过着简单模式的人生！真教人羡慕呢！
2751,34,6767,才──才没有！
2751,34,6768,我根本过得一点也不顺利啊！就算这样，我还是以自己的方式努力过来了！所以、所以才有了现在的我！你明明什么都不知道！
2751,34,6769,我怎么可能知道啊！你总是在旁边傻笑！然后还对所有人摆好脸色，只是不想被任何人讨厌而已吧！逊毙了！
2751,34,6770,──！
2751,34,6771,不想被任何人讨厌有什么不对！？因为我从来都没说过自己想要一个恋人啊！是对方主动来跟我告白的嘛！我希望一直都保持现在这样！大家一起过得开开心心的就好了啊！
2751,34,6772,……真逊。
2751,34,6773,……………………
2751,34,6774,我回去了。
2751,34,6775,我跌倒了。
2751,34,6776,早安──！
2751,34,6777,哼。
2751,34,6778,哼。
2751,34,6779,嗳，小玲奈……你和小香穗出了什么事吗？
2751,34,6780,呃，嗯，那个，发生了很多事情啦──！哈哈哈！！
2751,34,6781,──算了！小纱你这个笨蛋！
2751,34,6782,你同意的话我就回去了。
2751,34,6783,你这个守财奴！
2751,34,6784,这不是雇主该说的话。
2751,34,6785,今天风真大呢
2751,34,6786,甘织。
2751,34,6787,啊，呃，嘿嘿嘿……两位好。
2751,34,6788,对了，你问问甘织如何？
2751,34,6789,什么────！？
2751,34,6790,虽然搞不太清楚状况，但我绝对不可能代替纱月同学吧！？
2751,34,6791,嗯，说得也是。
2751,34,6792,你是明知故问吗！？
2751,34,6793,那之后就拜托你了，甘织。
2751,34,6794,不是，请等一下啦！别让我们两个单独在一起！
2751,34,6795,……玲奈亲。
2751,34,6796,不、等一下，那个……小香穗，我希望你先让开……
2751,34,6797,走开
2751,34,6798,滚开
2751,34,6799,玲奈亲啊……可是，不……或许也只能这样了……现在开始的话……不过如果是玲奈亲……可以，或许可以……嗯，相当可以……
2751,34,6800,那个……
2751,35,6801,对不起──！
2751,35,6802,唉唉──！？
2751,35,6803,这一切都是我不好！对不起请你原谅我我再也不会说出失礼的话了玲奈亲真的对不起我真心抱歉完全承认自己的错误──！
2751,35,6804,呃……
2751,35,6805,──对不起！
2751,35,6806,那个……
2751,35,6807,──请原谅我！
2751,35,6808,小香穗，好了，抬起头，好吗！
2751,35,6809,你肯原谅我了吗？我瞄。
2751,35,6810,这个……
2751,35,6811,我瞄我瞄。
2751,35,6812,啊啊好啦！我原谅你，先暂时原谅你！总之你先站起来，站起来！
2751,35,6813,好耶──！
2751,35,6814,谢谢你，玲奈亲！我们要像以前那样要好哦！过去的事就既往不咎吧，好吗！
2751,35,6815,这家伙……
2751,35,6816,……你该不会……还在生气吧？
2751,35,6817,这个嘛，嗯……
2751,35,6818,等等，住手住手！我没生气了啦！完全没有！
2751,35,6819,玲奈亲真温柔喵。我蹭我蹭喵。
2751,35,6820,这只母猫……
2751,35,6821,我说，玲奈亲。
2751,35,6822,什么事……
2751,35,6823,为了证明我们和好，有件事希望你能帮我喵。
2751,35,6824,……咦？
2751,35,6825,哎呀，所以说呢，在古希腊男孩子和男孩子谈恋爱是理所当然的事情哦！随着时代的变化，生活在不同时间的人类也会有着截然不同的社会观念呢──！
2751,35,6826,是喔。
2751,35,6827,绝对不可以提及上次吵架的事情，绝对不行喔
2751,35,6828,那个，小香穗，你想让我做什么呢……
2751,35,6829,唉～你要问了？要问了吗？
2751,35,6830,当然啦……如果什么都没问就要我把公事包送到哪里哪里的车站之类的，我也会很困扰的……
2751,35,6831,没问题啦！一点都不可疑喔！你到时会觉得『唉？这么不可疑啊？哇，吓死我了
2751,35,6832,如果是不可疑的请求，你先打包票说不可疑反而是一种反效果耶……
2751,35,6833,只是要稍～微露出点肌肤就行了。一咪咪就可以了。稍～微露一下就好。
2751,35,6834,我突然想到还有事，先回去了哦！
2751,35,6835,唉──！？
2751,35,6836,好嘛～拜托嘛～！
2751,35,6837,被小纱拒绝之后，我能依靠的人就只有玲奈亲了──！
2751,35,6838,好不容易才和玲奈亲在高中重逢，我很高兴啊……
2751,35,6839,唔咕……
2751,35,6840,你继续再闹别扭，我会很难过的啦……
2751,35,6841,在闹别扭的根本是小香穗吧……
2751,35,6842,好吧，小香穗……之前的事就让它付诸流水吧……
2751,35,6843,太好了──！谢谢你，玲奈亲！要是你甩了真唯记得告诉我哦！
2751,35,6844,这还不知道啦！
2751,35,6845,是说我才想问你……那个，你已经不生我的气了吗？
2751,35,6846,嗯──多少是还有点生气，不过既然全都讲开了，感觉这样也蛮痛快的。这是实话。现在这边的事远远重要多了！所以我最喜欢玲奈亲了，最喜欢你了──！
2751,35,6847,……所以，我要做什么才好？
2751,35,6848,如果你答应要做我就告诉你喵！
2751,35,6849,不，可是……
2751,35,6850,好嘛，好嘛，求求你嘛，玲奈亲，拜托拜托，不会让你吃亏的啦，好嘛。别对我见死不救嘛，玲奈亲！拜托拜托拜托拜托。
2751,35,6851,唔唔唔……可、可是……我实在没办法露……
2751,35,6852,好吧！钱！我会付你钱的！你要是肯帮我到最后的话，我就付你钱！你知道钱是什么吗！？什么喜欢的东西都能用钱买到只要有钱说不定还能买到国家！
2751,35,6853,钱……！
2751,35,6854,而且，如果你肯帮我到最后的话……
2751,35,6855,三千圆，是吗？
2751,35,6856,三万。
2751,35,6857,三万圆！？
2751,35,6858,当天会准时付款。可以在当天带走这样的金额。
2751,35,6859,我回去了！
2751,35,6860,唉！？等一下！
2751,35,6861,钱很重要喔──！？
2751,35,6862,喜欢！
2751,35,6863,啊啊，小四，我回来了！
2751,35,6864,不过，只有小四不会背叛我……只有小四会一直陪伴我，对吧……
2751,35,6865,姊姊，差不多该吃饭──
2751,35,6866,………………
2751,35,6867,谢谢你，小四……啊，好温暖……因为开机了……
2751,35,6868,小四！？！？！？
2751,35,6869,为什么？
2751,35,6870,为什么会变成这样啊！？有人吗？有人可以帮忙吗！快来救救它啊──！
2751,35,6871,你是怎么弄成这样的啊，姊姊……
2751,35,6872,小玲奈早安～你今天来得很早呢～
2751,35,6873,早……早、早安……
2751,35,6874,小玲奈！？咦？你的眼睛好肿喔，怎么了吗！？
2751,35,6875,那个，嗯……没、没事啦，我、我很好……没事、的……呜。
2751,35,6876,小玲奈……感觉你最近好像遇到了许多问题呢……
2751,35,6877,我会听你说的喔……？
2751,35,6878,没有啦，其实也不是什么大事，真的……只是因为我的游戏机坏了，没办法启动……
2751,35,6879,唉？什么啦w也太蠢了吧？www
2751,35,6880,这样啊……好糟糕哦……
2751,35,6881,唉……！？
2751,35,6882,啊、啊、那个。
2751,35,6883,对、对不起，我不自觉就……
2751,35,6884,呃，嗯……
2751,35,6885,如果可以的话……下次要再来我家玩吗？
2751,35,6886,唉？那、那个……
2751,35,6887,啊，没有啦，我没有奇怪的意思……就是那个，只要把光碟带来，就能在我家玩了对吧？所以……
2751,35,6888,啊，是这个意思……不过，要破关得花几十个小时，一直在紫阳花同学家叨扰我会过意不去的……
2751,35,6889,啊，这样啊。说得也是。要每次都过来也很麻烦呢。对、对不起。
2751,35,6890,不、不会啦……完全没关系。
2751,35,6891,谢谢你的提议……其实我也想再去紫阳花同学家……
2751,35,6892,嗯……
2751,35,6893,不过……总觉得太好了。
2751,35,6894,太好了？
2751,35,6895,啊，不是，小玲奈的游戏机坏了，我也觉得非常可惜……但我指的不是这个哦。
2751,35,6896,因为，小玲奈在我的面前一直都勉强让自己开朗……可以像今天这样，自然地聊天，我觉得真是太好了。
2751,35,6897,呃…………
2751,35,6898,……只好去死了……
2751,35,6899,唉！？
2751,35,6900,那个，呃！我的样子，看、看起来真的那么奇怪吗……？
2751,35,6901,没、没有啦。我只是在想小玲奈好像在努力这样，完全不觉得你奇怪喔！
2751,35,6902,那个……紫阳花同学觉得，前阵子的我和现在的我，哪一个比较好？
2751,35,6903,咦？这个嘛，呃，应该是……两个都很好吧。因为我觉得小玲奈去做自己想做的事情才是最好的。而且……如果让你勉强了自己，大概是因为我的错吧。
2751,35,6904,对不起哦。之前突然说那些话，肯定吓到你了吧。
2751,35,6905,没、没有……我很开心……喔？
2751,35,6906,呵呵，谢谢你。我当时鼓起了很大的勇气，所以听到小玲奈这样说我就放心了。
2751,35,6907,……那个。
2751,35,6908,为什么是我？
2751,35,6909,唉？
2751,35,6910,不是，因为……我、那个、像我这种。
2751,35,6911,人的个性，很像乐高积木吧。
2751,35,6912,嗯，嗯嗯……？
2751,35,6913,乐高有各式各样的形状对吧？有能刚好合在一起的，也有完全合不起来的。或许我的形状可以和各种人顺利结合在一起，但这样也代表我的形状肯定是非常平凡。
2751,35,6914,小玲奈的乐高形状有一些扭曲，可能没办法和那么多人合在一起，但我最喜欢的就是小玲奈结合在一起的那个形状。
2751,35,6915,意思就是……我们很合得来吗？
2751,35,6916,嗯。所以呢，我们没有分什么上下喔。我就是喜欢小玲奈的形状。
2751,35,6917,那个，紫阳花同学。
2751,35,6918,嗯？
2751,35,6919,……谢谢你。
2751,35,6920,嗯，不客气。
2751,35,6921,耶～喜欢～！
2751,35,6922,我的推～！
2751,35,6923,小玲奈……
2751,35,6924,哈！濑名、甘织。
2751,35,6925,现在方便吗？
2751,35,6926,嗯，怎么了吗～？
2751,35,6927,哎呀，其实呢……该怎么说，有点难开口啊。
2751,35,6928,是啊……
2751,35,6929,怎么了怎么了？
2751,35,6930,该从哪说起呢……就是啊，我和清水本来有在踢少年足球，然后那里有个叫海堂的男生。他是体能非常惊人的后卫。我和那家伙原本是劲敌，但在某次滑雪集训中遇难，一同在生死线上挣扎徘徊……
2751,35,6931,别校的男生说要我们把濑名介绍给他啦。
2751,35,6932,唉～这样啊？
2751,35,6933,之前我们不是一起拍照上传了IG吗？他就是因为那张照片才开始注意你。所以想问你下次要不要一起出去玩？
2751,35,6934,唔──
2751,35,6935,现在……我好像没有那种心情呢。
2751,35,6936,嗯，这样啊
2751,35,6937,好吧，那我找个理由拒绝他。抱歉啦，突然跟你说这些。
2751,35,6938,没有啦，我才要说抱歉呢。
2751,35,6939,别在意，海堂那家伙不仅强壮，心理层面也是一把罩的。
2751,35,6940,呼
2751,35,6941,拒绝掉了呢。
2751,35,6942,是、是啊。
2751,35,6943,啊，这么做不是因为小玲奈喔，是因为我现在有许多事情想要做。其实啊，以前我觉得『不去做也没关系吧～
2751,35,6944,这、这样啊。
2751,35,6945,嗯，就是这样。
2751,35,6946,啊。
2751,35,6947,抱歉，紫阳花同学，我先走，明天见。
2751,35,6948,啊，嗯。小玲奈，明天见。
2751,35,6949,有什么事吗，甘织？
2751,35,6950,啊，没什么……就想说要不要一起回家这样。
2751,35,6951,是可以。
2751,35,6952,反正打从一开始，我就没那么喜欢你。
2751,35,6953,不用陪濑名吗？
2751,35,6954,唔呃。
2751,35,6955,你、你知道多少了，纱月同学……
2751,35,6956,我没知道多少事，也没有兴趣知道。不过，我大概知道你是个彻头彻尾不讲情义的无可救药之徒。
2751,35,6957,我只是每天努力活着而已啊……？
2751,35,6958,那也没办法。毕竟不管什么地方都有那种只是存在就会给周围带来困扰的垃圾。
2751,35,6959,有这种人吗！？真是不可原谅呢！
2751,35,6960,那个……实际上，你觉得我该怎么办才好呢……？
2751,35,6961,我是不知道啦……不过，也对。
2751,35,6962,就照你想做的去做不就好了吗？反正无论你选择了谁，或者是没有选择任何人，都会导致没有被选择的人留下悲伤的回忆。
2751,35,6963,……咕唔。
2751,35,6964,但我是不晓得。毕竟我不知道你和濑名之间到底发生了什么事……真是的，每个人都这样，我又不是客服员，还要成天帮你们服务。
2751,35,6965,不过，说得也是……全都是因为我太半吊子了……
2751,35,6966,是啊。不过，如果你打从一开始就选择了真唯，濑名就不会说出自己的心意了吧。对某人来说的正确答案，会造成某个人的不幸。就像我们三个人比赛的结果是你赢了，而我和真唯是输家一样。
2751,35,6967,那、那是因为没赢的话，我现在的处境会变得非常糟糕啊！？
2751,35,6968,当时若是我赢了，你现在也不会这么苦恼了吧。
2751,35,6969,唉！？
2751,35,6970,我想就算这样，到时候也会有其他的苦恼等着我……
2751,35,6971,是啊，就是这么一回事。
2751,35,6972,人生就是要做出决断。因为我们不是神，不晓得未来会如何发展。所以我们只能在自己选择的道路上想尽办法走下去。即使知道会后悔也一样。
2751,35,6973,……纱月同学，你好成熟哦……
2751,35,6974,并没有，我也和你一样，是在后悔中活着的生物。就像我明知要是和真唯上同一所学校一定会后悔，最后还是选择来这里……
2751,35,6975,人际关系真是复杂呢……
2751,35,6976,是呀。我画张图来表示你目前的处境好了。
2751,35,6977,画图！？
2751,35,6978,这个『小四
2751,35,6979,是我的精神支柱，虽然它现在坏了就是……
2751,35,6980,这样啊……
2751,35,6981,啊，这里纱月同学写错了喔。纱月同学对我的感情应该是『非常重视彼此的超级挚友
2751,35,6982,为什么你这种厚颜无耻的样子就不能在别人面前发挥呢，我实在很难理解。
2751,35,6983,我不会要你现在立刻给出答案，基本上你给不给我答案都无所谓……不过，若是你暂时给不出答案，那稍微绕点路应该也没关系吧？
2751,35,6984,绕路？
2751,35,6985,为了在生存模式中活到最后，必须先凑到武器对吧？就算觉得自己是在绕远路，但也有可能是最短的路线。
2751,35,6986,纱月同学为了让我听懂竟然用游戏来比喻……！太厉害了，我现在感觉到深厚的友情！好开心！确实是这样呢！我希望能再提升更多等级！为了将来有一天能够面对所有困难！为了保护纱月同学！
2751,35,6987,有比我更应该保护的东西吧，像是社会规范或道德什么的。
2751,35,6988,就是这样，我已经听你说完了。
2751,35,6989,唉？
2751,35,6990,喂──！
2751,35,6991,那接下来就拜托你了，香穗。
2751,35,6992,交给我吧！好，我们走吧玲奈亲！
2751,35,6993,怎么回事！？纱月同学你把我卖了吗！？我们不是发誓将来也要在一起，做永远的好朋友吗！做永远的好朋友！纱月同学──！？
2751,35,6994,竟然用这种强硬的手段……
2751,35,6995,谢谢你愿意答应我的请求，玲奈亲！
2751,35,6996,没有啦……因为我也刚好想要钱……
2751,35,6997,是说，小香穗和纱月同学是怎样啦？为什么要搞得像美人计一样……你们两个是什么关系……？
2751,35,6998,唉～你很在意吗？不过我和小纱的关系就是这么好嘛～
2751,35,6999,我、我很在意呢……
2751,35,7000,真拿你没办法喵～那人家就特别告诉你吧喵？
2751,36,7001,其实小纱有帮忙我打工啦。一开始我只是死马当活马医问了一下，但她说想要赚钱，所以我们算是双赢的关系。
2751,36,7002,我本来还以为是可疑的兼差，但既然纱月同学也做过了，嗯，应该能放心吧……
2751,36,7003,别看小纱那样，她其实很难拒绝别人的请求哦。
2751,36,7004,好像……真有那么一回事……？
2751,36,7005,小香穗就是抓准了纱月同学这个弱点吗……
2751,36,7006,你的讲法也太过分了吧！？我只是诚心诚意地拜托她而已啦！虽然这个过程中被拒绝了一百次就是。
2751,36,7007,你的心灵是金刚石打造的吗？
2751,36,7008,因为小纱是个超级大美女嘛。长相漂亮，脑袋聪明，身材又好，长相又漂亮。简直就是神。小纱是我的推！
2751,36,7009,这、这点我倒是完全同意……不过小香穗的推不是真唯吗？
2751,36,7010,哼哼～不是因为快被玲奈亲抢走了才换了个推喔。我从以前就是推小纱了。
2751,36,7011,我不是穿的好好的吗？小纱的应援色。
2751,36,7012,所以才是黑色的！？唉？这是在鬼扯吧！？
2751,36,7013,人家最喜欢那样正气凛然的美女了。是说全人类应该都喜欢吧。
2751,36,7014,嗯，因为真的很漂亮嘛……
2751,36,7015,嗳，在补习班的时候我也是像这样和玲奈亲聊天的对吧。
2751,36,7016,唉？啊，呃，嗯……
2751,36,7017,所以那个，我们现在要去哪里？
2751,36,7018,嗯～我家～
2751,36,7019,小香穗的家啊……
2751,36,7020,嗯，我知道去拜访女孩子家里让你很紧张，放心放心，不用那么僵硬啦。
2751,36,7021,不，我反而不会紧张……
2751,36,7022,为什么啊！你应该要紧张啊！啊，我懂了，其实今天我父母会晚回家喔～
2751,36,7023,不用和令尊令堂见面……得救了……
2751,36,7024,我放养了一百只老虎！
2751,36,7025,这样不算是紧张吧！？根本是去送死的啊！
2751,36,7026,小香穗家有养狗吗？
2751,36,7027,嗯～最近还很热，所以它待在屋子里面喔。因为冬天很冷，看起来很可怜，所以也是养在屋子里。爸爸再婚后就成天黏着新的妈妈，所以摩科可是唯一会关心我的家人。
2751,36,7028,好沉重……
2751,36,7029,那个，呃，打扰了。
2751,36,7030,请进请进～
2751,36,7031,这边这边。
2751,36,7032,怎么样？我们现在是两人独处喔，有没有心跳加速？
2751,36,7033,为什么你就那么坚持要让我心跳加速啊！？
2751,36,7034,因为这样感觉我会在精神方面占有优势嘛～
2751,36,7035,这理由竟然比想像中还合理！？而且好腹黑！
2751,36,7036,啊，对不起。我可以先回一下已读讯息吗？要是累积太多的话，回覆起来也很麻烦。现在已经积了999封了。
2751,36,7037,一天之内！？这不会太多了吗！？
2751,36,7038,嘿咻嘿咻嘿咻，我快速解决哦。
2751,36,7039,好了结束。
2751,36,7040,也太快了吧！？
2751,36,7041,嗯～还好啦。
2751,36,7042,就算回得稍～微随便一点也是不得已的！毕竟现在的我是只属于玲奈亲一个人的小香穗～
2751,36,7043,你、你如果以为像这样没来由地一直装可爱就能在精神上占有优势的话，可是大错特错了！
2751,36,7044,嗯哼～？
2751,36,7045,怎、怎么了！？突然这样！？
2751,36,7046,玲奈亲……看来……
2751,36,7047,你心跳加速了，对吧喵？
2751,36,7048,没有！我从来没有好吗！什么意思──！？难道你不知道只要活着每个人的心脏都会跳的好吗──！？
2751,36,7049,我记得，玲奈亲现在因为被真唯和小紫告白而在烦恼嘛，这样的话……也就是说，玲奈亲应该是喜欢女孩子的对吧～？
2751,36,7050,──才不是！
2751,36,7051,我才没有喜欢女孩子啦！为什么谁都不肯相信我啦！
2751,36,7052,但你现在就是小鹿乱撞嘛。
2751,36,7053,小香穗如果被真唯这样贴近的话也会心跳加速的吧！？
2751,36,7054,那是因为我喜欢真唯呀。因为我喜欢可爱的女孩子，所以……
2751,36,7055,我也很喜欢玲奈亲喵&#9825;
2751,36,7056,咿！
2751,36,7057,原来如此喵……对付玲奈亲不能用金钱和眼泪，打从一开始就用美人计就好了呢……
2751,36,7058,我对我自己感到可耻啊！
2751,36,7059,姑且不论真唯、纱月同学和紫阳花同学……我竟然会对以前就认识的小香穗心动……好不甘心，好不甘心啊……！
2751,36,7060,等着吧……我有一天绝对会报仇的……
2751,36,7061,但我和玲奈亲不同，是不会花心的，也不会只要对方长得可爱就随便发情。
2751,36,7062,你这家伙──！刚刚明明还说最喜欢我的──！你这个坏女人──！
2751,36,7063,坏女人……听起来真不错喵～
2751,36,7064,好啦，继续在这里打情骂俏也是无所谓啦，不过……
2751,36,7065,没事的话我就回去了哦！
2751,36,7066,感觉玲奈亲差不多要说这种话了，我们就来聊聊工作的事吧。
2751,36,7067,我想，直接让你看这个房间应该比较省事吧～
2751,36,7068,禁忌之间
2751,36,7069,&#9760;
2751,36,7070,死亡＆地狱
2751,36,7071,绝不可进入
2751,36,7072,也太夸张了吧！
2751,36,7073,现在，封印解除！
2751,36,7074,时候到了，该解放封印了五亿年的恶魔呐……
2751,36,7075,是在寒武纪把什么封印进来了吗……是古生物界的顶点奇虾吗……？
2751,36,7076,那么，Open the door！
2751,36,7077,这就是我亲爱的小衣服们！
2751,36,7078,呃，这是……
2751,36,7079,哼哼哼，怎么样？厉害吧？
2751,36,7080,好、好厉害……咦？这是手工制的吗！？也太厉害了！
2751,36,7081,啊！
2751,36,7082,啊喵？
2751,36,7083,nagipo＠JKlayer！
2751,36,7084,哎呀。
2751,36,7085,露陷了吗？哎呀～被人当面认出来其实很害羞的喵。在我们学校有注意到这件事的，玲奈亲是第、一、个、喔。
2751,36,7086,nagipo＠JKlayer
2751,36,7087,小柳香穗
2751,36,7088,nagipo
2751,36,7089,koyanagikaho
2751,36,7090,nagipo
2751,36,7091,这是既不会画画，也不会写文章的我，用来表达对作品喜爱的手段，也就是Cosplay。后来我就完全沉迷于Cosplay了。
2751,36,7092,哦──……
2751,36,7093,现在呢，我当然是因为喜欢才这么做的，但不只是这样，我现在也会觉得哪怕只是一点点，如果能通过Cos帮作品布教就好了。由于种种因素，我已经是欲罢不能了。你看，现在就像这样。
2751,36,7094,呼，仔细想想，我也已经走这么远了啊。
2751,36,7095,……小香穗，你感觉好厉害啊。
2751,36,7096,别这样啦，这样好害羞喔。
2751,36,7097,我还是第一次尊敬小香穗呢。
2751,36,7098,喂，以前还有其他的感情吗？
2751,36,7099,我喜欢玩游戏
2751,36,7100,嗯～嗯～选哪一个好呢～哎呀，绝对是这件吧。嗯，嗯……
2751,36,7101,唉？你该不会要给我看你的Cos？
2751,36,7102,不──对。
2751,36,7103,这件呢──是玲奈亲的衣服喔。
2751,36,7104,唉？
2751,36,7105,什么！？
2751,36,7106,不，那个，这个……
2751,36,7107,唉──……胸部好大。
2751,36,7108,什么！？现在是怎样！？
2751,36,7109,嗯哼哼哼……
2751,36,7110,你、你拿那个，到底打算把我怎么样……！
2751,36,7111,这个嘛～玲奈亲想要我对你怎么样喵？
2751,36,7112,住、住手……求求你绝对不可以那样，饶了我吧，不要过来……
2751,36,7113,有什么关系，有什么关系呢……唔呵呵呵～
2751,36,7114,不要啊啊啊啊！
2751,36,7115,呜呜呜呜呜呜……我都拜托你绝对不要这么做了……
2751,36,7116,哦哦，原来如此，这可真是……
2751,36,7117,呜呜呜呜呜呜呜呜呜呜…………
2751,36,7118,为什么要这样对待我……
2751,36,7119,那还用说吗？要量一下尺寸，重新修改服装。看你那个胸部，肯定会撑破人家的衣服的，就是那个胸部。
2751,36,7120,可以不要一直强调胸部胸部什么的吗！
2751,36,7121,竟然给你看这种东西，真不好意思……
2751,36,7122,话说修改衣服，该不会……
2751,36,7123,嗯，是玲奈亲要穿的喔。你要穿上这件口爱的衣服。
2751,36,7124,我想也是……
2751,36,7125,这个嘛，大概是对透明胶带那样吧……
2751,36,7126,是说，我被选上的理由难道是因为胸部……？
2751,36,7127,不是不是。是因为玲奈亲的气质很符合我预想的角色喔。
2751,36,7128,角色？
2751,36,7129,嗯。你想想嘛，比方说呢，留着黑长发的冷酷型高个女生，与很像小恶魔的那种刻意装可爱的女生不搭吧？
2751,36,7130,不过，如果胸部也有份量的话当然是再好不过啦。二次元角色基本上胸都都很大，有胸的话扮起来更好看。
2751,36,7131,玲奈亲这个大色胚。
2751,36,7132,明明是我先被说了一堆耶！？
2751,36,7133,不过，胸部什么的只要做出来就可以了。像是戴上隐形胸罩、缠上布条或是用矽胶之类的，可大可小、变化自如。胸部这种东西，在Cos界是最无足轻重的东西喔。
2751,36,7134,原来是这样啊……
2751,36,7135,私底下我倒是很羡慕就是！巨乳真好啊！可恶、可恶！
2751,36,7136,呀！
2751,36,7137,这家伙，你够了喔！
2751,36,7138,呀～玲奈亲好可怕～
2751,36,7139,唔……………………
2751,36,7140,唉～？你什么都不做喵～？
2751,36,7141,因、因为今天日子不对……
2751,36,7142,……哼哼哼，玲奈亲是个胆小鬼&#9825;杂鱼&#9825;杂～鱼&#9825;
2751,36,7143,嘿咻
2751,36,7144,好，那我们重新开始吧……麻烦你做个万岁的姿势～
2751,36,7145,果然有很多地方要改喵。不过这种程度应该花个一周就够了吧？
2751,36,7146,那么，一周后再穿那套衣服就行了吧……
2751,36,7147,嗯，是啊。一周后，还有两周后，总共两次。这就是赋予你的使命呐。
2751,36,7148,……这样就三万圆？
2751,36,7149,没错唷～只有这样唷～
2751,36,7150,绝对是在骗我的吧！？你这个反应根本就是在承认自己撒谎了嘛！
2751,36,7151,那个，玲奈亲，你仔细听我说。这不是谎话，我只是刻意不把重要的事告诉你而已。
2751,36,7152,那你就说啊！
2751,36,7153,我要玲奈亲做的事情非常简单。就只是把妆化好，穿上衣服而已喔。我也会一起的。
2751,36,7154,和小香穗一起？
2751,36,7155,没错，这是与人搭档Cos的拍摄！
2751,36,7156,……………………啥？
2751,36,7157,在芦谷用手机基本上都不会被抓，真是太幸运了。
2751,36,7158,……咦？
2751,36,7159,我朋友的高中好像要带手机去学校还得先申请，而且除了班导外还需要经过校长的许可！都这么麻烦了，到学校后却要把手机放在专用的置物柜里面，放学后才能拿出来。这根本莫名其妙吧？
2751,36,7160,呃，那个。
2751,36,7161,我的话，应该不太常在学校用手机吧。
2751,36,7162,不是那个意思啦。
2751,36,7163,总是有些时候会觉得「要是现在不能用就伤脑筋了！
2751,36,7164,嗯，确实……
2751,36,7165,所以说就是这样。0或是1跟1变成100是远远不同的。根本是完──全不同了。所以啦，我打从心底觉得幸好是来芦谷。虽然这样对那些被收容在讯号监狱的朋友不好意思啦！
2751,36,7166,讯号监狱……
2751,36,7167,嗳，甘织同学，你看过这周的了吗？
2751,36,7168,嗯！我想说一定要好好和皆口同学聊这件事！
2751,36,7169,那个，那个，其实呢……嗯，我也是这么想的，呵呵呵。
2751,36,7170,我，很喜欢这个孩子喔……不觉得这部漫画的女主角比主角好多了吗？
2751,36,7171,甘织同学，你喜欢这样的女孩子啊。原来如此～
2751,36,7172,唉唉？很奇怪吗？
2751,36,7173,啊，不会，我觉得一点也不奇怪！我也懂你的想法……也会想成为像这样的女主角……
2751,36,7174,喔喔～
2751,36,7175,好厉害啊，原来要在这种地方拍照。
2751,36,7176,有时候我们会在清晨的街道突击拍摄，但不管怎么说，工作室才是最令人安心的地方喵～
2751,36,7177,哦～哦～
2751,36,7178,很厉害嘛，小香穗！不愧是超受欢迎的Coser！
2751,36,7179,呵呵呵，别这样夸我啦，可以再多夸一点喔！
2751,36,7180,你是全世界最强的Coser！电子妖精！加工技术一流！爱装可爱！脾气暴躁！动不动就聊到石头！瞬间沸腾的热水器！
2751,36,7181,既然要夸的话就好好夸到最后啦！真是的……不管怎么样，今天就拜托你啦。
2751,36,7182,呃，嗯……！
2751,36,7183,为什么要这么拼啊……？
2751,36,7184,因为我想让小香穗对我刮目相看
2751,36,7185,因为神的启示
2751,36,7186,玲奈亲很厉害嘛！
2751,36,7187,Coser明明都很瘦，却都很有力气呢。
2751,36,7188,因为我们很注重体型，其实有很多人肌肉发达喔──
2751,36,7189,小香穗也是？
2751,36,7190,哼哼哼，下次要不要跟我比腕力试试啊？
2751,36,7191,感觉我会输……
2751,36,7192,话说，今天要拍摄对吧？
2751,36,7193,嗯，嗯嗯？是啊，怎么了？
2751,36,7194,是谁要来拍照？难道要用倒数计时功能吗？
2751,36,7195,啊──这个嘛──嗯──会有妖精来拍喵。
2751,36,7196,等等！会有人来拍！？会有人来吗！？
2751,36,7197,你问我会不会有人，可是──
2751,36,7198,毕竟今天是摄影会嘛。
2751,36,7199,摄、影、会？
2751,36,7200,也就是说『会
2751,37,7201,不过如果只有两个人，那样也可以叫座谈会啊！
2751,37,7202,对耶！确实是这样！
2751,37,7203,所以，实际上是……
2751,37,7204,今天和下周，算起来一共有两次，会来很多各路人士喔☆
2751,37,7205,我突然想起有点急事！
2751,37,7206,唔呃啊！
2751,37,7207,都到这个节骨眼了，你就认命吧！如果以为可以轻松赚钱，那就大错特错了！
2751,37,7208,可是我根本就没听你说过啊！这都要怪小香穗没有先讲清楚！
2751,37,7209,玲奈亲只要站在那随便笑一下就好了啦！其他的都由我来处理！好啦，快点换衣服！
2751,37,7210,办──不──到──！要在众人面前被拍，绝对不行──！
2751,37,7211,你都已经那么努力练习了吧！？
2751,37,7212,喔，这个角度还蛮可爱的吧？
2751,37,7213,我只想要和小香穗两个人就好了啊……
2751,37,7214,哎呀。
2751,37,7215,我都不知道喵，原来玲奈亲那么喜欢喜欢最喜欢我啊。既然这样就当作是为了我☆加油吧☆
2751,37,7216,什么为了你啊……！
2751,37,7217,不过，把我这种人拍进照片，也对照相机太失礼了……甚至该说放肆……要是这么昂贵的镜头因此有了裂痕该怎么办啊……
2751,37,7218,唔～自虐得太过头，也算是一种犯罪了喵……
2751,37,7219,没办法，现在只好采取夸奖战术让她得意忘形吧。
2751,37,7220,那个啊，玲奈亲？我告诉你，从大众的角度来看你已经够可爱的了。你是个超口爱的女高中生。
2751,37,7221,唉唉……？
2751,37,7222,你那张真心觉得我在撒谎的脸也很令人火大喵。
2751,37,7223,可爱～
2751,37,7224,啊──真是的！
2751,37,7225,玲奈亲，看这边。
2751,37,7226,呃，好……？
2751,37,7227,你会慢慢觉得自己很可爱……你会慢慢觉得自己敲──可爱……
2751,37,7228,这种招数也太老套了吧！
2751,37,7229,哇～感谢大家愿意到场喵！米海尔小姐、艾玛小姐、帕曼小姐！
2751,37,7230,呀！nagipo，好可爱！太可爱了，太可爱了！
2751,37,7231,我们非常期待你的新衣服首秀！哇，给你打一百亿分！
2751,37,7232,啊啊啊啊太可爱了谢谢你，谢谢你出生在这个世上……啊啊啊啊神啊……我喜欢nagipo小姐……
2751,37,7233,这个孩子是我这次的搭档！她是我的朋友。
2751,37,7234,我是玲……玲奈无尾熊（编注：日文中「玲奈无尾熊
2751,37,7235,玲奈子
2751,37,7236,请多指教
2751,37,7237,好～那么我们就别浪费租工作室的钱了，快开始吧──！
2751,37,7238,喔～
2751,37,7239,真棒，你很可爱呢！莉娜兔是我的推喔。之前听说莉娜兔会来，我就想说这次务必得参加才行！
2751,37,7240,啊，不，那个……
2751,37,7241,玲奈无尾熊小姐，你很适合穿那件莉娜兔的服装，和我想像中的一模一样。那套服装是你自己做的吗？
2751,37,7242,哈哇哇哇哇
2751,37,7243,她的衣服也是我做的喔──！对吧，玲奈子！
2751,37,7244,是、是的。
2751,37,7245,哇～是这样啊。nagipo在每次活动现场都会带来新的服装，活力真的很惊人呢，所以我追她也追得非常非常地开心。
2751,37,7246,玲奈无尾熊小姐，你已经有帐号了吗？
2751,37,7247,不，那个，我还没有……
2751,37,7248,那么你真的是个新手中的新手呢～真令人感激！让我们办一场愉快的摄影会吧！
2751,37,7249,请、请您手下留情，拜托了………………
2751,37,7250,请把可爱的我好～好地收进胶卷里面，当作宝物珍藏哦&#9834;
2751,37,7251,唉、唉嘿嘿……像、像这样吗……？
2751,37,7252,不错哦～那我要拍～
2751,37,7253,啊哈哈，你看起来很紧张呢～可以再放松一点喔～
2751,37,7254,第一次拍摄果然还是会紧张呢。
2751,37,7255,唉？啊，那个……
2751,37,7256,谢、谢谢。那个，你不继续拍吗？
2751,37,7257,没有啦，我扛了这么久相机也累了，可以在你旁边休息一下吗？
2751,37,7258,那、那当然，请坐请坐……
2751,37,7259,能够独占这么可爱的我，你真是幸福呢
2751,37,7260,最近nagipo小姐带来的都是漂亮的女孩子，今天你们两个都是可爱系的，非常适合『动物女仆！
2751,37,7261,漂亮的女孩子……你说的，该不会是moon小姐？
2751,37,7262,啊，你们果然认识啊。没错没错，moon小姐。那女孩好像也不太习惯出角，不过该怎么说呢，是一种存在感吗？她正式开始后就会立刻绷紧神经，简直就和专业Coser一样。
2751,37,7263,哈哈……因为moon小姐很厉害……
2751,37,7264,对不起，今天是都是因为我才……
2751,37,7265,啊，不会，完全没那回事。也有玲奈无尾熊小姐才能出的Cos吧？我很感谢能看到你那样的Cos。
2751,37,7266,请、请问，姊姊你从以前就是nagipo小姐的粉丝吗？
2751,37,7267,喔！这个问题让我这个老粉很感兴趣呢～你说得没错。我在当时还是国中生的nagipo小姐身上发现了属于她的亮点，从那以后我就一直在追她喔～
2751,37,7268,nagipo小姐……该怎么说，她果然很厉害吗？
2751,37,7269,嗯──是啊。我觉得她非常厉害。我知道她总是自己制作衣服，也天天都在研究化妆，不仅对摄影师很有礼貌，也很擅长和粉丝互动。最重要的是，可以感受得到她是真正喜欢自己Cos的作品。
2751,37,7270,是吗……原来是这样啊。
2751,37,7271,只是……
2751,37,7272,最近，我感觉她好像在纠结着什么事情。这次摄影会也是，她似乎直到最后一刻都还在找搭档……其实像以前那样继续开nagipo小姐的个人摄影会，我们也没关系啊。
2751,37,7273,……这是什么意思？
2751,37,7274,啊，不，这是我自以为是的想法啦！啊哈，啊哈哈！我只是觉得透过观景窗盯着她，就彷佛连她内心深处的想法都能看得一清二楚！这样很恶对吧！啊哈哈哈……
2751,37,7275,…………
2751,37,7276,那个，姊姊……这次真的很抱歉，我完全没办法做好自己的工作，可是……
2751,37,7277,下次我会好好的，那个，虽然不晓得会不会有下次……那个，我会努力加油，让你愿意拍我的……我会努力的！
2751,37,7278,就是现在的表情！这个表情太棒了，要是有拍下来就好了。
2751,37,7279,真的很抱歉……
2751,37,7280,嗯──
2751,37,7281,大家看到玲奈无尾熊那么青涩的模样，反而都很欣慰喔。
2751,37,7282,不过，那只是因为她们几位碰巧都很和蔼可亲，你本来交代给我的这份工作，我完全没有做好……
2751,37,7283,唔──你在奇怪的地方倒是很一板一眼。
2751,37,7284,我也没想到你会这么惊慌失措，所以我也有责任……看来这件事必须在下周之前想办法解决呢。
2751,37,7285,是……
2751,37,7286,不过要在下周之前……我人生中的这16年来，一直都很怕生耶……
2751,37,7287,小香穗，你是怎么变成现在的小香穗的？
2751,37,7288,我的话……
2751,37,7289,我一开始可能还是很僵硬……整个人一头雾水地就在会场换了衣服，心惊胆跳地站在那里……然后让对方帮我拍了几张照片，就是那种感觉喵。
2751,37,7290,是这样啊。
2751,37,7291,当时我不认识任何人，心里很不安……不过嘛，因为我当时整个人热血沸腾，想说『我第一次在外面Cos耶──！
2751,37,7292,唔……
2751,37,7293,不过，我大概知道玲奈亲该怎么做会比较好喔。
2751,37,7294,咦？真的吗？
2751,37,7295,虽然不知道有没有用就是。但总之就试试看吧。
2751,37,7296,知道了！只要是我能做的，我什么都愿意做！
2751,37,7297,哦，你竟然说什么都愿意做……既然这样，我也要全力帮玲奈亲施魔法！
2751,37,7298,魔、魔法……！？
2751,37,7299,我可是个不择手段的女人喔。
2751,37,7300,好可怕。
2751,37,7301,放心放心。
2751,37,7302,我只是要稍──微破坏一下玲奈亲的大脑而已。
2751,37,7303,很可怕耶！？
2751,37,7304,就取名叫……玲奈亲&#8226;魔改计画！
2751,37,7305,一定要戴上耳机听。记得要睡前听。最好是先静下心来，把房间弄暗点，然后就这样直接睡觉！
2751,37,7306,玲～奈亲&#9825;
2751,37,7307,没关系的，玲奈亲&#9825;玲奈亲，可是超级可爱的呢&#9825;
2751,37,7308,你穿什么都合适&#9825;是世界上最可爱的女孩子&#9825;大家只要看到玲奈亲，就会心跳加速唷&#9825;
2751,37,7309,我也最～喜欢玲奈亲了&#9825;不对，不只是我而已喔！无论是男孩子还是女孩子，大家都会成为玲奈亲的俘虏喔&#9825;
2751,37,7310,嗳，玲奈子&#9825;超可爱的玲奈子&#9825;来，让身体放松&#9825;大家都最喜欢玲奈子了&#9825;超喜欢&#9825;爱死你了&#9825;玲奈子就是大家最喜欢的人气王喔&#9825;来，吸气，吐气，吸气，吐气……把深呼吸做得这么好，真了不起呢&#9825;好可爱喔玲奈子&#9825;好孩子好孩子&#9825;我也最～喜欢玲奈子了&#9825;
2751,37,7311,喂，小香穗，那什么东西啊！？
2751,37,7312,嗯？是音档啊，你有认真听吗？
2751,37,7313,我听了……照你说的在睡觉前听。
2751,37,7314,这样啊，玲奈亲真了不起&#9825;
2751,37,7315,唔！
2751,37,7316,起作用了起作用了&#9825;
2751,37,7317,到、到底是怎样啊……是说，你是怎么做那个东西的？
2751,37,7318,我只是一口气录了下来，再稍微把声音做了一点加工啦。因为我之前有一阵子在想要不要做影片直播，有凑到一部分的器材。
2751,37,7319,小香穗真的是什么都会呢……
2751,37,7320,所以啦，每天上学、放学还有睡前都要记得听哦。
2751,37,7321,配额增加了！
2751,37,7322,我想到的话，再传新的档案过去哦。
2751,37,7323,好啦好啦。相信我嘛！否则可是会没有效果喔？来，跟我复诵一遍。我说的都是真的。香穗小姐是神。
2751,37,7324,再怎么说也不能盲信到那样吧！？
2751,37,7325,档案也变多了啊……
2751,37,7326,晚安～
2751,37,7327,姊姊，你还要很久吗～？
2751,37,7328,唔──再一下就好了。因为这边翘起来很麻烦嘛。
2751,37,7329,每天早上你都花这么多时间啊，明明看起来也没差那么多啊。
2751,37,7330,是啊～反正我不管怎么样都很可爱嘛。
2751,37,7331,对对…………唉！？
2751,37,7332,唉？怎么了？
2751,37,7333,不…………没什么…………？
2751,37,7334,？奇怪的妹妹。
2751,37,7335,我出门了～
2751,37,7336,啊，是纱月同学。耶～早安～
2751,37,7337,早安……你是感冒了吗？
2751,37,7338,唉？为什么？
2751,37,7339,不，没什么。我只是觉得你的动作比平常轻快，想说你可能是发烧了吧。
2751,37,7340,纱月同学好奇怪喔。不过这点也很有纱月同学的风格，我很喜欢喔。
2751,37,7341,这是……怎样？你怎么了，甘织？你是请人驱邪了吗？平常总是飘在你周围那道阴沉的乌云到哪去了？
2751,37,7342,我不太懂你在说什么啦……是说，今天天气真好呢。感觉好像会发生什么特别的好事。毕竟我一大早就遇见了我重要的朋友纱月同学嘛。
2751,37,7343,好恶……
2751,37,7344,哪里恶了！？
2751,37,7345,纱月同学，你不舒服吗……？
2751,37,7346,这个嘛，不，并不是这样，但是……不，还是算了。反正我并不是很想知道你身上发生了什么事。我只要能继续过上平静的生活就心满意足了。
2751,37,7347,呃，嗯，平静的生活是最棒的。听说累积太多压力的话，皮肤就会变得粗糙。这样就算可爱如我，也会变得有那么一点点不可爱了呢。
2751,37,7348,你干什么啊！？
2751,37,7349,不小心就反射动作……
2751,37,7350,嗳，你是要从今天开始卖这个人设吗？真的？真希望你能考虑一下这样会不会给周围的人添麻烦。这就彷佛清醒后还做了恶梦一样，还是饶了我吧。
2751,37,7351,我明明和平常一样啊！？
2751,37,7352,太过分了吧！？我明明这么喜欢纱月同学～！
2751,37,7353,啊，喂，我说你──
2751,37,7354,咚
2751,37,7355,为、为什么你们挽着手……？
2751,37,7356,早安，紫阳花同学！
2751,37,7357,唉？呀！
2751,37,7358,你今天也是一大早就这么漂亮呢，紫阳花同学。
2751,37,7359,早、早安……唉？唉～……？
2751,37,7360,怎么了，小玲奈？你一大早……就这样……
2751,37,7361,唉？可是紫阳花同学平常也都会很自然地就和我有肢体接触吧？
2751,37,7362,这……也许是这样没错～……？
2751,37,7363,我不知道。她八成是一大早就疯狂喝酒吧。
2751,37,7364,不、不行啦小玲奈！要等成年以后才能喝酒的喔！？
2751,37,7365,你们俩真奇怪。
2751,37,7366,奇怪的是你啊。
2751,37,7367,是小玲奈吧～！
2751,37,7368,没想到会这么顺利……真是畏惧自己的才能。
2751,37,7369,呃……什么意思？
2751,37,7370,当然是指提高玲奈亲自我肯定感的作战啊。
2751,37,7371,可是我和平常没什么两样啊。
2751,37,7372,没关系的，玲奈亲。脑子被破坏的孩子都是这么说的。
2751,37,7373,我也知道很多那样的例子，这样听起来很恐怖耶……
2751,37,7374,顺便问一下，玲奈亲你觉得自己有多可爱？
2751,37,7375,唉──……？
2751,37,7376,我想，应该就普通可爱吧……
2751,37,7377,普通啊，普通。这个说法很保守呢。好，那我们换个角度来问吧。你觉得自己在班上第几可爱？
2751,37,7378,这样问也太不含蓄了吧！
2751,37,7379,……原来如此，还没完全失去理智是吗？不过，这样反而比较容易处理。毕竟我又不是想创造出一个快乐可爱的怪物。
2751,37,7380,你到底在说什么啊……？
2751,37,7381,不，是我自言自语。还有啊，关于明天的安排。
2751,37,7382,这次要是能帮到小香穗就好了……但是我这周也没做什么特别的事……虽然是有每天听小香穗的音档，但这样根本就等于什么都没做……
2751,37,7383,没问题的！
2751,37,7384,因为玲奈亲是这么可爱嘛！
2751,37,7385,是啊，玲奈亲是超──级可爱的喔&#9825;
2751,37,7386,大家肯定是最幸福的喔。因为她们能拍到这么可爱的女孩出Cos的照片。好啦，冷静下来想想看？这样只有好处不是吗？
2751,37,7387,确实……毕竟我很可爱……？
2751,37,7388,……咦？可是，这样上次为什么会失败呢？我的可爱应该是永恒不灭的……？
2751,37,7389,算了算了，不用把小细节放在心上嘛。因为玲奈亲你这么可爱。
2751,37,7390,我很可爱……？不，可是，我是目标成为那种随处可见的量产系女孩……咦……？其实，我不可爱吗……？
2751,37,7391,你根本就不需要想这么多喔，你很可爱喔玲奈亲。哎呀哎呀，真是只好可爱的小狗呢……来～乖乖乖乖。
2751,37,7392,汪，汪！
2751,37,7393,嗯～好可爱，好可爱喔，玲奈亲是世界上最可爱的～
2751,37,7394,哼……啊！
2751,37,7395,唔～当场用的话效果当然也很薄弱喵。不，倒不如说有效就是奇迹了。算了，只要撑过明天就行了
2751,37,7396,我邀请玲奈亲是因为你的颜值和身材，只要满足这个条件一切就都OK了！什么作为Coser的矜持，姿势的完成度和表情的魅力，这些完全不重要啦！
2751,37,7397,原来如此……如果是颜值和身材，这样我应该……就有自信！
2751,37,7398,对吧对吧！
2751,37,7399,那么，明天就加油吧！要让全世界都知道玲奈亲有多么可爱！
2751,37,7400,好～！
2751,38,7401,玲奈亲，这样就好像专业运动员为了在比赛前集中注意力会听音乐那样。
2751,38,7402,差不多要准备正式开始了，现在状况怎么样喵～？
2751,38,7403,小香穗，对不起……
2751,38,7404,嗯嗯？
2751,38,7405,今天明明是小香穗举办的摄影会……但也许会因为我太可爱，而独占所有摄影师的目光……
2751,38,7406,啊，是这个意思！？
2751,38,7407,我实在觉得很抱歉很抱歉……那个，小香穗，太可爱，也是一种罪呢。既然这样，我还是别参加比较好吧。我不想因为这种事情又和小香穗尴尬起来……
2751,38,7408,早知道会有这种想法，我还不如生为花花草草……为什么我会这么可爱，一枝独秀呢？这样全世界的人都会喜欢上我啊……小香穗也肯定想让更多人爱着自己吧！
2751,38,7409,因为自我肯定感过高而自卑……这也太莫名其妙了喵……
2751,38,7410,自己乱可爱一把
2751,38,7411,那么玲奈亲，差不多该换衣服化妆了喔。
2751,38,7412,要让原本就这么可爱的我变得更可爱！？
2751,38,7413,好痛，好痛好痛，小香穗，这个会不会拉得太紧了！？
2751,38,7414,因为我选了黏度最好的嘛～好啦玲奈子，忍一忍忍一忍，大家都说要让可爱的孩子忍耐的吧！
2751,38,7415,确、确实……！
2751,38,7416,哈哇啊啊啊……
2751,38,7417,玲奈亲，你怎么了！？
2751,38,7418,对不起，小香穗……因为镜子里的我实在太可爱了，害我很难保持冷静……啊？难道这就是恋爱的感觉……？这种心情就是恋爱……？
2751,38,7419,啊，这样啊……
2751,38,7420,嗳，小香穗……不要紧吗？这个也太可爱了，我应该不会被抓吧……
2751,38,7421,我想不会的唷。
2751,38,7422,可是，可是可是……
2751,38,7423,你想想，真唯和小紫她们那么可爱，不也无罪释放了吗～
2751,38,7424,是没错，嗯……可是……
2751,38,7425,虽然这样说对她们两个很不好意思，不过应该还是我比较可爱……不对，是以总和来说，从整体来看是这样的！当然有些地方是输给她们没错，但就整体上来说还是我更胜一筹！这也没办法啊，谁教我生来就这么可爱呢！
2751,38,7426,啊，嗯。
2751,38,7427,这样大家都会爱上我的……今天来的摄影师当中也有人与经纪公司有交情，我会顺势被他们挖角，当上超级偶像，交了一个十分可爱的恋人后，化身成一个病态的家暴男友。
2751,38,7428,呜呜呜，我不行啦小香穗，再继续让别人对我抱有好感，却又非得拒绝不可，这样很痛苦啊……神啊，祢为什么把我塑造得这么可爱呢！？我上辈子究竟做了什么！
2751,38,7429,只要撑到摄影会结束就行了！好啦，我们走吧玲奈亲！要让全世界知道你有多美！
2751,38,7430,不行！
2751,38,7431,不是，那个，所以……
2751,38,7432,就是，我很可爱对吧……？所以，要是握住我的手，小香穗就会喜欢上我的……这种事情，必须要注意一下才行喔……？小香穗真是的……
2751,38,7433,哦──
2751,38,7434,不赖嘛，这样很可爱呢，玲奈亲。
2751,38,7435,所以就说不行啦！
2751,38,7436,真可爱
2751,38,7437,好可爱！
2751,38,7438,哎呀，玲奈无尾熊小姐真可爱呢。完成度好高，简直就是莉娜兔本人！
2751,38,7439,唉嘿嘿……是、是吗？嗯，是有你说的那么厉害啦。
2751,38,7440,喔喔，那个姿势也好可爱！请把视线朝向这边！
2751,38,7441,好～是可爱的我露出的笑容喔～！
2751,38,7442,好可爱──！那台词也很像真正的莉娜兔──！
2751,38,7443,那就脱一件怎么样啊，这样会更可爱喔
2751,38,7444,真拿她没办法喵
2751,38,7445,好啦，无尾熊亲！接着来拍对手戏的照片吧！
2751,38,7446,那是什么？
2751,38,7447,就是这种的喔～
2751,38,7448,咿！？
2751,38,7449,这、这样不会太大胆了吗……！？
2751,38,7450,在动漫里也经常有这样的场景吧？
2751,38,7451,是、是这样讲没错……呜呜……不行啦，小香穗……我刚才不是也说过了吗……
2751,38,7452,贴这么近的话……
2751,38,7453,很为难～？
2751,38,7454,小香穗会喜欢上我的……
2751,38,7455,…………
2751,38,7456,唉！？贴得更近了！？为什么，为什么啊！？唉？你喜欢我？你喜欢我吗！？不行啦！啊──客人你这样我很为难的──！
2751,38,7457,会喜欢，会喜欢上我啦……小香穗，会喜欢上我啦……啊啊，不行……小香穗，会喜欢上我啦，不可以，不可以啦，喜欢上我……啊啊，喜欢，现在小香穗确实喜欢上我了……
2751,38,7458,现在想想，为什么我会变得那么大胆啊……
2751,38,7459,自己竟然像是非常可爱的角色那样笑脸迎人，摆着各式各样的姿势……
2751,38,7460,这就是Cosplay的奥妙之处呀。可以变身成另外一个自己喔。
2751,38,7461,原来如此……怪不得我会那样，那样……
2751,38,7462,那样！？
2751,38,7463,唉？等一下小香穗，我刚才都说了什么！？我是不是讲了一堆很不得了的话！？我竟然说了那种话！？就算是莉娜兔也不会说的话！？
2751,38,7464,玲奈亲果然比真唯还有小紫还要可爱呢&#9825;
2751,38,7465,啊啊啊啊啊啊啊啊啊啊啊啊啊啊啊啊啊啊啊啊啊啊啊啊啊啊啊啊啊啊啊啊啊啊啊啊啊啊啊啊啊啊啊啊啊啊啊啊啊啊啊啊啊啊啊啊啊啊啊啊啊啊啊啊啊啊啊啊啊啊啊啊啊啊啊啊啊啊啊啊啊啊啊啊啊啊啊啊啊啊啊啊啊啊啊啊啊啊啊啊啊啊啊啊啊啊啊啊啊啊啊啊啊啊啊啊啊！
2751,38,7466,杀了我……！小香穗，求求你，杀了我吧！就在这里了结我人生的命脉！
2751,38,7467,只要活着就会有好事发生唷。
2751,38,7468,以后我还有什么脸面对她们啊啊啊啊啊啊啊啊啊！
2751,38,7469,先把衣服脱了！
2751,38,7470,这就是Cosplay的解放感……Cosplay具有能使自己变成另外一个人格的魔力……好可怕，Cosplay，好可怕……
2751,38,7471,……就只是可怕？
2751,38,7472,这个，嗯……其实是挺痛快的……
2751,38,7473,嗯……
2751,38,7474,呃，嗯，能听到你这么说……怎么讲，呃。
2751,38,7475,我好像……也有点开心喵……
2751,38,7476,啊──那个，玲奈亲，不介意的话……
2751,38,7477,嗯？
2751,38,7478,下次再和我一起……没，唔……没事，没什么啦。幸好你很享受Cosplay喵！
2751,38,7479,不过啊小香穗小姐……这世上可没有百分之百快乐的事情，不管是什么都参杂着一些苦涩以及麻烦喔……所以就算我说很快乐，这句话里面到底有多少部分是快乐的呢？这又另当别论了──啊好痛！
2751,38,7480,真是受不了玲奈亲，你的想法总是这么拐弯抹角喵。明明只要单纯一点，觉得『好快乐！
2751,38,7481,唉嘿嘿，今天的我也很可爱吧&#9825;
2751,38,7482,别──这──样──！
2751,38,7483,我也希望平常就能给自己更多肯定感啊！不过真的要说的话不是指外表，我想要的是借由在许多事情上面努力之后的回忆，或是对自己的自信之类……！
2751,38,7484,而且…………我也没有那么可爱……
2751,38,7485,怎么了吗！？
2751,38,7486,没事唷。我只是重新想了一下，刚才的玲奈亲和现在的玲奈亲，到底哪边比较像样而已喔。
2751,38,7487,真是的──！你每次都乱摸！
2751,38,7488,喂喂，快看快看，玲奈亲。
2751,38,7489,哇，是钱！
2751,38,7490,这是今天的参加费～！而且还有人是用汇款的，所以其实是两倍以上！来，玲奈亲的份和事先说好的一样是三万圆。
2751,38,7491,只是稍微劳动了一下，就拿这么多钱真的好吗，nagipo小姐……！
2751,38,7492,嗯，说实话，我也有在想是不是给太多了，不过女子一言驷马难追！毕竟这次有这么多人预约，我想也是多亏了玲奈亲嘛。
2751,38,7493,真、真的吗？
2751,38,7494,嗯～之前和小纱一起办完摄影会之后，人一下子就变多了呢。所以与其一个人出角还不如两个人一起更好喵。
2751,38,7495,也是，如果是纱月同学的话……
2751,38,7496,嗳，嗳，你要看一下小纱的Cosplay照片吗？
2751,38,7497,唉！我想看！想看那些看了之后不会被她揍的照片！
2751,38,7498,你不说我不说，她不会知道的啦～！
2751,38,7499,要是现场看到，感觉心脏会直接爆掉……
2751,38,7500,我呢，其实想让这身打扮的小纱站在傍晚的公园拍照。可是她说在工作室外面会很害羞，一脸嫌弃地拒绝了……
2751,38,7501,唔哇啊，感觉究极适合她耶。
2751,38,7502,要保密喔
2751,38,7503,总之，就是那种感觉。老实说，我并不是想赚很多钱，只是想把工作室、衣服以及小道具之类的费用赚回来就足够了。所以，拿去吧小偷！
2751,38,7504,唔咻！
2751,38,7505,哎呀～不过幸好没赔，好佳在好佳在……
2751,38,7506,搞不好我有办法去打工……？
2751,38,7507,喔，这么快就提高自我肯定感啦。
2751,38,7508,真的耶！
2751,38,7509,嗯，嗯……我也有在好好向前迈进啊……
2751,38,7510,……
2751,38,7511,……小香穗？
2751,38,7512,唉？啊……嗯。说得也是，这次玲奈亲很努力嘛！辛苦你惹！
2751,38,7513,嗯。
2751,38,7514,好耶──！
2751,38,7515,唉？什么情况！？
2751,38,7516,刚才的大喊是『今天也好开心──！我果然最喜欢Cosplay了──！
2751,38,7517,嗳，玲奈亲，我们去庆祝一下吧？要吗？我请客！
2751,38,7518,唉唉？这样好吗！？
2751,38,7519,没错
2751,38,7520,庆祝也没什么意思啦。那种活动到头来也不过就是为了让大家觉得自己很努力了这样。明明也没完成什么丰功伟业却互相夸来夸去的。好恶喔～
2751,38,7521,无论去哪，都请让我与您同行！
2751,38,7522,嘿嘿嘿
2751,38,7523,那么──我就带你见识一下灿烂的世界吧！
2751,38,7524,哇，哇……
2751,38,7525,怎么样，玲奈亲？你是第一次来这种地方吧。
2751,38,7526,那个，这里……是爱情旅馆吧……？
2751,38,7527,不是喔。因为未成年是不能进去爱情旅馆的。所以这里只是没有申请为爱情旅馆的普通旅馆喔。是说玲奈亲，难道你去过吗？
2751,38,7528,才没有！大家不是都会看漫画还有小说之类的，里面都会有爱情旅馆吧！
2751,38,7529,会看吗？
2751,38,7530,呀吼～
2751,38,7531,我其实早就想在爱情旅馆办一次女子会了～
2751,38,7532,你承认是爱情旅馆了啦！
2751,38,7533,唉～？
2751,38,7534,哎呀，如果你真的不喜欢的话也可以回去啦，玲奈亲。我会在这里一个人热闹地庆祝一番喵。
2751,38,7535,唔……
2751,38,7536,我和小香穗在爱情旅馆开女子会这件事要和大家保密哦！？
2751,38,7537,毕竟只有我们在这里享受，肯定会让她们羡慕的嘛～……不对等等，要是告诉她们，玲奈亲不就会被真唯和小紫冷落了吗……？
2751,38,7538,要是说了，我就把小香穗以前的照片发出去！
2751,38,7539,你现在变得挺有一手的嘛，玲奈亲……是我输了。所以我们今天晚上就痛快地享受派对之夜吧！
2751,38,7540,呃，嗯……嗯？嗯。
2751,38,7541,好了好了，来这边来这边。
2751,38,7542,好，我们来好好庆祝吧，小香穗！
2751,38,7543,你讲的好像还没开始，不过我们现在不就是在庆祝吗？
2751,38,7544,不对啦！这样随便开场怎么行，我们必须要郑重地宣告『来，我们从现在这个瞬间开始要庆祝一番！
2751,38,7545,玲奈亲，你偶尔会有那种莫名其妙的坚持呢……
2751,38,7546,唉？我、我觉得应该没有吧……因为我就只是个极为平凡，是个处于平均值又中位数的量产系女孩……
2751,38,7547,笑死。
2751,38,7548,总之，既然提到庆祝的仪式感，果然是这个吧。
2751,38,7549,！嗯！
2751,38,7550,干杯──！
2751,38,7551,庆功宴……这就是，庆功宴……！
2751,38,7552,玲奈亲，你该不会是在一点娱乐都没有的深山老宅长大的？
2751,38,7553,我说玲奈亲。
2751,38,7554,唉！？我、我在！
2751,38,7555,一直看着别人吃东西，这样很恶心呢
2751,38,7556,你不会说别人的坏话呢。
2751,38,7557,唉……是、是吗？
2751,38,7558,像这种女子会，通常不是会聊些自己讨厌的人什么的炒热气氛吗？不过，我好像从没听玲奈亲说过这种话呢～
2751,38,7559,啊，那个，是因为……
2751,38,7560,这、这个嘛……呃，可是，就是那个吧！隔壁班不是有一个个子很高的女生吗？每次和她在走廊擦肩而过，她总是会瞪着我，就觉得好可怕这样……
2751,38,7561,喔喔，你说高傲同学啊。因为那个女生敌视着五重奏喵。
2751,38,7562,呃，不对不对。我不是要让你说坏话啦。
2751,38,7563,唉？
2751,38,7564,我只是觉得这种人挺少见的。你想想，我现在游走在各个小团体里面对吧。所以我收集了不少女孩子们之间的对话内容喔。
2751,38,7565,喔……
2751,38,7566,我们这个小圈子的女生都不会讲那种话吧？
2751,38,7567,小纱就会讲啊。
2751,38,7568,那个算坏话吗……？
2751,38,7569,纱月同学与其说是在讲坏话，应该是嘴巴很坏吧……
2751,38,7570,那倒是！
2751,38,7571,真唯可能会觉得说那种话是在浪费时间。我也想像不到紫阳花同学会说那种话。
2751,38,7572,要是小紫说什么『那家伙最近很嚣张嘛～嗳，干脆我们去教育一下？
2751,38,7573,！
2751,38,7574,就、就是啊！偶尔会擅自认为紫阳花同学会有那种黑暗的一面对吧！？
2751,38,7575,没错没错。毕竟那么好的女孩怎么可能存在于现实世界。就算有99个男朋友也不奇怪。
2751,38,7576,就是啊～～！我懂你～～！
2751,38,7577,是说，我也会讲啦。
2751,38,7578,所以说，我才觉得玲奈亲是很少见的类型喵。
2751,38,7579,不，也不是因为温柔什么的……真要说的话，是因为我对自己充满自卑，才会不敢说别人的不是吧。
2751,38,7580,自卑？玲奈亲？
2751,38,7581,唉？
2751,38,7582,你会自卑？
2751,38,7583,……我反而想问，难道我看起来没有吗？
2751,38,7584,嗯……一半一半吧？
2751,38,7585,我是自卑的化身耶！
2751,38,7586,我也想像紫阳花同学一样纯洁正直，像纱月同学那样贯彻自我坚强地活下去，也想像小香穗一样开朗又充满朝气，像真唯……不，真唯就算了……总之我日以继夜都在想着这样的事啊！
2751,38,7587,哦……
2751,38,7588,嗯，我也很懂那种心情。
2751,38,7589,小香穗也是！？
2751,38,7590,有那么让人惊讶吗？我虽然不知道你是怎么看我的。不过我每次看到身边的人就会觉得好羡慕喔～好嫉妒喔～这样。
2751,38,7591,不要得意忘形啊
2751,38,7592,要是能再稍微高一点，能Cos的角色也会增加一些的说……！增高鞋也有极限，如果我要女扮男装的话，就非得穿上增高15公分的鞋子！要是有玲奈亲这样的身高就好了～！
2751,38,7593,听、听起来很不好意思……！但我没办法分给你……
2751,38,7594,生气气──
2751,38,7595,哇！
2751,38,7596,呵呵呵，怎么样呀？
2751,38,7597,啊，嘿嘿嘿……
2751,38,7598,那、那个……
2751,38,7599,嗯？
2751,38,7600,我……其实很羡慕小香穗，就算稍微聊到了严肃的话题，你也有办法靠自己的力量像这样修正轨道。
2751,39,7601,唔。
2751,39,7602,不过呢，我应该不会感到嫉妒。因为小香穗就是发展出不错的人际关系，才会有现在的你。作为一名Coser，你甚至还开办一个以成年人为参加对象的摄影会。这真的很厉害，我根本做不到。所以，那个──
2751,39,7603,嗯唔──！？
2751,39,7604,怎么？玲奈亲，你是因为来到爱情旅馆，想用花言巧语哄骗我吗？
2751,39,7605,你害我都有点心动了呢……好不甘心，不过是个玲奈亲，竟然让我心动！好不甘心啊！
2751,39,7606,『不过是个
2751,39,7607,嗳，嗳，我想到一件好玩的事，我可以稍微逗一下玲奈亲吗？
2751,39,7608,你觉得我会同意吗！？
2751,39,7609,啥、啥啦？我、我觉得这样根本没什么啊。
2751,39,7610,我蹭，我戳。
2751,39,7611,我完全不觉得怎样～是说有点痒耶。
2751,39,7612,啧，看来我的魅力已经不能让玲奈亲心动了吗？好失望……算啦，那就来看电视吧……
2751,39,7613,哼哼。
2751,39,7614,────────
2751,39,7615,等等这是什么，唉！？喂，唉！？
2751,39,7616,啊哈哈哈哈哈哈哈哈哈哈。
2751,39,7617,小、小香穗，这是……！
2751,39,7618,哎呀～马赛克打得好大喔～
2751,39,7619,我是不知道啦！
2751,39,7620,啊嗯啊啊嗯啊嗯
2751,39,7621,哎呀，毕竟难得来一次爱情旅馆嘛，而且免费就能看，不看可惜啊。
2751,39,7622,你刚刚是为了逗我才那样说的吧！？
2751,39,7623,啊，你看玲奈亲，那个女优的脸，长得是不是很像五重奏里面的那个女生？
2751,39,7624,唉！？！？
2751,39,7625,完全不像任何一个人好吗！
2751,39,7626,啊哈哈哈哈哈！所以，你刚才是期待女优像谁呢喵～？
2751,39,7627,真是的，快关掉啦！
2751,39,7628,喔，这一台也在播AV呢。好像是搭讪系列哦，玲奈亲。
2751,39,7629,我没有要看啦！？
2751,39,7630,话说，关于期末考的成绩啊～！
2751,39,7631,啊，嗯。我听小纱说玲奈亲很努力呢。你很棒哦，好棒棒呢～顺带一提我是年级第九。
2751,39,7632,为什么！？我们以前在补习班不都是B班的吗！？
2751,39,7633,女高中生的兴趣是Cosplay，为了让家长接受可是费了我一番工夫呢。
2751,39,7634,完全搞不懂……为什么只有我……？
2751,39,7635,我先去准备一下热水澡哦
2751,39,7636,所以，要一起泡吗，玲奈亲？
2751,39,7637,不要！
2751,39,7638,唉？为什么？朋友之间一起泡澡，不是很正常吗？玲奈亲，你该不会是觉得我太可爱而想歪了吗？唉唉～？
2751,39,7639,咕唔唔唔唔唔……
2751,39,7640,好啦！一起泡，一起泡总行了吧！反正我快速洗一下就会出来了！根本没什么！
2751,39,7641,我来帮你刷背吧，玲奈亲☆
2751,39,7642,请便啊！？
2751,39,7643,洗澡水差不多放好了喔～
2751,39,7644,OK～我现在过去～
2751,39,7645,小香穗，你是从什么时候开始戴隐形眼镜的？
2751,39,7646,应该是上国中之前吧～习惯之后觉得这样轻松多了，而且……
2751,39,7647,嗯？小香穗？
2751,39,7648,糟糕……
2751,39,7649,唉？怎么了！？
2751,39,7650,我把维持阳角的Cosplay，给脱下来了……
2751,39,7651,嗯？？？
2751,39,7652,O、OK，甘织同学……不对，那个，和玲奈亲一起泡澡，一起泡澡……泡澡！？呃是没关系啦！这种事根本轻而易举嘛～！
2751,39,7653,呃，嗯。
2751,39,7654,那个……我要脱衣服了，麻烦你把头转过去喵，呃……因为我有点紧张。
2751,39,7655,唉？嗯，好，我知道了。
2751,39,7656,这样的话，我就先进去。
2751,39,7657,好……
2751,39,7658,好舒服～
2751,39,7659,那、那个啊，玲奈亲……其实我没怎么出汗，想说稍微冲一下就好了，这样。
2751,39,7660,啊，这样啊。
2751,39,7661,唔，嗯。那就这样了……
2751,39,7662,慢着先等一下
2751,39,7663,那个，小香穗刚才说了什么『阳角的Cosplay
2751,39,7664,……唔，嗯，是啊。
2751,39,7665,也就是说，华生，你对戴着隐形眼睛的自己下了暗示，借此提高自己的社交能力是吗？
2751,39,7666,呃，嗯……唉？华生……？
2751,39,7667,唉？真的假的？那一直以来跟我聊天的小香穗都是超级小香穗，现在这个小香穗才是真正的小香穗？
2751,39,7668,呃，嗯……应该，是可以这么说喵……不、不过，我其实也没有隐瞒，只是因为，没必要说而已……那个……
2751,39,7669,哎呀哎呀？小香穗该不会是因为要跟我一起泡澡才害羞吧～？
2751,39,7670,唉！？没、没有，才没有那种事呢！？
2751,39,7671,那我们就一起来泡嘛～小香穗。来，快点快点。
2751,39,7672,……呃，嗯，如果？玲奈亲无论如何都要和我泡澡的话？也不是不可以啦……啊，不过在那之前，我先洗一下身体……
2751,39,7673,小香穗。
2751,39,7674,怎、怎么了！？
2751,39,7675,没什么啦，你还裹着浴巾喔。要是弄湿了，待会可就没办法擦干身体了喔。
2751,39,7676,也、也对……嗯，我也这样觉得，应该要脱掉呢……
2751,39,7677,哎呀，对了。小香穗，刚才你有说要帮我擦背对吧～！
2751,39,7678,有、有吗！？
2751,39,7679,喵
2751,39,7680,呜呜呜……我到底为什么，那么，得意忘形啊……我明明知道，一进浴室肯定要把隐形眼镜拔下来的～……
2751,39,7681,嘿嘿嘿，乖，快来坐快来坐～！
2751,39,7682,这位客人，您看起来很难为情呢。
2751,39,7683,那是因为……人家，没有像玲奈亲一样那么好的身材……肯定会害羞的啊……
2751,39,7684,没有啦，我也只是胸部发育得还不错而已……
2751,39,7685,而且，我觉得小香穗，那个，已经够可爱了啦。
2751,39,7686,唔唔……谢、谢谢……但是，可以不用那么夸我啦……
2751,39,7687,我其实不是想变可爱，而是想变成美女喵……
2751,39,7688,是吗？
2751,39,7689,咿！？
2751,39,7690,小香穗，你是不是有点太夸张了……？
2751,39,7691,对、对不起！因为我觉得痒痒的……
2751,39,7692,呜，喵…………嗯，呼……
2751,39,7693,玲奈亲……好痒喔……喵、啊……
2751,39,7694,好、好啦好啦，后面搞定了喔。
2751,39,7695,唔……好……
2751,39,7696,唔……喵……
2751,39,7697,…………
