filename,block_id,text,score,book_id,vol_id
2751,0,...。「怎么了怎么了？」「怎么了吗？」「」「小玲奈？」唔我的视线唯独不与那当中的一人我们学校的超级巨星王冢真唯对上眼，然后举起手。「对不起！我那个，就是，突然有点急事你们大家继续吃吧！对不起，对不起哦！待...,0.9997005462646484,2751,1
2751,1,...会被当成可疑人物的。可是，我已经忍到极限了我快步地穿过走廊，才刚移动到空荡荡的楼梯转角，便顾不得裙子掀起来，急忙地冲上了楼梯。我在感受风的同时朝着顶楼跑去。那里没有其他人，是只属于我的场所。把钥匙插进...,0.9997000694274902,2751,1
2751,2,...底下，我深深吸了一口气。啊，太好了。我全身的细胞都因为吸到氧气而喜悦。我反手把门关上，缓缓地走到顶楼边缘。随后，将手搭在高度只到胸口的护栏，靠了上去。从远处传来校园内的喧嚣，这里就彷佛是别的世界一般。...,0.999702513217926,2751,1
2751,3,...板上。「要不再孤单一人，果然不行啊～」这两个月来，我深刻地体会到。无论再怎么努力，我也只是个有沟通障碍的阴角。我甘织玲奈子，是非常成功地在高中改头换面的高一新生。国中时期的我，可谓是人生的超级外行人。...,0.9997013211250305,2751,1
2751,4,...一人。明明很寂寞却摆出无所谓的表情，装出一副『我就喜欢自己一个人啊？』的态度，偷偷摸摸地去上学。就在某一天，我突然想到国小时的生活真是快乐呢，好奇当时的大家现在都在做什么呢？所以就用社群软体搜寻了一下...,0.9996999502182007,2751,1
2751,5,...一下好了我当时还悠哉地想着这种事。不过根本没办法。我现在已经不是那种会主动和别人攀谈的人了。半夜，我在床上用毛毯裹着身体凝视着手机。里面的内容大致上是去原宿吃松饼，或是到涩谷买衣服，或是很在意谁谁谁什...,0.9997023940086365,2751,1
2751,6,...比赛之类。当时的朋友们看起来都非常耀眼，我还以为自己的眼睛都要闪瞎了。大家都变得像是不同的人如今彼此所处的世界已经不同了呢，然而我甚至没有余裕像这样心痛。顶着一头杂乱的头发又穿着睡衣的我，猛然地反省自...,0.9997029900550842,2751,1
2751,7,...这样下去，我就算成为高中生，也绝对不会有任何改变吧。到时肯定会被世间流行的趋势所抛下，就这样一事无成地长大成人、就业，过着那种像是惰性消化手游体力的人生吧？不，这样就算是就算是我也不要啊！面对如此真实...,0.9997032284736633,2751,1
2751,8,...起身子，搜寻『怎么变成现充阳角』，一边说着不妙不妙一边死死盯着萤幕画面。甘织玲奈子，要从今天开始改变！我要加入可爱女生的朋友圈，热烈地聊着恋爱话题，在放学后绕去化妆品专柜什么的。为了能过上交到出色的恋...,0.9997029900550842,2751,1
2751,9,...相当大的努力。我打理好外表，改变讲话方式，端正姿势，随时保持微笑。就像是揉搓扭曲变形的黏土那般，简而言之就是变得像个像样点的人类了。后来我去考了没有熟人、远离家乡的一所男女同校的高中，以重启人生为目标...,0.9997037053108215,2751,1
2751,10,...天，就像是阳角模范的妹妹还说了『还挺能干的嘛姊姊』认同了我，而且妈妈也放心地说『哎呀哎呀，不错。嗯，非常像样喔』。对不起，国中时期经常不去上学，给家里添了麻烦。玲奈子，会好好融入班级，成为优秀的量产型...,0.9997028708457947,2751,1
2751,11,...是成为一个现充阳角～！如此鼓足干劲的我，遇上了命运的邂逅。那位有个担任出名设计师的母亲，本人也是专业模特儿的超级高中生王冢真唯同学不仅与我同班，座位还超近。王冢同学是金发碧眼的四分之一混血儿，而且还是...,0.9997026324272156,2751,1
2751,12,...上所有人都看得如痴如醉。难道是某某王国的公主殿下悄悄来高中就读吗？班上还曾因此闹得沸沸扬扬。是说，我也曾经在杂志上看过这个人！根根根本就是艺人啊！当时的我对在高中改头换面燃烧着热情。为了要过上最顶级的...,0.9997039437294006,2751,1
2751,13,...嘿嘿，初次见面，我叫甘织玲奈子呃，可以和我交个朋友吗！？』眼见有个庶民胆大包天，王冢同学非但没有砍下她的头，反而是露出宛如太阳般的微笑。『当然可以。我才要谢谢你愿意主动和我搭话。请多指教，玲奈子。』这...,0.9997040629386902,2751,1
2751,14,...日本顶尖水准的美少女。除了家人以外，自读国小以后我还是第一次被叫名字，而且是被这样的人叫。那我当然只能成为她的粉丝了吧！？总之，以第一天的对话为契机，我加入了王冢真唯所属的圈子，进入了这个朋友圈。王冢...,0.9997047781944275,2751,1
2751,15,...度的顶端，连面对王冢同学都能对等交谈，于是，这个圈子成为了这些超级阳角聚集的人外魔境。当时的我还心想『耶～朋友们都是连个性都超可爱的女孩子～！』，暗自欣喜。殊不知在前方等待着自己的是悲惨的未来玲奈子，...,0.9997045397758484,2751,1
2751,16,...冢同学的各种辉煌事迹。『话说以女生角度来看，王冢同学给人什么感觉？唉，以男生来说，就是长着史上最强的一张脸了。』『咦？总觉得世界观差太多了，应该只会觉得啊，今天的王冢同学也好漂亮，真是闪闪动人呢。』『...,0.9997032284736633,2751,1
2751,17,...地主动攀谈就像是来城镇视察的那种受到众人喜爱的公主殿下！』无论男女都沉迷于王冢同学的魅力之中，而我有着随时都能向王冢同学搭话的特权这不是阳角还能是什么！顺带一提，王冢同学在芦谷高中不到三天就创造了自己...,0.9997021555900574,2751,1
2751,18,...。正式名称为superdarling。在少女漫画之类的作品当中会出现那种无懈可击的男性，这是赋予给他们的别称。（darling在海外与性别无关，是对心上人的称呼，因此用在王冢同学身上也没有问题。）就像...,0.9996992349624634,2751,1
2751,19,...花，而我今天也依然能与她处于同一个圈子，实在是很幸福。我还是第一次期待早起出门去上学！然后，这样的生活过了两个月。犹如美梦那般闪闪发光的日子，飞快地流逝。我以完美的方式获得了自己向往的生活如今才一转眼...,0.9996992349624634,2751,1
2751,20,...团，才会导致这样的惨状。除了我以外的四个人都非常可爱，谈吐有趣，脑袋灵光，而且也很懂得察言观色。以人类指数的偏差值来说大约75。偏差值顶多才35的我究竟要如何配合她们度过校园生活呢？这个秘诀就是！『不...,0.9996984004974365,2751,1
2751,21,...注意别说错话，集中精神跟上快速变换话题的快节奏对话，还拼命地露出笑容。结果导致我一回家就会因为没了mp而直接倒在床上！还要在晚上睡前回顾自己当天的行动，盘点失分的地方做出反省！每天都是如此！咦这就是我...,0.9996902942657471,2751,1
2751,22,...虚无的表情陷入沉思。这样简直就像是在一群天鹅当中混进了一只鸭子嘛无须思考，答案已然是不言而喻。没错，阴角是不可能只花两个月就变成阳角的现实也实在是太没梦想了即使如此，就算勉强自己，也依然想和大家相处在...,0.9996939897537231,2751,1
2751,23,...的手机一样开始发烫。于是，今天终于发生了运作不良的反应。我逃离圈子，靠在屋顶的护栏，眯起眼睛仰望天空。「啊风好凉喔」这里没有任何人。不需要看周围的脸色。由于护栏很低，本应该是禁止进入的场所，对我来说却...,0.9997031092643738,2751,1
2751,24,...任何事情。正当我以极度空洞的眼神，半张着嘴，彻底放松全身力量，眺望着遥远的远方的时候我姑且也是受欢迎圈子的一员，在教室里不能露出这种表情，但现在这里没有其他人因此我彻底大意了。关闭了身为人类的开关。背...,0.9997026324272156,2751,1
2751,25,...是王冢真唯朋友圈中的一员，深受老师信赖，为了帮忙才借来的我依然维持空洞的眼神，缓缓转过头。在顶楼的门附近，有位华丽的女子正以震惊的眼神凝视着这边。晃荡着金色长发、身材高&#18487;的美女，在这个学...,0.999703586101532,2751,1
2751,26,...眼看见的光芒的超级女高中生王冢真唯。从裙摆之间露出的双腿十分修长，没有一丝赘肉。腰间就好像总是被紧身胸衣紧紧扣着那般纤瘦。娇小的头部衬托出整体的平衡，无论何时都美得犹如一幅画，应该是这样才对。然而现在...,0.9997033476829529,2751,1
2751,27,...用力一蹬。「玲奈子，不可以！」「咦？」王冢同学以慢动作向这边靠近。她伸出双手的气势让我猛然吓了一跳，便忍不住想要逃跑，将力量放在双手上面。接着，我奋力越过了护栏。「啊。」我的身体不稳地往前倾。顺势滑落...,0.999701201915741,2751,1
2751,28,...道我会摔下去？就这样摔下去？会从头部落在距离顶楼十几公尺的地面？？媒体会在标题写上『现代社会的黑暗，女高中生因为疲于应付人际关系而发生的悲剧！』大肆报导！？眼看身体就要从楼顶摔下去时，就在那个瞬间某人...,0.9997031092643738,2751,1
2751,29,...眼前这么做啊！」「王、王冢」她越过护栏，在抱住我的状态下就这样跳向了空中。「同学！？」一阵浮游感，随后落下。呃，王冢同学也一起掉下来了！？「已经不要紧了，玲奈子。」「我们现在正在往下掉耶！？为什么要跳...,0.9997019171714783,2751,1
2751,30,...紧着我，王冢同学其实是以双手绕过我的腋下将身体固定，同时耳边也传来了她沉着冷静的声音。明明正在自由落体竟还如此游刃有余。难道这家伙会飞吗？「既然是和我王冢真唯在一起，就一定会得救的。因为我运气很好。」...,0.999702513217926,2751,1
2751,31,...着咔沙咔沙的声音，全身感到一股冲击。随后我才注意到自己被树枝勾住了。感觉就像落下来的羽绒被那般，我呈现字形挂在距离地面约莫三公尺高的树枝上，接着缓缓抬起头。我、我还活着「你看，得救了吧根根、根本不算什...,0.9997039437294006,2751,1
2751,32,...雅地跷脚而坐。唯独这里就好像是泳池边的躺椅一样。「你的声音在发抖耶」「因为我知道下面有一棵树，想说顺势跳过去的话应该就能得救。再来，就归功于我的运气实在很好。」「如果你继续抱着这种想法过活，我觉得总有...,0.9997021555900574,2751,1
2751,33,...手脚受了点皮肉伤就了事，我自己也认为这是奇迹，但王冢同学为何是毫发无伤啊我的心跳依然快速。是说，刚才差点就吓得漏尿了。从屋顶上不系安全绳就玩高空弹跳，这也太吓人了。「幸好还活着」我忍不住叹了口气，王冢...,0.9997015595436096,2751,1
2751,34,...么样，我想说你感觉不太对劲就追了过来，看来是正确的选择。毕竟这让我成功拯救了你。」王冢同学那美丽柔软的嘴唇绽出笑容，打从心底松了一口气。是很美没错啦但有个天大的误会「不，那个其实我并没有打算跳楼」原本...,0.9996961355209351,2751,1
2751,35,...一声，抬头望向我。「那么，你当时为何露出想不开的表情？」「我只是在放空而已。」「于是就露出了那种表情？」王冢同学以难以置信的眼神看着我。难道我发呆的脸看起来绝望到像是会跳下去吗？「不，实际上你不是越过...,0.9996963739395142,2751,1
2751,36,...快逃才行」「原来如此。」「结果一个不小心失去了平衡。」「也就是说。」芦高的天照大神顿时双手掩面，藏在自助式的岩户里头。「若是我没有冲向你就好了让你置身于险境之中，这全都要怪我原来是因为我的愚蠢，而导致...,0.9996935129165649,2751,1
2751,37,...心我！该怎么说呢，那个，虽然王冢同学没来的话，我根本也不会摔下来就是！」因为我多余的一句话，王冢同学显得更加自责。「这样啊，一切都是我操之过急误会了吗」「不，我想说的不是这个意思！呃，那个，总之！」我...,0.9996813535690308,2751,1
2751,38,...法在这种时候能言善道，其实根本也不会跑去顶楼啊！「王冢同学并没有任何错，该说是谁都没有错吗？还是说，起因本来就出在我自己身上」我愈讲愈觉得王冢同学身上的耀眼粒子，也就是那些光芒正在慢慢地消失。啊啊啊，...,0.9996603727340698,2751,1
2751,39,...「其实我很不擅长融入众人当中，和别人说话！」我把所有细枝末节的沟通程序全都跳过，直接向她坦承，王冢同学闻言后随即抬起头，眨了眨她那硕大的眼眸。「你不擅长说话？但你总是表现得很有精神又开朗啊？」「其实我...,0.9996769428253174,2751,1
2751,40,...到后微微歪了歪头。看来她似乎是不会玩游戏的那类人。我这样讲她根本完全听不懂！「我很不会和人交谈！所以要是不集中精神，是真的完全跟不上那种彷佛用篮球高速传球般的对话！还会害怕突然陷入沉默，滔滔不绝地讲些...,0.9996756315231323,2751,1
2751,41,...有头绪吗！？你偶尔也会有这种时候吧！非常在意当天的事情，晚上在床上开反省大会，还导致自己睡不着什么的没有吗！？也太厉害了吧！」最后那句是发自内心的称赞。她可以很自然地与人轻松交流，我真的觉得很厉害。像...,0.9991888403892517,2751,1
2751,42,...歇口气那样给自己一点喘息的时间啦！否则的话我会死掉的！」我讲完后不停喘着大气。刚从屋顶跳下来差点丧命的人说『会死掉的』，听起来似乎很有说服力。完美无瑕的完美小姐顿时露出了虚无飘渺的微笑。「原来如此。那...,0.9996947050094604,2751,1
2751,43,...其中的，没想到竟然会把你逼到这个地步，真的很抱歉」「不是的！」也对啦！要是说不擅长交流，会被关心也是理所当然的嘛！我无意中点燃了王冢同学的罪恶感，甚至还火上加油。于是，我想都没想就抓住了王冢同学的衣袖...,0.9996981620788574,2751,1
2751,44,...话题！总之我真的很开心！可是，对了，就像是运动那样！就是虽然很开心却很累的那种感觉！因为我不像大家那样善于和别人交流！」当我这样诉说自己的主张后，这才注意到王冢同学被我的气势压倒，顿时沉默不已，让我猛...,0.9996981620788574,2751,1
2751,45,...了吗看来今天得开一场特大号的反省会，直接开到早上五点王冢同学的眼眸浮现出强烈的困惑感，同时也依然像是要把那一丝连系拉到身边一样开口说道：「原来如此，这样啊。我瞭解你的心情假如我抬头挺胸地这么说，就过于...,0.9997038245201111,2751,1
2751,46,...合我吗？我虽然心里是这样想，但看起来并非如此。王冢同学已经没有看着我，而是把视线偏向斜下方，如此说道。这显然与平常总是充满自信的她有所不同。「如你所见，我是王冢真唯。不仅处于得天独厚的环境当中，我自身...,0.9997032284736633,2751,1
2751,47,...此坦荡荡，不禁会觉得「嗯，她说得没错」。王冢同学一直很厉害。不但是个超级漂亮的美女，还对任何人都很温柔，个性也很好。甚至为了救人不惜从屋顶上跳下去。「大家想必都认为和我在一起会很开心吧。因为我也是尽可...,0.9997032284736633,2751,1
2751,48,...的样子。但是，我偶尔也会这样想大家看到的，究竟是不是真正的我呢有时也会因此而突然感到寂寞。」「意思是」「说不定，我只是在扮演着他人所追求的王冢真唯形象罢了。」在那瞬间，王冢同学与我四目相接，又随即别开...,0.9997040629386902,2751,1
2751,49,...这种莫名其妙的话。你也觉得很不知所措吧。」「不」看着因为害羞而满脸通红的王冢同学，身为阴角的我不禁心想（总觉得她讲的话好像很中二病啊），但与此同时也觉得真正的自己，是吗？「总觉得我好像是第一次听到王冢...,0.9997039437294006,2751,1
2751,50,...认可之下成长，我还以为她的生活一直以来都与这类不安无缘。眼见我讲话含糊，不知道该说什么，她那雪白的肌肤便因为羞涩而染上红晕。「当然，我以前从来没和任何人说过。你失望了吗？」「咦？没有，完全不会！」这是...,0.9997037053108215,2751,1
2751,51,...地努力向上，我觉得能瞭解这样的你真的是太好了！所以我真的打从心底觉得自己也得更加努力才行」一旦开口，我就会专注在自己说话的内容，看不见别人的反应。「可是，如果每天都在努力的话，会感到疲惫也是理所当然，...,0.9996989965438843,2751,1
2751,52,...发光，眼前的屋顶离我是那么地遥远。真亏我从那么高的地方摔下来还能没事呢「是说，我们在树上聊这种事也很奇怪如果王冢同学不介意，下次我们去顶楼吧。让我们好好待在护栏内侧休息一下。」我拼命地挤出笑容，同时朝...,0.9996981620788574,2751,1
2751,53,...，我竟然妨碍你休息的时间，甚至还产生误会，让我们一起摔下来。」「那、那已经没关系了啦！」我前倾着身体如此主张。「不论是刚才还是现在，不管王冢同学是因为什么事情失败，我都绝对会接受你的！说起来，我可是过...,0.9996993541717529,2751,1
2751,54,...这种事根本不可能！不要紧的，你身边还有我！」为什么我会滔滔不绝地说着这种话呢？「自己不应该是这样的，应该还能做得更好才对若是这样想，只是会愈来愈痛苦而已。偶尔休息一下也没关系啊」我这番话犹如随着苦笑吐...,0.9997010827064514,2751,1
2751,55,...不过，这肯定是我自己希望别人对我说的话。为了成为阳角而不断努力，在偶尔想要稍微停下脚步的时候，身旁有人愿意对我说句「没关系的」，我想要的就是这样的一个朋友。「呃为、为什么王冢同学的眼眶湿了啊？」「咦？...,0.999703586101532,2751,1
2751,56,...于害羞，我把脸别向旁边。「只、只是偶然啦，我」是说这样很不妙，我才快要哭了。每天早上好不容易把去上学的妆努力化得漂漂亮亮，都要花掉了。到了现在，从屋顶上掉下来并成功幸存的感觉才开始发酵。膝盖开始抖了！...,0.9997034668922424,2751,1
2751,57,...太厚脸皮了，还是该说是没有自知之明呢！」我一边哭一边啊哈哈地笑着说道。「没有那回事。」哇。王冢同学让金发随风飘荡，唐突地握住了我的手。被温暖又漂亮的白皙双手紧紧握着，害我不禁开始小鹿乱撞。但比起这个，...,0.9997043013572693,2751,1
2751,58,...说得这么真诚，我实在很幸福。」「咦？不，那个，呜呜」「能够遇见你，真的是太好了。」「唔唉唉唉唉？」因为我不善言词，只能把自己的感情完完全全地表露出来，但王冢同学就像是知道该怎么说才会更有效果的恋人那般...,0.9997051358222961,2751,1
2751,59,...刺眼。「不，那个我也是！因为我想要朋友！」这是我发自灵魂的呐喊。王冢同学闻言，脸上顿时露出会令人融化的甜美微笑。「让我们当朋友吧，玲奈子。」「咦？真的吗？」「嗯，让我们当真正的朋友吧。」明明是在同一个...,0.9997051358222961,2751,1
2751,60,...种感觉该怎么说呢，好开心咦？我好开心！王冢真唯与甘织玲奈子。校园的完美恋人，与在高中改头换面的一介庶民。我不禁认为，截然不同的这两个人，正是命中注定的相遇。所以，我也将手叠在握住我的手上。「嗯我们当朋...,0.9997052550315857,2751,1
2751,61,...绽放。我差点就被她身后的神圣光芒给震飞，但不要紧。因为我们的手现在紧紧握在一起。我们就这样对彼此相视而笑，随后我从口袋取出了钥匙。「随时都可以跟我说一声喔。我们到时再一起去休息吧。」「呵呵。」她的笑容...,0.9997051358222961,2751,1
2751,62,...两人的秘密呢。」「咦？啊，呃，嗯没错！」明明是同性，我却觉得这句话听起来很煽情，一定是因为真唯太漂亮了吧「啊，可是不要给我太大的压力哦。因为我会紧张的」「呃，我不记得自己有带给你压力啊。」「唉！骗人！...,0.9997052550315857,2751,1
2751,63,...。不过，我在大多数的场合确实都是正确的」「这句话也太有王冢真唯的风格了吧！」我以前从来没想过会有像这样调侃真唯的一天。我与真唯都出声笑了。今后，若是也能像这样与真唯一边聊着不着边际的话题一边欢笑的话。...,0.9997051358222961,2751,1
2751,64,...树下下去！？」先跳下去的真唯以公主抱的方式接住了我。因为我们是掉在走廊这一边，没有任何人目击到整件事的全部经过，这点也恰恰地说明了真唯『运气真的很好』。我们后来决定分别回去，因为这个关系是『只属于两个...,0.9997046589851379,2751,1
2751,65,...厕所把沾在身上的叶子都清掉了，所以外观看起来应该没问题。我打开门，打算向小圈子的大家低头，就在这时「啊，小玲奈，你刚才不要紧吧！？」「咦？」「因为你刚才一鼓作气就冲出了教室啊。」同一个圈子的紫阳花同学...,0.9997047781944275,2751,1
2751,66,...角的集团。我不习惯这么受人注目，顿时感到惊慌失措。「咦？不，那个。刚、刚才突然感觉怪怪的那个」从今天起，真唯会给我即使与阳角打交道也能努力下去的动力。肯定没问题的。就算一个人我也能找到借口！我可以奇怪...,0.9997045397758484,2751,1
2751,67,...是刚回来的真唯。「你身体不舒服对吧，玲奈子。是为了不让大家为你担心，所以才会这么说的吧？」「咦？不，那个」仔细想想的话是这样子没错啦不过，感觉好像没有准确地表达出原本的状况呃，我就像个不知所措的小人物...,0.9997047781944275,2751,1
2751,68,...眼，释放出强烈的领袖魅力，使得我顿时无话可说，只能不断地乖乖点头。我、我这个朋友是怎么样也太帅了吧那天，我与真唯好几次对上视线，每次都被她的笑容所治愈。「嗳，王冢又有人拜托我问你的联络方式了啦～」「啊...,0.9997050166130066,2751,1
2751,69,...放学啊？」即使被外表稍微有点华丽的女孩子们包围，真唯也笑脸迎人地回应她们。「这也没办法啊。毕竟王冢真唯是独一无二的嘛。」真厉害。在真唯的背后看得见蔷薇园。「连这种话听起来都不像挖苦，证明了格调的差距呢...,0.9997051358222961,2751,1
2751,70,...行呢。」「咦？你有那方面的兴趣吗？」「怎么会。可是毕竟她是完美恋人嘛。」眼见女孩子们聊得很投入，帅哥圈的男孩子也说了声「喔，看起来聊得很开心嘛」然后混进里面，真唯的周围转眼间变得不再是蔷薇园，而是筑起...,0.9997051358222961,2751,1
2751,71,...她随即对座位有些距离的我莞尔一笑。「～～～～！」「小、小玲奈，你怎么了？肚子又痛了？」我趴在桌上苦闷地颤抖，结果又再次让朋友担心了。对不起。如此受到众人欢迎的王冢真唯，是我的密友。这真的就像是在做梦一...,0.9997052550315857,2751,1
2751,72,...王冢真唯所取代。啊，如果与真唯的关系能更加融洽就好了。尽管这样想实在是有点操之过急，但总有一天，我要成为她心目中最好的朋友说笑的！我满心雀跃地幻想着这种令人害羞的事情。不过，隔天到了顶楼。就像是刚睡醒...,0.9997051358222961,2751,1
2751,73,...赤、别开视线的真唯。「抱歉。看来，我是把你视为一名女性，喜欢上你了。」「」我在太阳底下，被真唯告白了。「啊？」等一下！说好的当朋友呢！？第一卷第一章恋人什么的，绝对不行！我第一次被人告白，而这个对象竟...,0.9997040629386902,2751,1
2751,74,...」放学后，刻意在不被任何人发现的情况下来到了顶楼的我，正抱着头苦恼不已。放学后那恰到好处的喧嚣氛围将我慢慢地推向内心的空间。然而，就像是要阻止这个行为般，那个比在蓝天当中绽放光芒的太阳还耀眼的女孩子，...,0.9997043013572693,2751,1
2751,75,...该没有其他喜欢的对象吧？」「是这样没错！是说真唯你为什么要跟过来啦！」「因为你的回答太模棱两可了。这样下去，我晚上会睡不着的。这样很伤脑筋。」「啊～真是的」光是被那张端正的脸庞注视就让我感到紧张，脑袋...,0.9997034668922424,2751,1
2751,76,...与她相处，现在有种被先发制人丢了颗炸弹的感觉。「话说，『喜欢上了』这种话是不是太快了？我们两个单独说话才只是昨天的事耶？」「是这样没错。」真唯任由风吹抚她笔直垂下的金色长发，同时将身体靠向护栏。「你接...,0.9997037053108215,2751,1
2751,77,...到你的脸，胸口的悸动就无法停止。那在我的人生当中，是非常震撼的一件事当我意识到这点时，便注意到了。我喜欢你。」「太夸张了啦」眼见真唯陶醉地说着这番话，我不禁一脸无奈地吐嘈。「要是看到王冢真唯一脸沮丧，...,0.9997046589851379,2751,1
2751,78,...间在我眼前的，就是你。」一道强烈的视线射穿了我。简直就像是被突然抱紧似的，胸口顿时喘不过气。「又不是什么雏鸟效应是说，就只因为这么一次就向对方告白，再怎么样这也太容易被攻陷了吧」眼见对方对自己倾诉着如...,0.9997052550315857,2751,1
2751,79,...。我为了掩饰害羞而转过头，真唯却误会了我这样的态度。「果然。我们是两情相悦啊。」「才不是！我是作为朋友！是以朋友的身分喜欢着你啦！」我竟然对真唯说得这么直而且还是昨天才交心的。尽管我也认为自己无意间说...,0.9997051358222961,2751,1
2751,80,...那是误会，玲奈子。你是把我视为恋人喜欢着我的。」「一旦与你为敌，你这种无谓充满自信的地方还真是麻烦到了极点耶！？」区区小市民的我选择与真唯一步一步地拉开距离。感觉快要被洗脑了。我要振作点！「你之所以会...,0.999704897403717,2751,1
2751,81,...象是身材高&#18487;的混血模特儿真唯，就算双方都是女性也无所谓。我想有这种想法的女生应该为数不少。毕竟她有钱、温柔又亲切。如果说整个年级最漂亮的人是真唯，那么即使包含男生在内，整个年级最帅气的也...,0.9997050166130066,2751,1
2751,82,...真的是名符其实的完美恋人不，这番言论可跟我喜不喜欢她无关哦？「看来也不是完全没有机会呢。」「没有！不行！不行就是不行！」还有，别那样毫无防备地观察别人的脸啊！这样我会心跳加速的！我为了避开她凑过来的动...,0.999704897403717,2751,1
2751,83,...种能一直共同度过学校生活的挚友。」没错，那就是我理想中的校园生活。当然，也许我有朝一日会想要个恋人，但不是现在。我要与真唯去各式各样的地方游玩，偶尔在家里打电动同乐。这样肯定会很开心，我想要过上那样的...,0.9997050166130066,2751,1
2751,84,...强调这点吗？」「才没有特地强调！是说挚友是不能向上兼容成恋人的！这两者是完全不同的！」「可是玲奈子。明明喜欢的对象向自己告白，你却说当挚友更好，这样的性癖感觉相当别扭呢。你喜欢的是没有交往，只有肉体方...,0.9997051358222961,2751,1
2751,85,...！为什么讲得好像我已经喜欢上你了啊！」「会有不喜欢我的人存在吗？」「啊啊，真是的，笨蛋！你这个笨蛋！王冢真唯！」怎么会有这种女人啊。昨天的我是打算怎么和这家伙好好相处下去的？现在完全搞不懂了。「我把话...,0.9997053742408752,2751,1
2751,86,...就分手的话，肯定会很尴尬的，接着还要转去其他的小圈子怎么说，你想想，彼此都会不喜欢这种感觉吧！所以我拒绝发展成恋人这种不稳定的关系！」真唯就像是在哄着哭闹的小孩那般，温柔地露出微笑。「原来如此，我也能...,0.999704897403717,2751,1
2751,87,...你的想法很惹人怜爱，但不要紧的。因为我们是不会分手的。」我可没有像你对自己那么有自信啊！「现实是没有那么顺利的，就算真唯是再好的人喜欢的心情也有可能会突然就冷却下来。」「你有过这种经验吗？」我不禁吓了...,0.9997040629386902,2751,1
2751,88,...露出无畏的微笑，我僵硬地把脸转过，起嘴巴对着她喃喃说道：「是没有啦。」甘织玲奈子。单身的时间＝年龄。我从实招来后，真唯「呵」地笑了一声。我生气啦！「是没有啦！但一般来说都是这样的吧！我根本没听过有人从...,0.9997040629386902,2751,1
2751,89,...有经验吗！」真唯把手放在自己的胸前，露出就像是要对神起誓的新娘那般真挚的眼神如此宣告：「当然，我也从未与任何人交往过。」「看吧！我就知道！我就知道！」「因为我早就决定了，我的第一个恋人，就是我最后的恋...,0.9997037053108215,2751,1
2751,90,...红啊，真是的。我喘着大气，同时瞪向真唯。「看来不管再怎么说，我们始终都是平行线呢」「是啊。尽管我确信我们不会分手，但你却主张反正肯定会分，固执地认为当挚友对彼此来说才是更好的。」「虽然你解释起来感觉怪...,0.9997038245201111,2751,1
2751,91,...实际上，被她告白也只是徒增我的困扰而已。因为我在小圈子里面明明连正常交流都有困难了，这样的我竟然还得和恋人交往？绝对不行的吧。在我的人生当中还没有过喜欢的对象耶。约会是什么？能吃吗？我大概就是这种水准...,0.9997044205665588,2751,1
2751,92,...的话倒还有救。放学后绕去咖啡厅，或是一起去哪游玩，享受共同的兴趣什么的。就算是我好歹也有交过朋友。所以我十分清楚个中乐趣。虽然现在已经被国中的朋友排挤了就是不管怎么样！总之我希望真唯也能明白这点。我们...,0.9997050166130066,2751,1
2751,93,...微风吹拂着真唯的金发。她压住犹如光线那般的长发，开口说道：「那么，就采折衷方案吧。」「什么意思？」真唯好似对这未知的关系没有感到任何不安，脸上挂着嫣然的微笑，如此提案。「我期望的是恋人关系，而你则是挚...,0.9997045397758484,2751,1
2751,94,...。」「这个嘛，是没错。」「若是我现在说『不，既然当不了恋人，那也不可能当朋友了。麻烦你今后在学校别向我搭话』，你也会很为难吧？」「咦？这个」胸口的悸动愈发激烈。突然有种世界正从我脚下逐渐崩坏的那种感觉...,0.9997047781944275,2751,1
2751,95,...我胆怯地皱起眉头，真唯突然慌了手脚。「抱、抱歉。刚才是开玩笑的。当然，我无意做出对你不利的事情，因此伤害到你。」「这样啊不，其实是没关系。我只是稍微吓到而已喔？」「嗯，那就好。不过该怎么说呢，明明对方...,0.9997044205665588,2751,1
2751,96,...明白这其中的痛苦。」「这个嗯」虽然不是很能理解，但我想那肯定是非常难受吧。「所以，才要提出折衷方案？」眼见我不再那么坚持，真唯露出不疑有他的态度，深信这是对我们两人来说最完美的解决方案，点头说道：「没...,0.9997047781944275,2751,1
2751,97,...是挚友，有时是恋人。让我们这样交互尝试看看吧』，然后她又说『以这个方式作为判断基准，来决定我们到底适合当恋人还是挚友，一决胜负吧』。回到家后，我泡在浴缸里面，茫然地望着天花板。从以前开始，我就有想事情...,0.9997047781944275,2751,1
2751,98,...水里的我，用手轻轻地晃动着我最近莫名开始成长、有些不知该如何是好的胸部。「怎么会这样」并不是指体型。是说从刚才开始，真唯的微笑就一直在我的眼眸深处挥之不去。那个犹如女王陛下般的形象真的是很犯规。而且脸...,0.9997047781944275,2751,1
2751,99,...，今天就被告白。然后「是要当恋人，还是挚友，是吗」在晴空万里的初夏顶楼，真唯如此对我说道。『当恋人的日子，我会让你知道成为恋人的美妙之处。若是在这种情况下你依然无论如何都无法接受，我也会老实放弃。毕竟...,0.9997051358222961,2751,1
2751,100,...子则是相反。我会让真唯体会当挚友有多么美好。轮流扮演体验版的恋人与体验版的挚友，让对方认为『果然还是这样的关系更好』便赢得胜利。我们将会以彼此一同决定的关系，度过今后的校园生活。就是这样的游戏。「事情...,0.9997047781944275,2751,1
2751,101,...泡。体验版的期间是整个六月。换句话说，就是为期一个月的战斗。因为我不会承认恋人关系，所以是不可能会输的，不过要改变真唯的想法，我想也是相当困难。但如果一开始就放弃，事情就没办法开始了。我也是因为下定决...,0.9997041821479797,2751,1
2751,102,...我鼓起干劲之后站起身子。「我再也不要孤单一人了！我要赢得最棒的校园生活！」我独自在浴室里面吆喝激励着自己，结果被妹妹听到，她以怜悯的眼神看着我说「姊姊，我还以为你已经变正常了」，即使如此，我也不会气馁...,0.9997044205665588,2751,1
2751,103,...0045;&#10045;&#10045;至于哪天要当朋友还是恋人，真唯提议『好，那么为了一眼就懂，就依据我的发型变化来决定吧』。扎起头发的状态是朋友，放下头发的话就是恋人。关于这点，感觉就像是在玩对...,0.9997043013572693,2751,1
2751,104,...，开战后的第三天。也就是六月第一周的午休时间。我来到中庭的自动贩卖机买饮料，一脸不耐烦地把跟着我过来的真唯拉进了没什么人的女厕。「哦。原来你这么想和我独处啊。」「才不是！呃，是这样没错啦，但不是你说的...,0.9997045397758484,2751,1
2751,105,...。「真唯，你差不多也该扎起头发了吧！为什么连续三天都把头发放下来啊！？」真唯哼笑两声，拨了拨浏海，让寒酸的女厕背景绽放出百合。「我这没有一丝睡乱的柔顺秀发。要是不放下来的话岂不是太可惜了？」真唯就像护...,0.9997046589851379,2751,1
2751,106,...而下的金发反射着光芒，熠熠生辉。「可是这样就没办法比赛了啊！」「说得也是。」真唯用指头缠着头发，同时点头。「话虽如此，我们在此之前已经当了两个月的朋友。若是不稍微多过一些恋人的日子，不觉得这样我很吃亏...,0.999704897403717,2751,1
2751,107,...等、等一下！？」「没关系吧？毕竟今天是要表现得像对恋人的日子。」「在、在学校要是被其他人看到该怎么办啊！」「我不介意啊。」放在腰间的手光是轻轻一动，我便敏感地起了反应。虽说女高中生之间的肢体接触与打招...,0.9997047781944275,2751,1
2751,108,...手清楚传达过来的感情，说白一点就是类似情欲那样的思绪都传达了过来彷佛在向我诉说这可不是在闹着玩，而是来真的。「我、我介意啊你的手，动作太下流了」她以指头不断地敲着我的腰间。然后顺着身体慢慢往下滑，移动...,0.9997044205665588,2751,1
2751,109,...这样黏着我，到底是想怎么样啊真唯原来是这样的人吗？是说，你就那么喜欢我吗？」我原本为了牵制她而打出的刺拳，反而被她漂亮地接住了。「嗯，喜欢啊。」红中直球。这家伙这家伙实在是讲这种话，我肯定会害羞的啊真...,0.9997041821479797,2751,1
2751,110,...就好比是头黄金猎犬，像是在把气味留在我身上一样。「我到底有哪点好了实在是无法理解」「原来如此。看似想让我觉得你对自己没有自信，其实是打算从我这里得到赞赏，让我倾诉爱意吗？尽管嘴上说不愿意与我成为恋人，...,0.9997027516365051,2751,1
2751,111,...是百分之百认真的！不要把别人讲得很像在讨拍一样好吗！」我进一步甩开真唯的手。感觉变得像功夫片一样了。「我说啊，你就是这种地方让我觉得无法接受！因为你总是这样！」「哦？」「你无时无刻都充满自信！摆出一副...,0.9997039437294006,2751,1
2751,112,...如果你认为只要表现得稍微强硬一点我就会立刻倒向你那边，那可就大错特错了！」这三天来我学到了一件事，那就是拐弯抹角的讲法对真唯是不管用的。如果不愿意却没有直接了当地表达出来，真唯就会不断做出对自己有利的...,0.999704897403717,2751,1
2751,113,...个总是在小圈子观察大家的脸色，在适当的时机适当地附和。老是在注意要如何不引人注目，不被人认为自己在得意忘形的玲奈子，是没办法与真唯正面交锋的！「这样啊。」真唯以手扶住下腭。她的眼眸彷佛在说，不过是寿司...,0.999704897403717,2751,1
2751,114,...呢？「不过，就算你这样说，所有事情确实一直都在我的掌握之中啊」「」我无言以对。王、王冢真唯连我这带刺的拒绝之铠也丝毫不起作用，她优雅地拍了拍我的头。「我是不会放弃的，所以玲奈子你就认命吧。」我第三次推...,0.9997051358222961,2751,1
2751,115,...倒是想把真唯这种不论做什么都能顺心如意的傲慢想法狠狠破坏掉了」真唯闻言，一脸意外地凝视着我，随之露出了微笑。「这番措辞听起来相当粗鲁呢。你要好好地履行身为恋人的职责喔。还是说，你面对最爱的女性依然会说...,0.999704897403717,2751,1
2751,116,...和我成为恋人了？」「不，我反而更喜欢你了。」「为什么啊！」眼见我抱头苦恼，真唯露出楚楚动人的微笑，同时如此说道：「对于任何事情都能如愿的我而言，有这么一件没办法掌握的事情，实在令人开心。而且和你在一起...,0.9997050166130066,2751,1
2751,117,...子。」「别做出会让我骂你的事情啦！」真唯明明被骂了，脸上却显得十分开心，实在是莫名其妙！结束恋人之间亲密的对话（讽刺）之后，我回到了教室。同一个圈子的女孩濑名紫阳花同学一看到我，随即打了声招呼说「欢迎...,0.9997050166130066,2751,1
2751,118,...普通通的人，以及贫穷的帅哥，你会选择和哪一边交往呢？」「唉？唉唉？」我以为她是把摊开在桌上的那本杂志里面的问题直接拿来问我，没想到她突然抬头望向我笑着说道：「虽然我是这样问啦，但老实说和有钱还是没钱其...,0.999704897403717,2751,1
2751,119,...犹如天使般的笑容照耀，刚才与真唯争辩之后的那种带刺感觉顿时受到了净化。「啊，不过比起孩子气的人，还是沉着稳重的人比较好吧？」「喔，我记得你好像有两个年幼的弟弟对吧」「没错没错，他们很顽皮，让我很伤脑筋...,0.9997047781944275,2751,1
2751,120,...是个娇小的妖精一样惹人怜爱。她的个人特征是名为天使羽毛剪那种卷起的浏海。紫阳花同学会散发出一种轻飘飘的氛围，就好比是存在于此便能缓和班上气氛的花束。真唯圈子中最明理的人，笑容惹人怜爱，对任何人都温柔以...,0.9997045397758484,2751,1
2751,121,...甚至会让人觉得要是被紫阳花同学讨厌的话就完蛋了。真可怕。「紫阳花同学真的很疗愈呢。能跟你交往的人肯定很幸福」「咦～？突然夸我，我也只能露出笑脸给你喔？」紫阳花同学对我微笑的同时，还附赠了双手比v的手势...,0.9997047781944275,2751,1
2751,122,...学，我可能还会再烦恼一下。但不行。因为紫阳花同学是大家的天使，我不能一个人独占她。当我与紫阳花同学和乐融融地聊着流行的连续剧时（※虽说是沟通白痴，但如果是两人独处我也能好好说话！一下子还是可以的！），...,0.9997043013572693,2751,1
2751,123,...了教室。气氛忽然间鼓噪了起来。「唉，听我说听我说，听说真唯前阵子去了饭店的会员制泳池耶！不觉得很厉害吗？很夸张吧？哎呀～泳池真好呢！泳池泳池！」「香穗，你有这么喜欢泳池吗？我看你只是羡慕真唯而已吧？」...,0.9997041821479797,2751,1
2751,124,...！酒吧台，还有真唯出众的泳装模样～！」「与其说嫉妒，反而单纯地让人火大呢。因为实在太适合了。」被香穗与纱月同学夹在中间的真唯露出微笑说「有那么适合吗？」。她那堂堂正正的态度，俨然是女王应有的威严。王冢...,0.9997037053108215,2751,1
2751,125,...人一旦真唯圈子聚在一起，教室的一角就会像是水晶洞窟那般耀眼。这样的光芒实在太过强烈。看吧，周围不管是男生还女生都纷纷瞥向这边。毕竟身为中心人物的真唯自不用说，其他成员也是任谁都无法忽视的那种存在嘛。不...,0.9997038245201111,2751,1
2751,126,...经在传播着幸福。虽说我并非像真唯那样喜欢同性，但即使如此，还是会觉得可爱的女孩摆出可爱的模样真的是非常可爱。光是看着就会教人很幸福呢。当我消除自身的存在感后，这个小圈圈的开心果香穗便「嗳」了一声示意大...,0.9997032284736633,2751,1
2751,127,...大家一起凑一套夏装！」「不行。我很忙。」「哎呀呀，纱月同学，你有什么事吗？」「自主学习。」紫阳花同学「哇～」了一声表示佩服，香穗则是「唔」了一声摆出苦涩的表情。「别这样嘛～！小纱月给人一种高学历大学生...,0.9997045397758484,2751,1
2751,128,...「真烦人」「好过分！」真唯眯起眼睛，「哈哈哈」地笑着。「就算你这么努力，下次考试还是赢不过我喔。」「你这家伙你这家伙！」眼见纱月同学散发出杀意波动，我不禁在内心感到同情。「真好呢～我也一起去看衣服好了...,0.9997043013572693,2751,1
2751,129,...话题抛向这边，害我的大脑瞬间当机。随后，我战战兢兢地举起手。「我、我我我、当然会陪大家一起去！」「咦？玲奈亲，你刚才的声音是不是在抖啊？」「没没没有这回事。」我挥舞双手佯装镇定，脸上挂着笑容。『被人邀...,0.9997039437294006,2751,1
2751,130,...成文规定。若是与这个圈子在放学后一起行动，我的人类指数肯定会干枯见底，在途中倒下，即使如此也非得赴约不可。因为，我不能表现出任何一点不情愿的态度。这是为了不再重蹈覆辙。眼见我的脸上挂着僵硬的笑容，真唯...,0.9997046589851379,2751,1
2751,131,...去吧，虽然我是想这么说」真唯说「至少纱月已经确定要看书了」，自然地排挤了纱月同学。纱月同学听到后「咦？」了一声。看来如果大家都去的话，她也是想去的真唯稍微瞥了我一眼。嗯？「很可惜，我今天已经有约了。所...,0.9997046589851379,2751,1
2751,132,...因为大家也都习以为常了，便说着「这样啊～」接受了她的说法，但只有我注意到真唯其实是对我伸出了援手。她这份温柔表现得若无其事，而且强而有力。我感觉到自己因为她的关怀而松了口气，心情有点复杂。这是因为真唯...,0.9997046589851379,2751,1
2751,133,...心扉不对，若她是以朋友的身分为我解危的话其实还蛮开心的？这样啊，很普通啊，这样很普通。嗯，那就没事了。谢谢你真唯！内心的矛盾结束。「明天也要小考，所以香穗最好还是回家念书。纱月也加油吧。即使你一辈子都...,0.9997047781944275,2751,1
2751,134,...么我会和这种人成为朋友啊」「好啦好啦」紫阳花同学居中调解。虽说看在旁人的眼里这两人的关系十分险恶。但纱月同学与真唯好像在进入高中就读之前就是朋友，感情好到可以斗嘴。与其说会斗嘴，其实比较像是纱月同学单...,0.9997045397758484,2751,1
2751,135,...，现在已经觉得这是家常便饭，轻松就带过了。「真是的是无所谓啦，反正你从以前开始就是这种人了。」纱月同学的态度就像是在等紫阳花同学来调解那样，深深地叹了口气。她唠叨了真唯好一阵子，叮嘱她别太得意忘形，同...,0.9997033476829529,2751,1
2751,136,...。「啊哈哈那么，今天就各自随意解散对吧。」就像是要为既定流程做个总结那样，我插嘴说道。提议去逛街的香穗也笑着说「那就下次吧，一定要喔！」。一旦真唯做出决定，就会像这样没人感到不满，感觉无所谓，真是不可...,0.9997041821479797,2751,1
2751,137,...再次切换话题。「最近真唯和玲奈亲发生过什么事吗？你们关系是不是变好了？」「唉！？」糟糕。由于香穗太敏锐了，害我夸张地大吃一惊。「没、没那回事吧！我们关系很普通啊！」「否定成这样，倒是让我很受伤呢。」「...,0.9997041821479797,2751,1
2751,138,...正在笑。这家伙竟然捉弄我！「看吧，就是这种地方！你们的眼神交流感觉很色情！」色、色情！？我不知该如何回答香穗的指摘才是正确答案，一下子不知所措。此时，纱月同学在香穗头上轻轻地给了一记手刀。「甘织都在为...,0.9997020363807678,2751,1
2751,139,...也没办法啊？毕竟我主推真唯嘛！你看，连推的颜色也有。」香穗说着说着，就把发夹的缎带秀给我们看。她这样看起来就像在偶像的握手会上偶尔会混进来的那种，跟偶像一样可爱的女孩子。然而，看见那条以真唯的头发为形...,0.9997040629386902,2751,1
2751,140,...有外貌的自大狂喔。」「唉～？小真唯是非常好的女孩喔。对吧？」「紫阳花真是瞭解我呢。」紫阳花同学和真唯同时喊了声「对吧～？」，相视而笑，但相较之下，我对纱月同学的话更有共鸣。这样啊，这个圈子里面唯一理解...,0.9997033476829529,2751,1
2751,141,...人组的另一面，我不禁感到诧异。此时突然有人从背后抱住了我。「咿呀！？」「不过呢，确实是这样。」耳边感觉到真唯的吐息，害我吓得寒毛直竖。在这么多人面前！？仔细想想这家伙刚才还说什么我不介意！我僵在原地，...,0.9997038245201111,2751,1
2751,142,...奈子呢。」公主殿下说出了我听得毛骨悚然的这番话，紫阳花同学听了后笑了起来，纱月同学一脸冷淡，香穗则是震惊地追问真唯说「为什么！？」，同时被真唯挠着头发。这景象真的是一如既往，与从前不同的人只有我。眼见...,0.9997039437294006,2751,1
2751,143,...道：「玲奈亲，你的脸也太红了！」唔。真的是，到底是怎么样啦我偷偷地瞪向笑得一脸开心的真唯。我不是要学纱月同学讲话，但这家伙为什么会喜欢上我啊我既不像紫阳花同学那样是个对谁都温柔以待的天使，也不像纱月同...,0.9997045397758484,2751,1
2751,144,...天然呆角色。真的是莫名其妙。该不会这其实是阳角们的整人计画，而我被她们蒙在鼓里吧？再不然，就是真唯的脑子出了问题。「肯定有问题吧！」「什么意思？」「当然是指这个状况啊！说什么『约好了』！你所谓的约好了...,0.9997045397758484,2751,1
2751,145,...」「说得也是。感谢你愿意赴约。」眼见感谢着我的真唯露出彷佛能封杀所有言论的那种聪慧微笑，我也只能握住拳头发出沉吟。不管怎么样，被邀请就无法拒绝的人是我。况且她能为此感到高兴，我也很开心，自然没办法再强...,0.999704897403717,2751,1
2751,146,...对吧！？」「嗯。我觉得这是最能回应你期待的答案了。」端着茶杯的真唯，现在竟然是穿着泳装。这也是应该的。因为这里是位于赤坂的超高级饭店的泳池。「肯定有问题吧！」我再次叫了出来。放学后，我受到真唯的邀请，...,0.9997044205665588,2751,1
2751,147,...遭到出其不意的袭击，但我还是随口回说『那么，就去咖啡厅之类的』。当然，要是与五人起外出相较之下，感觉这样更能抑制mp的消耗量，但与真唯两人独处，当然还是会感到紧张。而且（虽说是体验版），这还是与恋人初...,0.9997046589851379,2751,1
2751,148,...运动热身的想法，找个不太有那种气氛的地方约会，于是提议绕去附近的咖啡厅。真唯闻言，便露出了犹如公主殿下那样的笑容说『咖啡厅啊。那我知道一个好地方。我早就想说一定要带你去呢』，随后便拉着我的手。我们就这...,0.9997047781944275,2751,1
2751,149,...后再绕去其他地方也行吧虽然我是这样想，但真唯是个知名人物，确实不太可能在芦谷的学生会出没的咖啡厅好好放松。这样也没办法了，我就好好奉陪她吧～反正现在的我们是对恋人嘛，我不禁如此心想。是这样想没错『就是...,0.9997046589851379,2751,1
2751,150,...一跳，完全停下脚步，真唯就这样慢慢拖着我，满不在乎地走在饭店里面。她拿出专用卡片刷过电梯，目的地是vip的套房楼层。眼前是电影中会由黑衣人士引导总统之类的人前进的那种走廊。真唯虽然身穿制服，但走在这里...,0.9997040629386902,2751,1
2751,151,...外。后来，在柜台收下了泳装的真唯换好衣服，与依然穿着制服的我就这样在泳池的咖啡厅喝着茶事情就是这样。「重新回顾了一下整个过程，真的是莫名其妙呢」傍晚的屋内泳池有华丽的贵妇、看似公司社长的人，再不然就是...,0.9997040629386902,2751,1
2751,152,...」是说，明明是泳池里面的咖啡厅，座椅却是松软的沙发，这也太厉害了这样明明会被弄湿啊「这里的蔷薇果茶可以滋润游泳之后的身体。」我望向菜单。上面没写价位。「咦这要多少钱？该不会是一杯两千圆之类的吧？」「泳...,0.9997038245201111,2751,1
2751,153,...你办了会员证，如果你有时间，以后也能自己一个人过来喔。」「我的胃会穿孔的啦！」因为我顺着当下的气势直接吐嘈，也直接目击到刚才都尽量不去看的真唯穿泳装的模样。唔真唯身穿绯红色的一套比基尼泳装。身材苗条，...,0.9997031092643738,2751,1
2751,154,...金比率，彷佛连肉体的每个角落都贯彻着真唯的意志。而且，看着她穿泳装的模样，感觉她就像小时候爸妈买给我的人偶「别说是不像日本人了，你根本就脱离现实了吧若是有像精灵那样的尖耳朵好像还比较安心」为什么要换上...,0.9997041821479797,2751,1
2751,155,...没办法的因为她实在太适合穿泳装了。我啜饮一口真唯推荐的蔷薇果茶。哇，确实很好喝原本我先入为主地认为外行人肯定没办法享受这种饮品，但这种茶清爽又顺口，假如在放学路上有卖我肯定会爆买一波。不，这绝对很贵！...,0.9997041821479797,2751,1
2751,156,...「只要是会员，就可以从种类高达数百种的泳装当中免费租借喔。如何？要不要一起稍微游一下？」「我、我是来咖啡厅的！怎么可能游泳啦！」「比起一般的咖啡厅，你不觉得附有泳池的咖啡厅更能满足你的需求吗？」「不要...,0.999703586101532,2751,1
2751,157,...无敌的想法！」在这个场合，穿着制服确实会比穿泳装还要来得更加格格不入。我当然也会对这样的情况感到害羞。但更重要的是目睹真唯这种美女的泳装模样，我这种人怎么可能还敢脱下衣服啊！「这样啊。不过我原本就没打...,0.9997043013572693,2751,1
2751,158,...得把头发扎起来吧？这样的话，与你约会的时间就会犹如泡沫般溶化掉了。」「啊，是因为那个规则啊。」原来如此。把头发放下的时候是恋人，绑起来的时候是朋友她打算彻底遵守这个规则。真唯拿起时尚的茶杯，在享受着香...,0.9997038245201111,2751,1
2751,159,...刻吧。享受这个只属于我和你的时间。」「这个嘛，嗯。」听着啪嗒啪嗒的水声，咖啡厅的时间缓缓流逝，我彷佛误入了与宛如惊涛骇浪般的学校截然不同的世界。然而，我完全不讨厌这样。身穿泳装的真唯美丽得如梦似幻，几...,0.9997045397758484,2751,1
2751,160,...的情绪全都被蔷薇果茶吸收，犹如砂糖般融化了。尽管不甘心，但这里确实令人平静。不愧是真唯自信满满推荐的『好地方』。我用双手包住茶杯，同时喃喃低语道：「该怎么说，谢谢你。」「嗯？怎么了，这么突然？这样很可...,0.9997045397758484,2751,1
2751,161,...低声说着：「该怎么说，我确实觉得像这样的感觉好像也很不错，我一个人的话是绝对没办法来这种地方的所以，谢谢你带我来我是对此表达谢意。」「呵呵呵。」「你笑得也太开心了吧。」「虽说得归功于这个情境，但既然能...,0.9997050166130066,2751,1
2751,162,...谢谢你啊。只能说你唯独品味真的是一绝。」虽然觉得很不甘心，但既然她现在心情大好，就乖乖地顺着她吧我心不在焉地望着泳池。这里不仅宽敞，水也清澈透明，晚上似乎还会点灯。若是与真唯的关系变得比现在更加亲密，...,0.999704897403717,2751,1
2751,163,...一个充满魅力的想法「那明天见啰。」「嗯，明天见。不过，真的不用送你回去吗？我们到途中都是走同一条路。」「没关系啦。到这里就行了。」我们在赤坂车站的剪票口前。真唯本来好像要叫车来接我们，但对我这么好实在...,0.9997051358222961,2751,1
2751,164,...，我们要在这里道别了。」即使以我笨拙的察言观色能力，也知道真唯究竟有多么不想分开。这还是我第一次见到校园的完美恋人面带愁容，表现得如此寂寞。「是说，明天你总该把头发绑起来了啦。也差不多该切换成挚友模式...,0.9997050166130066,2751,1
2751,165,...很开心。」真唯不客气地轻轻碰了我的头，触碰我的那只手很烫。虽说为了不妨碍别人通行，我们站在角落，但还是有可能会被其他人看见。况且真唯又特别会吸引行人的目光。「不，那个」她柔软的手指滑到了我的下腭。她将...,0.9997050166130066,2751,1
2751,166,...就像是被人不断攻击要害。真唯的脸缓缓靠近。这是先让猎物动弹不得再收拾掉的手法。从这层意义来说，真唯想必是天生的猎人吧。可是我用手掌挡在两人的嘴巴之间，目不转睛地凝视着真唯。「我可不是那种随便的女人，会...,0.999704897403717,2751,1
2751,167,...起眼睛莞尔一笑。下一瞬间，她使劲地抓住我的手腕，解除了我的防御。「咿！」真唯把嘴唇凑到我毫无东西遮挡的嘴边等、等一下等一下，真唯你怎么可以眼看就要触碰到了，她却猛然停下。「唉？」「我没有兴趣强人所难。...,0.9997047781944275,2751,1
2751,168,...我的鼻头。一直僵着身体、动弹不得的我听到这个唇音后，立刻回神。「！？」我慌张地后退，用双手捂住嘴巴。什、什、什刚才，嘴唇，啾了一下，就在刚刚！「玲奈子真的好可爱啊。」不对，刚才的不是这样。我怎么可能因...,0.9997045397758484,2751,1
2751,169,...击退了真唯，没想到随后立刻被反将一军，害我吓了一跳而已！真是的！「不是啦总之不是这样！」在一对一的状况下感受到真唯全心散发的好意，害我觉得自己就像是在流动泳池当中的鸭子。真唯实在是太过强势，我渐渐失去...,0.9997051358222961,2751,1
2751,170,...次绝对要切换成挚友模式！我会告诉你其中的美好的！」我像是要散发热气那样大声喊叫，瞪视着真唯。而真唯依然是一脸开心。「那真是让我期待。玲奈子为了我思考的约会行程啊。作为你的挚友实在是很幸福呢。」「这才不...,0.9997050166130066,2751,1
2751,171,...的！啊！女孩子真的很麻烦耶！」「既然这样，我们当恋人不就得了？要不断切换两种身分不是很麻烦吗？」「我不管！你别吵！我就是要当挚友！就是要！」真唯耸了耸肩。结果到最后我变得像是个在耍脾气的小孩子。太失败...,0.9997050166130066,2751,1
2751,172,...次的行程喔。」「是是是！电车要来了，我得走了！再见！」「再见我喜欢你喔，玲奈子。下次我会吻在嘴上的。」真唯用手指轻轻戳了戳我的鼻头，随后便离开了。我被留在原地，现在脸上肯定是红成一片吧。啊啊，真是的，...,0.9997052550315857,2751,1
2751,173,...摆布。如果一直看着她那飒爽的背影，反而像是我喜欢上她一样，所以我便抱着将连在苹果上那层薄薄的皮扯下那般的气势，转身往回走去。好累。最后那波应对直接让我累坏了当恋人果然会让人喘不过气。会害羞、会难为情，...,0.999704897403717,2751,1
2751,174,...唯。接下来轮到我好好地教导你当挚友的有趣之处。」我以其他人不会听见的音量小声嘟囔，在车站月台重新启动内心的干劲。怎么可以一直被真唯的步调牵着鼻子走呢！隔天，我用sns传了讯息，邀请了确实将头发绑起来的...,0.9997045397758484,2751,1
2751,175,...摆出若无其事的表情努力避开了她的视线。因为这没什么好奇怪的吧。不过就是把挚友叫来家里玩而已！&#10045;&#10045;&#10045;看到完美恋人一副紧张的模样，其实让我相当开心。「所以呢，这里...,0.9997047781944275,2751,1
2751,176,...，请进请进。」超美型的女性从敞开的房门窥视着房间里头。真唯就像个怕生的小女孩一样，这种感觉相当新鲜「嗯，那我打扰了。嗯，该怎么说呢。玲奈子的房间有种room的感觉。这里的氛围给人一种mood。」真唯的...,0.9997047781944275,2751,1
2751,177,...会看到的那种给人『女孩子！』印象的房间完全不同，窗帘与地毯都很朴素，甚至连床上的枕套也是素色的。面纸也没有猫咪图案的外盒，而是直接一包放在那里，完全反映了我这种外表光鲜亮丽，内在空空如也的人格特质唯一...,0.9997047781944275,2751,1
2751,178,...铝合金架上的游戏片就像是粉丝为了偶像握手券而购买的cd一样堆积如山。我听说让人看自己的房间，就与展示自己的大脑是相同意思。代表我这个人的大部分都是由电视游戏制作而成的吧。「如此这般这就是兴趣是玩游戏的...,0.9997051358222961,2751,1
2751,179,...不会怎样吧。虽说我是这样猜测，但如果她突然说『游戏？跟国中男生一样啊，真逊』整个反感的话，我可是会哭的。实际上，真唯并没有被劝退。反倒是兴味盎然地来回看着房间里面。「嗯，原来如此。这兴趣很有玲奈子的风...,0.9997050166130066,2751,1
2751,180,...」不仅如此，她还主动地想要理解我，看到她的反应，都让我不由得心动了。真唯，你真是个好人「是、是可以啦但如果要玩，就两个人一起玩吧？毕竟你都难得来我家了，好吗？」眼见始终站着的真唯依然不知道该在房间的哪...,0.9997051358222961,2751,1
2751,181,...地坐在我的旁边。「不过就如同刚才说的，我没有经验。」我让她握住手把。此时顺势碰到了彼此的指尖，但我没有任何心动的感觉。因为现在是挚友关系，我才不会那样呢。「不用担心，因为要玩的是很简单的游戏，真唯肯定...,0.9997047781944275,2751,1
2751,182,...啦。我们是挚友吧？」我莞尔一笑。真唯让视线左右游移之后，小声地说「说得、也是」并点了头。她的脸颊染上了些许红晕。唔！今天的真唯果然有哪里不一样。不仅毫无防备又非常听话。原本她的颜值就很高了，如果再表现...,0.9997026324272156,2751,1
2751,183,...源，硬着头皮将话题继续讲下去。「那、那我们就两个人一起玩丧尸射击游戏吧！啊～我老早就想两个人一起玩游戏了呢，就算只有一次也好～！」「你以前没这么做过吗？」「没有啊～因为这也是我第一次找朋友来房间玩。毕...,0.9997046589851379,2751,1
2751,184,...玩吧！』，对方肯定也会想说『咦？这个女高中生在说什么啊？』这样」「是这样吗？大家应该都会接受吧？」「如果提议的人是真唯，或许是这样没错但对我来说有点难呢」「哦。不过如果是拜此所赐才让我成为玲奈子的初体...,0.9997041821479797,2751,1
2751,185,...领着她一步一步地推进游戏。攻守完全交换的真唯只能被我拉着，在我的领域里面拼命地操控着手把。看到她认真的侧脸，我的胸口不禁涌起一股暖意。这就是，朋友两个人一起玩游戏，讨论彼此的兴趣没有其他任何阻碍能介入...,0.9997033476829529,2751,1
2751,186,...的就是这个安祥的空间啊「不是那边喔，真唯。你看，这边这边。这里有弹药可以捡起来喔。啊，右边有丧尸过来了！」「嗯，知道了。这边就交给我吧。唔，好像从哪里传来了声音。是不是还剩下其他敌人？」真唯的操作技巧...,0.9997039437294006,2751,1
2751,187,...后有个值得信赖的搭档真的很棒。我们在电视前面天真无邪地欢声笑语，这之间不需要耍任何心机或是察言观色之类。哎啊，果然朋友才是最棒的。根本没有比这更棒的关系。虽说泳池也是个不错的地方，但是宅在家，最棒！虽...,0.9997029900550842,2751,1
2751,188,...别人看到就是！「唉唉，你第一次玩游戏的感觉如何？」我望向旁边这样询问，发现真唯也同样凝视着我。我不由得『唔』了一声把身体往后仰。脸好近。比昨天在泳池的时候更近。在这连体温都好像能感觉得到的距离，我硬着...,0.9997043013572693,2751,1
2751,189,...感觉会被某种情绪吞噬。「嗯，好啊。」真唯干脆地转向正面。我顿时如释重负，差点还叹了口气，但因为我不想被她看穿内心的动摇，所以装作若无其事的样子继续操作着手把。这天，我非常开心，正因为如此，我相信真唯也...,0.999704897403717,2751,1
2751,190,...生的那起事件，正是因为我得意忘形才会演变成这样的状况！&#10045;&#10045;&#10045;隔周的周一，地点在学校。放下头发、处于恋人状态的真唯发了一封简讯给我。内容大致上是『前阵子第一次玩...,0.9997050166130066,2751,1
2751,191,...要是把恋人模式的真唯带回家，不知道会发生什么状况无法拒绝的我便机械式地回答『当然可以啊』，之后便趴在桌上。明明自己都说ok了，却这样不干不脆的。当我在休息时间沉吟的时候，紫阳花同学见状就凑过来说「小玲...,0.9997050166130066,2751,1
2751,192,...其点缀的瞳眸更是无比清澈，我只好慌张地掩饰。「不，该怎么说呢？我只是在烦恼今天的约该怎么应付才好。」这样肯定没办法传达出我的意思。于是我换个说法再说一遍。「其实我原本在烦恼要不要在家念书，可是朋友约我...,0.9997047781944275,2751,1
2751,193,...以念书。」眼见紫阳花同学笑容可掬地如此回答，我就像是全身都被按摩了那样，也跟着笑逐颜开。说得没错，玩吧，就玩吧！现在满是这样的心情。紫阳花同学的话就等同于天使的启示。「知道了！那我就决定去玩了！」「真...,0.9997046589851379,2751,1
2751,194,...默以对。若是告诉紫阳花同学实话会怎么样？我稍微想像了一下。『我们要用枪打爆丧尸的头。在打中的瞬间脑浆会啪一声飞溅出来！超爽的喔！』紫阳花同学像是抱住自己的胸口那般环起双臂，同时低头看着我。以黯淡无神的...,0.9997044205665588,2751,1
2751,195,...我差点就要哭出来了。紫阳花同学的人实在太好，不禁会觉得『不可能会有这么好的女孩！』，所以我偏颇地认为她在人们看不见的地方寄宿着深邃的黑暗。我这是生病了吗？「呃大概就是在家里无所事事地耍废吧！」我给出无...,0.9997046589851379,2751,1
2751,196,...笑。「唉～？和朋友一起无所事事地耍废吗？那什么？听起来好开心哦。」不能用血玷污这个用手捂嘴，露出高雅微笑的天使。我要彻底保守秘密，后来我重新向真唯回了一则简讯『今天也请多多关照！』。上次真唯还那么紧张...,0.9997047781944275,2751,1
2751,197,...，好令人期待啊！当恋人的日子我们会分别离开教室，之后在外面会合会这么做是基于真唯的坚持。我是不太懂这样做的意义何在，但也有种「原来如此」的想法。如此这般，我们坐上电车，前往相隔四站的我家。与真唯两人独...,0.9997047781944275,2751,1
2751,198,...一周吧。然而，此时发生了一点意外。我们与兼职完刚回到家的妈妈在我家玄关前面直接巧遇了。我内心「啊」了一声，停下脚步。母亲也望向这边（正确来说是看着站在后面的真唯），整个人僵住了。「呃，她是我的朋友。」...,0.9997045397758484,2751,1
2751,199,...下头。这速度快得与香穗忘记作业向朋友借来抄那时并驾齐驱。「初次见面，我叫王冢真唯。是玲奈子同学的同班同学。」此时，我感觉周围弥漫着一股芳香醇美的蔷薇香气。眼见真唯在满分一百分的情况下做出了大约有五千分...,0.9997045397758484,2751,1
2751,200,...与我同样是小市民的妈妈顿时惊讶不已。「那、那个呃好的，麻烦你多多关照我们家玲奈子？」可以不要擅自把我交给对方关照吗？「嗯，那当然。」真唯点头的表情彷佛是发誓要守护人类和平的地球总统一样，随后她露出了高...,0.9997045397758484,2751,1
2751,201,...害我的脑袋都当机了。「没错，那个，真唯是我的朋友，今天是来玩的。是说上周她其实也有来，但妈妈当时因为去兼职不在家。」「太晚向您问候，实在是非常抱歉。」「不、不会不会，哪的话咦？玲奈子，这位真的是你的朋...,0.999704897403717,2751,1
2751,202,...发。那么严格来说并不是朋友！真唯对我露出了别具深意的微笑后，郑重地说「我与玲奈子同学有着非常亲密的交往关系」。你说这什么东西啊。这几乎接近坦白的发言，妈妈当然并没注意到，她只是歪着头，就像是想表示「我...,0.999704897403717,2751,1
2751,203,...的心情就像是要逃离加热过头的火炉去避难那样，脱下鞋子快步地走进家里。现在为了不让真唯观察到我的表情，我想与她保持距离。「我待会要和真唯打电动！妈妈，你不用进来房间哦！」随后，真唯冷静沉着的声音从后方传...,0.999704897403717,2751,1
2751,204,...要趁乱说什么『岳母』啦！好难为情！走进房间后，我的背还是出了一会儿冷汗。「你竟然对妈妈说那种话，到底在想什么啊！？」「你是指什么？我和你毫无疑问是同班同学，确实也有着非常亲密的交往关系。还是说，玲奈子...,0.9997050166130066,2751,1
2751,205,...铁壁彼此的力量平衡在动摇总觉得和前阵子完全不同「是没关系啦我叫真唯来房间可没有那种打算哦。我只是想要正常地玩游戏而已。」「当然，我也是这么打算。因为挚友的关系确实很教人开心。同时我也确信了，如果是作为...,0.9997051358222961,2751,1
2751,206,...，真唯用手拨了那头长发。房间里面顿时弥漫着真唯那犹如媚药的气味，令我不禁皱起眉头。这感觉就好像敌人杀进了房间。要是我不振作点的话「前阵子是为了让我大意，才刻意装得很老实的吗？」「不，那单纯只是因为紧张...,0.9997050166130066,2751,1
2751,207,...恋人的要求，但我只要体验过一次，基本上所有事情都能驾轻就熟。更何况是面对恋人，这样更能让我鼓起干劲。」「这样啊」我如此说道。因为除此之外也无言以对了虽然我坐的位置比之前稍微空了一段距离，但现在的心情依...,0.9997047781944275,2751,1
2751,208,...了什么，慢慢爬向游戏机旁边。本以为小孩子爬行的这个动作与真唯无缘，可是从后面看到这样的动作，就会发现被裙子包裹着的小屁股左右摇晃，该怎么说呢，就是我在想什么啊！对方是同性耶！真唯没有会意到我预料之外的...,0.9997050166130066,2751,1
2751,209,...我和你，我认为与其玩合作类的游戏，更适合玩对战类游戏。」眼见她的视线充满挑衅，我努力地咽下了一种没来由的亢奋感。真唯露出魅惑人心的表情，舔着嘴唇凝视着这边。那眼神彷佛在试探我一样。真的很下流。咕唔唔。...,0.9997047781944275,2751,1
2751,210,...『赢过真唯』的实绩。如果只是在班上结伴而已倒无所谓，但我期望的『挚友』并不是这样。必须要与对方建立没有算计的信赖关系。必须要对等才行。还有，一次也好，我想让真唯说一声『我认输了』！「好！那我们来比吧！...,0.9997047781944275,2751,1
2751,211,...次接触到游戏），用这种手段或许是太胆小了！但这也没办法！因为真唯感觉只要一周就可以轻易超越我！没关系，哪怕是在欺负新手，赢就是赢！我才刚鼓起干劲，真唯就进一步加注了。「既然这样，不如追加赌注吧？赢的一...,0.9997047781944275,2751,1
2751,212,...游戏吧？」「咦？不」我刚反射性地要说『不行』，赶紧抿紧嘴巴。真唯只是透过精神战术动摇我。看她的脸都笑成那样。如果不趁现在一决胜负，下次真唯肯定会变得更难对付，在准备万全之后向我提出挑战。「好、好啊，来...,0.9997045397758484,2751,1
2751,213,...我着嘴唇，同时将对战格斗游戏的光碟插入游戏机。这个游戏本身很难，我因为完全没办法练起来就放弃了，但我好歹也花了一个月左右的时间不断找人打排位赛，应该是不可能会输给连系统都没理解的真唯。「那先抢到五场胜...,0.9997044205665588,2751,1
2751,214,...。相对的，如果我赢了一次，你可以直接算我赢吗？」「我不会放水的。如果是真唯，很有可能因为运气非常好而侥幸获胜」「这样啊。真无情呢。不过没关系。原谅恋人可爱的任性，对我来说也是表示爱情的手段之一。」真唯...,0.9997046589851379,2751,1
2751,215,...只会笑着对我说『玲奈子真强呢』。即使如此，这场战斗我也是绝不能输的！来吧！let＇srock！！结果我三胜五败，很普通地输掉了。怎么会这样！「是我赢了呢。」为、为什么？我有一瞬间这样呆住。随后立刻瞪着...,0.999704897403717,2751,1
2751,216,...她以坚毅的眼神回望我。「我不会对玲奈子说谎喔。」「可、可是」真唯始终保持着脸上的微笑。她这句话一定是真的。因为要是那样做，即使她现在赢了，到头来也会失去我的信赖。再怎么样我都很清楚，真唯是绝对不可能会...,0.9997050166130066,2751,1
2751,217,...情，彷佛可以感觉到她旁边带有「唉嘿」的那种音效，真是既可爱又讨人厌。「其实我在上次回去时买了游戏机，经过了一番特训。因为我想让玲奈子大吃一惊。如何？你有吓到吗？」「竟然用周末的时间就能练成这样，我对你...,0.9997044205665588,2751,1
2751,218,...隐约约就觉得应该是这么一回事了！但我也觉得自己不能输给只练习了两天的家伙！「因为我没时间磨练防守的技巧。所以只练了强硬的压制方法以及连段。这样就算一个人也能练到一定程度。玲奈子打得稍微有点太谨慎了。」...,0.9997045397758484,2751,1
2751,219,...！」我身为一个游戏玩家的自信遭到她狠狠折断。我趴在地上不断地敲打地板，随后看到了盘腿坐着的真唯被紧身裤包起来的膝盖。害我一瞬间都想差点直接咬下去。此时，传来了犹如追击般的声音。「所以，是我赢了。无论任...,0.9997043013572693,2751,1
2751,220,...这件事完全不觉得羞耻，话说如此，听到她说『练习了两天』时，感觉还是很小看我啊「呜呜。」「对吧，玲奈子？」「毕竟我们就是这样约定的」可是，无论任何要求无论任何要求吗！「话是这样说啦，但我也不会听太过乱来...,0.9997043013572693,2751,1
2751,221,...当然。我明白的。这终究只是游戏的延伸而已。」「刚才的停顿是什么意思！？」「我随时都抱持着想抓住机会的心态。」「若是我没有阻止，你到底打算提出什么样的要求啊？」真唯露出有些难为情的表情。什么？「就是，想...,0.9997041821479797,2751,1
2751,222,...。甘织玲奈子。处女。从没想过自己有一天会呐喊这种事情。「话说，你打算用游戏的惩罚来决定我的一生吗！？」「我希望你可以理解，我就是抱着如此的爱意在对待你的。」「少骗人了！你分明就是想趁人之危吧！？」「如...,0.9997037053108215,2751,1
2751,223,...觉得你内心的深渊根本就深不见底，吓都快吓死了啦！」我一边抱着身体，一边与真唯拉开距离。明明是自己的房间。却无路可逃。真唯轻咳了一声。「总而言之，我是开玩笑的。我不会用这种游戏来决定如此重要的事情。毕竟...,0.9997050166130066,2751,1
2751,224,...还是会变成那样的。」「别讲得像是既定事项一样」一想到要狠狠地挫过她的锐气，我们才能抛弃恋人的选项成为挚友，我就感到好厌世。「那么，你到底有什么要求啊」「这个嘛。有无限个。」「无限个。」「硬要说的话，就...,0.9997052550315857,2751,1
2751,225,...竟然还准备了这种东西。真唯似乎打从一开始就势在必得，她摊开的纸上以漂亮的字迹如此写着。我念了出来。『我想抱紧玲奈子。』眼见真唯一脸心满意足地像是在炫耀胜诉的纸张一样，我没好气地望向她。「总觉得太普通了...,0.9997051358222961,2751,1
2751,226,...啊。放心吧。我还准备了刺激更强，你应该也能乐在其中的方案。比方说把你的胸部」「啊，抱就好了！那样就行了！」真唯打算取出下一张纸，表情灿烂得像颗镜面球。「真的吗？这样啊，真令人开心。在你不情愿的时候强迫...,0.9997050166130066,2751,1
2751,227,...自然是再好不过了。」「啊嗯」我决定放弃。毕竟前阵子还被吻了鼻头。只不过是被拥抱的话应该还可以「那么，麻烦你张开双手。」「好好好」我带着无所谓的精神，像稻草人一样夸张地摊开双手，真唯随后一脸严肃地走到我...,0.999704897403717,2751,1
2751,228,...心跳加速也是无可厚非。我是正常人。我没有错。而且，刚才为止明明都还完全是在闹着玩，到了紧要关头却露出如此认真的表情明白自己外表有多么出众的美女真的是很麻烦的存在。「那么，我失礼了。」「嗯、嗯」真唯就像...,0.9997047781944275,2751,1
2751,229,...并非家人的对象抱着的这种感觉，是我以前从未体验过的未知领域。我不晓得该怎么形容。只是，明明手指与脚尖都很紧绷，同时却又有种松弛的满足感，实在是很不可思议。「玲奈子。」「唔。」耳边传来声音，让我想起那是...,0.9997047781944275,2751,1
2751,230,...着巨大价值的真唯。她是我根本无法相提并论的存在，独占她如此宝贵的时间不禁令我感到内疚，罪恶感从背脊爬了上来。「玲奈子，我喜欢你。」「我、我知道啦这种事情我早就」现在这个瞬间，真唯只想着我。只感受着我的...,0.9997051358222961,2751,1
2751,231,...。」「不、不会太久了吗？」（抱紧）「唔！」真唯在紧贴的状态下不断将上半身靠过来，我不禁担心自己扑通扑通的心跳是否会因此让她发现，导致我的脸变得更烫了。不，其实说穿了我也没做什么亏心事。不管对象是谁，被...,0.9997050166130066,2751,1
2751,232,...重复了刚才说过的借口。总之，姑且不论她的个性。真唯是一名十分漂亮的女性，拥有着难以置信的美貌，甚至会让人觉得连羡慕她都是不知天高地厚的想法。可是「那、那个啊，真唯。」我无力地发出嘶哑的声音。真唯回问「...,0.9997051358222961,2751,1
2751,233,...的少女的这种情境之中。所以，我不得不问这个问题。「真唯，你该不会是真的，喜欢上我了吧？」我的肩膀被推开了。真唯目不转睛地盯着我。犹如猫吓到时的表情一样，她的瞳孔微微张开。真唯就像从正面被水管的水泼个正...,0.9997050166130066,2751,1
2751,234,...觉的发言，让『完美恋人』震撼到露出了这样的表情。第一卷第二章初吻什么的，绝对不行！在早上的班会开始之前。在漫长的一天即将开始的这个最忧郁的时间，我茫然地想着一件事。从以前我就很憧憬那种大受欢迎，或者是...,0.9997045397758484,2751,1
2751,235,...个平凡人，因此我预感自己的人生不会再发生什么特别的事情。正因为这样，我才会认为自己必须要主动改变。反过来说，这也是体现出现代小孩认为不会有人愿意帮助自己的人生，无法期待自己成为灰姑娘的枯燥吧。毕竟朋友...,0.999704897403717,2751,1
2751,236,...之处也好，小圈子也罢，都是些必须要紧紧抓住不放才能勉强维持下去的存在。当有人对我投以特别的好意时我却无论如何也没办法接受这个想法。老实说吧，我到现在都还没办法完全相信「小玲奈。你一大早就很没精神呢～」...,0.999704897403717,2751,1
2751,237,...情绪不太稳定的我来说，实在很需要紫阳花同学的可爱。说不定紫阳花同学也是因为喜欢我才向我搭话的？这种误会差点就从泥沼浮起来，我不禁慌张地揪住其脚踝拉了回来。咕嘟咕嘟咕嘟咕嘟。一切都要怪真唯。我没有任何不...,0.9997050166130066,2751,1
2751,238,...我的错就是了「哇，真的耶。你的手好冰哦。听说末梢发冷就会想一些不好的事情喔。」「咿。」当我还愣在一旁时，紫阳花同学握住了我的手。被她温暖的手握住，末梢都还没暖起来，脸颊就开始发烫了。紫阳花同学果然也喜...,0.999704897403717,2751,1
2751,239,...常会与人有肢体接触，也很常会去摸男孩子老实说，我从以前就一直想和紫阳花同学两个人单独出游，但我害怕自己主动邀请后被呛说『啥？真烦阴角，可以请你别会错意吗？』这样狠狠拒绝，结果一直没能实行。没关系紫阳花...,0.9997047781944275,2751,1
2751,240,...，我还隔着她那张疑惑的表情看到来上学的真唯，这下糟了。咿！被看到了！我的手被紫阳花同学握住的这幕被她看到了！虽说最不明白为何要这么慌张的人是我自己，但这就好像做了亏心事一样，所以我急忙把手抽开，站起身...,0.9997047781944275,2751,1
2751,241,...」我与扎起头发的真唯错身而过离开了教室。彷佛整个教室都会响起我心跳的声音那般，心脏还在怦怦跳个不停。冷静，冷静，我对自己如此反覆地喃喃自语，我的心却完全不愿听话。我的学校生活，也太被真唯牵着走了吧！「...,0.9997047781944275,2751,1
2751,242,...，在双人座面对彼此相视而坐。整间咖啡厅都因为放学的学生而熙熙攘攘，此时真唯得意地扬起了嘴角。「哦，是嘴对嘴的磨合吗？」「才不是！现在是挚友模式吧！」尽管我眯着眼瞪视着真唯，她却无动于衷。她故意用手指摆...,0.9997040629386902,2751,1
2751,243,...自己领先了一步』我可以感受到从四面八方投来的视线。也听得见有人小声说『嗳，那个不是王冢真唯吗？』。真唯在这附近名声响亮，在ig上面还是某著名杂志上的模特儿，而且她还光明正大地秀过穿校服的模样，很轻松就...,0.9997040629386902,2751,1
2751,244,...注目的感觉并不坏，但我还不习惯像这样在外面被人不礼貌地盯着。感觉可以听见周围的人『那家伙为什么会和王冢真唯在一起啊？』『完全配不上嘛（笑）。』这些内心话！不，所以那又怎么样了！我可是甘织玲奈子耶！现在...,0.9997038245201111,2751,1
2751,245,...欢我呢！「怎么了？为什么用双手捂着脸？」「不虽说是为了激励自己，但感觉好像出卖了自尊对自己感到很羞愧」偏偏还把真唯喜欢我的这个事实搬出来，当作保护我自己的盾牌这样也太随便了！我这个笨蛋！「真唯是朋友，...,0.9997040629386902,2751,1
2751,246,...以硬来的方式如此主张，真唯不禁耸了耸肩，啜饮一口卡布其诺。我将装有奶茶的茶杯拉到桌边，拿出了活页纸以及铅笔盒。从那叠活页纸中抽出了两张放到彼此前面。「我今天想简单整理一下。」「整理？」「嗯。我想问一下...,0.9997046589851379,2751,1
2751,247,...现在非常在意我对吧。」「对啦，某种意义上是这样！最好的方法是剖开你的脑子看看里面到底装了什么，但就是没办法这样做呢！」我没好气地瞪着真唯，将自动铅笔递给了她。「我会逐条写出成为朋友后想做的事情，真唯则...,0.9997045397758484,2751,1
2751,248,...「呼嗯。是没关系，但一张纸实在是写不够呢。」「只要写代表性的就可以了！是说，我原本还以为你会说『希望当成惊喜，所以不行』之类的话。」真唯捂住嘴角，有些克制地露出微笑。「哈哈，我不需要仰赖惊喜。如果我真...,0.9997046589851379,2751,1
2751,249,...也一定会开心的。」如此夸下海口，真是令人受不了。「真有自信呢前阵子知道没能把心情传达给我的时候，你明明还一脸错愕呢。」「好啦，那我们开始写吧。」「啊，这家伙竟然装作没听到！那个王冢真唯！那个闻名遐迩的...,0.9997051358222961,2751,1
2751,250,...我在旁煽风点火，真唯只以一个微笑带过。不愧是立于顶点的女性，她或许已经很习惯遭人嫉妒，对这种挑衅的抗性超高。好了，总之呢，朋友之间想做的事情啊。虽说没真唯那么夸张，但我当然也是有写不完的想法。每当出了...,0.999704897403717,2751,1
2751,251,...有一天要和朋友一起玩。因为真唯玩游戏时也是相当认真，一定会很乐在其中。另外，也有许多想一起去的地方。虽然很老套，但我也想去千叶县的老鼠乐园游玩。与朋友两个人去的话绝对会很快乐的。总觉得愈想愈开心了。正...,0.9997047781944275,2751,1
2751,252,...意到真唯莫名地安静，便偷瞄了她一眼。她摆出足以媲美雕像的美丽表情，认真地面对着眼前的纸。这样的景象不禁令我心动。看到她如此拼命地在想着我，要说不开心的话当然是骗人的忽然间，我开始在意起来了。真唯和我成...,0.9997050166130066,2751,1
2751,253,...那些彷佛会出现在电影当中的那种浪漫情节或是戏剧性的桥段吗？「那、那个，真唯。可以让我看一下你写的吗？」「嗯？啊，当然没问题。」她露出犹如公主殿下的笑容递出来的那张纸，宛若是舞会的邀请函。在那瞬间，我听...,0.9997046589851379,2751,1
2751,254,...看向那张纸。『接吻』『伸进舌头』『揉胸』『裸体互拥』『一起洗澡』『帮忙洗身体』『帮忙洗头发』『揉脚』『舔大腿』『轻咬手指』『触摸私处』『舔耳朵』『让她舔我的手指』根本是欲望的博览会。「喂！？」「怎么了...,0.9997046589851379,2751,1
2751,255,...脸红！」我拼命地忍住想要当场撕破这张纸的冲动。「是说真唯这到底是怎样啊？难道你打从一开始就是看上我的身体？」真唯就像是个被小孩告白的幼教老师那样，流露出看到温馨画面的眼神。「为什么！？」「以不参杂我个...,0.9997022747993469,2751,1
2751,256,...不会选择你的。」我好像听到胸口附近被人插了一刀的声音。「唔，这、这种事很难说吧！我可是有f的喔！f！」由于被她非常冷静地纠正自己的误会，害我丢脸到不行！太不讲理了！当我忙着把插在身上的言语利刃一把一把...,0.9997034668922424,2751,1
2751,257,...静的语气开口说道：「我想触碰恋人，而且不只是心灵，我也希望肉体可以结合。这种想法难道很意外吗？」明明这种讲法不过就是将错就错地坦承自己的性癖，但由伶牙俐齿的真唯讲出来，听起来给人的感觉就莫名真诚「因为...,0.9997033476829529,2751,1
2751,258,...。相对地真唯把脸凑了过来，我移开视线如此说道：「你说想要和女生交往，我也觉得对你来说是不是只是一种消遣。」「哦。」连我都觉得自己说得很过分。可是，让那位王冢真唯一见钟情的庶民，就是会忍不住这样想。既然...,0.9997034668922424,2751,1
2751,259,...竟真唯超级受欢迎，我会想说你是不是因为对男生腻了，才会一时兴起想试试女生这样。」「你无法相信我虽然很令人难过，但我明白自己所过的奢华生活，已经远远超乎高中生所能拥有的。」真唯露出苦笑。「嗯。所以，那个...,0.9997040629386902,2751,1
2751,260,...想说真唯是真的在喜欢我吗？为此相当动摇。突然就搞不懂真唯的想法，在想这家伙到底在想什么。」「原来如此。所以你才会要我们像这样分别在纸上写出朋友与恋人想做什么事情吗？」真唯的瞳眸摇曳着在动什么盘算的念头...,0.9997051358222961,2751,1
2751,261,...？握手？」「可以把手借给我吗？」我瞥了周围一眼，随后战战兢兢地伸出手。在桌子上方，我的手掌被真唯紧紧包住握了起来。之所以会觉得真唯的手有些冰冷，一定是因为我的手正在发烫。这种触感，与紫阳花同学截然不同...,0.9997052550315857,2751,1
2751,262,...笑容，真唯将另外一只手放在自己胸口。「我想触摸自己喜欢的人。包含肉体接触的关系，对我来说才是恋人，无论对象是男生还是女生都是如此。我已经做好与你做出各种行为的心理准备了。」幸好背后是墙壁。要是坐在靠走...,0.9997047781944275,2751,1
2751,263,...孩子之间是没办法做的吧！？」「如果想知道方法，我很愿意花一整晚陪在你身边仔细教导你。」「就说我还没有那种心理准备了啦！」我把真唯写的那张纸举到她眼前，同时慌张地重申立场。「是说，与挚友也不会做这种事！...,0.9997044205665588,2751,1
2751,264,...小猪发现眼前的女孩是可怕的大野狼！」我甩开真唯的手。要是再继续握下去，我很害怕真唯成分会从那边渗透进来，从此就对真唯唯命是从。「搞什么嘛真唯，你根本就是个超级肉食系啊」我本想追问她为什么会变成这样，最...,0.9997028708457947,2751,1
2751,265,...不仅是模特儿，还是四分之一混血儿。这种人的性欲绝对很强啊（偏见）。「知道了！你这个周末有预定吗？有时间吗？如果有空就把时间给我吧！我们一起出门！这不是在热情地约你去约会，而是以挚友的身分一起出去玩哦！...,0.9997040629386902,2751,1
2751,266,...然是你的要求。我自然是不会拒绝。」出现了。『虽说自己的胜利是无可动摇，但还是要给对方卖个面子』的笑容。好、好令人火大！「这、这个，可不只是那方面的事情，我会告诉你挚友之间毫无顾忌地出去玩是一件多么美好...,0.9997039437294006,2751,1
2751,267,...是为什么，其实我自己也隐约察觉到了，但至少绝对不能被真唯看穿，所以我像这样虚张声势。不行，这个女人我必须、我必须要想个办法对付她！再这样下去我会被真唯的价值观洗脑，变成嘻哈风的花痴女人！离开咖啡厅后，...,0.9997046589851379,2751,1
2751,268,...事情以及想去的地方的那份清单，将比较有印象的统整在纸上。现在不是说什么要把真唯慢慢地、一点一点地拉进泥沼的时候了。下次出门就要分出胜负。不是用什么泥沼，而是陷阱。我要一击刺穿真唯的胸口。为此，从明天开...,0.9997041821479797,2751,1
2751,269,...定最强的计画。我想要的可不是什么难以驾驭、彷佛炸弹一样的同性恋人。而是能在这三年保持适度的距离感，无论是痛苦还是悲伤的时候都能支持着彼此的那种，心灵相通的最棒挚友！只不过，尽管我干劲十足，气象预报却背...,0.9997037053108215,2751,1
2751,270,...取消了。可恶，连老天爷都站在真唯那边吗！&#10045;&#10045;&#10045;时间来到六月中旬，离约定的期限还有半个月。连天气也站在我这边。呵呵，这下赢了（高兴得太早）。在灿烂的六月晴空底下...,0.9997033476829529,2751,1
2751,271,...搭临海线约莫二十分钟。当然这对平时都待在老家附近，或是就算出趟远门也顶多是到新宿的我来说，今天的干劲可是截然不同。毕竟这可是决定我高中三年会过上何种生活的圣战！我站在到处都是家人出游或是情侣的东京电讯...,0.9997034668922424,2751,1
2751,272,...稍浓的休闲及膝长裙。因为要与真唯走在一起，所以我选穿底部厚实的凉鞋。这是当我打算在高中改头换面的时候，拜托妹妹帮我从头到脚都打理好的一套衣服，因此品味是毋庸置疑。说着说着我就开始难过了。离两人约好碰面...,0.9997038245201111,2751,1
2751,273,...材高&#18487;的美女真唯。我内心「喔？」了一声，因为真唯也是穿着与平常无异的打扮。白衬衫与长版的喇叭裙。脚上是穿着运动鞋，看起来没有打扮得很抢眼。当然，为了点缀假日的感觉还是稍微打扮了一下，像是...,0.9997041821479797,2751,1
2751,274,...玲奈子。你不觉得六月比较舒适，这样的天气刚好吗？」「是啊幸好有放晴！难道真唯是晴女吗？」「不，我是那种只要想下雨就会下雨，想放晴就会放晴的女人。」「这也太爽了吧。你的人生过得这么顺遂好吗？」我们往前迈...,0.9997044205665588,2751,1
2751,275,...？」的顾虑。这样的距离感果然很令人舒服。「总而言之，谢谢你今天特地远道而来！我已经安排好行程了，让我们尽情享受吧！」我们搭上长长的手扶梯，移动到地上。因为离海边很近，风势很强，阳光也很耀眼。我很喜欢这...,0.9997047781944275,2751,1
2751,276,...台场玩对吧我当时还想说真唯的行动范围意外地狭小呢。」「因为我没有假日会两个人单独出门的朋友。」「咦，是这样吗？明明你平常周围总是围着一堆人啊？」「在学校或工作时聊天的对象，与不惜牺牲私人时间也想在一起...,0.9997050166130066,2751,1
2751,277,...。」我也从没想过能像这样和真唯两个人一起出来玩，感觉好不可思议。是说，我现在有种自己正在独占着真唯的感觉。「你在傻笑什么，玲奈子？」「咦？应、应该没有吧？」「与我出门就这么令你开心吗？」「这倒是有哦！...,0.9997047781944275,2751,1
2751,278,...「这、这样啊。嗯，那我还真是荣幸呢。」我们互开玩笑揶揄着彼此，前往位于附近的台场名胜，台场购物广场。这里是购物中心，也是娱乐广场，设有许多令人眼睛一亮的设施。旁边还邻接渡假饭店。据说当台场陷入危机时，...,0.9997037053108215,2751,1
2751,279,...来了！然而，当我们像这样走在景点就会发现「真唯，你的回头率果然超级高呢。」「是啊。如果我一个人出门，总是会有各种人向我搭讪。毕竟这样很麻烦，所以我不太会去人潮拥挤的地方。」「这就是美女的辛酸吗唉，真唯...,0.9997039437294006,2751,1
2751,280,...身体强壮的人相同，我认为这是我出色的武器。」「这个武器，与拿到原始时代的格林机枪有同样的破坏力呢」「哎呀。」真唯饶富兴味地挑起一边的眉毛盯着我的脸。「这样啊。原来你也喜欢我的容貌吗？呵呵，真令人开心。...,0.9997021555900574,2751,1
2751,281,...唉，不，这个嘛是说你的五官那么端正，没有人不喜欢吧」「我确实受到很多人夸奖。但是，能博得那独一无二的心上人欢喜，才是更教人开心的。因为你是把我从孤独的牢笼当中拯救出来的命定之人。」「你每次都把话讲得太...,0.9997034668922424,2751,1
2751,282,...稍微有耐心一点好吗！」正当我们说着说着，此时有人说「嗨，那边的小姐，可以打扰一下吗？」，向真唯搭话了。对方是大约大学生的男性二人组，就是想碰个运气要真唯联系方法的那种人。「啊，不了，我今天是和朋友一起...,0.9997045397758484,2751,1
2751,283,...视，拉起真唯的手。像我这种级别的阴角，要拒绝他人根本是轻而易举「真唯，要是有人搭话就一一应付，那可是会没完没了的喔。」我在离开了一段距离的地方如此说道，真唯闻言后一脸过意不去。「没办法，毕竟我好歹也在...,0.9997047781944275,2751,1
2751,284,...也不能完全无视是吗很好。「既然这样，今天的真唯就由我来守护！」我自以为是地朝朋友笑着如此说道：下一刻，真唯睁大眼睛，很是惊讶。「守护、我？」「嗯，我们是朋友吧？交给我！」我拍着胸脯。现在要是让我的朋友...,0.9997047781944275,2751,1
2751,285,...那样！脸上带有热气的真唯凝视着虚张声势的我难、难道她不信任我！？「不、不要紧的啦！关键时刻我也是会出手的大概！」「不，我并没有那个意思嗯，没什么。那么今天，我就体验一下被你守护的女主角的心情吧。」「不...,0.9997047781944275,2751,1
2751,286,...次才能理解啊！接着，我们在冷气很强的台场购物广场随便逛逛。目的地已经决定了。呵呵呵，差不多可以向朋友揭晓谜底了吧。「那个，真唯。今天呢，我们要去体验vr游戏喔。」「vr？喔喔，是虚拟实境吗？我听说最近...,0.9997050166130066,2751,1
2751,287,...起来甚至有些冰冷。「那代表你没玩过吧。我以前曾经在电玩展的时候体验过，那个超级厉害喔。我想真唯肯定也会迷上的！」真唯走在带有近未来造型的的购物中心通道上，同时哈哈地笑着带过我的话题。看到她露出笑容，又...,0.9997045397758484,2751,1
2751,288,...会哭着向我道歉。」「即使虚拟实境是非常惊人的技术，但我不懂的是为什么非得因为那游戏向玲奈子道歉好，既然你都说得这么厉害，我就期待一下吧。」「嗯嗯。」「不过话先说清楚了，我从小就经常被带去听歌剧或是演唱...,0.9997045397758484,2751,1
2751,289,...旗帜。这是不错的现象。位于台场购物广场中央的vr区域是采预约入场制。只要进去里面一次，拿出花钱购买的票券，就可以游玩喜欢的游乐设施。价位对学生相当不友善。哪怕是『虽然我想玩，但要约大家一起玩就有点贵，...,0.9997044205665588,2751,1
2751,290,...用察言观色，实在是太轻松了。我们准时抵达，顺利地入场。把行李放在里面的置物柜后，我们开始逛着vr区域里面的游乐设施。vr区域的大小约莫一座体育馆，到处都设有充满魅力的摊位。这片区域彷佛就是游戏世界本身...,0.9997009038925171,2751,1
2751,291,...给玲奈子吧。」「ok！既然这样好，我们来滑这个吧！」首先，我决定选在雪山滑降滑雪板的游戏体验一下。我们把买好的两人份票券交给柜台的姊姊。听她说明游戏的内容后，戴上了彷佛去参加化妆舞会的那种只露出眼睛的...,0.999703586101532,2751,1
2751,292,...景雪山。前方是一个斜坡，如果是有惧高症的人，肯定会因为这个临场感而吓得腿软。眼见解析度比上次玩的时候更加进化，我顿时感到雀跃不已。这就是游戏业界的蓬勃发展！「哦这个，相当不错呢。」真唯发出感叹的声音。...,0.9997038245201111,2751,1
2751,293,...拟角色。好，这样就准备ok了！「好，我们走吧，真唯！能跟得上我吗！？」「啊，好！」看到我兴致高昂，真唯也顺势蹬了地面往前冲去。两道人影破风直行，向着从未有人抵达的滑雪区滑了下去。太舒服了。现在的我并不...,0.9997019171714783,2751,1
2751,294,...样想，立刻就撞上了凸出来的岩石，直接撞飞。我听得见旁边的真唯发出的笑声。「哎呀，相当惊人呢。」「就是啊！但是我无法接受为什么真唯的时间反而比较快！」其实我们没有比输赢，我也没有对输了感到不甘，但赢了的...,0.9997034668922424,2751,1
2751,295,...始绕去可以两个人玩对战游戏的地方。我们搭着彼此的机器人正面互殴。化身职棒选手，以高朋满座的观众席为舞台进行投打对决。手持光线枪击退从空中来袭的侵略者，比谁的分数更高，有时还会互相合作逃出鬼屋。真唯化身...,0.9997037053108215,2751,1
2751,296,...来吧，魔物！这个村子由我来守护！』，演得非常投入。为了不断地追求新的刺激，我们加快脚步绕着这个区域。「啊，你看，那边空出来了！因为时间限制两个小时，再过二十分钟我们就会被赶出去了，快点快点，真唯！」「...,0.9997043013572693,2751,1
2751,297,...地方，真是坏心眼啊。为什么不早点约我来玩呢？」「我今天不就约你了吗！不然真唯你应该要表现得更好约一点啊！」我们虽然像这样拌嘴，但脸上一直都挂着笑容。「累了」「笑得太久了，脸颊好痛」我们移动到购物广场的...,0.9997044205665588,2751,1
2751,298,...。玩到一半情绪的煞车器就宣告失灵，我们变得像是失控冲进车站的电车一样「啊，这酸酸甜甜的葡萄柚果汁真是透心凉啊」「老实说，我原本还在想为什么要玩还要特地跑到台场这边但我觉得很开心。」「真唯也会这样想啊」...,0.999704897403717,2751,1
2751,299,...衫领口那样露出缓缓微笑，并说道：「可是，就算我家购买了vr机器，肯定也无法获得像今天这样愉快的体验吧。这就是有着一定程度上的不自由，受到限制的时间，以及陪伴在身边的朋友才能成就的乐趣吗？」「没、没错！...,0.9997041821479797,2751,1
2751,300,...你明白了吗，真唯！」真唯不以为意。「但如果是这样，就算不是挚友，以恋人的身分陪伴应该也是可以的吧？」「我看你是完全不懂喔～！」我夸张地靠在椅子上，随后真唯微微皱起眉头。「如果面对恋人，不就会顾虑到对方...,0.9997044205665588,2751,1
2751,301,...更加喜欢自己之类，会有很多种想法的。」真唯摸着下腭，同时一脸感慨地说道：「原来如此。你每次和我约会，都是这样为我着想的吗？」「不对！这不过就是比喻罢了！」「你以前明明没交过恋人啊。」我装作没听到这句话...,0.999704897403717,2751,1
2751,302,...在勉强自己吧？我觉得如果是恋人关系，应该就没办法像这样表现自己。」真唯认真地接受了我的说法，点了点头。「没错，确实是这样也说不定。」很好很好，我得到了想要的反应。毕竟我很清楚真唯有乐在其中，我也非常开...,0.9997052550315857,2751,1
2751,303,...夜也不成问题。「唉，真唯，我们稍微休息一下，待会就去买东西吧。我有想看的日用品。」「嗯。」见真唯点头，我执起了她的手站起身。我已经铁了心，就算被她吐嘈「很烦！」也不打算停下，但真唯对我这死缠烂打的作法...,0.9997051358222961,2751,1
2751,304,...来说的朋友」「咦？」「不，没什么。」离开咖啡厅后我便把手松开（不能一直牵着，毕竟我们是朋友！），然后停下脚步。「怎么了？发生什么事了？」我观察她的表情，发现真唯笑着耸了耸肩。「没什么。我只是在想，磨合...,0.9997047781944275,2751,1
2751,305,...为使用者而解释成完全不同的意思。」我不是很懂她说的话是什么意思。「你又在调侃我吗？」「怎么会。如同『朋友』对你而言具有无可估计的价值一样，我也应该要把『恋人』的意思好好传达给你才行。毕竟你为我如此精心...,0.9997045397758484,2751,1
2751,306,...这番言论听起来就像『我还隐藏着真正的实力』似的，害我不禁皱起眉头。「要精心准备是可以但别把整个老鼠乐园包下来说『这是为你做的』哦，真的不要。」「你不觉得那很浪漫吗？」「金钱观的出入可是导致分手的原因之...,0.9997027516365051,2751,1
2751,307,...是在意什么，但这一天过得相当开心。我们时而四处逛着店铺，时而绕去咖啡厅闲聊，不知不觉间时间飞快流逝。我们依依不舍地告别这里，正打算搭上回程的电车离开购物广场时下午六点，一场惊人的大雨让我们顿时进退两难...,0.9997019171714783,2751,1
2751,308,...该是站在我这边才对的啊！」我全身湿透，在购物广场的入口装作嚎啕大哭的样子，真唯见状，不厌其烦地用手帕帮我擦着身体。才刚走出购物广场的当下。在我们眼前下起的与其说是豪雨，不如像是倒水一样，我只是被喷了几...,0.9997041821479797,2751,1
2751,309,...。「为什么会在这个时间点下雨啊」周围都是像我们一样被犹如暴风雨般的雷阵雨淋湿的孩子，嚷嚷着好冷好冰超惨的这样。真唯不断地帮我擦拭贴在前额的浏海上面的水滴，感觉就像是妈妈一样。我顿时觉得难为情，身子往后...,0.999704897403717,2751,1
2751,310,...话是这样说，但靠我们的手帕也只是杯水车薪。」「就是啊这样下去也没办法搭电车，该怎么办呢要在购物广场买些毛巾或是一套更换的衣物之类？」此时，真唯哈啾一声，轻轻地打了声喷嚏。六月的雨相当冰冷。我轻碰了真唯...,0.9997047781944275,2751,1
2751,311,...等一下真唯，你还是擦一下身体吧」我突然意识到。周围的目光都聚集了过来。「是说，看得见，会被看见的！」绝世美女从头到脚都被淋湿。衣服甚至还透过去看得到内衣，散发出就连我都会吞口水的曼妙魅力。我必须设法保...,0.9997047781944275,2751,1
2751,312,...被冰封住的表情，用手遮住嘴边，拿出了手机。「稍微冷起来了呢。抱歉，可以让我打一下电话吗？」「咦？啊，嗯。」真唯用手帕擦干濡湿的手机表面，向某人打了电话。说不定是要找人来接她吗？当我如此心想时「嗯，是我...,0.9997047781944275,2751,1
2751,313,...的类型。真适合。然而，即使有人会来接她，也不能就这样放着全身淋湿的真唯不管。我虽然感冒也无所谓，但要是连挚友都一起拖下水，根本就是个倒楣鬼。我去看了购物广场的指南图，想好要去哪间店后回到了刚才那里，真...,0.999704897403717,2751,1
2751,314,...明只是稍微离开视线一下子，头发濡湿淌着水滴的真唯看起来就彷佛童话故事中会出现的人鱼公主那样美丽。「咦？怎、怎么了？是没关系，要去哪？」真唯有点难以启齿地犹豫不说。或许是自己得要先回去了吧。嗯，毕竟真唯...,0.999704897403717,2751,1
2751,315,...我错了。真唯指着指南图上的饭店，露出了彷佛被雨水淋湿的小狗那样的眼神。「去饭店。」王冢真唯（我的朋友），如此说道。那个瞬间，我只是「唉？」了一声，顿时哑然失声。后来仔细听她说明之后，我认为会做出这样的...,0.9997051358222961,2751,1
2751,316,...工作，就算有个万一也不能把身体搞坏。因此，她想要在回去前先让身体暖和一下。找母亲商量之后的结果，得出了先去一趟饭店的这个结论。为了冲澡以及换衣服就订了一间饭店的房间什么的，花钱的方式也太豪气了不过，事...,0.9997043013572693,2751,1
2751,317,...一起去？」「你不觉得如果我现在丢下一句『那我先去饭店休息了』，让被雨淋湿的挚友一个人回去，反而更有问题吗？」「话是这样说没错啦」与真唯两人独处。我们现在处在饭店正好空出来的一间房间。虽说这也是当然的，...,0.9997047781944275,2751,1
2751,318,...紧，不要紧对吧？我开始搞不懂了。这是一间渡假饭店，房间正中央摆着一张显眼的大床。浴室也很大，感觉一家人进去洗澡也不成问题。我趁着真唯放热水的时候，向母亲发出一封简讯，上面写着『我先躲个雨再回去，会稍微...,0.9997046589851379,2751,1
2751,319,...的房间而已。将浴巾披在脖颈的真唯走出浴室，说「来，玲奈子也脱吧」敦促我脱下衣服。她身上已经只穿着内衣。那个王冢真唯半裸站在我的眼前。明明不久前才刚看过她穿泳装，现在这种看似高级的黑色胸罩与内裤的模样也...,0.9997045397758484,2751,1
2751,320,...不是很色情？糟糕现在是朋友、是朋友我像念经那样不停地喃喃自语。是说，要在这家伙面前脱衣服，先别提是挚友还是恋人的关系，作为一个女人来说这个门槛也太高了「玲奈子，好了，快点脱吧。我要叫客房服务请他们用烘...,0.9997050166130066,2751,1
2751,321,...基于其他原因啦「别催我啦我正在努力鼓起勇气啊」没有时间让我固执下去，于是我死了心。再继续拖下去感觉会被真唯扒光衣服。到时候在各种意义上都很不妙。像画面之类的。我把贴在肌肤上面的衣服脱下。就算只穿着内衣...,0.999704897403717,2751,1
2751,322,...？我已经脱啦」「不，还有那件可爱的粉红色内衣吧？」「啥！？这是在特卖会买的搭起来两千日圆的内衣耶！？」「没有人问你价格。好了，快点，这样会感冒喔。」真唯摆出了在班上的女王姿态，眼神在说『我肯定是正确的...,0.9997032284736633,2751,1
2751,323,...之力。而且她说得也确实没错！「唔我先去浴室了！」我在隔壁房间脱下内衣，塞进洗衣袋。披上浴衣回到房间后，她也已经换上了浴衣。不仅身体的曲线一览无遗，一想到那里面可是全裸的，我差点就从脑袋冒出了蒸气。好奇...,0.9997044205665588,2751,1
2751,324,...店都只穿着一件浴衣，正常来说还是会难为情的！此时，门铃响起了『恰啦啷～』这种讲究的音色，客房服务的姊姊来拿衣服了。真唯打开门，将洗衣袋交给了她。这样一来，我们就失去了移动到外面的手段，直到衣服送回来之...,0.9997046589851379,2751,1
2751,325,...方也发挥了领导力。「好啦，热水想必也已经放好了。在感冒之前先让我们暖和一下身体吧，玲奈子。」「啊，嗯那个，那么王冢同学你先请吧。」「别说傻话了。」咿！又是那个眼神！「你以为我会把挚友一个人丢在外面，自...,0.9997044205665588,2751,1
2751,326,...？」手被紧紧地抓住，我顿时大惊失色地呐喊。「唔哇啊啊啊啊啊等一下啊啊啊啊啊啊啊啊啊！」结果，我们两个泡在浴池，肌肤紧紧贴在一起。两人份的体积导致热水慢慢溢出。我害羞得不敢望向旁边。可是对朋友有这种想法...,0.9997051358222961,2751,1
2751,327,...该会这样才对。此时，真唯呼了一声吐出热气。「抱歉，时机不对。像这种时候比起恋人关系，当朋友确实更令人平心静气。早知道会这样，我就把那些会让你意识到我的手段再稍微延后一点使用了。」喂，怎么现在为了那种事...,0.9997038245201111,2751,1
2751,328,...着真唯的脸色。虽说她直到刚才都很强势，现在看起来却显然无精打采的。虽说在这种状况下太过亢奋，我也会很困扰就是啊啊，真是的，我们是朋友，我们是朋友。我像念咒那般催眠自己。既然这样我就豁出去了。我勉强以开...,0.9997041821479797,2751,1
2751,329,...！倒进来吧！」「你改变话题的手法也太烂了吧？」「哇！柚子香味好香喔超赞的！今年的流行趋势肯定是这个！」我装作没听见真唯的吐嘈，很刻意地嬉戏着。毕竟没有任何事情比和真唯贴在一起洗澡还要更令人难为情了！我...,0.9997040629386902,2751,1
2751,330,...呵笑了两声露出微笑。太好了，我赢了。「你真是的不过，对不起。突然邀你来饭店。」「就说别讲得这么奇怪不过，真唯一直都很强势吧。事到如今我也不会在意了。况且你还帮我出钱，我应该要感谢你才对。因为我们是朋友...,0.9997028708457947,2751,1
2751,331,...次是我自己的缘故。」真唯贤淑的声音从身旁传来，总觉得令人很难为情。我为了不让气氛变僵，在注意语气的同时如此询问：「话说回来，你说下周要去帮妈妈工作，是要去国外吗？」我话才刚问出口。随即从身旁传来了一股...,0.999703586101532,2751,1
2751,332,...败。真唯那几乎不带感情的语调在浴室回响。「因为妈妈让我过着奢侈的生活。所以我希望尽量别让她担心。」我偷瞄了真唯的侧脸。超近的。所以我不由得把脸转回前面。糟糕，心跳得好快。「真、真唯也会这样想啊。你的妈...,0.999702513217926,2751,1
2751,333,...到处飞。明明在这个世上有数不清的美丽模特儿，但她偶尔还是会叫我过去。似乎是因为女儿有着其他人所无法胜任的任务。所以我会向学校请假飞往法国。」「哦」「毕竟我身处优渥的环境，自然必须回报才行。无论妈妈提出...,0.9997037053108215,2751,1
2751,334,...唯抱着她的长腿，将脸靠在膝盖上，那副模样看起来就像是个幼儿。若是一般人听到，想必会觉得『这是很光鲜亮丽的故事』。母亲很有名，又是个大富翁，真唯本身也以模特儿的身分被拉着到处跑。我有那么些瞬间也会心想，...,0.999704897403717,2751,1
2751,335,...人成为朋友呢？可是「真唯也很辛苦呢。」从我的嘴里不自觉说出口的，却是这样的一句话。「咦？」「啊，不是。」连续三次搞砸了！此时我不禁把手贴在胸口反省自己，随之发现真唯正凝视着我，还露出一种带着透明感又毫...,0.9997045397758484,2751,1
2751,336,...么会这么想？」「不是，因为」她在窥探我的眼神，这样超级害羞的，但感觉不是说那种话的的气氛，于是我只能支吾其词。「之前，你好像也说过什么，希望别人看到真正的自己吧？要持续回应别人的期待，我想说那一定很辛...,0.999704897403717,2751,1
2751,337,...也没能回应自己的期待就是了！我本打算笑着这样下个简单的结论，真唯却把身子靠了过来。唔唉！？肩膀都贴在一起了！「这样啊，我想起来了。我就是知晓你这一面，才喜欢上你的。」「是、是这样啊。不过这种事情，不论...,0.9997041821479797,2751,1
2751,338,...的距离。咿呀！裸体，我们两个现在都是一丝不挂耶！「没有。」「咦？」「我以前从来没有像这样的对象。被所有人称羡，而且还受到呵护。自我出生以来就是如此。摆出女王的架式对任何人来说都是最好的选择，而且我自己...,0.9997050166130066,2751,1
2751,339,...」我不是在阿谀奉承，而是真心这样认为。虽然是我完全无法想像的世界，但还是想像了一下。被纱月同学视为劲敌，被香穗崇拜不行。只要五分钟我就会投降说『不对！我才不是那么能干的人！』，没办法继续努力下去。「我...,0.9997051358222961,2751,1
2751,340,...幻想，但我知道你其实是个坏心眼又满脑子肉欲的奇怪家伙。」我一边把真唯推回去一边说道，这次换成她一脸愉悦地笑着。「嗯，这样啊。会对我这样说话的人，也只有你了。」「嗯，因为我们是挚友嘛。」我用套着发圈的那...,0.999704897403717,2751,1
2751,341,...如此说道。「只有这个人懂自己、愿意理解自己；会一起做些蠢事；开心的时候一起欢乐；痛苦的时候就默默陪在彼此身边这就是我理想中的朋友。」「那就是，朋友？」别用那种像是第一次看到魔法的表情低喃啊。我都快没自...,0.9997054934501648,2751,1
2751,342,...要和真唯成为那样的朋友。」「原来如此，这样啊。那样的关系确实十分美好。」得到了真唯的同意，我不禁得意忘形了起来。「对吧～？所以果然是这样啦。朋友是最棒的！」我话刚说完，真唯就摸了我的耳朵。「呼唉！？」...,0.9997050166130066,2751,1
2751,343,...袭我！「我确实想要和你成为那样的关系。不过要我来说的话，那种关系在我的心里称为『恋人』。」「什什么！？」「我想要好好地理解你。一起聊些蠢事共同欢笑，开心与共当然，难受的时候我也会一直陪在你身边。我会握...,0.9997052550315857,2751,1
2751,344,...唯俯视着我的眼神实在太过认真，害我顿时倒抽一口气。「当、当然是大有不同啦！因、因为、因为挚友、和恋人是」我明明想要反驳，却无话可说。以前我一直觉得自己与真唯话不投机。现在总算明白其中的理由了。因为我们...,0.9997051358222961,2751,1
2751,345,...么回事？我现在难道是在高兴吗？因为真唯也和我思考着同样的事情，虽然这对我来说是理想的结果，可是真唯将这种关系称呼为『恋人』仔细想想，这反而是一种致命性的隔阂！在我混乱的时候，真唯将手叠在我的手上。「当...,0.999704897403717,2751,1
2751,346,...？啊，不要，我不想听！唔我快要泡到头晕了！我先洗个头发出去好了！」「也对，那么我也来洗头吧。毕竟一直都是湿的。」啪一声，真唯在我的眼前解开了原本用发夹夹住的头发。滑顺的金发抚过我的脸颊。这个，该不会是...,0.9997052550315857,2751,1
2751,347,...一丝妩媚。是恋人化！「咦？等一下，你怎么突然就发情了啊！？是说，这样太狡猾了吧！？」「我不懂你在说什么。我只是打算洗头发而已啊。」「那这只手是怎么回事！为什么要把我推向浴缸啊！？啊，等一下，不可以摸吧...,0.9997052550315857,2751,1
2751,348,...。这里可是人体的要害耶！「当然啦，毕竟难得能和可爱的恋人一起洗澡。像这样想要帮她洗个头发，不觉得这样的少女情怀很难能可贵吗？」「果然是恋人模式嘛！搞什么啊！？不是说好今天一天都是朋友吗！？你是被头发控...,0.9997050166130066,2751,1
2751,349,...叫的小狗呢。」我的下巴被她抬起。这个举动实在很像那么一回事。尽管我不清楚是什么点燃了真唯内心的欲火，但这家伙是来真的。「真、真唯。」要是被这高压的眼神正面凝视，我的灵魂感觉会反射性地屈服！「好，我知道...,0.9997051358222961,2751,1
2751,350,...话，同时试图用双手把真唯推回去，但身体完全推不动。真唯的嘴唇微张，可以隐约看见深处的粉红色舌头。「就算用讲的，玲奈子肯定也不会相信吧？」「我、我相信！这次我真的会相信的」我没能把话说到最后。拉近距离的...,0.999704897403717,2751,1
2751,351,...我睁大双眼。整个视野都是真唯的脸，接着她慢慢离开。「等、等、等、等」从嘴唇传播出去的酥麻感使得全身不停颤抖，我现在八成是满脸通红，嘴巴还一张一合。「我、我的初吻！」真唯以感慨万千的表情抚摸着嘴角，如此...,0.9997047781944275,2751,1
2751,352,...是非常棒呢。」「不仅嘴唇，我们有许多地方都叠在一起了吧！」因为被夹在浴缸与真唯之间，两个人的胸部也都压在一起。不对，这不是重点！「初、初吻竟然是和女孩子我终于要开始不正常了吗」「不用在意。现在年号已经...,0.9997050166130066,2751,1
2751,353,...「真的吗！？不是因为你以为自己是世界的中心才会这样想的吗！？」一旦在图画纸上滴下一滴黑墨水，就再也不能称为白纸了，我体会着这样的心情，同时将真唯推开。「呜呜呜，既然你满足了，应该够了吧」真唯的瞳眸依然...,0.9997046589851379,2751,1
2751,354,...自己还算是个有理性的人但你的嘴唇就彷佛是禁忌的果实。」「够、够了，别得意忘形！」我本来打算一脚踢开发情的真唯，好让她恢复理智，她却趁机把腿伸进我的双腿之间。这个姿势，不、不行吧！？真唯的脚碰到了！碰到...,0.9997050166130066,2751,1
2751,355,...候，又再次遭到强吻。或许因为是第二次，从真唯那像棉花糖的嘴唇直接传来了湿润柔软的感觉。「嗯、嗯嗯、嗯嗯嗯嗯！」身体的力气不断地在流失。从嘴唇开始，我的一切彷佛都慢慢地染上了真唯的色彩。再这样下去，她那...,0.999704897403717,2751,1
2751,356,...！这样的话只能用那招了！我将手环到真唯的背后。简直就像是要抱住她似的，摆出了身心都接受了真唯的动作但并非如此。我们的嘴唇重叠一阵子后，真唯一脸诧异地抬起头。「玲奈子？」连心灵都彻底被融化的我泪眼汪汪，...,0.9997050166130066,2751,1
2751,357,...「你说什么？」浴室弥漫着热气以及真唯的香气。被她雪白的肌肤紧紧抱着，内心也被烙印了再也无法忘怀的嘴唇触感，我「嘿嘿嘿」笑着，挤出了僵硬的笑容。这绝不是逞强，也不是不服输。「因为，我们是『挚友』啊」「到...,0.9997050166130066,2751,1
2751,358,...我用自己的发圈把真唯旁边的头发绑成了侧马尾。这样一来，她就是扎着头发的状态。换句话说，我们是朋友「我偶尔会听说朋友之间会接吻闹着玩什么的所以这样不算数，不算数对吧？」真唯目不转睛地盯着我。「原来如此。...,0.9997047781944275,2751,1
2751,359,...此时，我满足于自己当场的灵机一动而不断点头，突然注意到。真唯的眼神当中，渗着与男生们看着我们小圈子时会流露出的那种情欲。这下可能不妙了。我不由得想起了从顶楼跌下来那时的画面。感觉就是，啊，这下死定了？...,0.9997050166130066,2751,1
2751,360,...，有某个灼热湿润的物体，挤开我的嘴唇钻了进来「嗯、嗯嗯！？」这、这是什么！？舌头！？不会吧？不会吧不会吧！真唯的舌头在我的嘴里疯狂乱窜耶！「嗯嗯嗯嗯嗯嗯嗯！？」我有听说过这种类型的接吻。真唯的舌头紧紧...,0.999704897403717,2751,1
2751,361,...啊啊啊啊啊！我可以从真唯的吻感受到一股执念，就是『怎么可能把这当作玩笑』啊！这个吻既强力又尖锐，热情得彷佛会将人烫伤，是打算把我的内在吹得乱七八糟的狂风暴雨。糟糕。会死。我紧紧抓住真唯拼命地忍着。结束...,0.9997041821479797,2751,1
2751,362,...真唯缓缓地松开我。我们两人的嘴唇之间还有黏性的唾液架起的桥。好色情。我彷佛离开了水里的鱼般，顿时动弹不得。背后紧紧贴着浴缸，发出「啊唔」这种毫无意义的呻吟。大人的吻，实在太有冲击性了真唯看着全身无力地...,0.9997047781944275,2751,1
2751,363,...温暖的水淋浴般的声音滋润着我说：「因为是朋友的接吻，这样不算数呢。」我连笑都笑不出来。「不、不算数、对吧」我们四目相接。品尝过我初吻滋味的裸女，这次温柔把手放上了我的脸颊。简直就像是给雏鸟喂食一样，给...,0.9997047781944275,2751,1
2751,364,...性的吻，这句话来得有效多了。「你对朋友说这什么话啊」我无法批评她刚才那强硬的吻，当然也不能道谢，只能勉强以嘶哑的声音如此回应。啊啊，真是的，这下子，已经完全跨越了那条不该跨越的界线吧后来，我们重新穿上...,0.999704897403717,2751,1
2751,365,...以置信，我不禁想起了真唯那句『我想放晴就会放晴，想下雨就会下雨』。回家的路上，真唯与平常别无二致，相对的我却一直胸口苦闷，说不出话。我原本打算想再多聊一些关于游戏的感想，或是无聊的话题的。「是说，你之...,0.9997050166130066,2751,1
2751,366,...确实是来硬的。但这次并不是那样吧？」「才没有那种事」道别时，我总算挤出来的话也不过就这种程度。我果然很讨厌。作为朋友，一起非常开心地玩着vr游戏的记忆，都被彻底地改写了。到头来，全都变得像是接吻的附属...,0.9997045397758484,2751,1
2751,367,...更令我不甘心的，真正让我不甘心的就是结束之后，我竟然也感觉自己度过了特别的一天。这样子，根本一切都在真唯的掌控之中。啊啊，可恶。胸口这种难以用言语表达的苦闷到底该怎么办才好？如果会体验到这种心情，比起...,0.9997040629386902,2751,1
2751,368,...同的！我加深了这样的确信当天，我始终心跳加速，度过了一个辗转难眠的夜晚。第一卷第三章硬来什么的，绝对不行！六月也只剩下两周，我开始思考。初吻给人带来的冲击，应该是千差万别。比方说，就算接吻了，也有人会...,0.999704897403717,2751,1
2751,369,...型！）。不过，也可能有人会因为一次接吻就改变了人生。但是在现代的日本，区区一个吻根本不算什么。要是这种事情一直在脑海挥之不去，反而会跟不上岁月前进的速度。所以我决定早早忘记这件事。毕竟坚称朋友之间的吻...,0.999704897403717,2751,1
2751,370,...起当时嘴唇接触时的黏膜热度，胸口就会隐隐作痛，这也肯定只是某种错觉。所以「再怎么说也看太久了。」「咦？」休息时间，刚好从旁经过的纱月同学喃喃如此说道，我不禁吓了一跳。刚才的话是对我说的吗？「你被那个女...,0.9997044205665588,2751,1
2751,371,...那个」纱月同学的视线前方，可以看到完美超人真唯。「也、也没什么理由。我只是觉得她今天看起来也很华丽呢这样。」今天下午之后，真唯要去法国待一周左右。班上同学都在聊着这个话题。每个人都围着真唯，看起来一脸...,0.9997038245201111,2751,1
2751,372,...送着价值百万美金的笑容。只是呼吸就很有那么一回事的女人。那就是王冢真唯。外貌异常端正，举止优美什么的，根本不是那种层次的问题。她拥有能吸引众人目光的因子，而这种因子真正的说法，时而又被称为『天选之人』...,0.999703586101532,2751,1
2751,373,...学突然说道：「甘织。你有没有想过，要是所有人类都变成王冢真唯就好了？」「是没有啊！？」因为她突然讲了很冲击的话，害我不禁大声呼喊。怎么会抛出这种话题啊？纱月同学不喜欢别人大吵大闹，所以果不其然，我害她...,0.9997033476829529,2751,1
2751,374,...了。」当我正因为失分而泄气时，就连这样的反应也被吐嘈。纱月同学这个人严以律己也严以待人，所以与她单独说话的时候会相当紧张。「纱月同学有过吗？就是觉得要是所有人类都变得像王冢同学一样就好了。」「与其说有...,0.9997020363807678,2751,1
2751,375,...。「纱月同学，你和王冢同学从以前就是朋友对吧？」「嗯，是啊。若是能再晚点认识那个完美恋人，我的个性或许会变得稍微开朗一点。」我不知道该如何回应，此时纱月同学继续把话说下去。「与其说是朋友应该说是孽缘？...,0.9997038245201111,2751,1
2751,376,...的表情，所以我才会与她当朋友呢。」「咦？真的就因为这种理由？」正当我不知所措地陪纱月同学聊天时，真唯正好要在同班同学的目送下离开学校。她提着书包，宛如一名要出差的精英上班族那样从我们旁边经过。「那么，...,0.999703586101532,2751,1
2751,377,...也挥手向她告别。别因为她没有特别眉目传情就感到失望啊，玲奈子。你并不是什么特别的存在，只是个朋友罢了。我才没有失望！此时我突然注意到。「纱月同学，你说希望所有人类都变得像王冢同学一样，难道是因为这样一...,0.9997043013572693,2751,1
2751,378,...」「咦？」纱月同学露出有些惊讶的表情。「呃，我只是因为之前曾经也有过这样的想法」「甘织，你」「呃，嗯？」听到她叫我的名字，心跳猛然加快。真唯与众不同，但纱月同学也是足以代表整个年级的美女。她那纤长的睫...,0.9997047781944275,2751,1
2751,379,...么事吗？」「前阵子，香穗也对我这么说过呢呃」嗯，我们接吻了！我也不可能这么说啊（那当然）。「呃，嗯，这个嘛，是有点」我把玩着头发，移开了视线，但纱月同学没有放弃追问。「难道你爱上了那个女人？我先说清楚...,0.9997041821479797,2751,1
2751,380,...能！」才不是我爱上她，而是那家伙爱上我，所以才伤脑筋啊！「香穗好像在入学不久之后，就对那家伙告白过。」「真假！？」正当我因为这冲击的事实而瞪大双眼时，手机收到了一则简讯。呃，是真唯传来的。『暂时无法见...,0.9997045397758484,2751,1
2751,381,...儿吗？』唔。正当我目不转睛地盯着手掌大小的画面时「王冢真唯？」这个人竟然还能偷窥别人的视线吗？「咦！？不，这个嘛，我也不太清楚！或许是神！」「你原本给人的感觉就那么有趣吗？」「啊，虽然才聊到一半，但我...,0.9997044205665588,2751,1
2751,382,...我也去吧。」「为什么！？」「因为我想上洗手间啊」纱月同学一脸困扰地皱起眉头，虽说这表情非常适合她，但这个表情也有可能是演的，她已经察觉到我和真唯的关系？「啊，好像不用了！我突然不想去厕所了！我就在这里...,0.9997043013572693,2751,1
2751,383,...疑惑的眼神看着，我还是靠着灵机一动成功躲过了纱月同学的追问。呼，我成功了。奇怪？该不会纱月同学真的只是想去厕所而已是说，我也搞不懂为什么要为了见真唯如此拼命总而言之，我赶紧跑去了顶楼。今天的真唯是哪一...,0.9997050166130066,2751,1
2751,384,...来，我不禁捂住了脸。在逆光之中，站着一个人影。她让金色长发随风飘荡，优雅地靠在护栏上面。尽管这个场景与第一次相遇时完全相反，但我认为如果是王冢真唯，或许就会像这样美如一幅画吧。「嗨，你来了啊，玲奈子。...,0.9997046589851379,2751,1
2751,385,...我不禁看得出神，随后才猛然意识到。「你把头发松开了！」「是啊。因为我觉得风很舒服。」「少在那边狡辩！」我把手绕到后面把门关上，将背靠在门上。「只、只是说说话而已哦！别因为只有我们两人你就会错意了哦！」...,0.999704897403717,2751,1
2751,386,...咿！」「这是开玩笑啦，开玩笑的。」真唯露出莞尔的笑容，我却是一咪咪也笑不出来。见她慢慢靠近这边，我将双手往前伸。「等、等等！这里是学校哦！？要是做猥亵的事情，会玷污神圣的校舍的，那种事情是绝对不行的！...,0.999704897403717,2751,1
2751,387,...行为』就是不行！」但是，她转眼间拉近距离，抓住了我的手腕。真唯在我的眼前露出了比蓝天还要灿烂的微笑。「就、就说不行了」「为何？」要是被那双眼眸盯着，就没办法说谎。「因为这样我会满脑子都想着你。」比起六...,0.9997050166130066,2751,1
2751,388,...也喜欢你作为朋友」我被壁咚了，咿！没办法看她的眼神。「真唯快到上飞机的时间了吧」「我家的司机很优秀。不用担心的。相较之下，我更想享受与你在一起的时光。」「唔唔唔唔」真唯继续把脸凑近。她从斜下方凑近，就...,0.999704897403717,2751,1
2751,389,...定是因为我从真唯那里感受到了某种特别的感情吧。「不、不过才一周而已吧」「如果是以前的我想必会这样觉得，不过现在，即使是放学后见不到你的时间，也会让我感到无比漫长。更重要的是，我们还没分出胜负呢。」「见...,0.999704897403717,2751,1
2751,390,...，所以你稍微离开一点，让开，到那边去啦快点！回家、回家！」虽然我这样命令，但这只笨狗完全充耳不闻。「这样啊，原来你和我有相同的感受啊。呵呵，有玲奈子的味道。」「你这个笨蛋！」我使劲把她的头推开。明明使...,0.9997050166130066,2751,1
2751,391,...」「应该是爱的力量吧。」「是肌肉吧！」耳朵被咬了。咿！全身要没力气了。「你、你犯规！」「很可爱喔，玲奈子。啊～为什么你会如此惹人怜爱呢？我说，一毕业我们就结婚如何？我们一起住吧。赚钱这方面就交给我。」...,0.9997050166130066,2751,1
2751,392,...强吻了。唔。真唯的感情与体温都从嘴里流进来，感觉一切都快要变得无所谓了，可是我猛然撞飞真唯。擦拭嘴角。「我、我说过别在学校做这种事了吧！」「唔嗯，说得也是我本打算今天就潇洒地离去的。」真唯也一脸意外地...,0.999704897403717,2751,1
2751,393,...太对劲。」真唯的脸涨得通红。那个完美恋人竟然会如此难为情，搞得我也害羞起来了。「我现在二十四小时都想感受你的存在。」真唯把手放在胸前，低下头。她伏下的眼睑被风吹拂，闪闪发光。以接吻为界，开始强烈地意识...,0.9997050166130066,2751,1
2751,394,...唯是以更直接的方式体会到那样的情感。这样子，真唯不就变得愈来愈喜欢我了吗！「我、我是不会输的！才不会输给你这种人！」尽管被真唯紧紧抱住，我依然努力地强调这点。「绝对是当朋友更好！」她温柔地摸了摸我的头...,0.9997050166130066,2751,1
2751,395,...啦，你就去吧，快点去啦！」真唯最后又紧紧地抱了我一下，接着莞尔一笑，随之离去。上课的钟声响起。这样下去明明就要迟到了，我却依然直接把身体靠在墙上，抱住自己的身体。「唔有真唯的，味道」我沉吟一声，用双手...,0.9997050166130066,2751,1
2751,396,...全就像是恋爱中的少女啊！「忘记真唯吧！我要享受我的校园生活！那种、那种蛮横又自作主张的家伙，我才不管呢！」我一个人在顶楼大喊，但是这番话听起来就像是在跟恋人闹别扭，实在令人火大。当天晚上。我正在与爸妈...,0.9997041821479797,2751,1
2751,397,...是一篇小新闻的单元，但那好像是日本模特儿参加巴黎时装秀的特辑，所以走在伸展台上面的真唯被清楚地播放了出来。我与妈妈异口同声地发出『喔』的声音感叹眼前的画面。「唉，快看快看，孩子的爸。这孩子啊，之前有来...,0.9997026324272156,2751,1
2751,398,...～」我一脸骄傲地如此说道，坐在旁边的阳角妹妹随即半睁着眼冷冷地看着我。「姊姊如果只是往自己脸上贴金倒还好，但撒谎还不打草稿的话，实在是这样我可是不会再叫你姊姊，而是用『喂』或『你』来叫你了喔。」「不是...,0.9997013211250305,2751,1
2751,399,...盘子，同时静静地摇头，我见状后如此坚称。「我在学校可是一直都和真唯在一起的！」「唉，你帮我拿一下那边的美乃滋。」「这么快就换叫法了！？妈你看啦！」妈妈将手放在脸颊，同时凝视着电视。「嗯～仔细想想，我还...,0.9997019171714783,2751,1
2751,400,...话是这样说没错啦，但不要扭曲发生过的事实好吗！？」无论我怎么大声嚷嚷，三个人都还是若无其事地称赞今天的晚餐煮得很好吃。我不能接受不对，其实倒也还好？我茫然地望着电视。出现在上面的真唯，看起来就是个绝对...,0.9997039437294006,2751,1
2751,401,...班上我甚至也不会向她打招呼。虽说目的是为了在高中改头换面，但我真的是鼓起了勇气呢从顶楼跳下来，去饭店的泳池，还有两个人一起洗澡。这些事情简直就像在作梦一样。萤幕上面的真唯就是如此遥远且高贵的存在。是说...,0.9997026324272156,2751,1
2751,402,...咕，但这些如果真的是我的妄想该怎么办？「怎么了你？没有食欲吗？」「哎呀，你怎么了？我觉得今天的炸鸡炸得蛮好吃的啊。」「连爸爸和妈妈也这样！？不对啊，妈妈你见过她吧！」&#10045;&#10045;&...,0.999704897403717,2751,1
2751,403,...为普通的平凡公立高中。哎呀，其实本来就是所偏差值还算不错的普通学校就是。虽说没有什么变化，但给人的感觉就像是萤光灯的亮度下降了一阶。休息时间。我坐在靠窗的座位，呆呆地仰望着下雨的天空。坐在前面的是如同...,0.9997051358222961,2751,1
2751,404,...也没什么精神。「会让人想睡觉呢。是因为小真唯不在的关系吗？」「是啊～毕竟是梅雨季呢～」眺望着下雨的景象，会让我想起在台场约会后接吻的那个情景，因此我深深地叹了口气。视线无处可逃。「今天该怎么办呢？小真...,0.9997052550315857,2751,1
2751,405,...言说要趁现在念书，拉开彼此的差距。」「哈哈很有她的风格。」既然这样，紫阳花同学肯定也会被其他小圈子邀请去作客吧。真唯出差的这段期间，感觉暂时会体会到久违的孤独气氛胃开始痛起来了。和大家在一起很累，却又...,0.9997053742408752,2751,1
2751,406,...敢主动约人！没错，必须要让真唯见识一下，就算没有她我也能办到否则我会一辈子被她玩弄在鼓掌之中。「那、那个，紫阳花同学。」「怎么了～？」「如果你今天有空，不介意的话，要、要不要陪我一起去哪逛逛？」我挤出...,0.9997050166130066,2751,1
2751,407,...摆脱真唯的束缚！现在的我必须要创造一个采取过行动的事实！「嗯，好啊～」「唉！？」我不禁瞪大双眼。怎么可能，竟然这么爽快就答应了咦？陷阱？这该不会是陷阱吧？难道是社恐才不知道的陷阱题吗？可是就我一个外行...,0.9997047781944275,2751,1
2751,408,...这还是第一次和小玲奈两个人一起出去玩对吧。真稀奇呢，小玲奈竟然会主动约我。」「不，那个，呃因为紫阳花同学高不可攀，该说是不敢搭话吗？或者说是天龙人那种」「啊哈哈，怎么这样讲。我们不是很自然地在说话吗～...,0.9997046589851379,2751,1
2751,409,...的人大排长龙，鲜少有机会轮到自己，而她现在突然无视排队的人朝直接拉住我的手，我是什么时候拿到后台通行证了？「这是什么超vip待遇啊！」「vip？」「不是啦，那个，因为会有许多人约紫阳花同学一起玩，你每...,0.9997045397758484,2751,1
2751,410,...家都很温柔地邀请我，我只是让她们带着我去玩而已。所以今天很谢谢你的邀请。」紫阳花同学说着说着将头发拂在耳后，恭敬有礼地低头致谢，她的笑容都快让我被净化了。「我才是！请务必让我与您一起同行！」就这样，放...,0.9997047781944275,2751,1
2751,411,...本上对朋友哪有什么花心！？不懂这是什么意思！下课后，我满心雀跃地想着要和紫阳花同学一起去玩，结果放学后的班会一结束，班上的女生就找我打了声招呼。「那、那个～甘织同学，我们今天要不要一起回去？」「咦？」...,0.999703586101532,2751,1
2751,412,...这样！我们这团都是不起眼的女孩，你愿意吗！我们有时候也会想和可爱的女生接触！」「唉！？可、可爱」这两人是文静的长谷川同学与活泼的平野同学。我记得是美术社与文艺社的社员。因为座位很近，偶尔会与她们交谈，...,0.9997029900550842,2751,1
2751,413,...是在说我吗？」「咦？那当然啦！甘织同学超可爱的！你肌肤很漂亮又很光滑，笑容也非常灿烂！应该是世上最可爱的吧！？」「而且甘织同学很好聊呢～没有高层阶级那种很难接触的感觉。」「是、是吗？」被长谷川同学与平...,0.9997023940086365,2751,1
2751,414,...忘我。虽说我的内在是个不折不扣的阴角就是！！唔可是，今天我已经和紫阳花同学约好了。尽管脸上挂着笑容，但还是得拒绝别人的邀请，这种感觉就像喝了两杯珍奶一样沉重接着，我开口说「那个～」。就在这时「小玲奈～...,0.9997017979621887,2751,1
2751,415,...，紫阳花同学，我现在有点事」就在那之后。长谷川同学与平野同学看到站在我旁边的紫阳花同学，顿时茫然地张着嘴巴，脸上泛起了红晕。「哇，好漂亮眼睛好大脸超小」「咿呀美少女近看超夸张的」咦！？她们俩对紫阳花同...,0.9997037053108215,2751,1
2751,416,...可爱的吗！？「还以为王冢同学不在的现在是个机会看来不管怎么想都是有勇无谋呢」「与我们所处的世界完全不同对不起，甘织同学！我们不会再向你搭话了！放心吧！好啦，明天见啰！」「啊」我伸出手，但她们已经匆匆地...,0.9997032284736633,2751,1
2751,417,...态度。「嗯嗯～？」紫阳花同学疑惑地歪着头表示不解。「怎么了吗？她们是不是有什么事情呢？」「嗯，不要紧走吧，紫阳花同学。」我再次望向紫阳花同学。一头雾水的她看起来就像是一颗要价好几百圆的高级马卡龙一样软...,0.9997037053108215,2751,1
2751,418,...的对象吧「要是咬了紫阳花同学，肯定很甜呢」「咦？怎么了？恐怖故事吗！？」她那张受到惊吓的脸也超级可爱的。我们想说要去看新的专柜化妆品，来到了新宿的百货公司逛逛。紫阳花同学牵着我的手，穿过了化妆品区。周...,0.9997045397758484,2751,1
2751,419,...、不过，我这边可是有天使陪着呢！请引导我这愚蠢的人类吧。我们刚抵达想逛的卖场，紫阳花同学就露出好比我在学餐烦恼该吃乌龙面还是荞麦面那样认真的表情，比较着新上市的唇膏。紫阳花同学将两条唇膏像是举起光束剑...,0.9997040629386902,2751,1
2751,420,...较喜欢哪条？」这是约会时女孩子会对男孩子撒娇的那种小心机举动！但紫阳花同学做起来就显得非常自然！因为我只有用廉价的化妆品，分辨不出好坏但紫阳花同学不是问『哪个比较适合』，而是『喜欢哪个？』，我觉得这点...,0.9997045397758484,2751,1
2751,421,...个那我选粉红色！」「真的？我也是耶～我觉得比较喜欢这个呢～」太好了！我漂亮地给出了正确答案！我在内心摆出了胜利姿势。得意了一下后，突然觉得既然是紫阳花同学，不论我选哪个她都会这样说会摆出严肃的表情思考...,0.9997040629386902,2751,1
2751,422,...笑容，叫住店员询问是否能试用化妆品。哦原来在百货公司还可以请她们这样帮忙啊。我都不知道。「既然都来了，小玲奈也一起试试吧。」「啥！？」我还没搞清楚状况就被迫坐在镜子前面。等、等一下，我没有那么多钱耶！...,0.9997039437294006,2751,1
2751,423,...另一位身穿套装的漂亮大姊姊走到我的旁边，对我莞尔一笑。啊哇哇。「今天打算怎么化？要涂涂看和朋友一样的款式吗？」「咦？呃，那个不好意思，我身上没带那么多钱」大姊姊闻言，嘻嘻地笑了。「既然这样，我想想喔。...,0.9997034668922424,2751,1
2751,424,...话下次可以再来玩。」「不、不好意思，给你添麻烦了」「没关系没关系。」姊姊手里拿着犹如宝石般漂亮的唇膏，脸上挂着百货公司的营业笑容，用手扶着我的脸颊。哇、哇哇哇「你喜欢化妆吗？」「咦？不，那个，怎么说呢...,0.9997020363807678,2751,1
2751,425,...想说这下糟了。是不是让她不开心了呢可是大姊姊听了只是笑着说「没那回事」。「呵呵，这样啊，你真老实呢。那你今后也许会成为我们的客人。我会努力帮你化得很可爱的。」「啊唔啊唔啊唔。」我被充满干劲的大姊姊玩弄...,0.9997028708457947,2751,1
2751,426,...放。身旁是嘴唇滋润且充满光泽，笑起来比平常还要稍微成熟一些的紫阳花同学。「她们相当热情呢～」「哈哈哈被盛情招待了一番」紫阳花同学买了新产品的唇膏，从正面目不转睛地凝视着我。眼见她的嘴唇充满光泽，令我不...,0.9997038245201111,2751,1
2751,427,...听到天使全力地夸赞我可爱，脸颊一下子热了起来。「那、那只是因为化妆的技巧很好，或者是化妆品的品质很高而已啦！」「意思是只要小玲奈的化妆技巧变得更好，再自己凑齐专柜的化妆品，随时都能变得这么可爱啰？」「...,0.9997040629386902,2751,1
2751,428,...热。「是说，紫阳花同学才超级适合的这也太无敌了吧？」原本就可爱的紫阳花同学变得更加地可爱，俨然就是降临到地上的大天使。听到我大力称赞，紫阳花同学露出楚楚可怜的微笑。「唉嘿嘿，是吗？」她有点害羞地游移着...,0.9997044205665588,2751,1
2751,429,...抛了一个飞吻。咦好、好可爱还以为心脏都要停止了。我取出手机，摆好架式。「紫阳花同学，再一次！再一次！」「咦？你要拍吗！？」「因为实在太可爱了！不要紧，我不会给别人看的！我会在家一个人享受！安可！安可！...,0.9997046589851379,2751,1
2751,430,...由于我是直接录影，打算永远珍惜好好保存。活着真是太好了。可是这个要求是否太过分了呢与紫阳花同学在一起，心脏的上下运动就很激烈。接着，是我们打算去楼上逛时发生的时候紫阳花同学自然地把手伸向我的手。咦！？...,0.999704897403717,2751,1
2751,431,...为什么？难道你喜欢我吗！？」我不禁说出了真心话。然而紫阳花同学却是一脸平静地说『为什么这么问？』。「我喜欢小玲奈啊，那是当然的。」啥啊啊啊啊！？我动摇得很夸张。最近我因为真唯受到了诅咒，会把这种话全部...,0.9997047781944275,2751,1
2751,432,...还牵着手。比真唯还要小上许多的手指实在太过可爱，让人很伤脑筋。走在旁边的紫阳花同学心情莫名地好，我认为不可能老是发生这么好的事情，肯定会在某个时间点全都反转「那个，我可以抱怨一下吗？」已经来了。也太快...,0.9997045397758484,2751,1
2751,433,...要道歉？」她又笑了。我还以为她肯定会说『小玲奈，其实在这个圈子里面，有个人我在生理上实在是无法接受是名字以「ㄍ」为开头，「」结尾的人』什么的。「我有说过自己有两个很小的弟弟吧？在家里面我总是会生气地骂...,0.9997040629386902,2751,1
2751,434,...应该说我经常都在生气。拿出来的东西总是乱放，老是忘东忘西，不会好好轮班打扫浴室，一玩起游戏怎么叫都不会回。」「是姊姊耶」紫阳花姊姊虽说是非常好听的称呼，但我没勇气开口叫她。「就是啊。所以姊姊偶尔也要像...,0.9997037053108215,2751,1
2751,435,...！」紫阳花同学像是吸血鬼一样露出虎牙，呵呵呵地发出无畏的笑声。真可爱。「不，我这种人的女子力根本微不足道」「虽然我还是第一次和朋友两个人一起逛百货专柜，但我很开心喔。谢谢你陪我一起来，小玲奈。」紫阳花...,0.9997045397758484,2751,1
2751,436,...不对不对。紫阳花同学喜欢我还有感到开心，都只是把我视为朋友看待。因为她是天使，表达感情的能力丰富，只是会自然地去做些让对方开心的事情。所以，这只是我自顾自地在那心跳加速罢了！这种感觉是怎么回事？我居然...,0.9997044205665588,2751,1
2751,437,...吗？怎么可能「怎么了吗？突然站着不动抱着头咦？难道你身体不舒服吗？」「不该怎么说，就好像是在没办法再进去的迷宫发现有宝箱忘了打开，结果又把存档覆盖上去那样」当我在说这种事情时，真正的反转剧情出现了。我...,0.9997047781944275,2751,1
2751,438,...在买东西？」是帅哥。不对，是同班的清水同学与藤村同学。我记得其中一个是篮球社，另外一个是足球社吧。总之，在高大体壮又五官端正的帅哥面前，我不禁开始紧张了。明明就连和女生相处都感觉有困难了，面对在班上也...,0.9997041821479797,2751,1
2751,439,...，现在依然握着我的手的紫阳花同学丝毫不感到害怕。「对啊。倒是你们两个男生一起来这种地方真是稀奇呢。是要买礼物送人吗？」「没错。是这家伙要买给女朋友的生日礼物啦。」「嗯，大致上已经想好要买什么了就是。所...,0.9997045397758484,2751,1
2751,440,...好呢～」紫阳花同学笑容婉约地如此回答。我猛然松开她的手，往后退了一步。因为紫阳花同学对谁都很温柔，她一定会说四个人一起玩会更开心，以此为由邀请我吧。啊，总觉得，看着空荡荡的手掌，突然想起来了。以前也曾...,0.9997047781944275,2751,1
2751,441,...时期。因为男孩子也会来，我们陪他们一起玩吧朋友这样邀请我但我很紧张，又不知道该聊什么才好，所以就说『我还是不用好了』，拒绝了对方。结果后来『甘织，你为什么拒绝邀请？是在跩什么。我不会再邀你了。』当时的...,0.9997047781944275,2751,1
2751,442,...不喜欢我当时的态度吧。我会变得孤单一人的原因，就只是因为这种小事。只是因为对方那天凑巧心情不好罢了。她在班上是个引人注目的女孩，后来我就莫名地开始遭到无视。我没有打算公开反抗，只是随波逐流，也没有人特...,0.9997043013572693,2751,1
2751,443,...算夸张地强调这在我内心留下了阴影，只是从那之后，我就非常地在意他人的目光，在意周遭的人会对我有什么看法。而且，我变得极端害怕拒绝别人的邀请。可是，我真的很不擅长和男男生相处唔唔，没办法了。没事的。不过...,0.9997041821479797,2751,1
2751,444,...躺在床上就行。没什么大不了的。比起孤单一人度过高中三年的时光，这样完全能够忍受。只是，如果真唯现在在这里。她想必会像平常一样，拉住我的手拯救我吧应该。我愣在一旁如此胡思乱想对于自己这样的妄想，我不禁感...,0.9997045397758484,2751,1
2751,445,...唯。跟我理想中的朋友关系相去甚远。我的目标应该是一个能毫无心机地与对方交往的，真正的朋友才对啊。一旦苗头不对就想着依赖朋友，我的内心到底有多脆弱啊。好不甘心。当然啦，真唯是个任何事都能办到的厉害人物，...,0.9997045397758484,2751,1
2751,446,...真唯，挚友肯定比恋人更好呢？那家伙正在法国努力。我也必须要好好地亲口拒绝才行！（虽说两者的规模差多了！）「唉，小玲奈觉得呢？」紫阳花同学代替男生敦促我给出回答，我闻言后深深地吸了一口气。过去算什么。国...,0.999703586101532,2751,1
2751,447,...校，找到『真正的朋友』！「对不起！我不能和大家一起」（倒下）突然间一阵晕眩，我当场倒下了。「小玲奈！？」是轻度贫血。「来，甘织。喝点水吧。」「还好吧？要送你回家吗？」「不，那个不用麻烦了」我用双手抱着...,0.9997047781944275,2751,1
2751,448,...人，好温柔而我，虽然是下定决心拒绝他们了啦，但心灵太脆弱了「谢谢你们两个。再来由我照顾就行了，不要紧的～」「这样啊。那我们先走了，多注意点啊。」「咦？怎么这样？也太冷淡了吧。」「白痴，这种事交给女生处...,0.9997041821479797,2751,1
2751,449,...，原来是这样啊。抱歉，我没那么机灵。那我们学校见啦。」谢谢，清水同学、藤村同学男孩子的阳角，对女孩子超温柔的是我单方面不善应付，对不起而且尴尬的气氛还在持续。现在只剩下我和紫阳花同学两个人，实在对她非...,0.9997046589851379,2751,1
2751,450,...抢先道歉了。这是怎么回事？难道她要说『我已经没有自信和小玲奈继续当朋友了』？这样的话就玩完了呢。我要好好大哭特哭。我对自己的行为做好了坚定的心理准备。「小玲奈，你好像不擅长和男生相处对吧。应该说，是不...,0.9997046589851379,2751,1
2751,451,...不起哦。」我出了一身冷汗。「可是，那个，就是如果比起和我在一起，紫阳花同学和那两个人玩在一起会更开心的话，其实你就算选择他们，先和我说再见也」「不对喔。」我结结巴巴地如此说道，她立刻像是在责备我那般严...,0.9997046589851379,2751,1
2751,452,...玲奈觉得无聊的事情，不就本末倒置了吗？」她握住了我的手。呀，好软。「我今天是和小玲奈来约会的喔？」她以像是在闹别扭的口气这样说道，随后莞尔一笑。被指正了自己错误的想法，我慌张地说「对、对不起」道歉，但...,0.9997047781944275,2751,1
2751,453,...那么八面玲珑喔。」「明、明白了。」「真的？真的懂了吗？其实我这个人挺任性的，而且还很爱生气哦。」鼻尖被她用指头戳了一下，我顿时点头如捣蒜。说不定就如同真唯那样，紫阳花同学也对周遭的人强加给她的形象感到...,0.9997045397758484,2751,1
2751,454,...呵，其实啊，我在向弟弟说教的时候，都会像这样紧紧把手握住喔。这样一来小鬼头们就会一脸害羞，乖乖听话呢。这可是姊姊的独门绝学喔。」「这样就会乖乖听话？」瞬间有种全身的血液畅通的感觉。心跳也好惊人！「所以...,0.9997039437294006,2751,1
2751,455,...完全没事了。给你添麻烦了。」「这样啊，那就好。」紫阳花同学挺起身子，把手伸向这边。「今天我们就回去吧。下次要再约会哦，小玲奈。」她的笑容灿烂，从背后隐约可以看见带有神圣光芒的羽毛。无论是任性的时候也好...,0.9997039437294006,2751,1
2751,456,...回程路上，我在新宿车站里面看到了刚上市的游戏广告。我起了反应「喔」一声停下脚步，并肩走着的紫阳花同学也把目光投向长方形的广告招牌。「小玲奈，你是会玩游戏的那种人吗？」「咦？不，那个，稍微有玩一点啦！」...,0.9997043013572693,2751,1
2751,457,...和小鬼头们一起玩哦～可是这游戏的前作，好像反而是我比较入迷。」你说什么？回过神来，我已经用双手抓住了紫阳花同学的肩膀。「我、我也是我也喜欢玩游戏！」此时我猛然回神。糟糕，不小心就做出了恶心的举动。虽说...,0.9997041821479797,2751,1
2751,458,...学也肯定会感到不悦「哦～这样啊～真意外呢，我还以为小玲奈对这种东西没有兴趣。是说，你都玩什么样的游戏？」天使～～～～！在回程的电车中，我留意别让自己的语速快起来，也努力不去发表在开发者访谈中学到的小知...,0.9997047781944275,2751,1
2751,459,...听着我说。甚至「哦，原来你有买啊。我也想玩玩看呢～」「那、那么」我已经破关了，就借你玩吧！尽管这句话都到了嘴边，我还是吞了回去。「下、下次要来我家玩吗？」与今天相同，我提出勇气再次主动邀请紫阳花同学。...,0.9997047781944275,2751,1
2751,460,...太开心了。本以为这是人生当中仅能捡到一次的幸运，没想到下次还能再和紫阳花同学一起玩难道，我已经抓住了阳角的诀窍？「紫阳花同学和我当朋友吧！」「我们以前都不算朋友吗！？」真唯啊，抱歉啦趁着你在遥远天空底...,0.999704897403717,2751,1
2751,461,...呵呵&#10045;&#10045;&#10045;真唯经常传讯息给我。刚洗完澡，我就想把专柜小姐给我的基础化妆品涂在肌肤上，心想好东西果然不一样同时打开手机的程式。真唯传过来的照片像是会在法国的剧院...,0.9997045397758484,2751,1
2751,462,...会出现在杂志上的页面。『你看入迷了吗？』看到她传了自信百分百的台词，我心想真是的，不禁叹了口气。『是是是，工作加油喔。』电话打来了。我有点提心吊胆地把手机靠在耳边。「呃，喂？」『怎么了？你感觉有点冷淡...,0.9997051358222961,2751,1
2751,463,...可爱。你真是可爱呢，玲奈子。』「才不是！」尽管我威吓了一下，真唯却笑着回应。这很平常。司空见惯。『放心吧，我今天有好好扎着头发。是你的挚友喔。』听到她这样说，态度自然没办法太恶劣。真是狡猾的家伙。「真...,0.9997050166130066,2751,1
2751,464,...心觉得很了不起。」『这样啊，真是难为情呢。你重新爱上我了吗？』「我们是朋友吧！」狡猾的真唯总是简单地跨越那条界线，我对此严厉地斥责。真唯还专程从法国打电话过来，我感受到她的心意后，嘴唇不由得蠢蠢欲动，...,0.9997050166130066,2751,1
2751,465,...怎么样？工作还顺利吗？」『那当然，毕竟是我嘛。』芦高的完美恋人，好像在全世界都很吃得开。『我是想这样说，但其实很多事情都不是非我不可。』「什么意思？」『像是坐在椅子上微笑，或是回答别人提出的问题，再不...,0.9997046589851379,2751,1
2751,466,...』「我是不太懂啦但模特儿不就是这样吗？与其说是独一无二，应该说说这个人的身材本身就具有价值那样。」真唯微妙地停顿了一下。『在这里之所以会有价值，是因为我是那个人的女儿。』「咦？」我回问之后，真唯刚才那...,0.999704897403717,2751,1
2751,467,...话。忘了吧。』我不禁起嘴唇。「我怎么能轻易忘记啦。我们现在是『挚友』吧。听到远在异乡的朋友说了感觉很寂寞的话，我不可能充耳不闻。」对紫阳花同学还有男孩子们都无法说出口的话，如果面对的是真唯就能滔滔不绝...,0.9997047781944275,2751,1
2751,468,...电话那头传来「呵」的一声微笑。『嗯，我果然喜欢你呢』听到那夹杂着吐息的声音，顿时让我胸口一揪，一时间什么话也说不出口。『没有什么大不了的。我只是想稍微讲讲泄气话罢了。』「嗯、嗯，没关系啦。想说什么就尽...,0.999704897403717,2751,1
2751,469,...受的。来，跟玲奈子姊姊说看看吧。」我稍微模仿了一下紫阳花同学，试着调侃真唯。『玲奈子姊姊，是吗要是有像你这样的姊姊，我似乎会每天撒娇呢。』「要是有像真唯这样的妹妹，感觉会疯狂拿来做比较，每天都会很沮丧...,0.9997050166130066,2751,1
2751,470,...关系」真唯闻言后笑了。好害羞。早知道我就不说什么姊姊这种多余的话了！『对我而言的恋人，就是特别的存在。』由于我才刚说什么都愿意听，即使知道这个话题非常危险，我也只能接受了。『那是任何人都无法取代的重要...,0.9997047781944275,2751,1
2751,471,...」『你会像平常那样说，「为什么是我？」对吧？那天在那个时候、那个场所遇到的人是你。所谓的命运呢，正因为是命运，所以不会遇到其他的陌生人。我和你相遇就是彼此的命运。』这种话，听起来就只是马后炮嘛。确实，...,0.9997040629386902,2751,1
2751,472,...一天会察觉到『这才不是命运』。但不知为何，我不打算讲出这件事。或许是因为对我而言，也想把真唯当作『特别的存在』。「意思是，我是任何人都无法取代的吗？」『当然是这样。能代替玲奈子的人是不存在的。』我想应...,0.9997052550315857,2751,1
2751,473,...『你是说真的吗？』我感觉真唯显得有些不安，便给她打了包票说「那当然啦」。并不是因为她的外貌姣好，或是因为她是完美恋人什么的。『会用那种硬来的方式要胁别人的女人，要是有好几个那怎么受得了。』因为我一直在...,0.999704897403717,2751,1
2751,474,...会说的！从顶楼坠落就已经够我受的了！『谢谢你，我稍微安心了喔你这个人真的是很温柔。』真唯的语气听来不再那么坚定，而是自然地发出低喃，我的心彷佛要顺着耳朵就这样融化，不禁让我觉得电话的距离感相当危险。我...,0.9997050166130066,2751,1
2751,475,...那边现在大约几点？现在在做什么？」『正好是中午喔。由于摄影在刚才总算告一段落，现在一直是待机时间。我正看着你的照片傻笑呢。』「你是什么时候拍的啊这样很害羞耶」『不要紧的。我说这是我的爱人（shelly...,0.9997046589851379,2751,1
2751,476,...）。』「这样我反而更难为情耶！？你到底在搞什么啊！？是说你为什么要跟别人炫耀啊！？」『因为你是我自豪的恋人。』「朋友！朋友！」『话说，你那边有发生什么变化吗？』「听人讲话啦」我把自己和紫阳花同学第一次...,0.9997046589851379,2751,1
2751,477,...天要来我家玩喔～」嘿嘿嘿～很棒吧～我如此自豪。因为能独占那个紫阳花同学两天，我相当雀跃。所以，这时我或许没考虑到真唯的感受。『哦。两人独处？原来如此。』如今我和紫阳花同学两个人玩又怎么样了。反正平常总...,0.9997052550315857,2751,1
2751,478,...很冷淡。『这样啊，我没想到你是这种女人。』「咦？什么意思？」『明明都有我了，竟然还邀请其他女人进房间借此来玩弄人心』「等一下！？紫阳花同学只是单纯的朋友耶！？」『原来你是才刚远距离恋爱就立刻花心的渣女...,0.9997054934501648,2751,1
2751,479,...大声抗议就对了。「总之！我和真唯又不是真正的恋人，要和谁玩是我的自由吧！？」为什么我非得主张这种事情不可？这样搞得我们好像真的在交往一样！『够了！随便你吧！我和你充其量也不过就是朋友而已！』「一开始就...,0.9997053742408752,2751,1
2751,480,...！」真的搞不懂她在想什么！「是说，我明明再三强调很讨厌接吻了，你还强迫我不是吗！稍微体会一下自己被人做了不情愿的事情会有什么感受吧！」『你明明很享受吧！』「少在那边强词夺理！」『那好吧！我也要在这里和...,0.9997052550315857,2751,1
2751,481,...。在电视上看到的真唯附近有许多来自日本的模特儿。我的外表丝毫跟不上任何一个女孩的车尾灯。彷佛遭到劣等感践踏的那种感觉不断地刺激着我。然而，真唯却受到了比我加倍的打击。『不，我不会那么做是开玩笑的，对不...,0.9997052550315857,2751,1
2751,482,...种事』「嗯、嗯。这样啊」我安心地松了口气。不，为什么要松口气？为什么我会感觉如释重负？『所以，你也可以从实招来。和紫阳花一起玩也是开玩笑的对吧？』「那是真的啦！」『怎么会有你这种人！』「怎么又来了啦！...,0.9997051358222961,2751,1
2751,483,...来，真唯也变得愈来愈不对劲再这样下去，感觉我们总有一天会经历一场更大的，或者说更关键的吵架！恋爱果然危险。因为就连真唯都会变得怪怪的，最好还是别继续下去！&#10045;&#10045;&#10045...,0.9997044205665588,2751,1
2751,484,...恋人不在的无聊和平凡，到处都安排了游玩的计画。「唔哇好无～～聊喔！」可是其中最为暴躁的，就是最喜欢真唯的香穗。她一脸苦恼地不断摇动桌子。「冷静点，十六岁儿童。真是的，我真搞不懂那个王冢真唯到底哪里好了...,0.9997027516365051,2751,1
2751,485,...反而有些意外地说道：「大家都不瞭解呢！那个完美恋人存在于这个班上不仅养眼，而且还是多么幸运的事情。你们该不会是太过习惯了吧！」在旁边的紫阳花同学露出莞尔的笑容将手环在背后，如此说道：「咦～我每天都觉得...,0.9997023940086365,2751,1
2751,486,...服的价值都上升了。」「才不是那种事啦！呐～小纱～！」眼见香穗打算抱过去，纱月同学默默地闪开了。「不管王冢真唯在或不在，我们的高中生活也不会有什么区别吧。因为只需要做好每天该做的事情，不如说少了个令人郁...,0.9997003078460693,2751,1
2751,487,...就一脸寂寞的说～？」「」「好痛，等等，别用文库本敲我好吗！？」多嘴的香穗激起了纱月同学的怒火，紫阳花同学笑容满面地在旁边看着她们打闹。我们这个小圈子因为真唯不在，就像有一边的声音消失的耳机一样美中不足...,0.9997031092643738,2751,1
2751,488,...校园生活（我后来带了果汁向清水同学与藤木同学赔不是，再次向他们道了歉。他们两人都很温柔。）是说，奇怪？难道我的mp会耗尽的原因，归根究柢都是因为有真唯在才会过度紧张的吗！？如此这般，放学后。呵呵，今天...,0.9997037053108215,2751,1
2751,489,...去吧。」「好的！我很乐意！」这一个月来，她是接着真唯第二个邀请到家里的朋友。这样即使说我在高中成功地改头换面也绝非言过其实我挥手驱赶不时出现在我头上盯着我说『怎么会有你这种人』的迷你真唯，与紫阳花同学...,0.999702513217926,2751,1
2751,490,...没有中断，可是这单纯是因为紫阳花同学的社交能力出类拔萃，可别会错意了，甘织玲奈子。我说了一声欢迎光临迎接紫阳花同学走进家门。打开家门的时候，正巧遇上了妹妹。她平常明明会因为羽球社要练习而晚回家，偏偏今...,0.9997033476829529,2751,1
2751,491,...。「我回来了，啊，今天姊姊有朋友来家里喔。」我优雅地将头发往上拨，同时如此告诉她，结果妹妹果不其然地露出惊讶的表情，脊髓反射地说「哇，有美少女！」。「初次见面。你是小玲奈的妹妹吗？竟然说我是美少女，多...,0.9997039437294006,2751,1
2751,492,...竟她是我朋友嘛，我朋友！「啊，是。对不起，突然讲这种失礼的话。那个，虽然我姊姊是那种很典型的一无是处的平凡人，但她就麻烦你多多关照了。」妹妹多嘴了一句超多余的话，但除此之外也很自然地打了招呼。不愧是练...,0.9997034668922424,2751,1
2751,493,...潇洒拨头发）「啊，紫阳花学姊，待会能和我交换联络方式吗？」「可以啊～」「别来打扰哦！」可恶，不愧是我妹妹，一点也无法大意。我瞪着妹妹离去的背影，天使紫阳花同学笑容可掬地如此说道：「不愧是玲奈的妹妹，和...,0.9997039437294006,2751,1
2751,494,...。唉嘿嘿。」「那家伙的喜好可能和我蛮类似的不，没什么！」我为了蒙混过去而把她带到我的房间。「来，要玩什么游戏呢！」「哇，好厉害，游戏好多。比我家的游戏还要多呢～」「是、是吗？应该很普通吧？」因为国中时...,0.9997044205665588,2751,1
2751,495,...学就坐在我的房间怎么会这么幸福不，现在不是为此深深感动，自顾自地颤抖的时候。这样会被她说『你在看什么？好烦』。不对，紫阳花同学才不会说那种话！「啊，来玩这个吧。我一直很有兴趣～」紫阳花同学说着说着拿在...,0.999704897403717,2751,1
2751,496,...阵子和真唯玩的那款真唯又再次于我的脑海中大喊。但现在在我面前的是面带笑容的紫阳花同学。嗯嗯！仔细想想，我和真唯在那之后改玩格斗游戏了！是说下次再和真唯玩就好了！「来玩吧来玩吧！」我与上次真唯来玩的时候...,0.9997044205665588,2751,1
2751,497,...喔，我很不会玩游戏，要是给你添麻烦的话就先对不起啰。」「不要紧、不要紧。交给我吧！我不会让任何敌人碰到紫阳花同学一根寒毛，在进入视线之前我就会把他们赶尽杀绝的！」「这样我不就什么都玩不到了吗？」糟糕，...,0.9997044205665588,2751,1
2751,498,...调整一下他们的hp，削到再一击就会死那样」「真是的，正常玩就好了啦。」紫阳花同学笑着拍了拍我的肩膀。咿唉唉，肢体接触好香的味道「说、说得也是呢，毕竟是和朋友玩游戏嘛。正常玩就好了呢」不过，什么才算正常...,0.9997051358222961,2751,1
2751,499,...张而冒出了奇怪的冷汗。就在我依然全身僵硬时，游戏开始了。不过平常玩游戏练功派上了用场，游戏一开始我便彻底恢复了平常的自己，完全没有犯任何错「哇！？」「！」「哇～好难为情我真的叫出来了。」紫阳花同学上下...,0.9997045397758484,2751,1
2751,500,...能平静得了肯定会一直看着她可爱的侧脸啊因为真唯玩的时候会说『感觉有什么要跑出来了好，你躲在遮蔽物后面。我先去探探状况』，完全就是像个游击部队一样。不行不行，与紫阳花同学相处时我竟然还想起别的女人！「小...,0.9997053742408752,2751,1
2751,501,...记得吗？」「哎呀，只是凑巧，凑巧而已啦。」毕竟我前阵子才刚玩嘛「真帅气呢，小玲奈。」「咦？啊，是我使用的角色吗？嗯，就是啊。」危险危险，我差点会错意了。「不是喔，我是觉得很会玩游戏的小玲奈很帅气啦。你...,0.9997046589851379,2751,1
2751,502,...懂紫阳花同学的价值观。「我说，下次小玲奈如果方便，要不要也来我家玩？」「咦？我绝对要去。」「真的？我好高兴。」想不到紫阳花同学会如此需要我，幸好我有把自己关在家里玩游戏。「有一个很会玩游戏的姊姊来玩，...,0.9997046589851379,2751,1
2751,503,...」啊，是那个意思啊是说如果能看到紫阳花同学作为姊姊的一面，其实也不错紫阳花同学的弟弟喜欢会玩游戏的人啊，原来如此「呃，我想问一下当作参考，紫阳花同学喜欢什么样的人？」「咦～？我看起来标准很高吗？」「不...,0.9997047781944275,2751,1
2751,504,...作休息。我把手把放下，紫阳花同学也做了同样的动作，随后仰望斜上方。「其实呢，我也没有什么条件哦。虽说在一起会开心的人是很好，但这个条件也不是必须的啊，真要说的话，我应该喜欢能放心的那种人吧？像是那种会...,0.9997051358222961,2751,1
2751,505,...」「原来如此，是像王冢同学那种可怕的人。」「小真唯很温柔的喔～我们这圈子的女生都是好孩子呢。」「完全就是姊姊视角！」把真唯和纱月同学称做好孩子难道，紫阳花同学真的是被派来人间，守望人们善行的存在吗？「...,0.9997043013572693,2751,1
2751,506,...？没、没有啊？」「依我的经验来说，一个人如果问别人有没有在意的对象，不是喜欢那个人，不然就是有喜欢的对象喔。」紫阳花同学环起双臂，以名侦探的口吻讲话。不，那个「照这个理论来说的话，我喜欢的对象不就是紫...,0.9997043013572693,2751,1
2751,507,...同学以双手捂住嘴，顿时面红耳赤。「不、不对，不是这样啦！？」「哦，这样啊。哎唷～吓了我一跳。唉嘿嘿，我还想说这是第一次被女性朋友告白呢。」「就说不是啦！？总之我不是这个意思！」我甚至还站起来拼命否认。...,0.9997033476829529,2751,1
2751,508,...仰望一脸焦躁的我。「唉～？真可惜呢～」「你、你就饶了我吧」我重新坐下。咿，脸好烫。而且紫阳花同学看起来好像很开心「难道说，紫阳花同学，你其实是捉弄我来寻开心吗？」「被发现啦？」「喂！」「呀～」我靠过去...,0.9997034668922424,2751,1
2751,509,...的地毯上抬头看着我，再加上凌乱的头发，感觉很性感。唔，是诱惑人类的堕天使模式她用光影两种身分反覆操弄着我！是说，被她这样耍着玩，我好像也不是很反感话说，这都要怪真唯，我现在变成会对朋友想这种事情的女人...,0.9997046589851379,2751,1
2751,510,...紫阳花同学」「没关系啦，不要紧，虽然我不懂你为何对不起，但我原谅你。」眼见紫阳花同学以手指做出ok手势，我差点情不自禁地抱住她，但现在的我绝对会想到不纯洁的事情，因此克制了自己。此时，门铃响起。我起了...,0.9997039437294006,2751,1
2751,511,...，再次转向紫阳花同学。「不用去开门吗？」「没事啦，反正我妹妹在。」紫阳花同学重新整理头发，真可爱啊，就在我心里涌起一股暖意时咚哒咚哒咚哒，一阵急促的脚步声朝我们逼近。「等、等等，是怎么了？」门被用力地...,0.999704897403717,2751,1
2751,512,...现妹妹的表情比我更加诧异，顿时抖了一下。「姊姊」「怎、怎么了？」「有一个很像好莱坞女星的人在门口」我按住眉头。是真唯。确实是真唯。「嗨，达令。」我有不好的预感，所以让紫阳花同学在房间等着，让她先陪着我...,0.9997041821479797,2751,1
2751,513,...说这种话的时候了。真唯笑咪咪地站在玄关。她的打扮是彰显曼妙身材的修身套装，脚上穿着高跟鞋，而且额头上还戴着一副比较大的太阳眼镜，俨然就是好莱坞女星。而且她双手还捧着一束大花。讨厌啦，红色玫瑰，太合适了...,0.9997037053108215,2751,1
2751,514,...算观光之后再回来的，但还是决定快点收工赶回来。」「那又是为什么！？」「呵呵，想让我说出来吗？当然是因为想见你啊。」「而且还把头发放下来了」真唯打算抱紧我，我用双手制止了她。慢着慢着。玄关现在化为了最终...,0.9997045397758484,2751,1
2751,515,...紫阳花同学来家里玩耶。」「这样刚好。我们就一起玩吧。」「真假？」花由开着豪华驾车的那名看似司机的人带走了。世界观真是惊人。既然是来玩的，就不能拒于门外，于是我把真唯请进了家门。回到房间后，紫阳花同学也...,0.9997040629386902,2751,1
2751,516,...结束了，所以顺路绕过来看看。」而且真唯还对待在房间角落僵住的妹妹投以微笑。「你就是玲奈子的令妹吗？初次见面，我叫王冢真唯。请多指教。」「令妹？咦？什么？伊莉莎白女王？」妹妹摆出一头雾水的表情与真唯握手...,0.9997046589851379,2751,1
2751,517,...不要乱撩别人的妹妹啦。」「你也看到了吧。我只是在打招呼而已。」「啊哈哈，这对她的刺激好像有点太强了呢不过我能理解，我第一次见到小真唯的时候也是吓了一跳。你的脸超小的，我还以为没有头盖骨呢。」正当我们三...,0.9997047781944275,2751,1
2751,518,...！？」「是啊，她一直和我维持着亲密的交友关系。我很感激。」「唉唉唉？唉唉唉唉唉～～～～？」再次看到妹妹露出夸张的表情。喂喂，别东张西望啊。这里没有装摄影机啦。是说，这个真唯还向我告白，我可是比任何人都...,0.9997045397758484,2751,1
2751,519,...肯离开这个房间，现在我右手边是宛如天使的美少女紫阳花同学，左手边则是高贵的美女完美恋人真唯。夹在这两个人中间，都让我开始听见了奇妙的幻听。紫阳花同学那边传来（明明是和我约会，为什么真唯会来？）责备我的...,0.9997041821479797,2751,1
2751,520,...一下花心的女人呢）这种冷酷无情的声音。为什么我变得好像是脚踏两条船的渣女！？我们只是朋友啊！？我在内心抱头苦恼，同时自暴自弃地向妹妹如此说道：「不然妹妹，你也一起来玩游戏！？来玩吧！」「咦！？我要玩！...,0.9997043013572693,2751,1
2751,521,...，紫阳花同学、真唯、我还有妹妹，四个人开始玩游戏。只要目击者一多，不请自来的真唯也不会做出什么奇怪的举动吧就像白天的狼人之类的？我们换成四人游玩的游戏，经历了一阵疯狂大乱斗。啊～真开心脑袋可以放空呢话...,0.9997045397758484,2751,1
2751,522,...！我绝对要打爆你！正当我们沉浸在游戏时，紫阳花同学用手机确认了时间后「啊」地叫了一声。「对不起，都这个时间了。今天我弟弟去补习，我得去接他才行。我先回去了。大家慢慢玩吧～」紫阳花同学摆出对不起的姿势后...,0.9997043013572693,2751,1
2751,523,...」妹妹看到我这样说，紧紧抓住我的手腕。她的眼神正在告诉我，『别让我和真唯小姐独处』。我当然知道啊！「对、对了，我也顺便送王冢同学一起到车站吧？」我挂上僵硬的笑容如此询问，真唯却摆出一脸事不关己的表情。...,0.9997041821479797,2751,1
2751,524,...的时间。你介意让我再待一个半小时吗？」你、你竟然自作主张！我正想说些什么，但妹妹抢先一步起身敬礼。「请便！啊，那个，我送紫阳花学姊去车站！」你这家伙！「好了，我们走吧，紫阳花学姊。」「咦？可以吗，妹妹...,0.9997046589851379,2751,1
2751,525,...，什么意思啦。真令人开心。那我就恭敬不如从命啰。那么，小玲奈，今天打扰你了。我玩得非常开心喔。小真唯也是，我们学校见啰。」紫阳花同学被带走了我的、我的紫阳花同学妹妹离去之际，从门口探出头丢下了一句。「...,0.9997047781944275,2751,1
2751,526,...无情地关上了。鸦雀无声一阵刺耳的沉默降临了现场。「好，继续玩游戏好真唯我可不会输喔」我正想把手伸向手把，就被真唯从后面抱住了。「咿呀！」「你怎么发出这种叫声呢？」「你的动作也太快了吧！你是狼！狼人！你...,0.999704897403717,2751,1
2751,527,...」「你是为了自己吧！」真唯的手一瞬间僵住了。「也对，你说得没错。嘴上说是为了你，但我现在所做的一切都是为了我自己。你轻而易举地就看穿了我有多么肤浅啊。」因为我感觉到她在我耳后叹气，顿时酥麻了一下。「事...,0.9997045397758484,2751,1
2751,528,...咦？」真唯将手放在我的脸颊，猛地把我的脸拉了过去。接着，她给了我犹如阵雨般的一吻。这种举动一口气夺走了我的心。感觉整个身体顿时充满了真唯。我不由得用力地把真唯推开。「等、等一下你别这样啦。」我把手背贴...,0.9997046589851379,2751,1
2751,529,...花同学回去的妹妹暂时也不会回来。家里现在只有我和真唯两个人。真唯简直就像是在话剧中登场的人物般将手放在胸口，同时低下头。「我现在全身都受到嫉妒的煎熬。没想到我会对紫阳花（同学）涌起这样的心情。你说的确...,0.999704897403717,2751,1
2751,530,...嫉妒为、为什么要为我这种人」「但是，你是我喜欢的对象。」手腕被抓住了。真唯那紧紧纠缠的眼神让我快感到一阵晕眩。「我完全不懂你的意思比我来得更好的人多得是吧。举例来说，就像紫阳花同学也是啊。」真唯摊开双...,0.9997047781944275,2751,1
2751,531,...。」「等、等一下不要啦，真唯」我第一次在这里被真唯拥抱，也顶多是三周前的事情，自那天以来，我就一直用奇怪的目光看着真唯。「好柔软，又好香。是玲奈子的味道。」「笨蛋，就说这样很难为情啦！」与被紫阳花同学...,0.9997051358222961,2751,1
2751,532,...了过来。一种喜欢到无可自拔的心情以排山倒海之势涌了过来。又是这种感觉。好似被爱之浊流吞没，甚至快要无法呼吸。「那、那个，真唯我把真唯，当作朋友看待」「可是，我们现在是恋人。这是我们彼此订下的规则哦。」...,0.9997051358222961,2751,1
2751,533,...脊不由得一颤！「咿唔」「这就像是交往或是结婚一样。当事人都同意了。自然不需要担心别人的目光。」「我、我明明就说不要了啊」一如往常，真唯擅自决定了别人的想法，这家伙虽然我想猛拍她的背，但手使不上力，变得...,0.9997051358222961,2751,1
2751,534,...么想哦！「我想把你的一切都变成属于我的，玲奈子。」「我、我是、属于我自己的！」从耳朵到背脊，甚至到了锁骨一带，真唯的嘴唇慢慢下滑。这种感觉就好像被人在脚掌的地方以要碰不碰的距离搔痒那样，我的身体一直在...,0.9997050166130066,2751,1
2751,535,...很甜喔。」「你、你为什么在舔！？为什么要做这种事啦！？」真唯没有回答，进一步把制服衬衫的钮扣一颗一颗解开。「咦？是、是要换衣服！？意思是明明回到家了却还穿着制服很奇怪吗！？好吧，那我自己换，不要紧的！...,0.9997047781944275,2751,1
2751,536,...缎带。随后真唯翻起背心，底下理所当然地是内衣。海蓝色的胸罩一览无遗。「等、等一下，真唯」「我爱你。」真唯露出无比冷静的眼神，彷佛就像聚集了闪耀星光的夜空，美得不禁让我倒抽一口气。随后，我当场被推倒在地...,0.9997045397758484,2751,1
2751,537,...顶蓬的床的蕾丝那样闪闪发光。「真唯」真唯明明压在我的肚子上，却丝毫感觉不到重量。她就如同羽毛一样轻，彷佛不像实际存在的人。我从下方看着她，如此心想。这女孩子真的好漂亮就这样任由真唯摆布，起码也会成为能...,0.9997045397758484,2751,1
2751,538,...了喔。」「不行，不行啦」真唯白皙的指头滑过我的乳沟。「我还、没有想要、和真唯做这种事」「我倒是一直都想这么做喔。」「我知道啊因为你还写在清单上嘛！」欲望的博览会是于我的身上举办。不对，现在不是说那种话...,0.999704897403717,2751,1
2751,539,...呀！「为什么、你会这么想摸啊我们都是女孩子吧」「不知道。」真唯以炽热的眼神目不转睛地凝视着我。「只不过现在，我想要感受玲奈子的体温。」她将手贴到我的脸颊。这个感觉本身并不令人讨厌。被人触摸的感觉很舒服...,0.9997051358222961,2751,1
2751,540,...法再与真唯维持朋友关系。于是，我用脚狠狠将真唯踢回去。「不要。」「玲奈子的腿很柔软，这肉感摸起来非常棒。」「你、你这是在说我很胖吗！？当然啦，我是没有真唯那么苗条啦！」「既然这也是玲奈子的一部分，自然...,0.9997050166130066,2751,1
2751,541,...么喜欢或是爱的」「我无论何时都是认真的。」话说回来，她之前好像也一时冲动向我求婚。我本来是这样认为，但竟然是认真的。「我想要和你成为真正的恋人。」这是她直接面对面如此发言，所以杀伤力自然很大。真唯是个...,0.999704897403717,2751,1
2751,542,...能改变吗？能变成理想中的自己吗？但那只是改变了立场到头来，那也不算是靠自己的力量改变的。所以，我还是无法执起真唯的手，随之摇了摇头。「对不起，我，还没」到六月底之前，还有一周多。我想要认真思考，好好决...,0.9997050166130066,2751,1
2751,543,...。因为，真唯是我的挚友「呐，真唯真唯？」嗯？她在看哪？「那个」真唯凝视着我刚才被拉起来的裙子里面的内裤。「玲奈子！」「咦？慢、慢着！？」她狠狠地压了过来。「不会吧！？」「我爱你！」「你不是看过我的裸体...,0.9997051358222961,2751,1
2751,544,...啊！如果是其他人，我顶多也只要说『要注意点』。没错，正因为是我深爱的你穿的内裤，所以才特别啊！」「干嘛讲得好像很好听一样！？好恶！校园的完美恋人超恶的！」我完全被制伏住了，真唯已经把手伸向我的内裤！「...,0.9997050166130066,2751,1
2751,545,...天是我们两人重要的纪念日呵呵，我爱你，玲奈子」「我不要！」真唯的眼神已经陷入疯狂，她如今根本听不见我说的话。这样下去我的贞操就会被真唯夺走。虽说我不知道同为女生她到底要怎么夺走就是！「等、等一下，别把...,0.999704897403717,2751,1
2751,546,...？」「我爱你。」「别在这个时间点讲这种话！是说，你现在打算摸哪里！？咿、咿！那里，不行，绝对不行！真的不行啦！咿呀！？住手啦笨蛋！」就在这时门喀嚓一声地打开了。「真唯小姐、姊姊，我回来了！」一脸悠哉的...,0.999704897403717,2751,1
2751,547,...推倒在地，还泪眼汪汪的我。把头钻进裙子里面的真唯。以及笑容满面，站在原地僵住的妹妹。三人的视线彼此交会。「」门啪一声地关上了。真唯缓缓起身。稍微清了一下嗓子。「抱歉，玲奈子，我有点太投入了」我反射性地...,0.9997047781944275,2751,1
2751,548,...「烂透了！笨蛋！这不是被看见了吗！所以我才说不要的！笨蛋、笨蛋！」「」「当恋人果然最糟糕了！给我滚！」真唯按住被打的脸，摇曳着视线。她起身后只嘀咕了一句「嗯，抱歉」。虽然我像这样赶走了真唯「烂透了」房...,0.999704897403717,2751,1
2751,549,...丧气。「我如果再更坚定地拒绝她就好了」之所以做不到这点，理由并非是因为我害怕失去朋友关系。与紫阳花同学相处时，我明明总是想起真唯，可是当那家伙强势进攻，脑海却从来没想起紫阳花同学。即使只是一瞬间，我也...,0.9997047781944275,2751,1
2751,550,...真唯的感情也是喜不对，呃，那个「可、可能很在意她吧」此时，响起了咚咚的敲门声。「姊姊。」「唔」门的另一边传来妹妹的声音。我的危机还没有解除！看到姊姊遭人袭击的场景，而且对象还是同性，我到底该对妹妹说什...,0.9997050166130066,2751,1
2751,551,...果，我最后剩下的朋友只有这孩子被子小姐现在，我不想看到妹妹的脸啦我听到开门的声音。「那个」「姊姊现在不在有事的话请在哔一声之后留言」我说完无意义的语音信箱后，妹妹的话就像是以时速一百六十公里的速度扔出...,0.999704897403717,2751,1
2751,552,...真唯小姐是那种关系？」我差点以为要吐了出来。既然完全被看到了，事到如今否定也没有意义？完了。「是啊就像你看到的那样。」「这样啊」为什么人类会有感情呢？为什么我会生而为人呢我不禁想着这种事。此时，妹妹发...,0.9997026324272156,2751,1
2751,553,...吧！」「？」我从被子里只探出一只眼睛，这才发现妹妹的表情闪闪发亮。「竟然和那个真唯小姐你是怎么做的，姊姊！？」这个眼神，还有这张表情是怎么回事？「呃，那个她好像喜欢我」「喜欢姊姊！？为什么！？」「我才...,0.9997043013572693,2751,1
2751,554,...敬？那个超级自大的妹妹，正在崇拜我？「好厉害我本以为姊姊一定会被那种不正经的男人骗去，到时会多一个糟糕的姊夫如果真唯小姐能当我的大嫂，根本就是逆转再见全垒打了嘛！」又在那边多嘴。不，就算你用那种满是期...,0.9997045397758484,2751,1
2751,555,...唯，还没结婚喔？吃完晚餐后，我为了躲避妹妹继续追问，直接逃到了浴室。总算能一个人独处，我不禁松了口气可是，内心还无法休息。因为真唯当时那悲伤的表情还深深地烙印在我的心里。我一时冲动赏了她一巴掌不，我认...,0.9997043013572693,2751,1
2751,556,...这样想，但对于向朋友动手这件事，我还是感到非常内疚。最重要的是，真唯被打之后，她的表情看起来就像是个孤零零的小女孩一样落寞呢唉，总觉得有种罪恶感。明明真唯特地来见我一面，竟然以那样的方式道别。虽说是真...,0.9997047781944275,2751,1
2751,557,...就好了啊啊，真是的，思绪没办法好好统整。原本我的交际能力就很差了说。「总之还是道个歉比较好吧」洗完澡后，就用手机发个简讯不，直接打电话我摇了摇头。「还是当面说吧」我深深地叹了口气，这一切都是在恋人之间...,0.9997052550315857,2751,1
2751,558,...，因为寂寞而想碰面，明明拒绝了却又不想被讨厌之类的。恋人，真的是有够麻烦。「真唯。」我喃喃说了一句，胸口感到一阵刺痛。「臭真唯。」这都要怪她向我告白。然后一切都变得不对劲了。明明只要继续在顶楼当彼此的...,0.9997052550315857,2751,1
2751,559,...一个会对女孩子心动的人，甚至还对朋友的交流造成阻碍。我开始觉得这一巴掌反而还便宜她了。「真唯那家伙，真的是」内心深处在呐喊着，要我快点承认吧。我却坚决地摇了摇头。「总之，打了她是我不对。可是，也就这样...,0.9997050166130066,2751,1
2751,560,...许当恋人也有好的一面。我说不定有点在意你，诸如此类的。我怎么说得出口啊。「唉，真的是。」我把手放在胸前。「真唯我是绝对要和你当朋友的」我轻抚了一下嘴唇。觉得该处还残留着真唯的念想。第一卷第四章真唯什么...,0.9997050166130066,2751,1
2751,561,...，感觉就是个会让心情更加沉闷的开始。虽说是六月的最后一周，现在却因为难以和真唯见面，害我心情更加郁闷毕竟才刚发生过那种事。在洗手间洗脸时，我想起了真唯以手指触碰我身体的触感，以及用手掌了她侧脸时的疼痛...,0.9997047781944275,2751,1
2751,562,...打人就是不对。而且真唯是模特儿，那张脸可是她吃饭的家伙。但明明身体差点就任她摆布了，却还要道歉，这也实在太屈辱了！至少要切换成战斗模式，我投入了之前收到的大量试用品，比平时更仔细地整理了妆容，也梳理好...,0.9997046589851379,2751,1
2751,563,...唯却从早上就不在教室，顿时害我有点泄气。是不是还在忙工作呢？午休时，我与平时的成员并桌一起吃午餐，心不在焉地啃着甜面包。看到摊开自制便当的紫阳花同学，也让我内心有点七上八下因为紫阳花同学才刚回去，我就...,0.9997050166130066,2751,1
2751,564,...的话比平时还少，但香穗就像吸取了她的能量似地精神饱满。「香穗，你感觉好像遇到了什么好事？」「嘿嘿嘿，小紫阳花看得出来吗？今天啊，放学后呢。呵呵呵。」「啊，好像有恋爱话题的味道喔～」「现在先暂时保密！」...,0.999704897403717,2751,1
2751,565,...我和真唯，还能回到像这样要好的关系吗？虽然还不知道，但我想要回到以前那样的关系。以前是什么状态？小圈子的朋友？挚友？还是？是说，我现在脑袋整个都一团乱了，有办法好好道歉吗所有一切都让我感到不安。毕竟我...,0.9997050166130066,2751,1
2751,566,...的时候「唉，甘织。」纱月同学抓准我独处的时候，过来向我搭话。「放学后能陪我一下吗？」咦？真稀奇。今天我虽然没心情出去玩但被人邀请了，我就没办法拒绝胃开始绞痛了。不过，虽然这样讲可能过于夸张，但纱月同学...,0.9997047781944275,2751,1
2751,567,...那样的眼眸。「我有关于王冢真唯的话要说。」「咦？」纱月同学始终保持着神秘的态度，在我的心中留下了黑色的污渍。「放学后，顶楼见吧。」那应该是只有我们才知道的秘密场所。咦纱月同学知道些什么吗！？顶楼的门没...,0.9997044205665588,2751,1
2751,568,...情绪，缓缓地转动门把。我战战兢兢地窥视着顶楼，迎接我的却只有阴沉的天空。还没来吗？「你知道吗？这里的钥匙一直都是同一把，所以备钥随便都能做出来。」声音不知从哪里传来，我不禁环视着顶楼。下一刻，纱月同学...,0.9997040629386902,2751,1
2751,569,...种魔女的氛围，彷佛从黑暗中出现一样。「为什么要藏起来」「我不想被人看到我们两人单独在一起，因此遭到误解。」「会有什么误解？」「不知道。」纱月同学的口气显得很粗鲁。明明平常聊天时还显得很有社交性，但纱月...,0.9997043013572693,2751,1
2751,570,...难道我被纱月同学讨厌了？这是在霸凌我？开始发抖了。「是、是说，为什么要指定这里呢？」因为难以看出对方的意图，所以我讲话不由得变得毕恭毕敬。纱月同学好像对此没有兴趣似的，朝着护栏走去。「自杀未遂。」我被...,0.9997032284736633,2751,1
2751,571,...池的咖啡馆、台场购物广场、饭店躲雨。」「你怎么会知道！？」难道是千里眼？纱月同学真的是魔女吗？纱月同学突然笑着回过头。她长发随风飘逸的模样，有一瞬间让我想起站在屋顶的真唯。像这样两人独处，更能让我深刻...,0.9997041821479797,2751,1
2751,572,...丝毫不会逊色的美女。「这个嘛，你觉得是为什么呢？」面对一碰就会切伤手指，像刀具那般强烈的美貌，我吓得身子往后仰。「难、难道，你是我的跟踪狂」「你该不会是被那家伙的自作多情给传染了吧？还好吗？」「那么，...,0.9997044205665588,2751,1
2751,573,...望似地叹了口气。「昨天，王冢真唯来到我家，全都跟我说了。」「全都说了！？」「还是边哭边说的呢。」「边哭边说！？」真唯也会哭啊「她也是会哭的。虽说那家伙只会在我眼前这样。」纱月同学的发言就像读了我的内心...,0.9997046589851379,2751,1
2751,574,...伙」纱月同学的眼睛直盯着这边，隐约看得见犹如杀意般的气场。虽然我差点就要下意识地道歉，但要是现在道歉，感觉反而是火上加油「呃她为什么会那样做？」「应该是希望有人听她说吧。毕竟她已经脆弱到轻轻戳一下就可...,0.9997046589851379,2751,1
2751,575,...咦？是说，先等一下。「全部那个，你说，全部吗？」「我不就是这么说的吗？」我顿时大惊失色。意思是真唯做过的那些色色的事，纱月同学全都知道了吗？不会吧？就连纱月同学也尴尬地移开了视线。「没，没关系，你不用...,0.9997041821479797,2751,1
2751,576,...由。我不会因为你们都是女同志就有什么偏见的。」「不是那个问题！是说你误会了！我是、那个、因为无法彻底拒绝」「我想也是呢。」「咦？」「那家伙说了，说自己伤害了你。」「真唯。」我喃喃念着她的名字，纱月同学...,0.9997043013572693,2751,1
2751,577,...说，你被一个不喜欢的女人强迫，一定很害怕吧。还说，自己一直都很自以为是，相信所有人类都会喜欢自己不过，我听了后不禁觉得，这家伙是笨蛋吗？」「」听到受伤的真唯内心的独白，令我胸口疼痛。都是因为我没有坦率...,0.999703586101532,2751,1
2751,578,...直有个疑问。」停顿了一拍后，纱月同学眯起眼睛对我说道：「那就是，为什么是甘织？」一阵风吹过。厚重的云层缓缓飘走，夕阳映射下来。纱月同学举起原本环胸的双臂，就这样单手托着脸，目不转睛地盯着我。虽然我自己...,0.9997034668922424,2751,1
2751,579,...会感到阵阵刺痛。纱月同学的眼眸，就像是将人的本性暴露在光天化日之下的一面镜子。「甘织很不起眼，总是在察言观色，无论成绩、运动神经、长相还有身材都都很平庸。家境和天赋也并非特别优秀。」她讲得超直接的。纱...,0.9997032284736633,2751,1
2751,580,...个圈子，所以她才会应付我，但这并不代表她认同我。「嗯。」不过，这样反而比较痛快。「我知道。」这也是当然的。真唯和紫阳花同学对我很温柔，而纱月同学对我很普通呢。因为，我打从一开始就一直与这个圈子不符嘛。...,0.9997045397758484,2751,1
2751,581,...眉头。「只要那家伙愿意，肯定还有其他更好的对象，甚至可以随意挑选。就连那些在演艺圈的熟人也是要多少有多少。即使是同班女生，也有像濑名紫阳花之类的。」「还有像是纱月同学？」「会在这时提到我也很莫名其妙。...,0.9997045397758484,2751,1
2751,582,...一步。这番强硬的话语好似细针那样抵在我的脖子上。「我呢，虽然不知道那家伙是怎么想的，但我把她当作朋友，也很尊敬她。一直都在比谁都近的距离看着她，而且那家伙其实也意外地努力。」「」「所以，要是知道那家伙...,0.9997050166130066,2751,1
2751,583,...以我问了。为什么你要选甘织呢？然后」总觉得我能猜到真唯当时说了什么。她一定是露出犹如春风般的温柔微笑，如此回答的吧。「她说『因为我觉得是命中注定』。」真唯曾说过。会相遇并非命运，相遇的事实才是命运。站...,0.9997045397758484,2751,1
2751,584,...，我还是有话想说出来。「实际上，我也是这样想的。像我这种人，绝对配不上真唯。」非常轻易地就说出口了。「我想也是。」纱月同学点了点头。看到她没什么反应，我不由得出了声。「唉？」「我又不是笨蛋，在一起这么...,0.9997045397758484,2751,1
2751,585,...明，比较像是一直在当个缩头乌龟。明明谁都不会把你抓来吃的。」实际上，现在感觉就好像要被吃掉了，但我说不出口。我害怕地询问：「那个，我和真唯在一起，果然让纱月同学很不开心吗？」「果然是什么意思啦？」下一...,0.9997044205665588,2751,1
2751,586,...想法没关系吧。我没有闲工夫去干涉别人的恋情。可是，如果是因为和王冢真唯这个人在一起很有面子，就抱着随便玩玩的心态交往并伤害她的话，我还是会生气的。」接着，纱月同学继续说道。「只不过，甘织做不到那种事吧...,0.9997037053108215,2751,1
2751,587,...呢」难道她是会说出『我的兴趣是观察人类』的那种类型？「我才不会这么说。」「你怎么知道我在想什么！？好可怕！」不过，我感觉自己也渐渐地瞭解纱月同学了。纱月同学既是个美女，个子也很高，因为表情比较少变化，...,0.9997038245201111,2751,1
2751,588,...道纱月同学，没有生气吗？」「我很生气呀。因为被无聊的恋爱话题削减掉我睡眠和念书的时间。」「呃，你现在该不会是在泄恨吧？」「一半一半。你开始瞭解我了嘛。」我现在总算明白，自己应该以什么样的心情站在这里。...,0.9997046589851379,2751,1
2751,589,...现得像是在听朋友发牢骚那样就行了吧。这样啊，那么我也问问看纱月同学吧。「可是，我就是不知道啊。我不知道自己想和真唯变成什么关系，想对真唯做什么就是因为不知道，所以就抱着敷衍了事的心态，结果因此伤害了真...,0.9997043013572693,2751,1
2751,590,...虽然我是想这么说啦。」纱月同学就像是被戳中了痛处，移开了视线。「我懂，有时候自己的事情就连自己都想不通。」「纱月同学也有吗？」「肯定会有的啊。因为我们才高中一年级。」这个意见非常客观「因为纱月同学是个...,0.9997043013572693,2751,1
2751,591,...切都是在自己的支配之下」「这是理想的情况，不过我也是人。又不是王冢真唯。」「真唯也是人吧！？」「不，那家伙的种族就是王冢真唯。」这种讲法我有印象感觉我之前也曾这样想过那一脸严肃的纱月同学，现在突然觉得...,0.9997045397758484,2751,1
2751,592,...月同学或许有着同样的感受吧。虽说以定位来看的话我是凡人，纱月同学则是凡人最强的朋友而且，既然纱月同学说『自己是真唯的朋友』，那一定不是敌人。这样的话「那个，纱月同学。我还是要跟你说对不起。」「你是为什...,0.9997039437294006,2751,1
2751,593,...「唔」纱月同学虽然板着一张脸，但是和刚才为止的不悦神情不同，总觉得比较像是在掩饰害羞。「我也必须向真唯道歉。要告诉她，我很抱歉打了她。虽然不知道她会不会愿意原谅我但我想要这么做，跟她好好和好。」「是吗...,0.9997043013572693,2751,1
2751,594,...诉我吗？」纱月同学压住被屋顶的风吹乱的头发。在阴沉的天空下，给人魔女般印象的女性已经不复存在，站在那里的，毫无疑问是与我相处了两个月，那个为朋友着想的纱月同学。「甘织，感觉你变了呢。」「是、是吗？」「...,0.9997046589851379,2751,1
2751,595,...在，倒是有点像真唯。因为自己想要那样就很强势的那种地方。」「咦？我才不要！？」我本性流露，直接叫出声了。这时，纱月同学第一次露出了笑容。这是看到别人惊慌失措却反倒高兴的那种坏心眼的笑容。「放心吧。甘织...,0.9997043013572693,2751,1
2751,596,...会像这样聊这么多。像今天我本来也以为是我单方面把话说玩，将甘织弄哭，虽然可惜，但我们的圈子会就此分崩离析，就地解散。」「原来是这样」是说，原来纱月同学是背负着这么壮烈的决心把我叫出来的啊嗯？不过这就表...,0.9997041821479797,2751,1
2751,597,...伤心，所以纱月同学才会追问造成这个原因的我究竟有什么想法，如果不满意我的答案就惩罚我，她应该是这么想的吧？「咦？纱月同学，你根本就超喜欢真唯的啊！」「」「对不起。」感觉到必须要道歉的气氛，我不禁低头道...,0.9997044205665588,2751,1
2751,598,...么。」「那是」纱月同学暂时沉默了一阵子。是相当难以启齿的事情吗？「那家伙呢。」她像打开地狱之门一样，打开沉重的双唇。「她把事情解释一遍之后，要我『跟她上床』。」「咦！？」「嗯」嗯什么啊。「『我伤害了玲...,0.9997045397758484,2751,1
2751,599,...心情。纱月，因为我对你没有任何想法，就由你来吧。因为你喜欢我吧？』」纱月同学现在背诵的恐怕是真唯说过的每一句话。「然后呢」「『虽然至今为止我好几次栽在你的手上，但还是第一次被你这么瞧不起』，我这样回答...,0.9997046589851379,2751,1
2751,600,...想问，纱月同学究竟对真唯是怎么想的非常想问但是感觉问了之后，就会被她从顶楼推下去现在真唯不在，不能保证这次也会挂在树上。我不能用生命交换这个答案「辛苦你了」我不由得慰劳了她。还有，知道了真唯没有和纱月...,0.9997045397758484,2751,1
2751,601,...实际上，如果当时我把她渴求到身心都遍体鳞伤，是否也会痛快一些呢唉，甘织，你怎么想？」「你就算问我」「自己的事情，自己也想不通呢」「就是啊」不对，现在不是产生共鸣的时候吧。「也就是说，难道真唯现在」「是...,0.9997038245201111,2751,1
2751,602,...』吧？」「这个想法也太」我顿时愕然。那么真唯现在说不定正在某个人的怀里。「为、为什么没有阻止她啊，纱月同学！？」我抓住纱月同学的手。「假如那个笨蛋真的笨成那样，也只代表她根本无药可救了吧。」她吓了一跳...,0.9997033476829529,2751,1
2751,603,...学，刚才手在颤抖吗？「是说，如果她任性到连朋友的忠告也不听，那就让她直接堕落到深渊算了而且她现在电话打不通，简讯也不回。」纱月同学如此说道，侧脸很是紧绷，我见状后顿时抿紧嘴巴。纱月同学也一定很后悔没能...,0.999703586101532,2751,1
2751,604,...另一半是想要拜托我去阻止真唯吧？「我知道了。」自己的心情，即使是自己也想不通。或许真的是那样。那么「纱月同学，我因为自己的考量去阻止真唯，也是我的自由吧。」「是啊，那是你的自由。不过，这样好吗？你不是...,0.9997046589851379,2751,1
2751,605,...的房里遭到袭击，甚至还被妹妹目击了事发经过。这我还真是没想到可是。我的回答很简单。「因为是朋友嘛。自然会伤害到对方，也会被对方所伤害吧。」这就是我理想中的挚友形象。我笑着这样说道，纱月同学闻言，既没生...,0.9997045397758484,2751,1
2751,606,...听喔。」或许是吧，毕竟我也屡屡遭到她强吻。所以「到时候，我会再赏她一巴掌来阻止她的。」纱月同学听到后，不禁瞪大双眼。「原来如此既然这样，或许没问题吧。」我正要离开时，听到了一声「甘织」。「我虽然不知道...,0.9997043013572693,2751,1
2751,607,...并不是如她自己想像中那样了不起的女人。」「嗯。」我笑着比了个v字。「我一定会告诉她的！谢谢你！」随后，我开始奔跑。从顶楼飞奔而出，踏着楼梯快步地冲下楼。看在旁人眼里，应该会觉得相当青春吧。但实际上我也...,0.9997050166130066,2751,1
2751,608,...是真唯，确实算得上是个大事件。毕竟对手是在这所芦高里任谁都抓不到的恋之女王。总之，我先回到教室了，好啦，该去哪里找人呢？我对真唯的生活范围可是完全没有头绪啊。「啊，小玲奈。你回来了啊。」班上只剩下紫阳...,0.9997051358222961,2751,1
2751,609,...。怎么了？紫阳花同学，有事情要留下来吗？」「嗯～其实不是喔。其他人虽然也都很快就回去了，但因为小玲奈的书包还在这，所以我就自作主张在这等你了。」「什么紫阳花同学是在等我！？」有这样的事？明明今天也不是...,0.999704897403717,2751,1
2751,610,...，就今天如何？而且小真唯也请假了，要不要像之前说的那样来我家玩？」「咦？可以吗！？」被天使邀请到家里了。这样感觉彷佛我和紫阳花同学已经成为了挚友我的人生在这个瞬间得到了回报那天透过sns，看了国小朋友...,0.9997050166130066,2751,1
2751,611,...的，是在高中成功改头换面，完全成为现充阳角的甘织玲奈子！我听着不知从哪传来的喇叭声，摇摇晃晃地走近紫阳花同学。但我随即停下脚步。真唯郁闷的表情始终在我的脑海中挥之不去。我想起当时说着『嗯，抱歉』的真唯...,0.999704897403717,2751,1
2751,612,...然带着那样的表情，在某个地方与不认识的人待在一块的话「对，对不起，紫阳花同学，我」「啊，你有其他事？」「那个，那个」膝盖开始发抖了。紫阳花同学的表情突然变得模糊，消失在视野之中。没错，我得果断拒绝。因...,0.999704897403717,2751,1
2751,613,...但是，糟糕，脑袋一阵晕眩。我连拒绝男孩子的邀请都会搞得自己头晕目眩，更别说对方是大天使紫阳花同学了。唯独这个人，我绝对不想被她讨厌。「我想去但是」我挤出笑容，静静摇了摇头。「小玲奈？」呜呜，胸口好痛。...,0.999704897403717,2751,1
2751,614,...，直接倒在地上。但这样一来，就找不到真唯了。我我设法抬起头。在天旋地转的视野当中，我看到紫阳花同学一脸担心地向我问说：「没事吗？是不是又有哪里不舒服」「呜呜呜对不起下次，再约我吧」「小玲奈你哭了！？」...,0.9997046589851379,2751,1
2751,615,...，至少要做好这种程度的觉悟。「这样啊，小玲奈很忙呢。」听到她沮丧的声音，我顿时感到头痛不已。不可是，对了。现在无法果断地拒绝，不正是因为我不相信紫阳花同学吗？我之所以始终无法忘怀国中时期的回忆，就是因...,0.9997047781944275,2751,1
2751,616,...怎么可能。紫阳花同学或许任性又爱生气，但她绝不是会做那种事情的女孩。是个小恶魔，个性恶劣的堕天使紫阳花同学，只不过是我的妄想！所以，我也要好好表达我的想法。我要告诉紫阳花同学，我到底有多想和她一起玩！...,0.9997052550315857,2751,1
2751,617,...在我家紧紧抱住我之后才确实地传达给我的。为了将言语无法传达的思念，传达给紫阳花同学我拭去泪水，然后像她对弟弟做的那样，抓住紫阳花同学的手。「我跟你说！」「咦？怎、怎么了？」我以双手握住紫阳花同学的手，...,0.9997051358222961,2751,1
2751,618,...」紫阳花同学那近在咫尺的脸，顿时红得和苹果没两样。「所以，对不起真的，真的很对不起！我也想和紫阳花同学在一起！但是，只有今天不行！」「小、小玲奈？」我握住她的手，进一步逼近。彷佛这就是今生的别离那般。...,0.9997052550315857,2751,1
2751,619,...此诉说。「拜托你，紫阳花同学，请你谅解我也想去紫阳花同学家我最喜欢紫阳花同学了！」「咦、咦咦咦！？」「其实，我每天都想和紫阳花同学一起玩的！因为我最喜欢紫阳花同学了！但是，我今天有重要的事所以，对不起...,0.9997050166130066,2751,1
2751,620,...很重要的人！」幸好班上没人留在教室。要是有人在的话，我就无法像这样说出真心话了吧。「从加入这个圈子的那时开始，我就一直觉得紫阳花同学很可爱，上次一起玩的时候也非常开心，因为紫阳花同学是我的天使，所以今...,0.9997047781944275,2751,1
2751,621,...阳花同学娇小的身体里。即使是完全不考虑对方感受的任性的好意，也可以确实地打动人心。这是真唯教过我的。紫阳花同学濡湿了双眼，微微点了头。「嗯、嗯我也喜欢、小玲奈、喔？」彼此距离近到鼻子几乎要碰在一起。紫...,0.999704897403717,2751,1
2751,622,...那涂上刚买来的夏季色彩唇膏的嘴唇，微微起咦？这个状况是怎么回事？总之，我说了声「那个」，向她表示疑惑。随后，紫阳花同学立刻睁开了眼睛。她那浅色的肌肤染上红晕，甚至还红到了耳根。「唉？啊，小、小玲奈？」...,0.9997046589851379,2751,1
2751,623,...。被我这样的人拒绝邀请，果然是出乎意料到会陷入混乱吧不，没关系。反正我的心意已经确实传达给她了。这样一来应该不会被排挤的。嗯，我必须相信紫阳花同学。「所以，你今天就约纱月同学还是小香穗看看吧」「唔、嗯...,0.9997047781944275,2751,1
2751,624,...了。」我松开紫阳花同学的手后，她便拿出手镜，连忙整理起头发。不愧是紫阳花同学，随时都要保持得很可爱。「啊，可是小香穗也说她今天有事。」「打工吗？」「不是，她说要去赤坂。听说是被邀请去高级饭店什么的。」...,0.9997046589851379,2751,1
2751,625,...突然会意过来，开始翻找书包。从钱包里拿出真唯擅自帮我办的会员证，看了看背面。「是赤坂！」一定是那样。真唯在那里。她就在之前曾带我去过一次的，那个有泳池的饭店！「谢谢你，紫阳花同学！」「咦？嗯、嗯。」我...,0.9997047781944275,2751,1
2751,626,...了过来。紫阳花同学放松那通红的脸颊，露出腼腆的笑容如此说道：「虽然完全不知道是怎么回事不过，小玲奈，你要加油哦。」「嗯！我会加油的！」「结束之后那个，记得要来我家玩哦？啊，还是说，挑弟弟不在家的日子会...,0.9997045397758484,2751,1
2751,627,...不是那个意思！」紫阳花同学挥舞两手拼命否认，真是可爱得让人想立刻抱住她耶。我以万分悲痛的心情向紫阳花同学说再见。「那我先走了，明天见！」「嗯，明天见。」明明拒绝了她的邀请，心里却如此轻松。这一定是因为...,0.9997047781944275,2751,1
2751,628,...迷途羔羊的天使啊。可是，为什么呢感觉自己好像犯下了无可挽回的失败。总觉得错过了什么千载难逢的机会搞不懂呀！可恶，臭真唯！害我没办法和紫阳花同学一起玩，这都要怪你！所有一切！打从一开始就是这样！真唯对纱...,0.999704897403717,2751,1
2751,629,...月同学拒绝了，那么她下次肯定会选择成功率破百的对象。选择她对那个人没有什么想法，但对方喜欢自己的那种人。既然如此，纱月同学说过，香穗曾经向真唯告白，以真唯的对象来说确实是最为理想。知道对方同为女性，而...,0.9997041821479797,2751,1
2751,630,...我不希望的行为，我绝对还是要阻止她。其实就算晚了一步，也只是真唯会受伤，不会因此而死可是，我果然还是讨厌这样！我从刚才在电车里就一直在联络真唯和香穗，但她们都没有回应。带着焦躁不安的心情，我抵达了赤坂...,0.999704897403717,2751,1
2751,631,...。「啥啊！？」到底有几个人啊？不止十个、二十几个。差不多一个班？穿着制服在如此豪华的饭店里面徘徊的男女，就像参加修学旅行的学生一样，让人感觉非常不协调。男女比例不均，男生要远远多出许多。大概是八比二左...,0.9997031092643738,2751,1
2751,632,...着信封，露出紧张的神色。我从这群人当中发现了认识的人，用手指着说道：「小香穗！找到你了！」「咦？哇，玲奈亲也来了啊！？」「也来是什么意思？是说这是什么聚会？」我拨开人群来到香穗的身边，香穗随之大吃一惊...,0.9997031092643738,2751,1
2751,633,...？」「应该说是偶然吗总之，可以让我看一下那个信封吗？」我从香穗手中借过信封，里面写着的是「这什么鬼？」香穗戳了戳我的肩膀。我把视线望了过去。随后，我发现饭店的手扶梯前面设有会场指示牌，上面以漂亮的毛笔...,0.9997046589851379,2751,1
2751,634,...一次。「这什么鬼」「说穿了，就是试镜喔！」「我有在恋爱实境秀节目中看过这样的场景」也就是说，在这里的所有芦谷高中学生都是为了成为真唯的恋人而被招待过来的成员？啊，所以教室才会只剩下紫阳花同学吗！不，仔...,0.9997033476829529,2751,1
2751,635,...饭店住宿客人的那些人也都有邀请函啊啊，连那样的爷爷也有！？「什么难道真唯把向自己告白过的对象全都邀请过来了吗」「好像是这样哦！真唯实在是很受欢迎呢～！」香穗没有注意到我不知不觉中直呼了真唯的名字，紧紧...,0.9997038245201111,2751,1
2751,636,...整间饭店的派对会场包下来，搞得这么夸张啊明明是一介高中生不过，原来如此有这么多人在的话，确实可以实现真唯的愿望因为遭到纱月同学拒绝，所以她接着就采用了靠数量取胜的无差别攻击是吗但话又说回来，真唯是在五...,0.9997047781944275,2751,1
2751,637,...的吗？那家伙，到底是什么怪物啊「小香穗你看到这种景象，依然想成为真唯的恋人吗？」芦谷高中的妹妹系美少女并没有特别烦恼，直接点头。「嗯！因为真唯是有钱人，又是艺人，长得又好看嘛！」真是有够干脆的欲望。难...,0.9997043013572693,2751,1
2751,638,...是这种人吧！？「对不起，小香穗，你引颈期盼的这场派对，我无论如何都要把它中止掉」「咦！？」真唯想必也已经抵达这个饭店了吧。正当我打算前去寻找那个完美恋人的时候，香穗抓住了我的手臂。「什么意思？这样我可...,0.999703586101532,2751,1
2751,639,...虽然身材娇小轻盈，但与我不同，她运动神经很好，肌肉也很发达，力气很大。是说，都走到这一步了，反而是香穗挡在我的眼前吗！？「小香穗，会写那种指示牌放在那里的家伙真的好吗！？」「这样很幽默啊！」「那是她的...,0.9997044205665588,2751,1
2751,640,...、个性还有资产的话！」「唔咕咕。」不行啊，靠我这前家里蹲的肌力，是不可能甩开香穗的既然这样就没办法了。只能靠我不擅长的沟通能力设法脱离困难！「那个，香穗，好好听我说。」「不要！我不听！」「是在这里试镜...,0.9997028708457947,2751,1
2751,641,...个人的情况下，你敢肯定自己会被选上吗？」「搞不好所有人都会被选中啊！」「那是最不该出现的状况吧！？」那已经不是劈腿可以形容的等级了。我用手夹着香穗的两颊，在注视着她眼睛的同时义正词严地说道：「听好了！...,0.9997040629386902,2751,1
2751,642,...，你要认真思考哪一个比较好！」「唔，唔唔？」「一旦派对中止，真唯当然就还是自由之身。那么香穗，你不觉得在同一个圈子里的你占有绝对优势吗！？」「啊确实！」香穗的眼睛里面有星星正在一闪一闪。「你明白了吗！...,0.9997038245201111,2751,1
2751,643,...将手从她脸上放开后，香穗一直目不转睛地盯着我。「怎、怎么了？」「不过，我也不能就这么算了呢。我有个条件，玲奈亲，你能回答我的问题吗？」「是可以啦」香穗半睁着眼，嘴角露出贼笑，对我投以打量的眼神。「我以...,0.999703586101532,2751,1
2751,644,...是甘织？』这句话。要是香穗也觉得『玲奈亲为什么也在这个圈子里？』的话，我也许就无法重新站起来了吧。但是，香穗酱看着我的脸，如此询问：「玲奈亲，你该不会也喜欢真唯吧！？」「啥！？」那方面的质问完全在我预...,0.9997041821479797,2751,1
2751,645,...足以响彻整个饭店大厅的音量大声说道：「怎么可能！那可是会开这种派对的女人耶！绝对不行！」香穗对我的反应似乎很满意。一个人大笑了一阵子后，拍了拍我的肩膀。「瞭～解！既然这样，你和我就是竞争对手了呢～！今...,0.9997037053108215,2751,1
2751,646,...啊！？为什么！？为什么会变成这样啊！？」眼见香穗挥着手离去，我对着她的背影疯狂呐喊。不过她只是回过头竖起了大拇指，而且露出非常灿烂的笑容。我、我无法接受！穿着泳装的王冢真唯，将手靠在扶手上。那慵懒的表...,0.9997034668922424,2751,1
2751,647,...容。扎起来的长发犹如银河那般流向脖颈。「差不多到开始的时间了吗？」她抬头看咖啡厅里挂着的时钟，微微张开嘴唇，发出小小的叹息。「真的很抱歉，玲奈子请你原谅只能透过这种方式赎罪的我。」紫水晶色的眼眸隐藏着...,0.9997044205665588,2751,1
2751,648,...「那就来道歉啊！」响起了彷佛要将这空间的上流阶级指数一脚踹散的怒吼。「唔哦？」真唯抬起头，总算看了这边。我用手遮住胸口，面红耳赤。没错，因为我明明从刚才就站她面前，她却完全没有注意到。「玲奈子？你为什...,0.9997044205665588,2751,1
2751,649,...啊！」「是说，你那身打扮到底是怎么回事？」「这、这是出示会员证后，员工说我一个人的话不能穿制服进入泳池，所以才只好换上的！」我现在穿着大胆的条纹比基尼。因为舍不得花时间挑选，我就请员工帮忙随便挑了一件...,0.9997046589851379,2751,1
2751,650,...我的兴趣「原来如此，真适合你先拍张照片吧咦，我的手机呢？」「不知道啦笨蛋！在置物柜之类的地方吧！我明明一直疯狂打电话给你耶！」真唯闻言，带着忧郁的神色露出微笑。「你果然在生气吧？」「是啊！？毕竟我可是...,0.9997046589851379,2751,1
2751,651,...牛头不对马嘴。稍微冷静一下吧。找到了真唯后，愤怒的情绪不知不觉就突破天际了。而且其他人还在瞪着我我坐在真唯的对面。「我听纱月说了。」真唯皱起眉头。「这她说了多少？」「全部。」「是吗那家伙，话意外地多啊...,0.9997045397758484,2751,1
2751,652,...什么，却又不知从何说起。这次换成我叹气了。「我说啊，真唯，别做这种事了。」「我拒绝。」真唯换成盘起另一条长腿，同时盯着这边。她露出了我不擅长应付的坚定眼神，是会折服阴角的那种眼神。「我伤害了你。」「所...,0.999704897403717,2751,1
2751,653,...就够了吧况且我也赏了你一巴掌，对不起。」好，很好。我顺利地坦率道歉，不禁松了口气，但是真唯本人却把脸别向一边。这、这家伙！是小孩子吗！「是说，抱着这种像是惩罚的心情交往，对对方也很失礼吧。既然要谈恋爱...,0.9997050166130066,2751,1
2751,654,...已经没办法和真正喜欢的人交往了。」「这」是在说我。真唯的声音实在过于冷淡，害我吓了一跳。我还以为只要能见到真唯，再来总会有办法解决，但这或许只是我的一厢情愿。「既然这样，我也只能去找个能喜欢上的人了吧...,0.9997051358222961,2751,1
2751,655,...闷。「真唯」突然间，我忆起了她说过的话。『明明对方拒绝与自己成为恋人，我却非得一直温柔以待，我希望你也能明白这其中的痛苦。』这时我才第一次意识到，说不定我比自己想像的还要更加严重地伤害到了真唯。真唯将...,0.9997052550315857,2751,1
2751,656,...够了，玲奈子。谢谢你。和你一起度过的日子很开心。最后请你作为感情要好的『朋友』，祈祷我下一次的恋爱能圆满吧。」这一天，真唯扎着头发。王冢真唯是个既顽固，又坚强到不让他人靠近的偶像。对真唯来说，这就是朋...,0.9997052550315857,2751,1
2751,657,...困难，随时告诉我。为了曾经真心爱过的你，即使身在地球的另一边我也会赶来的。」「等一下那我和你的比赛呢？」「两者都不是。」真唯的眼眸闪烁着虚无飘渺的光芒。「我和你，已经是陌生人（朋友）了。」我伸出了手。...,0.9997051358222961,2751,1
2751,658,...往前伸。解开了真唯扎着的头发。那金色的光辉顿时翩然起舞。金发被水面的漫反射照得闪闪发亮，犹如获得解放那般发出灿烂的光芒。「玲奈子？」「还没有结束不要擅自做决定啊。」我们的视线终于交会了。其实我早就知道...,0.9997050166130066,2751,1
2751,659,...行动的女人。否则，我要怎么当真唯的『挚友』。「纱月同学说过喔。王冢真唯，并不是如自己想像中那样了不起的女人。我也有同感。」「即使不是，我也努力在让自己维持出色。被纱月看不起并非我所乐见。」「明明就无法...,0.999704897403717,2751,1
2751,660,...害那般咬紧牙关。「！所以我想说，为了不再伤害你！为了不再失败！所以我才会」我第一次。主动亲了真唯。只是一触即分，一瞬间的吻。不禁觉得明明还有其他客人，自己怎么会做出这种事。可是，真唯只因为这样就呆住了...,0.9997053742408752,2751,1
2751,661,...她眼里的我笑得一脸僵硬。虽然想让真唯看到更有她风格的美丽笑容，但我真的摆不出来。但是，我要好好告诉她。「失败再多次，又有什么关系呢。我明明说过无论真唯失败多少次，都绝对会接受你的其实，真唯也一样不相信...,0.9997053742408752,2751,1
2751,662,...个完美恋人只是被吻了一下就变得这么老实，总觉得好好笑。「像我的人生，可是每天都充满着失败喔。」「可是，一躺到床上我就会屡屡回想起来被你赏了一巴掌的那个瞬间。」「那个我也有说过了。不就是床上的反省大会吗...,0.9997052550315857,2751,1
2751,663,...不起，我也必须早点说才对。这不公平吧。所以，对不起。我也错了。」「错什么？」好害羞啊。「其实我还挺在意真唯的。」「意思是？」如果现在面对的是平常的真唯，我是绝对不会说这种事的。今天，是没办法了。毕竟她...,0.9997053742408752,2751,1
2751,664,...了之后我就开始把真唯视为恋爱对象了」我稍微窥视了一下真唯的反应。她满脸通红。「是、这样吗？你不是讨厌我了吗？所以才赏我一巴掌的吧？」「那是因为真唯做得太过分了我希望你能再选择一下时间和地点。」「不敢相...,0.9997052550315857,2751,1
2751,665,...回了。」「我们不就是吵个架而已吗」她美妙的声音在颤抖。「继续。」「咦？」「继续说，这样才能让我真的相信你，继续。」「唔唉？可是这样很难为情耶。」真唯一直盯着这边。她的视线脆弱到就像是要紧紧抓住救命的稻...,0.9997052550315857,2751,1
2751,666,...唯。」被这样的表情看着，是要怎么拒绝。真是的。「一开始，我一直很害怕面对真唯这个超级美女是那次在家里被拥抱的时候，我才觉得，你或许真的只是喜欢我吧。」我回忆起这一个月的经历。回忆起我和真唯既是恋人，也...,0.9997051358222961,2751,1
2751,667,...之后在饭店被你做了那种事。会在意也是理所当然的嘛。毕竟我也是第一次，每次想到真唯的时候心都会跳个不停」我们为什么要穿着泳装讨论着这种事呢？因为太害羞了，我无法回望真唯的脸。「还有你去国外之前我们能稍微...,0.9997051358222961,2751,1
2751,668,...应该说一定很开心嗯，很开心。」身体好烫，好像要烧起来了。「所以说，被真唯推倒的时候，我的内心某处肯定也觉得其实无所谓就算顺水推舟，我想必也不会那么那么后悔，所以就以那种半吊子的形式接受了真唯，到头来害...,0.9997051358222961,2751,1
2751,669,...自己的爱慕之情所造成的后果。「对不起，真唯。其实我还挺喜欢你的喔。」自己试着说了一下，却被这句话的分量而浑身猛颤。并非是告诉『挚友』，而是第一次告诉『恋人』的我的真心话。「那个其实，我差不多到极限了，...,0.9997051358222961,2751,1
2751,670,...头。然而，真唯却依然低着头。「玲奈子我居然伤害了那样的你。」说了这么多，我的心意还是没传达出去吗！？「啊啊，真是的！」我抱着「你给我适可而止」的心情。抓住了真唯的手，让她站起来。「我说啊，真唯。我无法...,0.9997052550315857,2751,1
2751,671,...「咦？」「但是，我可以陪你一起淋雨，一起淋湿或是一起潜水什么的，这种小事我还是做得到。并不是单方面地保护对方或是被对方保护。这才是真唯所说的『恋人』，也是我所说的『挚友』吧！」我拉着真唯的手来到泳池边...,0.9997052550315857,2751,1
2751,672,...后，我带着真唯一起跳进了泳池。水花瞬时飞溅，我们沉入水中。真唯的头发犹如在风中飞舞的绒毛一样散开。她在水里睁开眼睛，震惊地看着我。在这里的话谁都看不见。自然不会害羞。所以我把手贴在她脸上，亲了上去。在...,0.999704897403717,2751,1
2751,673,...阵子。真唯也把手绕到我的背后，我们互相拥抱着，两个人合为一体。就这样，我们浮出水面。又能说话了。可是，如今肯定没有什么话是非说不可了。「这样传达到了吧真唯。」我在撩起头发的同时这样询问，她也微微颔首。...,0.9997051358222961,2751,1
2751,674,...火烫。濡湿的头发贴在她的身上，令她像穿上金色礼服那样美丽。真唯把头靠在我的胸口。「你的心意传达给我了。真的是，很感谢你。」「嗯太好了。」要是连我的心跳都传达给真唯的话，就太令人害羞了。不过，真是的，竟...,0.9997052550315857,2751,1
2751,675,...啊，或许是那样吧。这就是我所说的『恋人』，而且，是你所说的『挚友』吧。」「是啊。」虽然挚友之间应该不会接吻就是了！真唯把手掌贴在了我的脸上。我的眼睛顿时遭到遮蔽，看不见前面了。「咦？等一下，你做什么？...,0.9997052550315857,2751,1
2751,676,...让你看到我的泪水。麻烦你先暂时这样吧。」「呃是可以啦」这是什么自我规则啊真是个麻烦的家伙。不过这也没办法。谁教我在意的就是这样的女人呢。「我说，玲奈子。」「怎么啦～」「你刚才也说过。你每晚都会在床上想...,0.9997053742408752,2751,1
2751,677,...起啊每天夜里都想着那种事，真亏你们还能活下去。」「听了这话我倒是很想死耶！？」她把手掌挪开，阳光射了进来。我的眼中映着犹如阳光般灿烂的光辉。那是真唯的微笑。「所以你才会那么温柔，那么坚强吧。」「你这样...,0.9997051358222961,2751,1
2751,678,...既然真唯都打起精神了。「所以，比赛还是继续下去吧。虽然只剩一周就是。」「知道了。我奉陪到底。」真唯爬上泳池边，我也跟着在她旁边坐下。我们紧握在一起的双手是像恋人那样十指交扣，此时此刻，觉得这个手指的触...,0.9997050166130066,2751,1
2751,679,...就打起精神了。你还真现实呢。」「我很开心呢。因为命定之人的你都像这样来迎接公主了。」适合讲这种做作台词的真唯，还是为了不让我看见泪水而用手掌蒙住我眼睛的真唯，无论哪个都是我喜欢的真唯呢。老实说，我还不...,0.9997050166130066,2751,1
2751,680,...就算和好了吧。」「嗯，和好了。我伤害了你。你赏了我一巴掌。就当作互不相欠，让它随风而去吧。」「嗯。」我松了一口气，不禁露出笑容。太好了。真的是太好了。安心之后，现实的问题突然出现在眼前。「对了！既然这...,0.999704897403717,2751,1
2751,681,...么多人」「由我解释情况之后再请他们回去。跟他们说我已经恢复精神，没有这个必要了。」「这不会太过分吗！？」我如此大喊后，真唯露出那种自作主张、最有她风格的微笑。「你在说什么啊？他们一定会高兴的。再怎么说...,0.9997050166130066,2751,1
2751,682,...伙真的，无论到哪里都是比谁还要王冢真唯的女人！从泳池上来的真唯依照我的吩咐，不情不愿地在大家的面前道歉了。之后，真唯不知为何突然说「为了表示歉意，就让我献上一曲吧」，用吉他秀了自弹自唱炒热气氛，现场顿...,0.9997046589851379,2751,1
2751,683,...看着香穗在最前排挥舞着刚才发下来的萤光棒，我不禁用傻眼的声音嘟囔着：「这什么鬼啊」第一卷终章总之，后来发生了许多事情。纱月同学和真唯和好了。当我告诉她真唯的贞操平安无事时，她只回了一句『是吗，那就好』...,0.9997041821479797,2751,1
2751,684,...想法，但她肯定也松了一口气吧。『虽说嘴上不承认，毕竟纱月同学还是最喜欢真唯嘛！』我笑嘻嘻地这样调侃了她一下，结果被纱月同学用文库本的角角敲了下去。看来我还是很难应付纱月同学。至于香穗，她现在依然误解我...,0.9997041821479797,2751,1
2751,685,...学和真唯现在依旧处于冷战状态。虽然我们五人的小圈子表面上看似恢复了原状，但实际上内部是处于剪不断理还乱的状态。不过，就像那天我在床上看到社群网站上面的那些看似光鲜亮丽的景象，在她们的笑容背后或许也有着...,0.9997045397758484,2751,1
2751,686,...，被香穗误会了，然后，和真唯吵架了。这不再是我拼命维持现状的学校生活，说不定在真正的意义上，我终于成功地在高中改头换面。就这样终于来到了六月底。我和真唯决胜负的日子来了。我从纱月同学那里得知其实大家意...,0.9997046589851379,2751,1
2751,687,...。那就是真唯的家。那是像城堡一样大到不行的公寓。真唯住在最顶楼二十五楼的顶层豪华公寓。停车场设有直达的专用电梯，下了电梯直接就是房间这样。夸张到我都要笑出来了。但我脸上依然一本正经。「夸张耶」原来我是...,0.9997043013572693,2751,1
2751,688,...着『长相！金钱！暴力！』的这类叫声在脑内轰轰作响。「怎么了？接待室在这边喔。」「我还是第一次看到有接待室的房子」时间是放学后，真唯已经先回来换上了休闲的便服。丝绸般的衬衫搭配修身的裤装。头发当然是梳理...,0.9997044205665588,2751,1
2751,689,...走向要去的房间。唔，走廊上挂着画，还摆着看似昂贵的壶「我感觉自己就像被吞进了真唯的体内」「哈哈，这样我们就能永远在一起了。」「你神经病喔！？」看到真唯幸福洋溢地来回抚摸着腹部，我忍不住发出尖叫。接待室...,0.9997043013572693,2751,1
2751,690,...沙发时，我的手被她拉住，就这样被强迫坐在她的旁边。「没必要像做交易那样说话吧，你坐在我旁边就好了。」「呃，嗯，是可以啦」距离太近我会冷静不下来，而且我的手还被紧握着，她另一只手则是隔着裙子放在我的大腿...,0.9997033476829529,2751,1
2751,691,...「虽然有两个帮佣，但现在外出了，妈妈也不会回来。如果你愿意，今晚我们两个可以一直待在一起。」「不，不必了！话讲完后我立刻告辞！」「什么嘛，真是无情呢。」咿！后颈被吻了一下。「停、停下，停一下！偷跑是不...,0.9997041821479797,2751,1
2751,692,...离。真唯一脸遗憾地耸了耸肩。「那么，就让我们进入正题吧。这一个月发生了很多事呢。」「就，就是啊。」「朋友和恋人，都各自度过了相同程度的时间。」「别乱说！自从那起骚动结束之后，你不是一直都没有把头发扎上...,0.9997043013572693,2751,1
2751,693,...呢！当朋友的时间太短了！喂，别无视我啊！」真唯还是老样子，应该说，自从她得知我很在意她后，感觉她就愈来愈得意忘形了。虽说是为了真唯，我也不应该喜欢喜欢的说个不停的，不过现在后悔也为时已晚了！「好啦那就...,0.9997051358222961,2751,1
2751,694,...答案吧。」「嗯。」这一天终于来了。真唯露出了已经确信自己会被选上的微笑。我的身体三番两次遭到真唯玩弄，连接吻都是自己主动的，现在为什么还有必要选择『挚友』呢？她是这样想的吧。但是，我不会对自己的内心撒...,0.9997053742408752,2751,1
2751,695,...是不太明白所谓的恋人是什么。」真唯的笑容破裂了。她显得很震惊。「你说什么？都那样夺走了我的心，你是红颜祸水（femmefatale）吗？」「不，听我说！」我伸出双手。「为了怕你误会我先声明，我并没有玩...,0.9997051358222961,2751,1
2751,696,...计画」「那是当然的吧！如果真唯想和自己真正喜欢的人交往，我也会支持你的！大概。」我移开视线，起嘴如此说道。真唯见状顿时叹了口气。「你都摆出那种吊我胃口的表情了」「那是你自己擅自被吊到吧！又不是我的错！...,0.9997051358222961,2751,1
2751,697,...有好多好多想以朋友的身分去做的事情耶！？而且真唯后来根本就没在扎头发！」「等我们成为恋人后再做就行了吧！」「不行啦！」「为什么！？」「因为」此时，我刚才的冲劲猛然停住。「因为？」被真唯反问，我的脸开始...,0.999704897403717,2751,1
2751,698,...厌，这样说不定就再也没办法保持朋友之间的那种开朗气氛了。而且，当真唯和别人独处的时候我也会嫉妒，若她因为工作去国外，长时间见不到面的话，也有可能会因为寂寞而痛哭吧。许多事情都会和现在大不相同。不成熟的...,0.9997046589851379,2751,1
2751,699,...这种煎熬。所以「我还是和真唯做挚友比较好。」「」我这样说了。真唯平静地摆出一副接受事实的表情。「这样啊。」她喃喃自语的声音，是我至今为止听过的当中最不带感情的。「可是」眼见真唯点头，我低着头喃喃说道：...,0.9997043013572693,2751,1
2751,700,...自己想做的事所以」我低着头，往上一看，发现真唯眨了眨眼。「所以？」「所以说，那个就是挚友以上，恋人未满！怎么样！」我知道自己在胡言乱语，所以扯高嗓子，打算以气势盖过。「总之，在真唯有其他喜欢的人之前！...,0.9997044205665588,2751,1
2751,701,...觉得呢！？」「玲真挚友。」「意思就是玲奈子和真唯的崭新关系」这个沉默搞得我好像把场面彻底搞冷，好令人难受。「听起来」真唯一脸得意地拂着下巴。「你也太不干脆了吧？」「呜。」没错。我还无法鼓起勇气，也没有...,0.9997041821479797,2751,1
2751,702,...中改头换面的时候，我有足够的时间可以打磨自己但一个月的时间实在太短了。我并没有机灵到有办法这么快就改变自己。不过我经历了这次事件，追着真唯到处跑，并且成功与她和好，明白自己已经很努力了。所以，说不定也...,0.9997044205665588,2751,1
2751,703,...因为到时真唯所说的『恋人』对我而言，或许会是个不错的提案。因此「你觉得怎么样？」向完美恋人提出『暂缓』彼此的关系，会做出这种大胆行径的无礼之徒，恐怕全世界只有我了吧「没想到既不是挚友，也不是恋人，你竟...,0.9997046589851379,2751,1
2751,704,...做过吗有一次你说『两者都不是，已经是陌生人（朋友）了』」此时，真唯用手捂住了脸。「你、你傻眼到说不出话来了？既然这样，那个，还是」「不。」真唯打断了我的话。「老实说，事情并没有如我所预料的那样发展，没...,0.9997045397758484,2751,1
2751,705,...了不少麻烦，所以这也是无可厚非。」突然，真唯从正面抱住了我。「咿！」「真是的，我这辈子还是第一次遇到像你这么难缠的对手。你真是个有趣的女孩。」「呃，那个，我们是玲真挚友，这种行为还是」「明明是挚友，却...,0.9997044205665588,2751,1
2751,706,...」「不，我们的关系，要由我们自己来命名！」我在眼看要被亲到的时候闪开了。「呼嗯，原来如此。」「啊，等一下，咬耳朵是犯规的吧！？」闪开之后，耳朵被她顺势轻咬了一口。我、我没力气了！「无法确定自己打算选择...,0.999704897403717,2751,1
2751,707,...要再来比一次呢？」「比，比什么？」可以不要往我耳朵里吹气吗？会让我发抖的。「嗯，你主张要当玲真挚友，而我则重新努力让我们成为恋人。因为我还不打算放弃你。期限的话，这样吧。」真唯在我面前微笑着。「就到我...,0.9997050166130066,2751,1
2751,708,...散发出来的压迫感，如今我也多少能承受一些了。但是要与她平等相处似乎还有很长一段路要走。「我、我知道了。好啊，我接受你的挑战。是说，我可知道我们比起当恋人，绝对是当朋友更好的哦。」我说着说着，重力突然消...,0.9997051358222961,2751,1
2751,709,...，就这样不知朝哪走去。「什、什么啦！？这样我会害怕耶！」我因为怕乱动会摔下去，只能不断发抖，真唯走了一会儿，把我轻轻地放在一个类似靠垫的东西上。这是一张大到不行的床。床床？「呃，这是什么？是漫画那种有...,0.9997051358222961,2751,1
2751,710,...赛吧，开始像个恋人一样交欢。」「不会太快了吗！？」真唯伸手，打算解开我的缎带。「虽然期限是到毕业为止，但我要今天一天就分出胜负。」我的视线前面满是她无畏的笑容。随后，我的嘴唇立刻就被柔软的触感堵住了。...,0.999704897403717,2751,1
2751,711,...一下，所谓的玲真挚友，能做到什么程度呢？」「只到接吻！顶多是朋友亲嘴吧！」真唯毫不留情地把我衬衫的钮扣一个个解开。喂！「原来如此。那不管怎么想，还是当恋人更好吧？」「你是这样没错啦！」内衣随即一览无遗...,0.9997039437294006,2751,1
2751,712,...，和上次的发展一模一样！会任她摆布！「我可不是那种随便的女人！」虽然我嘴上这样虚张声势「玲奈子真的好可爱啊。」「不不，不不不」我害羞得要命。「不行，不行不行！我们还不是恋人！今天是中场休息！明天再决胜...,0.9997044205665588,2751,1
2751,713,...手。我感到意外而回望她，发现她露出绰有余裕的微笑。这、这家伙「只要你愿意，有再多要求我也乐意奉陪的呢。」「你以为立场调换了吗！」真唯像是要把我的全身包裹起来那般紧紧地拥抱着我，同时在我耳边低喃。「只要...,0.9997040629386902,2751,1
2751,714,...视着你、只对你倾注爱意。就让我们两个在这张床上，顺着情欲赤裸着抱在一起，直到永远吧。」「每、每天都这样」我抬头看着真唯那造型完美的笑容，咽下了口水。要是真唯给予我那样的幸福，脑袋肯定会坏掉的。我边把床...,0.9997038245201111,2751,1
2751,715,...！」就这样，我和真唯的比赛结束了然后，新的战斗又即将开始了。第一卷后记各位好，我是みかみてれん。这是我第一次在商业出版写了关于女孩之间的恋爱故事。既然二月十四日在ga文库发售的《100天内澈底攻陷宣称...,0.9997032284736633,2751,1
2751,716,...参战商业出版领域的就是这本《我们不可能成为恋人！绝对不行。（※似乎可行？）》，简称就是《我恋不行》吧！话说回来，可爱的女孩子谈恋爱的样子，不觉得很可爱吗？（可爱）因为害羞而令脸颊染上红晕，为了喜欢的人...,0.9997020363807678,2751,1
2751,717,...子爱上可爱的女孩子，岂不是加倍可爱！？这个理论连阿基米德也会吃惊地大喊我懂了（ε&#973;ρηκα），而体现这一点的就是这部作品。实际上，女孩子也会喜欢可爱的女孩子喔。在班上很受欢迎的那个女孩，在电...,0.9997037053108215,2751,1
2751,718,...女孩成为朋友，不知道每天会有多开心呢。不，等一下。可是对我抱有好感，应该不对吧！？这样。我试着大量描写了主角这种垂死挣扎不对，是贯彻信念的模样。本作品所写的，是追求理想朋友的主角玲奈子以及追求理想恋人...,0.9997047781944275,2751,1
2751,719,...，是追求对两个人而言最棒的美好结局为目标的故事。当然，她们也有许多互不相让的地方。也正因为这样，才会展开一场即使是一点点，也要把对方拖入我方阵地的吵闹拔河比赛对，这个叫真唯的家伙，拔河非常厉害。应该说...,0.999704897403717,2751,1
2751,720,...。完全就是ssr。区区玲奈子根本无法抗衡但是！玲奈子有一个独一无二的强力武器。没错，那就是被喜欢的优势！不对，该怎么说呢，应该是像勇气，或是绝不放弃的心之类，是主角通常都会拥有的那种东西。不过玲奈子有...,0.9997037053108215,2751,1
2751,721,...年。在这个时代和年号改变了的时间点，这部稍微有点特别的爱情喜剧，希望能让大家不须多想，尽情地乐在其中！写到这也告一段落了，接着是一如往常的谢辞。衷心感谢这次欣然接受插画工作的竹嶋えく老师。我从很久以前...,0.9997033476829529,2751,1
2751,722,...存在于这世上某个地方的甘织玲奈子临摹出来的这个超真实的玲奈子我非常喜欢这些惹人怜爱的角色。另外，是邀请我的编辑k原先生。在我犹豫着是否要在商业领域挑战百合作品时，您在我背后推了我一把，真的是非常感谢。...,0.9997023940086365,2751,1
2751,723,...要归功于您。今后也请多多关照。再来就是许多参与了本书制作的各位，以及平常就支持着我的各位作家，在此由衷地向各位道谢。而最重要的，就是对拿着这本书的人，以及为了卖这本书而努力的书店店员们献上深深的感谢。...,0.9997039437294006,2751,1
2751,724,...该能暂时活好一阵子。若是各位在读完之后能感到愉快，就是我的荣幸。那么，希望我们能在下一次再会！我是みかみてれん！第一卷特典关于玲奈子适得其反的事「我想要你。」一阵风吹来。现在是午休时间，顶楼只有我们两...,0.9997043013572693,2751,1
2751,725,...告白。「咦？」我不由自主地感到紧张。脸颊逐渐变得火烫。感觉好像要被深深吸入真唯的眼眸之中。我们对望了几秒钟。真唯依旧美丽动人，没有丝毫动摇。「说错了。我想要的是你的照片。」「」「怎么了？为什么要瞪我？...,0.9997046589851379,2751,1
2751,726,...剧烈跳动，顿时将视线撇开。「怎么这么突然？」「我希望永远都能在你身边，但现实中这是不可能的对吧？所以，我想至少把你的照片带在身上。不，如果能一天二十四小时都在一起，自然可以解决这个问题，你愿意和我一起...,0.9997047781944275,2751,1
2751,727,...倒也不是不能理解。我听说有些情侣交往时会把对方的照片设为手机的待机画面。不对，我和真唯只是朋友而已。「好啊，这种小事当然没问题。」「真的吗？太好了。那么」真唯拿出了她的手机。镜头闪烁着凶猛的光芒。「唔...,0.9997047781944275,2751,1
2751,728,...会突然变得紧张起来，不知道该摆什么表情或姿势。是说可以的话，我不想被拍。但是，真唯这样的阳角和照片是难分难解的存在看来我是没办法避开了「请、请拍吧。」我在胸口小小地比了个胜利手势，露出像是在等着死刑执...,0.9997046589851379,2751,1
2751,729,...没有理会我。这是什么，故意吊人胃口的玩法吗？「那个，真唯？」「啊，抱歉。那个，玲奈子，你下下个周日有空吗？平常很照顾我的摄影师好像刚好会来日本。如果你同意的话，我想要为你预约一个摄影棚和工作人员。」「...,0.9997043013572693,2751,1
2751,730,...什么意思啊！？你打算拍宣传照吗！？难道是打算制成相簿！？」「我没有那个打算，但提到照片，难道还能用其他东西拍吗？」「就是用你现在手上的那块板子啊！」真唯顿时露出一副为难的表情。「用手机拍人像照也没有反...,0.999704897403717,2751,1
2751,731,...会去摄影棚的！」这也实在太难为情了吧。到时我会在一堆人的围观之下，在脑海里面一直哭喊着『杀了我快杀了我』喔。「唔，那么也只能用这个了」真唯终于把手机换成相机模式，将镜头对准了我。紧张的瞬间再次来到。就...,0.999704897403717,2751,1
2751,732,...，我愈来愈紧张了。我真的有办法捕捉玲奈子的可爱吗？真令人不安」「不，等等！别把难度往上调啊！我的外观根本怎么拍都一样啊！是说别管那么多了快点拍啦！」「这样啊，既然你都这么说了。」虽然完全搞不清楚为什么...,0.9997047781944275,2751,1
2751,733,...声帮我拍了照。呼，终于拍好了但真唯依然很夸张地在凝视着她的手机。『这样子完全不行！』我很担心她是不是会像这样抱怨或挑剔照片，但她的嘴角却微微上扬。「真可爱。」「唔」看到真唯露出微笑，我有一种难以言喻的...,0.999704897403717,2751,1
2751,734,...吧？」「也许吧，但肯定是因为摄影对象也同样出众。唔嗯，这样啊，这或许就是大家会想拍我的心情吧。」「别把世界知名的模特儿与普通的女子高中生混为一谈好吗？」真唯抬起头，眼睛闪闪发亮。「我想再多拍一些玲奈子...,0.9997047781944275,2751,1
2751,735,...来想拍侧脸。你朝那边看一下。」「这样很难为情耶」按下快门的声音不断响起。真唯也是，为什么会对这种情境那么雀跃呢？实在令我坐如针毡。「嗯，很好。在可爱中感受到一丝寂寞，让人忍不住想要马上抱住你。那这次你...,0.9997046589851379,2751,1
2751,736,...仰视一下，很可爱喔。不愧是玲奈子。噢，很好，很可爱很可爱。也拍一下你回首的样子。位置呢，就背对太阳看看吧。嗯，在逆光下的玲奈子，真是闪闪发亮的。」「你要拍到什么时候啊」真唯一直玩得很开心，那天真无邪的...,0.9997046589851379,2751,1
2751,737,...拍进真唯的手机里。「拍得愈多，就愈想尝试不同的角度和姿势呢拍喜欢的人，真的很棒。」再这样下去，我的摄影会会持续到用完整个午休时间。我的内心完全无法放松！「那、那个啊！既然这样，我也想要拍几张朋友的照片...,0.9997047781944275,2751,1
2751,738,...，请求攻守交换。「是吗？说得也是。我希望你也务必体验一下这种感觉。请吧。」很好很好。再来就是随便拍几张真唯的照片，度过这段时间。我举起手机，毫不犹豫地将真唯收在手机的画面上，没什么确认就拍下。面对模特...,0.9997051358222961,2751,1
2751,739,...么说，现在她是身为『挚友』的真唯，没问题的。如果我拍得很仔细，反而可能会适得其反！真唯露出满意的笑容。「呵呵，这样若是玲奈子感到寂寞，也能随时看到我了。」「啊，嗯，对啊」我随便点头，瞥了一眼刚才拍的真...,0.9997052550315857,2751,1
2751,740,...非常开心。当然啦，她是个超级漂亮的美女，明明照片的焦点没有对到，却变成了散发出气场的一张照片。嗯～～～总觉得拍的人也很难为情啊！「嘿！」「为什么要删掉！？」「我就是想删！好了好了，结束了结束了！」因为...,0.999704897403717,2751,1
2751,741,...，而是看照片，这样感觉就是陷入了爱河啊！第一卷特典关于玲奈子打工60小时才吃得起的肉「玲奈子喜欢的东西是什么？」在午休时间吃完午餐后，我们来到顶楼，站在我旁边的真唯突然这样问道。我听到后猛然转过头，一...,0.9997047781944275,2751,1
2751,742,...也对啦。」「等等，等一下等一下。不是，朋友。friend。」我们原本应该正处于一个悠闲的氛围，两个人在顶楼独处，天气也很好。然而被这样一问，直到刚刚还昏昏欲睡的感觉都突然消失了。「是说，怎么突然这样问...,0.9997051358222961,2751,1
2751,743,...些你的饮食喜好。」「那应该要直接问『你喜欢吃什么？』吧！你是故意的吗！？刻意讲错话的吗！？」真唯什么都没说，只是露出微笑让她的金色头发随风晃荡。唔，真教人生气。「呃我喜欢汉堡还有薯条之类的。啊，真唯有...,0.999704897403717,2751,1
2751,744,...我的啊？不过，垃圾食物吗」真唯脸上出现了阴霾。因为我选了一个会让她很难当护花使者的选择。「呃，那么真唯你喜欢什么？」「玲奈子。」「别再说那个了！我说食物！我知道了，是鱼子酱、葡萄酒和鹅肝酱，对吧？」「...,0.9997050166130066,2751,1
2751,745,...少，便当里老是放满了沙拉之类的，所以很难想像她津津有味地享受美食的样子。毕竟作为模特儿，她非常专注地保持身材。真唯把手放在胸前微笑着。「我喜欢的食物呢，是肉喔。」「啊～」这样听起来也是相当有她的风格。...,0.9997047781944275,2751,1
2751,746,...我都喜欢。牛肉应该是最喜欢的吧。所以我经常会外食。不过频率大概是一个月几次就是。」「肉很赞啊。我也爱吃肉。那我们下次一起去吃肉吧？」听我这么说，真唯脸上绽开了笑容。「真的吗？太好了。那么，我有一间推荐...,0.999704897403717,2751,1
2751,747,...太妙的预感。顺便问一下好了「那家餐厅的价位，是不是相当惊人？」「不，其实还好。就味道来说，价格算合理。比方说呢，通常我一个人的话会点五万圆的烧烤套餐，但既然这次是和玲奈子一起，不如就点十万圆的套餐如何...,0.9997047781944275,2751,1
2751,748,...取消了那家餐厅的预订。相对的，下次就带她去家庭餐厅吧。这位公主殿下究竟会对六百圆的汉堡排给出什么样的反应呢？其实这样也还满令人期待的。故事完。第一卷特典关于（或许）与玲奈子一辈子无缘的假日过法「不是有...,0.9997046589851379,2751,1
2751,749,...的护栏上，凝视着虚空叹了口气。「是有呢。」站在我旁边的这位如同『美女』化身的女性，王冢真唯微笑着说道。「我啊，一直对这件事很疑惑。因为每周有两天假日对吧。这样子怎么可能假日都在都逛街啊。那我希望她们就...,0.9997044205665588,2751,1
2751,750,...」「我不是很清楚，但对于那种女孩而言，在家里玩的游戏应该只是单纯消磨时间，而能称为兴趣的是每个月出门几次的购物吧？像那些说自己的兴趣是滑雪的人也一样，他们也不会整年都在滑雪，不是吗？」「你完全说服我了...,0.9997040629386902,2751,1
2751,751,...望一脸轻松的真唯。「唔唔，那么真唯，你假日都在做什么？」「你说我吗？」真唯沉思片刻，然后回答道：「我会像平日一样，早上六点半起床，然后先跑跑步机流些汗。」「跑步机。」该怎么办？感觉接下来她要讲的是我未...,0.9997022747993469,2751,1
2751,752,...餐。有时候会只吃沙拉过着简朴风，而有时候会在土司上涂上艾许牌的奶油，享受它的味道和香气。帮佣会根据我前一天的身体状况做调整。」接着，真唯继续爽快地回答我的问题。「吃完早餐后是自由时间。我会自主学习，或...,0.9997009038925171,2751,1
2751,753,...趣。」「啊，我最近习惯在假日读一本书。也很喜欢去推理纱月推荐的悬疑小说。我会在附近的私人咖啡厅，一边品味着咖啡香气，一边阅读。」「当我想要更认真地运动身体时，会到公寓的健身房进行更正式的健身运动，我请...,0.9997017979621887,2751,1
2751,754,...我也很高兴能看到成果。」「我母亲的朋友是名画家。她在工作之余开设了一个绘画班，我有请她帮忙指导。我喜欢的是写生素描，但这次打算挑战画人物。有一天我想画玲奈子。」眼见真唯笑嘻嘻地这样说道，我带着死鱼般的...,0.9997017979621887,2751,1
2751,755,...看漫画或看动画。」「嗯。」真唯重重点头。「原来如此，那也是很好的兴趣。你应该引以为傲。」「你这个上流阶级！！」我的呐喊，不知为何听起来就像是输不起的人在耍赖一样。第一卷插图第二卷序章台版转自轻之国度轻...,0.9996997117996216,2751,1
2751,756,...kid修图：凪のあすから被骗了，被骗了，被骗了我──毫无特色的平凡高一学生&#8226;甘织玲奈子──正在浑身颤抖。这里是不适合一般民众轻易踏入的酒店派对会场。会场内到处都是身穿笔挺西装的男性与穿着晚...,0.9997004270553589,2751,1
2751,757,...起来的感觉就像是在玩cosplay一样，现在的心情宛如在茫茫太平洋中乘着木筏随波逐流的漂流者那般无助。视野渐渐变得狭窄，声音也离我远去。这根本比客场作战还夸张。好想吐。我想，四周那些在桌边围成一圈的贵...,0.9996888637542725,2751,1
2751,758,...样没错。这时，从某处响起了一阵「哇～」的欢呼声。这股喧嚣犹如台风那般席卷会场，伴随着周围无数的清词丽句，同时向我缓缓靠近。随着人群左右分开，出现在我眼前的是一位金发美女。她身穿一袭彷佛以绯红色的红宝石...,0.9996893405914307,2751,1
2751,759,...之下，她散发出来的气质可谓独具一格，整个人从头到脚都洋溢着高贵的气场。高挺的鼻梁，令人感觉到甜美魅力的双唇，以及好似太阳般灿烂的眼眸，将在场众人都迷得神魂颠倒，无法移开视线。成为了万众瞩目的焦点，这位...,0.999695897102356,2751,1
2751,760,...？」当她露出微笑的瞬间，柔和的动人魅力立刻满溢而出。相较之下，我则是一脸快死了的表情。「杀了我，让我死吧」「你依然是如此独特啊。」真唯以手掩住嘴巴，高雅地轻笑两声。我的丑态真的有这么滑稽吗？「为什么我...,0.999701201915741,2751,1
2751,761,...。「当然是因为我邀请你来参加派对，而你也欣然接受了啊。」「真的吗？你没有窜改我的记忆吧？」我用那没办法好好发挥作用的大脑，重新想起前一刻的记忆。事情的开端是这样的，真唯表示『之前给你添了不少麻烦，为了...,0.9997019171714783,2751,1
2751,762,...程度应该是没关系，就随口答应了不对，等等。我立刻想到「她该不会带我去什么奇怪的地方吧？」，于是郑重地向她进行确认。就这点来看，我对真唯这个『玲真挚友』的理解程度又更上了一层楼。顺带一提，所谓『玲真挚友...,0.9997033476829529,2751,1
2751,763,...年内，我们要不断摸索反覆尝试，再决定我们究竟要成为什么样的关系。先不提这个了。总之真唯告诉我，要吃饭店里的自助餐。她还说因为那里算是有点高级的饭店，希望我能换上礼服。我虽然对此有点害羞，但还是表示「好...,0.9997026324272156,2751,1
2751,764,...来。结果就落得这副下场！把真唯的话照单全收的我实在是太天真了我根本就没学到教训嘛啊啊，真是的，为什么事情会变成这样我的人生到底是从哪里开始走偏的？国中吗？还是国小？难不成是幼稚园？在我眼前浮现出走马灯...,0.9997028708457947,2751,1
2751,765,...论是像演艺人员那样前凸后翘的美女，还是身穿看起来莫名昂贵的西装，体态文雅的大叔，都排队照顺序向真唯低头问候。这不是透过电视看到的画面，而是毫无疑问的现实。因为来打招呼的人实在太多，真唯偏偏又误以为我正...,0.999703586101532,2751,1
2751,766,...我现在和朋友在一起。」别这样，不要把话题转到我身上。干脆永远把我忘在旁边就好了。「哎呀，是王冢小姐的朋友吗？还请务必向我们介绍一下。」眼见涂着鲜红口红的美女露出充满压力的微笑，我差点就直接溶解了。真唯...,0.9997027516365051,2751,1
2751,767,...同学』，我明明还有2％左右的可能性会客套地说一句『你、你好』。可是这家伙竟然这样说。「她是甘织玲奈子，是我的未婚妻。」才不是──！这个话题也太劲爆了吧！都害我忍不住发出无声的呐喊了！那位美女闻言，发挥...,0.9997032284736633,2751,1
2751,768,...啊」，尽管惊讶，却也没有表现得太过诧异。「那么，祝你玩得尽兴哦，甘织小姐。」「好。」在我脑袋一片空白的时候，周围的人群慢慢散去。看来真唯已经向他们打完招呼了。她「呼」了一声，叹了口气。「总算能和你独处...,0.9997026324272156,2751,1
2751,769,...亮。「如何？若是有想吃的东西，我去帮你拿吧。」「我感觉连一粒米都吞不下去。」「什么？原来是这样啊。你身体不舒服吗？假如你没有食欲，早点跟我说一声就好了。感觉真是抱歉。」「我半个小时前还饿得肚子咕噜咕噜...,0.9997021555900574,2751,1
2751,770,...过来。他们以『这个乡下姑娘是怎样？』『真是粗俗。』『究竟是谁把那种卑贱之民带来这里的？』『她根本不该来这个地方。』带有各种意义的眼神盯着我。（个人感受。）我不行了。要是继续待在这里，甘织玲奈子就要成为...,0.9997044205665588,2751,1
2751,771,...忙逃去顶楼避难的女人耶。但现在却得待在这个集合了各种阳角终极型态，犹如热带草原般的会场，只能抱着尤加利树啃着树叶的我，哪有可能生存得下来？我用力抓住真唯的手。「嗯？怎么了？」「总之你先过来！」真唯把手...,0.9997026324272156,2751,1
2751,772,...动作简直就像是大受欢迎的女孩被恋人的小小任性摆布那样，其实还挺让人不爽的。我们不断避开人群的耳目，最后来到了干净且宽敞的女厕。而且还是两个女高中生挤在同一个隔间。这里安静、狭窄、昏暗。令人心情平静不对...,0.9997015595436096,2751,1
2751,773,...冢真唯──！」「你带我来这种地方，到底是打算做什么呢？」别这样！不要在那边自顾自地脸红！「你这家伙，真的是一点也不瞭解我耶难道你不知道我为什么这么火大吗！？」真唯用手抵着下腭，沉思了几秒钟。「摆在桌上...,0.9997016787528992,2751,1
2751,774,...以为你会喜欢义大利菜呢，看来是我猜错了」「这种事情怎──么样都无所谓啦！我是喜欢吃义大利菜啊！不管是义大利面、披萨还是蛤蜊意面我都喜欢！」「哦，这样啊。看样子我还是挺瞭解你的呢。」「你这种想法根本就是...,0.9997016787528992,2751,1
2751,775,...整个身体来表现出真唯有多么不讲理。「我还以为只是和真唯一起去吃顿饭而已耶！你怎么会带我来这种派对啊！？」「我也只是打算来吃点东西的啊？」「讲人话你是听不懂喔！」我用手捂着脸。真想立刻回家钻进被子里大哭...,0.9997026324272156,2751,1
2751,776,...：「看来，我似乎又会错意了。」「真唯。」见到她的反应，感觉我心里的一条弦好像猛然被切断了。「不是那个，嗯」「因为这里的主厨以厨艺精湛而闻名，所以我才想带你来品尝一下的这样啊，既然你不开心，那也没有意义...,0.9997028708457947,2751,1
2751,777,...地莞尔一笑，这让我的胸口顿时感到一阵刺痛。很可惜，甘织玲奈子打从骨子里就是个阴角，一旦出现在这类奢华的地方，甚至连存在本身都有可能被消灭。这是我个人的问题所以真唯并没有任何错。虽说这也是因为她没有真正...,0.9997037053108215,2751,1
2751,778,...这种事「所以这是什么派对？」「我记得是向母亲的公司出资的赞助商在每个季节都会定期举办的聚会，并没有什么特定的目的。」「竟然真的有这种不存在任何目的的派对啊」有钱人的快乐就是这么朴实无华「我们家一年36...,0.9997040629386902,2751,1
2751,779,...起来这种地方会是如此没有常识的行为。」「王冢真唯，真厉害啊」我也只能涌出这个感想了。我再度确认到我们身处不同的世界，彼此认为理所当然的事情是处于平行线之上。所以要是我继续闹脾气，该怎么说呢，也不会有任...,0.9997029900550842,2751,1
2751,780,...先回去了。毕竟现场好像有许多真唯的熟人，你就留下来慢慢跟他们聊吧」真唯紧紧抓住我的手腕，将我拉了过去。「你在说什么。我怎么可能让你一个人先回去呢。」「不、不是啦我不是在顾虑什么，只是希望你能解开刚才说...,0.9997040629386902,2751,1
2751,781,...结果她竟然一脸镇定地说道：「你是我的恋人，换句话说就是未婚妻吧？因为我本来就打算要和初次交往的对象发展到结婚的。」真唯潇洒地用手拨起金色的长发。因为她的打扮不同以往，即使是平常很熟悉的举动也不禁令人心...,0.9997038245201111,2751,1
2751,782,...我与真唯之间的胜负，至今仍然在持续当中。扎起头发的状态是朋友，放下头发的话就是恋人，我原本打算要让这条规则作废，但真唯现在依然会搬出这件事。看来她相当中意。不过，我已经坚决否定过了，说我们现在不是恋人...,0.9997037053108215,2751,1
2751,783,...一提，现在真唯的长发是整个彻底放下的状态。「就算是这样，向别人这样介绍我还是有点不太对」我双手握拳，如此反驳。「因为。」真唯伏下眼眸，她的嗓音突然带上了几分娇媚。仅仅是听到这个声音，就让我一颗心扑通扑...,0.9997045397758484,2751,1
2751,784,...被别人的花言巧语撩走的。」真唯将那端正得过分的脸庞朝我凑了过来，我不由得将脸别到旁边。「怎、怎怎么可能啦。我可是个村姑，是卑贱的平民耶。」听我这样说完，真唯用鼻尖磨蹭了我的脖颈。咿。「在我眼里，你就是...,0.9997045397758484,2751,1
2751,785,...」一声略带湿气的声音。她似乎是直接吻在我的肌肤上。呜呜。「今天的你非常动人。」「毕竟俗话说佛要金装，人要衣装」「非常适合你。」就算真唯对我说这种话！鱼尾裙的晚礼服贴身地穿在真唯的身上，让她的身材曲线更...,0.9997043013572693,2751,1
2751,786,...身的美更加熠熠生辉。就好比戒指上的宝石与底座的关系。与像是被衣服穿着的我根本截然不同。若是我们现在处于两人世界，想必我会一直如痴如醉地看着真唯吧。而这般无敌又光辉灿烂的存在，现在竟然埋首于我的胸前，这...,0.9997031092643738,2751,1
2751,787,...，我就愈是坚信，你就是我的『命定之人』。」「哪、哪有可能因为，我只是碰巧在真唯心情低落的时候成为你倾诉的对象这种事情，就算不是我也」「我说过吧？这并非偶然，我相信那是命运。就算假设那个人不是你也毫无意...,0.9997037053108215,2751,1
2751,788,...以形容的香气。我曾听说过，费洛蒙的真相其实是气味的契合度。如果感觉对方的体香是自己喜欢的味道，就说明你的基因在渴求着对方。若这个说法是真的，代表我的dna已经完全败给了王冢真唯，实在令人困扰。是说，你...,0.9997039437294006,2751,1
2751,789,...、好啦。我知道了我知道了，我已经知道真唯的心意了啦！」「那么，如果你丢下我一个人回去，是否就太坏心眼了呢？」「谁、谁叫你向别人介绍说我是你的未婚妻啊！」真唯在嬉闹着的同时将我推到隔间的墙上，令我顿时动...,0.9997043013572693,2751,1
2751,790,...述陷入了束手无策的状态。唯独心率不断地上升。下一刻，从隔间的另一头，洗手台附近传来了说话声。「唉唉，你看见了吗？今天王冢前辈有来呢。」「嗯！真难得呢，好久没见到她本人，果然漂亮得不得了。脸小小的，腿又...,0.9997045397758484,2751,1
2751,791,...们应该是和真唯同为模特儿的后辈。「然后啊，我听说与王冢前辈订婚的对象也来了喔。」「咦～！？真的吗！？不知道是什么样的人呢！」「我没看到，不过应该是像克里斯&#8226;伊凡或是布莱德&#8226;彼特...,0.9997032284736633,2751,1
2751,792,...狂地向她们道歉。我是甘织玲奈子，相貌平凡、成绩不上不下、运动神经只在后段班「看吧，真唯，像我这样的人果然」但是真唯彷佛完全不把局外人的意见与我自虐的发言放在心上。她用双手贴着我的脸颊，像是从下面捧起来...,0.9997021555900574,2751,1
2751,793,...，而是饱含爱意的深吻，甚至还将湿滑的舌头伸了进来。唔、唔唔唔我原本就已经脑袋快转不过来了，这样更是让我浑身失去了力气。这种感觉好舒服吗？其实我也不太清楚。我只知道自己的思绪正在被真唯逐渐填满。过了半饷...,0.999702513217926,2751,1
2751,794,...烈色彩的明媚双唇才从我唇上移开。「呜呜。」我小声地发出沉吟。竟然在这种只隔着一层薄板的厕所隔间我反射性地想用手背擦拭嘴角，此时才突然想起我自己也同样化了妆。双手一时之间无处可去，只好放在大腿前面的。我...,0.9997029900550842,2751,1
2751,795,...真唯以不会弄乱发型的力道，用手来回抚摸我的头发。而我只是低着头任她摆布。看吧，像这样突然无言以对的时候，气氛就会有点尴尬。毕竟我还有点喘不过气，胸口感觉也很苦闷。不能纯粹地享受其中。恋人什么的果然绝对...,0.9997044205665588,2751,1
2751,796,...上了归途。这是我有生以来第一次坐上豪华轿车。我请司机把轿车停靠在我家门前，依然穿着晚礼服的真唯向我挥手告别。「那我们明天学校见。」「是是是，再见记得把头发扎起来再上学哦。」真唯只是浅浅一笑，什么也没说...,0.9997040629386902,2751,1
2751,797,...门走进玄关，此时正巧碰见刚洗完澡，只围着一条浴巾在家里游荡的妹妹。「你也是，我觉得穿成这样在家里晃来晃去很有问题。」我已经好久没看到妹妹半裸的模样了。毕竟她参加运动社团，腰间看起来紧实有致，身材很好。...,0.9997038245201111,2751,1
2751,798,...唯，她也不过就是甘织家的小女儿罢了另一方面，妹妹惊得目瞪口呆，目不转睛地盯着我。「姊姊才是你那身打扮是怎么回事？」「咦？」我猛然环顾自身。站在这里的人没错，正是身穿高级晚礼服，让人惊叹『咦，这个人是谁...,0.9997037053108215,2751,1
2751,799,...到家里，所以连衣服也没换就拜托真唯送我回来了！太、太大意了！我慌慌张张地回答。「因为真唯，那个，邀请我参加派对。」「派对！？」如同我把她最喜欢的蛋糕当伴手礼带回来时一样，妹妹的眼睛正在闪闪发光。啊，这...,0.9997021555900574,2751,1
2751,800,...的眼神！明明我的心早已疲惫不堪，但嘴巴却像换了个人似地滔滔不绝。「呃，嗯，还好啦现场来了很多人。是向真唯的公司出资的赞助商举办的派对。我也受到了邀请，所以才打扮成这个模样。」「那是什么好、好厉害」「用...,0.9997026324272156,2751,1
2751,801,...菜。哎呀，怎么说呢超赞的。」「唉────！」不过我连一口都没尝到就是了！我绝口不提在会场里一脸铁青，现在表情依然像快死一样的事情，佯装自己是个贵妇人，以娇柔做作的步伐走向餐桌。「妈妈～今天吃什么～？」...,0.9996998310089111,2751,1
2751,802,...菜味道最棒了嘛！＊＊＊芦谷高中位于京王线沿线，是一所成绩还算得上不错，男女合校的公立高中。这里不论老师还是学生每天过得都很悠哉，讲好听点是行为端正，讲难听一点就是对他人不太感兴趣，这种宽松的校风或许也...,0.9996989965438843,2751,1
2751,803,...横空出世了。没错，无须赘述，那就是芦谷高中的天照大神──王冢真唯。由于这位超级巨星入学，王冢真唯顿时化为了芦谷高中的名胜。明年的招生文宣上面说不定会在封面大大地写上『王冢真唯在学中！』。王冢真唯长相出...,0.9997004270553589,2751,1
2751,804,...遗产。原本，她应该是底层人士无法轻易搭上话的存在。但好像有个学生刚入学就没头没脑地主动出击说着『我们来做朋友吧！』。那个人就叫甘织玲奈子啦！这一切行动都是为了让我度过最棒的校园生活，同时也是为了改变国...,0.9997022747993469,2751,1
2751,805,...质比想像中还要脆弱这点以外！就这样，我由于自作自受加入了超乎我自身能力的圈子，每天都过着精神力不断被消耗的校园生活甘织玲奈子的战斗才刚要开始。（完）啊，不过呢（续），今天的我跟以往可是截然不同的。「哎...,0.9997032284736633,2751,1
2751,806,...正趴在课桌上直接瘫平。再怎么说，我可是克服了昨晚的派对（并没有）后的新生（neo）甘织玲奈子。对于neo织玲奈子而言，学校都是些熟悉的人，大家都是一群同年的孩子，想必相处起来和家人也没什么差别吧。所以...,0.9997034668922424,2751,1
2751,807,...受着自己升了一阶后所带来的成长时，教室的门被打开了，一名人物出现在我面前。那是有着漆黑长发，感觉冷酷的女性，琴纱月同学。纱月同学才高一而已，就已拥有足以演出正宗悬疑电影的完美容貌，浑身散发着一股神秘且...,0.999703586101532,2751,1
2751,808,...想到美丽的刀具。「你来得真早呢，甘织。」「咦？呃，嗯，那个，偶尔啦！」其实是为了完成临时任务「在没有任何人看到的状况下悄悄把借来的礼服还回去」，我才会一大清早就来学校，把礼服放进真唯的置物柜啦不过要是...,0.9997034668922424,2751,1
2751,809,...雷，我不禁支吾其词。我感觉纱月同学就像是取缔违规超速的警察那般，眼神彷佛闪过一道光。「是吗？」「咦？啊，是。」明明没做什么坏事，却不断地流下冷汗。假如我是无尾熊，那么眼神锐利的纱月同学就像是锦蛇。尽管...,0.9996987581253052,2751,1
2751,810,...单独与她对话果然还是超可怕的。而且，平常纱月同学在打过招呼之后应该都会坐在位子上开始自修，不然就是翻开一本书来看才对但她今天却不知为何站在我的座位前面，目不转睛地低头看着我咦？学校的同学应该和家人一样...,0.9996991157531738,2751,1
2751,811,...了猜测，抬起视线直接询问她的意图。「您您有何贵干吗？」「正好。嗳，甘织。」听到我脱口说出不自然的敬语，纱月同学并没有选择吐嘈我，只是抬起下巴示意教室外面。「你现在能陪我一下吗？」咦？这个既视感是怎么回...,0.9996398687362671,2751,1
2751,812,...仰望天空。「很热呢。」「就是啊。」季节迈入七月之后，盛夏也随之到来。从地面传来了蝉儿充满精神的鸣叫，彷佛每发出一声都在夺走我的体力。明明芦高每间教室都一律配置了冷气，为何要特地跑来顶楼我狼狈得就像一条...,0.9996771812438965,2751,1
2751,813,...在用手对自己风，却没流下一滴汗。难道这就是「美少女是不会出汗的」的法则不管怎么样，和纱月同学独处的这个状况正不断地削弱着我的精神力。要是连身体都失去水分，我很有可能当场倒地。赶紧听她要说什么，立刻回到...,0.9996961355209351,2751,1
2751,814,...呢？」「」纱月同学不发一语。明明是你把我叫出来的耶！？「呃、那个是、是关于真唯那件事吗？」纱月同学闻言，我看到她的脸颊顿时一阵抽搐。「对不起。」由于察觉到一股不得不道歉的氛围，我反射性地低下了头。「没...,0.9997031092643738,2751,1
2751,815,...当中。因此，她现在不仅与我们的小圈子保持着距离，当然也过着不和真唯有任何交谈的每一天自从前阵子真唯在饭店举办恋活派对后，大概已经过了一周左右？其实她们冷战了相当久呢顺便说一下，关于她们两人之所以会吵架...,0.9997033476829529,2751,1
2751,816,...当时极端地自暴自弃，为了惩罚自己，竟然逼迫纱月同学说『跟我上床』。而且理由竟然是『因为你喜欢我吧？』。纱月同学听了自然是怒不可遏，便下定决心将那个暴虐无道的完美恋人除之后快。尽管我对情爱之事一窍不通，...,0.9997038245201111,2751,1
2751,817,...不晓得纱月同学是否真的喜欢真唯，但无论喜欢与否，真唯那番话也实在太王冢真唯了如此这般，我是希望真唯能赶紧道歉，和纱月同学重修旧好但遗憾的是，真唯对于自己做了错事丝毫没有自觉。「啊，那该不会，你其实想和...,0.9997028708457947,2751,1
2751,818,...！？」所以，如果纱月同学愿意主动踏出这一步的话，自然是再好不过。更重要的是，我也不会继续被卷入两大名人之间的争端，一直对此感到左右为难！可是──「你说谁，要向谁，道歉？」我感觉到纱月同学的漆黑长发轻轻...,0.9997022747993469,2751,1
2751,819,...上那般再度说道：「应、应该是、真唯、向纱月同学吧？」「没错。但是那个笨蛋根本不可能意识到自己犯了什么错吧。」纱月同学深深地叹了一口气。「所以呢，甘织。」纱月同学缓缓将脸朝我凑近。被她从正面如此凝视，我...,0.9997028708457947,2751,1
2751,820,...那家伙复仇，我可是不会消气的。单方面被人耍着玩不符合我的原则。」「复、复仇什么的，太夸张了啦。」纱月同学就好比一定会抹杀掉目标的杀手似的，怎么看都是来真的。我有预感，要是继续待在这里，将会被卷入什么不...,0.9996998310089111,2751,1
2751,821,...逃吧！「抱歉纱月同学，我突然想到还有点事！」下一刻，她的手啪一声拍在墙上，挡住了我的去路。这俨然就是全世界的少女都满怀憧憬的壁咚嘛！原来如此，被壁咚原来会有这种心情啊，不对，我好像只觉得害怕耶！？「不...,0.9996997117996216,2751,1
2751,822,...脸上的笑容犹如饱含毒性的兰花。无、无所谓是什么意思「我说，甘织。」纱月同学在耳边低喃着我的名字。感觉到她那慵懒的吐息，我就像只被猫盯上的老鼠那样浑身颤抖。「你能和我交往吗？」与其说那是爱的告白，反而更...,0.9997021555900574,2751,1
2751,823,...眼睛，就这样整整过了五秒钟。接着我才用尽浑身解数反问：「啊！？」第二卷第一章恋人什么的，绝对不行！纱月同学篇真唯小圈子由一群美少女所组成，成员都可说是整个年级当中万中选一的级别，是位于芦高一年级顶端的...,0.9997031092643738,2751,1
2751,824,...的人也会温柔以对的天使，濑名紫阳花同学。大家的妹妹，备受全校学生宠爱的，小柳香穗。有着一头漆黑秀发，容貌好比女演员的文静美女，琴纱月同学。虽然还混了一个杂鱼，这部分就跳过吧。在她们之中，会与我在学校正...,0.9997033476829529,2751,1
2751,825,...在学校不怎么说话，不过她私底下经常会传讯息给我。只有纱月同学，我几乎没和她单独说过话。尽管我曾一度怀疑自己是不是一直被她讨厌，但现在得知那其实是我的误会之后，我就没那么怕她了。虽然是这样啦但没想到她对...,0.9997041821479797,2751,1
2751,826,...么说也不可能。当然是这样。换句话说，其实是这么一回事吧。纱月同学想对真唯复仇，然而真唯的心灵坚固得像是铜墙铁壁。真唯是那种就算自己住的公寓起火了，也只会说句『嗯，着火了啊。没办法，今天就住旅馆吧』而了...,0.9997043013572693,2751,1
2751,827,...成最有效果的打击，她打算利用我。「我说得对吧！？纱月同学！」「不是。」听了名侦探玲奈子的推理后，纱月同学微微摇了摇头。早上的班会开始前，纱月同学在艳阳高照的顶楼厚脸皮地这样说道：「我打从心底喜欢你。现...,0.999703586101532,2751,1
2751,828,...甘织。」「也讲得太没感情了吧！」可恶，既然这样我倒是要问个清楚！「那我问你，你喜欢我什么地方！？」「咦？我想想。」纱月同学抓住一边手肘，环起双臂。她的视线投向虚空之中，陷入了沉思。「很有自知之明这点？...,0.9997028708457947,2751,1
2751,829,...为什么最后还用疑问句收尾啊！就算是撒谎也好，好歹用个肯定的语气啊！「怎么，你不满意我当你的恋人吗？」「唉！？不是，怎、怎么会」因为她起了天大的误会，害我顿时着急起来。虽说纱月同学确实很令人害怕，但实际...,0.9997010827064514,2751,1
2751,830,...绝她的。「怎、怎么会不满意呢，哪有啦。纱月同学这么漂亮而且」「而且？」「像是冷冽动听的声音，神采焕发的站姿，我都觉得很棒坐在位子上时露出的侧脸也很帅气你总是表现得光明磊落、充满自信，我真的很羡慕你」我...,0.9997031092643738,2751,1
2751,831,...倾诉爱意的场景吧这样啊，原来我对纱月同学抱着这种憧憬的感情吗没想到我竟然会在这种时候厘清了自己的想法呢「是吗，谢谢。」纱月同学的脸微微染上红晕，撇开了视线。我想她肯定是对我不经修饰的肺腑之言感到难为情...,0.9997034668922424,2751,1
2751,832,...那个，对我来说！」即使如此，我还是想把这件事告诉她。拼命地表达内心的想法。「恋人关系是不行的啦！如果是朋友关系，那就完全没问题！」「啊，这么说的话确实是这样呢。你也是用这套说词暂时搁下了那个女人的诱惑...,0.9997032284736633,2751,1
2751,833,...唯有哪里不好，或是纱月同学怎么样，只是我完全没有自信能把这段关系维持下去」纱月同学闻言，顿时莞尔一笑。这让我不禁心动了一下。她的笑容彷佛穿过厚重云层的隙缝投射下来的月光那般温暖咦？「不要紧的。即使阴差...,0.9997027516365051,2751,1
2751,834,...得一干二净。你就放心和我交往吧。」「哪有人这样追女生的啊！」随着我这声呐喊，早上班会的预备铃响了起来。竟敢玩弄人家的纯情！今天从一大早开始就累得不行浑身虚脱的我与纱月同学一起离开了顶楼。本以为顶楼钥匙...,0.9997041821479797,2751,1
2751,835,...制品到处都是。锁上顶楼的门后，我们朝教室走去。可以的话，我真想直接冲到保健室躺下睡觉。待会还要上课？真的假的？可以把今天第一节到第六节的课全部换成『午睡』吗呃。而且我们还在走廊与刚到校的真唯撞个正着。...,0.9997044205665588,2751,1
2751,836,...是，在我身旁的纱月同学却是不发一语，自从真唯身旁走了过去。呜哇「早、早安，王冢同学。」尽管我笑容僵硬，但还是努力向真唯挥了挥手。真唯用手托着下巴，感觉若有所思地「嗯」了一声。不管怎么样，纱月同学刚才的...,0.9997043013572693,2751,1
2751,837,...个东京也只有纱月同学吧。这样就算是真唯应该也会受伤吧然而，真唯的态度就像在说『没有面包的话吃蛋糕不就好了？而且我本来就比较喜欢蛋糕』那般，莞尔一笑。「能在进教室前遇到玲奈子，今天真是个好日子啊。」「嗯...,0.9997045397758484,2751,1
2751,838,...种态度，纱月同学才会表现得那么别扭吧！我刚刚可是被告白了呢！你要给我负责！就算我这样狠狠凶她，感觉她也会说『我当然会负责的』，然后买一个价位堪比出社会的人三年收入的戒指给我，所以我是绝不会说出口的！「...,0.9997044205665588,2751,1
2751,839,...是啊！？王冢同学一直都很漂亮！」「呵呵，听到你这样称赞，也怪难为情的。今天果然是个好日子。不过，对我而言，基本上每一天都是好日子。」眼见真唯在我面前一脸娇羞的模样，我就不由得在脑海中幻想着自己不停地殴...,0.9997026324272156,2751,1
2751,840,...，我在学校依然以『王冢同学』称呼真唯。尽管真唯应该根本不会在意，但我不想因为跟她表现得太过亲昵而惹上麻烦。我理想中的『挚友』会好好体谅彼此，这种程度丝毫不会对两人的关系产生动摇。「啊，是王冢同学～早～...,0.9997027516365051,2751,1
2751,841,...超想听的──！」注意到真唯的学生们顿时围了过来，身边转眼间便是人山人海。真唯见状，说了声「嗨，大家好」，一大早就把明星气场全开，免费向人群发送完美恋人的微笑。呜，女孩子高亢嬉闹的尖叫声对现在虚弱的我来...,0.9997013211250305,2751,1
2751,842,...，我决定待会再找机会告诉真唯，礼服已经放到置物柜还给她了。现在就先回教室吧在纱月同学与真唯的双重攻击下，狠狠削弱了我的hp教室里，可以看到几乎所有同学都到校了。我提心吊胆地从纱月同学座位的后方通过，不...,0.9997019171714783,2751,1
2751,843,...么我在自己的教室还得做着这种充满紧张感的潜入任务啊「啊，小玲奈，早安～」前座的女孩注意到我后，便露出笑容向我打了招呼。受到晨光照耀而闪闪发亮的头发上，正浮着天使的光环。宛如在甘甜的牛奶中倒入温柔和蜂蜜...,0.9997007846832275,2751,1
2751,844,...花同学。我情不自禁地眯起眼睛合掌拜着她。「啊～体力慢慢恢复了」「唉？什么意思？」「意思是，如果紫阳花同学在rpg里面，绝对会是僧侣呢。」「是吗？我比较喜欢武道家呢。」紫阳花同学将拳头放在胸前摆出架式。...,0.9997026324272156,2751,1
2751,845,...时瞥到赤裸的长腿吧。太色情了！「呃，不对，不对啦，小玲奈。」「啊，是，对不起。」「咦？不会，我才不好意思？不对，那个」紫阳花同学看起来一副欲言又止的样子。真可爱。不对。「刚才啊，我在来教室的途中看到了...,0.9997032284736633,2751,1
2751,846,...本想说「没有那种事啦──」，但做不到。所以我老实地点了头。「的确」「发生了什么事吗？」「唉！？」就是啊──其实，纱月同学对我示爱了呢。我怎么可能说得出口嘛！或许是察觉到我的表情很难以言喻，紫阳花同学拼...,0.9997037053108215,2751,1
2751,847,...只是在想是不是发生了什么事而已，不回答也完全没关系的。因为我也不是那么在意。呃，今天天气好热呢！」她突然滔滔不绝地讲了一堆话，我已经无法理解紫阳花同学到底想说什么了。在前阵子真唯那件事之后，紫阳花同学...,0.9997040629386902,2751,1
2751,848,...雾水。「嗯、嗯！幸好教室很凉呢！」我这次也像鹦鹉那般连连点头。到底是怎么回事啊其实，我也不是毫无头绪。没错，正是因为我之前犯下了『蠢事』，在放学后的教室对紫阳花同学不停呼喊着「喜欢」不，什么都别说了。...,0.9997037053108215,2751,1
2751,849,...但不管怎么说，我竟然做出了做出了那种事！根本是货真价实的黑历史。每当想起这件事，我就冲动地想钻进被窝里大叫。紫阳花同学一定认为我是个非常可悲的女人吧呵呵毕竟那么拼命地对朋友讲着喜欢什么的简直就像告白一...,0.9997045397758484,2751,1
2751,850,...惨的w』，把这件事当笑柄反而会让我好过一些。但紫阳花同学很温柔，完全不会主动提起那件事。而是装得若无其事，继续和我当朋友这就是善良「紫阳花同学。」「咦？怎、怎么了？」见紫阳花同学难得露出慌张的表情凝视...,0.9997039437294006,2751,1
2751,851,...在是非常抱歉」「咦？什么什么！？哪次！？」看到我真诚无比地道歉，紫阳花同学惊得瞠目结舌。紫阳花同学就连动摇的表情都好可爱啊如果对我说『和我交往吧』的不是纱月同学而是紫阳花同学的话，我或许会再犹豫一下。...,0.999703586101532,2751,1
2751,852,...个人视为对象喜欢上我就是。就在我胡思乱想的时候──「听我说，玲奈亲、小紫（紫阳花）。」又一名美少女出现了，她把下巴靠在我的桌上。这是芦高所有人的妹妹，小柳香穗。她个性平易近人，无论男女都对她疼爱有加，...,0.9997039437294006,2751,1
2751,853,...绑在侧边的黄色发圈似乎是呼应了真唯的应援色。在那五官端正的娇小脸蛋上，总是挂着鲜明且充满魅力的表情。实际上，要是她稍微改变一下自身氛围，可是拥有变身为超清纯美少女的潜力。不过这样一来我就不敢和她说话了...,0.9997040629386902,2751,1
2751,854,...耶？」「嗯，对啊。老师要来了喔。」「在那之前呢～」小香穗像是要说什么不可告人的秘密般，压低了声音。「之前提过的关于下下周的那件事，我们来稍微讨论一下吧。」「哦，就是五个人一起出去玩那件事啊。」「嘘──...,0.9997033476829529,2751,1
2751,855,...而更大声啦！」「先别管那些鸡毛蒜皮的事情了。现在发生了一个难以忽视的问题。」小香穗微微转头，用头示意朝纱月同学与真唯两人。「就是那两个人能不能在那之前和好喵」「是啊其实也冷战很久了呢。」小香穗和紫阳花...,0.9997041821479797,2751,1
2751,856,...，真唯与纱月同学在学校始终没有任何交流。就算我们这些局外人在旁边干着急，到头来这终究是当事人之间的问题，我们其实没什么能做的至少我是这样认为的。「呜～呜～我想和大家一起出去玩～～！想去玩想去玩想去玩想...,0.9997038245201111,2751,1
2751,857,...小香穗变成任性的小孩了！？她原本不断甩着手大吵大闹，此时突然停了下来，偷偷抬头瞥了我一眼，接着双手又开始像被丢到岸上的鱼那样开始疯狂摆动。这、这是！眼见这突如其来的试炼，我不禁咽了口口水。小香穗的提示...,0.9997043013572693,2751,1
2751,858,...吐嘈小香穗！「别、别这样啦！」我战战兢兢地如此说道，用力握住小香穗的指尖。随后小香穗便像没电的机器人那样停了下来，一脸落寞地看着我。「唉谢了，玲奈亲但是看样子，我的身体已经离不开小纱（纱月）了」「对、...,0.999704897403717,2751,1
2751,859,...道狠狠地朝脑袋敲下去的话就不够刺激了你懂吧。」从斜后方冷冷地传来一句「我才没那么做过」。看来被当事人听得一清二楚。「若是能知道她们两人发生了什么事情，至少还有可能帮得上忙呢。」听到紫阳花同学这句话，我...,0.9997038245201111,2751,1
2751,860,...的前因后果没错但我也不能没经过纱月同学的同意就告诉别人，更何况纱月同学也不可能允许我这么做。这时，老师走进了教室。小香穗握着拳头挺起身子，仰望天花板。「好，我是不会放弃的！绝对要五个人一起出去玩！总之...,0.9997037053108215,2751,1
2751,861,...，一辈子就只有一次啊──！」在鸦雀无声的教室里，只响彻着小香穗的声音。这根本就是在昭告天下了吧。我偷偷观察两位当事人的反应。真唯微微歪着头表示不解，另一方面，纱月同学像是没听见似地翻着笔记本。「小柳，...,0.9997031092643738,2751,1
2751,862,...点花纹的长裙好可爱哦！」「谢谢夸奖。」我暗自重重叹了口气。现实与小香穗的愿望背道而驰。因为纱月同学不仅没打算和好，反而在计画着完全相反的事情到了午休时间，纱月同学独自一人不知去了哪里。真唯一如往常地开...,0.9997029900550842,2751,1
2751,863,...小圈子肯定什么事都没发生，依然和睦如昔。在这个气氛下刻意提到纱月同学感觉也很那个，所以我什么都没说即使我想表现得和平常一样，可是一旦意识到纱月同学不在这里，这种不自然的感觉便让一切都显得很空虚。简直就...,0.9997043013572693,2751,1
2751,864,...人吗糟糕。我明明有社恐，区区日常对话就能让我的精神疲惫不堪，现在竟然得装得若无其事这难度也太高了这样绝对不行。要是每天都上演这种戏码真的撑不下去！虽说她们和好之后五个人一起出去玩的这种活动对我来说也很...,0.9997043013572693,2751,1
2751,865,...理纱月同学与真唯的关系，我会死掉的！「小香穗，让她们两人和好的那件事，也让我出一份力吧！」「哦、哦？玲奈亲很有干劲呢！」我在厕所前面拦住了小香穗，说出我的想法。「嗯！虽说我不知道自己能做什么，说穿了我...,0.9997050166130066,2751,1
2751,866,...真心盼望她们能和好的除了这份心意以外我什么也没有也没有一丝行动力对不起」「唉！？这样我不就只能说『只要你有这份心意我就很开心了』吗！？」这段对话结束后，来到了当天放学。突如其来地，我被卷进了无暇顾及其...,0.9997052550315857,2751,1
2751,867,...学打过招呼后，走到了我们的座位附近。紫阳花同学与小香穗已经做好了回家的准备，只有我一个人还在拖拖拉拉地收拾东西。这种景象也已习以为常了。「今天要绕去哪里逛逛吗？」「也是，我今天稍微有些时间。去车站前稍...,0.9997047781944275,2751,1
2751,868,...玲奈也一起来吧。」「啊，好。」说实话，今天我的精神已经几乎要被消磨殆尽，哪怕只是快微微秒我也打算早点回家但既然有人邀请我一起去玩，我就不能拒绝国中时代的阴影在我身上烙下了名为『绝不能拒绝别人的邀请』这...,0.9997047781944275,2751,1
2751,869,...服了这个创伤，但也还没成长到一切都能随心所欲的程度。是说，要拒绝别人的邀请就已经很费神了吧！此时，敏锐的真唯看穿了我的苦恼。「这样啊，玲奈子还有其他事情要忙吗？那香穗、紫阳花同学，就我们三个人去吧。」...,0.9997040629386902,2751,1
2751,870,...的情绪各占一半，「嘿嘿嘿」地露出了卑微的笑容。这时。有个柔软的东西紧紧裹住了我的手臂。「没错。」嗯？真唯、紫阳花同学与小香穗都一脸诧异地望向这边。应该说，是盯着站在我身旁的黑发美女。是纱月同学。「甘织...,0.9997047781944275,2751,1
2751,871,...」纱月同学简直就像是对男友撒娇的女孩子那样，紧紧地搂着我的手。不对，这更像是看守用绳子把犯人牢牢拴住！「我们有事情要忙对吧。」「不，呃！？」「对吧？」她目不转睛地盯着我。纱月同学的眼里写着『要我现在继...,0.9997043013572693,2751,1
2751,872,...班上的立场会变成怎么样呢？』。这根本是威胁嘛！小香穗率先察觉到了什么，「啪」地弹了个响指。「原来如此，是这样啊！那玲奈亲，小纱就拜托你了！我们两个就和真唯一起回去！对吧，对吧！」小香穗不停地挤眉弄眼，...,0.9997045397758484,2751,1
2751,873,...啊！纱月同学不是要和我讨论该如何与真唯和好，而是要怂恿我加入抹杀真唯的计画啊！？纱月同学用力地拉着我的手。救、救命啊～～～！「玲奈子，你」真唯以坚定的视线凝视着我，让我不禁慌了起来。糟了。若是我表现得...,0.9997047781944275,2751,1
2751,874,...不要那样啊！「嗯、嗯！就是这样！大家对不起，我们明天见！」虽然没有小香穗刚才那么别无选择，但我也只能这么说了啊！？我快步地跟上纱月同学。此时从背后传来了「小、小玲奈～～？你们为什么要挽着手～～？」的声...,0.9997047781944275,2751,1
2751,875,...也没有停下脚步。那个，其实呢这是纱月同学为了激怒真唯才故意做给她看的啦！！「你就大发慈悲放过我吧。」「所以我不是说你要喝什么都请你吗？」「自动贩卖机」「怎么，你有意见？」「没有」我拿起叩咚作响掉下来的...,0.9997045397758484,2751,1
2751,876,...清醒了一些。接着我便随着纱月同学一起回到了座位上。纱月同学带着我来到了车站大楼的美食广场。虽说这里位子挺空的，凉爽又舒适，但或许是因为纱月同学托着下巴坐在我面前，反而让我感到了阵阵寒意。「话说回来。」...,0.9997038245201111,2751,1
2751,877,...来喝。此时，她笑呵呵地说道：「你看到那家伙刚才的表情了吗？看起来很受打击。真是让人痛快。」她的笑容好邪恶啊「那这样子，就算报了一箭之仇吧。很好很好，纱月同学非常成功地反咬她一口。所以你们可以和好了，从...,0.9997014403343201,2751,1
2751,878,...开始呢。」「我想也是」纱月同学托着脸颊，撇着嘴望向我这边。「你对那家伙来说果然是与众不同的。」「就是啊，到底是为什么呢」「这种事已经无所谓了。重点在于，和你交往确实是值得的。」「看到你满脑子都是算计，...,0.9996974468231201,2751,1
2751,879,...就假设我个性害羞，所以只能说出那样的话如何？」「是很可爱啦！但其实并不是这样吧！？」我用手撑着桌面，猛然把身体探出去。纱月同学的表情毫无惧色，摆出一副问心无愧的样子回望着我。我不禁倒抽一口气。纱月同学...,0.99969482421875,2751,1
2751,880,...浊，但看在我的眼里也是相当美丽。纱月同学的美貌散发着沉稳的光辉，就犹如沐浴在水中的濡羽色小鸟那般。这就好似自己一个人于深夜仰望天空中的月亮那样，眼神不禁会被那莫名寂寥的月色所吸引，心脏也彷佛被紧紧揪住...,0.9997022747993469,2751,1
2751,881,...己一辈子都赢不了她了。「你不是也同样因为那家伙而饱受其害吗？」「这是没错啦。」就在最近，我才刚被她骗去了派对会场。感觉寿命都因此缩短了一百年。我也知道如果再不想办法挫挫真唯的锐气，恐怕一辈子都无法在她...,0.9997033476829529,2751,1
2751,882,...来完成，而是要靠着一己之力实现「话是这样说，但这种做法还是有点让真唯看到我与纱月同学交往的样子，借此伤害真唯什么的对朋友做这种事，感觉会有点于心不忍」「朋友。」纱月同学悄然无息地如此低喃。她默默地将视...,0.9997033476829529,2751,1
2751,883,...？」这话是什么意思？如果照字面上的意思来想，就是在问我有没有把纱月同学当作朋友。这好难回答「我、我不知道」「你的回答还真是老实呢。」「因为！」我把绿茶像护身符那样握在手里。「我几乎没有和纱月同学单独说...,0.9997038245201111,2751,1
2751,884,...想的话，我会很受伤的！而且就刚才的气氛来说，如果我说『当然是朋友啦！因为我很重视纱月同学！』，你感觉就是会凶我嘛！」「是不会凶你，但我会趁势问你『那么你会帮我吧？』。」「你这是在套我话啊！请不要这样啦...,0.999702513217926,2751,1
2751,885,...月同学从四面八方袭来的魔爪，我都要流眼泪了。然而，这时纱月同学又托起了脸颊。「好吧，我知道了。」「咦」她像是在闹别扭那样，着嘴把头转向旁边。「反正我打从一开始就不认为这种方法能够顺利。我也不想硬是勉强...,0.9997026324272156,2751,1
2751,886,...，不会。」见她突然道歉，我感觉自己像是与父母一起来到陌生的城市后被独自抛下的小孩。我一时不知道该如何是好。「而且我和你也不算是朋友，只是刚好在同一个圈子罢了。这样就行了吧。好了，这件事就到此为止。」纱...,0.9997039437294006,2751,1
2751,887,...获自由了。不过，要我现在抛下纱月同学，说句『那我就先回家玩游戏了』跟她告别，感觉是个很需要勇气的选择「那个。」「怎么了？」我观察着纱月同学的脸色。「那么，我现在应该可以认为，你打算与真唯和好了吗？」「...,0.9997038245201111,2751,1
2751,888,...」「像是这种想法之类就不对了。」她对我露出像是在看着虫子的眼神。好可怕。「但是，要是你们两人不愿和好，感觉会非常尴尬我上学时会很难受的到时就会拒绝上学，给父母亲添麻烦」「等等甘织，你的脸为什么看起来像...,0.9997016787528992,2751,1
2751,889,...在威胁我吗？」我不知道「啊啊真是的。」纱月同学发出烦躁的声音。「好啦，我跟她和好。这样就行了吧。和以前一样，又～～～是由我向那个毫无罪恶感的家伙让步就行了吧！」「咦纱月同学，你好温柔」「但相对的──」...,0.9997022747993469,2751,1
2751,890,...两周就好，你要在这段期间和我交往。结束之后我就和那家伙和好。」两周的话，正好是放暑假前的那段时间。「这次我可是认真拜托你的。那个笨蛋根本就不把我当一回事，不过现在我总算是找到她的弱点了。所以──」虽然...,0.9997014403343201,2751,1
2751,891,...她竟然向我这种人低头。「请你协助我。」我从来没听过她如此认真的语气。纱月同学对真唯并非只有厌恶，这点我也很清楚。像上次要是没有纱月同学的协助，我根本就无从得知真唯打算做什么，也没办法阻止恋活派对，想必...,0.9997020363807678,2751,1
2751,892,...学可以算是真唯的恩人。既然她向我提出了请求，那我我偷偷回望纱月同学的眼睛，同时这样说道：「如果只是这样的话，那就不过，我不会听太过分的要求哦。」「好。」彷佛终于松了口气般，纱月同学原本紧绷的脸顿时放松...,0.9997015595436096,2751,1
2751,893,...天起的两周，我们就算正式交往了，可以吧？」「呜呜好」我也不是没有怀疑自己太早下判断了不过嗯。毕竟我这个人就是一旦被人拜托就拒绝不了，不过即使撇除这点，就这样放着纱月同学不管感觉她也很可怜。虽说纱月同学...,0.9997022747993469,2751,1
2751,894,...内心坚强就能接受自己一直被同一个人踩在脚底下。就这个层面来说，我肯定是对一直输给真唯的纱月同学产生了共鸣吧。虽然我没办法插手朋友之间的争执，但如果是为了让两人和好而必须这样做，那也无可奈何了纱月同学给...,0.9997038245201111,2751,1
2751,895,...只要坚持一下就好。如果能看到真唯被纱月同学反将一军，说出『可恶！』的那一幕，感觉也挺有意思的说不定我内心或多或少也有着这样的想法。毕竟我这个人的心灵很脆弱！「彼此彼此，我才要请你多多指教」如此这般，尽...,0.9997043013572693,2751,1
2751,896,...这次是纱月同学啊不过在某种意义上，这次说不定是个好机会。和真唯那个要不时区分是朋友还是恋人的状况不同，这次是为期两周，在某种程度上算是完整的恋人体验。我似乎可以借此认清自己到底适不适合谈恋爱。像这样，...,0.9997040629386902,2751,1
2751,897,...收拾好后，我们离开了美食广场。虽说时间是七月傍晚，但室外空气弥漫的暖意转眼间包围了我们。今天发生了好多事情啊不过基本上都与纱月同学有关就是。「纱月同学？」而纱月同学刚走出美食广场就立刻停下了脚步。「嗳...,0.9997044205665588,2751,1
2751,898,...要不是人太多的地方就好。」「什么意思？没事的，我又不是那个女人。很快就结束了。」既然很快就结束的话就没问题了。我如此心想，踩着轻盈的脚步跟在纱月同学身后。我们从车站步行了五分钟。纱月同学特地绕过来的地...,0.999701201915741,2751,1
2751,899,...公园，角落有放学的小学生在玩着球。在这片沉稳的气氛中，吹来的风也让人感觉莫名凉爽。「感觉是个很不错的地方呢。」「是啊，这里对我来说，是个有点回忆的地方。」我们穿过鸟居，走过细长的参拜道路，随后映入眼帘...,0.9997034668922424,2751,1
2751,900,...的就像画一样美丽啊大概是因为她与真唯不同，外表看起来更像是个大和抚子吧。感觉她很适合穿和服或巫女服。「呃，你经常来这里玩吗？」「是啊，比方说想要好好激励自己的时候。」「看来是很棒的回忆呢。」「因为我会...,0.999702513217926,2751,1
2751,901,...，不顾形象紧紧抱着我的画面呵呵呵」「这算是很棒的回忆吗！？」「这可是无论多久都不会褪色的永远的美酒喔。」应该是纱月同学以前完全赢过真唯时的回忆吧「你把我带到这种类似战场遗址的地方，打算做什么」「既然我...,0.9997023940086365,2751,1
2751,902,...誓言之地吗？」「不是要打倒啦！是和好！结缘！」结缘或许也不太对。「好吧。不过该做的还是要做。甘织，虽然只有短短两周。」纱月同学将头发撩到耳后，转身面向我。她背对着夕阳，脸颊微微泛着红晕，这个突如其来的...,0.9997041821479797,2751,1
2751,903,...人说像个雪女，也知道自己是个冷血的人。或许我不是你喜欢的类型但是，我这个女人是有恩必报。」先姑且不论恩不恩的，但她看起来是会记仇一辈子的那种。「不，该怎么说，我喜欢的类型是」「你不是喜欢金发碧眼的四分...,0.9997045397758484,2751,1
2751,904,...人吧！？」「那就是像濑名那种的。」「唔。」突然听到紫阳花同学的名字，我动摇得差点摔倒。「基本上你好像有什么误会，我并不是喜欢女孩子耶！？」「是吗？这样的话，我果然没有任何条件符合你的要求呢。」嗯，那个...,0.9997040629386902,2751,1
2751,905,...生！「既然要求你与我交往，那么我就必须让自己表现得是个配得上你的恋人。」感、感觉事情变大条了？讲这种话也太出其不意了吧，纱月同学「可、可是，纱月同学并没有喜、喜欢我吧？只是因为真唯喜欢我所以才会想和我...,0.9997044205665588,2751,1
2751,906,...不讳地告诉我。「这和喜不喜欢没关系吧？我会遵守我们两人签订的契约。」「这好像相亲结婚」「没错，某种意义上或许很接近。」在这个时代，结婚有各式各样的形式。像是为了养育子女，基于金钱上的考量，或是想找个伴...,0.9997038245201111,2751,1
2751,907,...在着五花八门的各种状况。就我们来说，纱月同学是为了要报复真唯，而我的目的则是让两人言归于好。这个契约对双方都有利，正因为这样，我们的地位理应是对等的，但纱月同学似乎认为这样还不够。「所以，虽然时间不长...,0.999702513217926,2751,1
2751,908,...唉唉怎、怎么这样说啦」我的身体瞬间变得莫名火烫。居然说妻、妻子好像就连纱月同学自己也很难为情。「什么啦，没必要那么惊讶吧。」「不是，因为那个纱月同学竟然说出这种话，我当然会吓一跳啊」「我不知道你说的是...,0.9997028708457947,2751,1
2751,909,...多少给你一些好处吧。」「好、好处是指？」纱月同学一语不发地看着这边。到底是怎么样啊！？「你就好好期待吧。」「咿」糟糕，糟糕糟糕。我脑海里的妄想彷佛热气球那样膨胀了起来。在纱月同学用下流的声音诱惑我的画...,0.9997028708457947,2751,1
2751,910,...常总是板着脸，态度毅然决然的，要是只有在面对我时才露出特别的表情，我势必会死在这种反差之下。因为对于像我这样的阴角，比起真唯那种派对咖，真的要说的话还是背负着阴暗气质的纱月同学这类人更符合我的喜好！「...,0.9997029900550842,2751,1
2751,911,...的啊！纱月同学移开了视线。「你我懂了，原来是这样啊。毕竟我无权过问你的喜好，如果你希望那种事情，我姑且也会尽可能地努力的」「等、等一下！」我不擅长应付那种关系啊！我非常清楚比起恋人，朋友关系反而更好！...,0.9997040629386902,2751,1
2751,912,...种事！我完全没有那方面的想法！我从出生到现在，从来都没有过那方面的想法！」我使劲浑身解数如此呐喊。这不是在神社该进行的对话吧。「那我就放心了。因为就算你有那方面的需要，我也对那类的知识不太清楚」「我绝...,0.9997034668922424,2751,1
2751,913,...微微皱起眉头。「不过，你渴望王冢真唯这么做吧？这点我倒是有点难以释怀。」「别在这种地方燃起竞争意识啦！？再说我也没渴望她这么做！都只是真唯单方面袭击我而已！」「我认为自己在世人眼中，应该能归类在美女之...,0.9997009038925171,2751,1
2751,914,...漂亮的美女！」下一刻，纱月同学轻抚秀发，以一种相当无所谓的态度说「还好啦」。你对这点倒是一点也不害臊啊！「是说，妻子啊结婚啊什么的，我是觉得不用考虑得这么沉重啦毕竟也才两周而已」「原来你是这么轻浮的女...,0.9997013211250305,2751,1
2751,915,...纱月同学不悦地皱起眉头看着我。好伤人！「不管甘织怎么想，我依然会基于自己的信念行动。」「你一开始的动机分明只是为了刺激真唯吧」「我会基于信念行动的。」好吧「那么，虽然只有短短两周」「嗯，请你多多指教了...,0.9997000694274902,2751,1
2751,916,...同音。）』的含义，是不是不太对劲啊？感觉就是妻子用来称呼另一半的意思吧？是我的错觉吗「感觉纱月同学意外地会是一个好妻子呢」「是吗？不过也很难说呢。毕竟你好像比较喜欢床上功夫了得的女人」「误会！那是误会...,0.9997001886367798,2751,1
2751,917,...！为什么会变成这样！？我们结束了这段对话，感觉把有着纱月同学回忆的神社彻底玷污了一番。正当我们准备离开时，纱月同学向我伸出了手。我想说这应该是抱着『请多指教』的含义跟我握手，不禁握起她的手。「不是这样...,0.9997028708457947,2751,1
2751,918,...」「啊。」纱月同学自然地缠上我的手指。有着些许冰凉的触感包裹着我的手掌。这是恋人十指紧扣的握法。「我做事情最讨厌的就是不够彻底。」「不是，可是，那个。」纱月同学之前还说我们连朋友都算不上，现在距离却突...,0.9997034668922424,2751,1
2751,919,...身旁的纱月同学脸也红得像草莓一样。「这样还好吧。连这点小事都做不到，怎么能说我们在交往呢。」她起嘴这样强调，那张脸就彷佛借了妈妈的口红来涂的国小女生。我第一次对纱月同学涌起可怕、漂亮以外的想法。觉得现...,0.9997033476829529,2751,1
2751,920,...不同。是不同的女孩子。这让我切实地感受到自己正在和其他女孩牵着手。会、会让人心跳加速的「那、那个，纱月同学牵手还是有点，那个」眼见我感到胆怯，纱月同学从书包掏出手机，开心地对我微笑。「嗳，作为证据，我...,0.9997023940086365,2751,1
2751,921,...照片上传到ig如何？就是要传这种刻意的照片吧？呵呵，感觉挺有意思的。我可以想像那个女人看到照片后闷闷不乐的表情了。」「这样做我们圈子的人肯定马上就会知道了啊！要是传上去我就立刻跟你离婚，离婚！」哪里可...,0.9997028708457947,2751,1
2751,922,...吧！我不禁有种感觉，接下来的两周肯定会过着充满惊涛骇浪的生活，不由得浑身颤抖！＊＊＊如此这般，我们开始了作为恋人的每一天。当然，虽说成为了恋人，在学校也不是无时无刻都与纱月同学待在一起。应该说我们在学...,0.9997043013572693,2751,1
2751,923,...两人打情骂俏地聊很久的电话，甚至也没有互传讯息。唉？那我们之间到底还剩下什么？爱？那肯定是最欠缺的。我们拥有的一切，就只有放学时独处的那段时间。嗯，真是腼腆。顺道一提，关于我们两个一起回家这件事，小香...,0.999704897403717,2751,1
2751,924,...战的其中一环，所以这也没错然后，今天我与纱月同学走在回家的路上。尽管只是一起走到车站，但我们聊得意外起劲。（是真的。）「甘织有什么兴趣吗？」「唉？我、我吗？」虽然明显就是在问我，我却不禁把问题抛了回去...,0.9997045397758484,2751,1
2751,925,...瞭解关于你的各种事情。」我的兴趣啊玩游戏，看那类游戏的相关影片，上网，看动画，感觉就这些吧不管我说哪个，是不是都会让纱月同学退避三舍啊？总觉得她会说『每个听起来都是脑袋不好的兴趣，跟甘织很配呢』实在说...,0.9997037053108215,2751,1
2751,926,...会对我说『是吗？我也喜欢玩游戏。魔物猎人已经玩了两万个小时』之类的。我要对这个猜测抱有一丝希望！「真、真要说的话，就是玩游戏吧。」「你说的游戏，是指大富翁吗？你一个人玩？」这毫无疑问是不玩游戏的人会有...,0.999699592590332,2751,1
2751,927,...」她的声音虽然平淡得没有起伏，我却不禁抖了一下。「你为什么要说谎？」「唉？」在能识破人心的魔女眼中，我内心的脆弱根本一览无遗。「我是为了瞭解你才提问的，假如你撒谎的话就没意义了。好好回答我的问题。」我...,0.9996973276138306,2751,1
2751,928,...没让泪水顺着脸颊滑落，但纱月同学的言论实在太过中肯，让我的mp瞬间见底了。「其实，我都在玩游戏，是刑警用枪砰砰砰射人的那种野蛮游戏」我果然还是应付不了纱月同学她现在肯定在用看着垃圾的眼神看着我。还会对...,0.9996988773345947,2751,1
2751,929,...泄心中的怨气啊。这就是所谓的游戏脑吧。真可怜』这种成年人会在杂闻秀（wideshow）里面讲的充满偏见的话！然而，纱月同学却「哦」了一声，点了点头。「就是所谓的fps吧。」「原来你知道啊！？那个纱月同...,0.9996986389160156,2751,1
2751,930,...小的不敢！该怎么说呢，那个纱月同学平常给人的感觉就是行得端、坐得正那样！游戏根本就是不良学生才会玩的，是人生的落伍者，会愈玩愈笨的！」「我反而认为会抱有那种刻板印象的现代人才是稀有动物总之，这是因为我...,0.9997001886367798,2751,1
2751,931,...太意外了。感觉纱月同学的妈妈就不像是会玩游戏的那种人。「你觉得她是那种戴着尖框眼镜，一开口就是念书、念书的那种人吗？」「竟然读了我的心！」「并没有。」纱月同学看着我露出了微笑。「不过，也对。经常会有人...,0.9997001886367798,2751,1
2751,932,...都不会知道真相就是。」「啊，是。」纱月同学原本还露出微笑，现在感觉就像是像一个巨汉力士出招把人推开那样，什么鬼？「fps好玩吗？」「唉！？呃，这个嘛，怎么说呢！我想应该要看人吧！」「这种说法无论套在什...,0.9996992349624634,2751,1
2751,933,...的主观意见。」「说、说得也是呢。那个，我是挺挺喜欢的。因为玩游戏的时候不用思考其他事情」纱月同学闻言，不禁噗哧笑了出来。「是啊，我懂。当我邂逅一本好书时，根本就是读到废寝忘食。」「哦──啊，纱月同学喜...,0.9997004270553589,2751,1
2751,934,...材应该是描写人类的吧。」人类。眼见我一时摸不着头绪，纱月同学并没有深叹一口气，而是用闲话家常的语气为我解释。「应该算感情那方面的吧。像是被逼入绝境，在紧要关头才显露本性；又或者是陷入了无可奈何的状况之...,0.9996998310089111,2751,1
2751,935,...地描写人类心理的故事。」「这样啊。啊，我也喜欢这种故事！」「真的吗？」「唉？我这次说的是真的啊！？」我一发出哀号，纱月同学原本板起来的表情顿时露出了微笑。「我知道啦。刚才只是开个玩笑。」「你、你好坏！...,0.9996991157531738,2751,1
2751,936,...被纱月同学讨厌」我偷偷瞄了纱月同学的脸色，发现她稍稍吃了一惊，眼睛也微微睁大。我为了让别人对自己的印象好一点，总是装腔作势，在别人面前逞强。毕竟真正的我是个非常不起眼的小人物，要是她知道了我的真面目，...,0.9996991157531738,2751,1
2751,937,...弱，如此说道：「我不会讨厌你的。」「唉？」她的语气听起来像是真情流露。纱月同学将头发撩到耳上，扬起嘴角。「反正打从一开始，我就没那么喜欢你。」「喂喂喂──！」本以为她对我很温柔，结果才讲到一半态度就一...,0.9996994733810425,2751,1
2751,938,...就调整强化与弱化的游戏公司，实在是让人捉摸不定。我们走到了车站。我与纱月同学的家刚好是反方向。通过剪票口后，正当我们要分别前往不同月台时，纱月同学叫住了我。「嗳，甘织。」「什、什么事？」我想说她这次又...,0.9996993541717529,2751,1
2751,939,...是这样。「如果你不嫌弃，我这里有本刚看完的小说你要看吗？」「咦？嗯，我要看！」「你不想看也没关系呃，你回答得真快。」「因为我对纱月同学平常在看些什么书很感兴趣！」「是吗？」她从书包里取出了一本文库本，...,0.999701201915741,2751,1
2751,940,...不用急着还。虽然我觉得内容应该是你会喜欢的，但若是你觉得无聊，也不需要勉强自己看完。」「谢谢你！」这样不仅我与纱月同学之间的话题增加，我自己其实也挺喜欢看书的。毕竟当初在孤单一人的时代，我的朋友只有保...,0.9997023940086365,2751,1
2751,941,...向别人推荐我喜欢的书，但我觉得至少该由我主动拉近两人的关系。」咦？感觉纱月同学的语气好像有点娇羞？这时，我不经意地响起昨天的相亲结婚宣言，我的脸也不禁发烫。虽然都事到如今了，但我真的在和纱月同学交往呢...,0.9997029900550842,2751,1
2751,942,...甘织的反应，我更确定自己该这么做。」咦？这样会让人心跳加速耶。我、我怎么了吗？纱月同学脸上露出清纯的微笑。「我们难得都交往了，如果还一直掩饰、讲场面话，那不论过了多久也都只是像个外人。感谢你提供的反面...,0.9997027516365051,2751,1
2751,943,...，自暴自弃地如此大喊。在回程的电车坐下后，我立刻翻开了文库本。布面书套的触感很赞，感觉上面还残留着纱月同学的余温。我本来差点下意识地把脸凑过去闻上面的味道，幸好在千钧一发之际清醒过来。我到底想做什么啊...,0.9997021555900574,2751,1
2751,944,...会看轻小说，但这本算是文学类？好像是耶。唔，假如这本书太过艰涩，我搞不好会看不懂不过，文笔给人的第一印象还不错。啊，感觉比想像中还要好读。这个故事的主角是一名在公司工作，27岁的女性。嗯嗯，然后呢？原...,0.9997032284736633,2751,1
2751,945,...高中生之间激烈的性行为。情色场景描写得非常钜细靡遗。我顿时满脸通红，阖上了书。总觉得周围的乘客都一脸问号地看着我这边。琴纱月，琴纱月我微微颤抖，同时在心中如此呐喊。什么『内容应该是你会喜欢的』啊！！＊...,0.9997037053108215,2751,1
2751,946,...学说几句的心情来到学校，却一大早地就撞见真唯，沐浴在她那犹如阳光般的「早安」之中，这不由得让我内心那颗愧疚的种子开始生根发芽。「早、早安」我不自觉地避开真唯，走向自己的座位。此时，我感觉好像有听到真唯...,0.9997027516365051,2751,1
2751,947,...真的很不妙。就是半推半就地答应与纱月同学交往这件事。明明我还在拼命地与真唯争执到底要当恋人还是挚友，竟然就轻易答应要与纱月同学当为期两周的恋人这算不讲道义，还是不知羞耻？心情上实在觉得很有问题算了，就...,0.999703586101532,2751,1
2751,948,...才这么做的！这样应该不算背叛了朋友的心意吧！大概！人际关系真的好复杂啊──！不过，嗯，不管怎么样，两周后她们就势必会和好了。只要能看得见终点，我就能设法忍受在学校时这种尴尬的气氛。嗯，嗯。我只有早上还...,0.9997039437294006,2751,1
2751,949,...休时，我被真唯叫了出去。这、这家伙是怎样！难道这就是王者的直觉吗！？我们移动到走廊，并肩同行。不过重要的是真唯的头发现在是扎起来的。看到她处在挚友模式，这让我不禁有点安心。「那、那个，要去顶楼吗？」「...,0.9997038245201111,2751,1
2751,950,...顶楼会有点难受。不过那里是与你的回忆之地，若是你想去的话，我就拿阳伞陪你去吧。」「这样也太显眼了吧呃，那我们要去哪里？空教室吗？」「安静的地方。」话虽如此，在这所学校能和真唯进行密谈的地点寥寥无几。如...,0.999704897403717,2751,1
2751,951,...而过的学生打招呼。真唯应该也清楚这点不对，她真的知道吗？我不禁担心了起来。她应该不会把我带去广播室，将麦克风打开，对我进行爱的告白吧？如果是在派对现场倒另当别论，但要是她在学校讲那种话，我肯定会遭到全...,0.9997045397758484,2751,1
2751,952,...要去校舍后面的阴凉处吗？不对。真唯的双腿笔直地朝着校门走去。原来如此，只要出了学校站在校外说话，起码就不用担心被校内的学生看到了。但我又猜错了。校门口停着一辆黑色的豪华轿车。啥？啥？一名身穿西装、貌似...,0.999704897403717,2751,1
2751,953,...达令。」真唯执起我的手，引导我走入车里。车内有着宽敞的空间，里面摆着一张类似撞球桌的桌子，而且冷气开得很凉。墙上也摆满了琳琅满目的各种洋酒。唔喔喔喔这是电影里的世界！就座后，我发现座位松软到快让我整个...,0.9997043013572693,2751,1
2751,954,...发出惊人的威严。「如果是在这里就不会被别人听到了。应该可以好好说清楚了吧？」「不，是这样没错是这样没错啦！？但你摆出那种『这主意不错吧』的表情也很那个！这不是透过想像力，而是靠着财力取得的胜利吧！？」...,0.9997019171714783,2751,1
2751,955,...你要喝点什么？苏格兰威士忌？波本酒？还是我帮你调一杯鸡尾酒如何？」「王冢家的法律和日本的法律不一样啦！哪有女高中生会在午休时间小酌一杯鸡尾酒再回去上课啊！」「这样只属于我俩的甜美秘密又多了一个呢。」「...,0.9997039437294006,2751,1
2751,956,...学酒精骚扰！」就在我们你一言我一句的时候，司机小姐往我们的玻璃杯倒了沛绿雅气泡水。太好了，只是时髦的饮料不对，不是松口气的时候了。还没进入正题呢。她之所以会叫我出来，肯定是要谈纱月同学的事。我必须好好...,0.9997038245201111,2751,1
2751,957,...出莞尔的笑容向我发问。「最近，你好像和纱月走得很近，你们是从什么时候变得这么要好了？」「那个，呃，是、是是是这样的！」我的脑袋突然变得一片空白。我在紧要关头也表现得太糟糕了！「那个，就是，呃该怎么说呢...,0.9997046589851379,2751,1
2751,958,...月同学加深友谊，这样！」我把手放到后脑勺，只是「哈哈、哈哈哈」地露出尴尬的笑容「不，那个」「嗯？」眼见真唯微微歪着头，我筋疲力尽地垂下了头。「非常抱歉」「怎么了，玲奈子？你做了什么必须向我道歉的事情吗...,0.9997047781944275,2751,1
2751,959,...，不断发出沉吟。「那个，真唯我和真唯是朋友对吧」「现在是暂时稳定在玲真挚友的关系呢。」我就像拿着一颗架空的篮球那样，将双手以松软的方式举起，同时如此说道：「像这样，在相处的人增加之后，偶尔周围的人彼此...,0.9997046589851379,2751,1
2751,960,...下，我该怎么做才好呢」「没想到反而是你找我商量啊。」真唯露出苦笑。商量？这样啊，原来是这么一回事啊「这样啊，我懂喔，玲奈子。」不过像这样一看，真唯确实是个非常可靠的对象。不对，真的是这样吗？难道不是因...,0.9997045397758484,2751,1
2751,961,...正就是纱月在策划一些对我不利的事吧。而你虽然在协助纱月，内心却又对我过意不去。我说得没错吧？」「唉你为什么知道？」「这点小事我当然知道。毕竟我是王冢真唯啊。」真唯俨然是个受到民众爱戴的公主殿下，用她的...,0.9997044205665588,2751,1
2751,962,...气啊」面对定义为挚友的真唯，我控制住自己差点变成爱心的眼睛。「而且你之所以会觉得对我过意不去，是因为你打从心底爱着我。」「不，这就不对了。」我以秒答否定她的推论，但真唯并没有特别在意。「我当然明白。你...,0.9997044205665588,2751,1
2751,963,...自己被夹在朋友之间而痛苦不堪。可是呢，毕竟这就是你的魅力，我绝不会否认这点。无论你要与谁在一起都无所谓，只要最后能回到我王冢真唯身边就行了。」这家伙是怎样是女帝吗！？「不如说我反而放心了。你与纱月关系...,0.9997039437294006,2751,1
2751,964,...个样子，但其实很温柔。你们应该会合得来吧。」那个真唯居然是这么评价纱月同学真唯华丽地撩起头发，看起来比平常显得更加成熟。这就是芦谷高中的完美恋人一箭射穿了全校学生内心的太阳女神「呃真唯和纱月同学在进这...,0.9997039437294006,2751,1
2751,965,...面是在国小五年级的春天。」「从国小开始啊。」也就是所谓的儿时玩伴吧。是说，听到这件事我反而有点混乱了。「原来你们也有过国小时代啊」「毕竟我们也不是从这个世界突然冒出来的。话虽如此，幸好我是在上高中之后...,0.9997043013572693,2751,1
2751,966,...「是这样吗！？」真唯把手贴在唇上，显得很是害羞。「是啊。我以前曾认为收到他人的好意是理所当然，是个不谙世事的大小姐。丝毫没有察觉自己所处的环境有多么优渥，是个无知又傲慢的少女。」这样感觉和现在没什么两...,0.9997044205665588,2751,1
2751,967,...是知晓当时的我的为数不多的朋友。老实说，有时我也会觉得难为情玲奈子，我曾说过我把你视为命定之人吧？」「唉？嗯。」她话锋突然一转。「我遇见了你，这个事实无论如何都改变不了。同样的，纱月从以前就陪伴在我身...,0.999704897403717,2751,1
2751,968,...。」虽然我和国中以前的朋友几乎没有交流了但我还是很理解真唯所说的话。像妹妹的话，无论是我还是个彻头彻尾的阴角的时候，还是拒绝上学的时候，她都依然陪在我身边，对我恶言相向。尽管我有无数个瞬间觉得她实在很...,0.999704897403717,2751,1
2751,969,...，我没办法像真唯那样坦率地承认『她是个不错的家伙』，显得真唯果然很成熟。「话说真唯你超喜欢纱月同学的嘛。」纱月同学对她来说并非一般朋友。肯定是特别的朋友。真唯闻言，呵呵地笑了。「这就不清楚了。像现在我...,0.9997038245201111,2751,1
2751,970,...！」我狠狠地用手指着真唯。「既然你认为纱月同学对你很重要，应该能马上就和好了吧？」「就算你要我与她和好，我自己也没特别想与她争执啊。」「唉──？」听到我微微发出惨叫，真唯耸了耸肩。「毕竟纱月这个人顽固...,0.9997038245201111,2751,1
2751,971,...。没关系，就让纱月照她的想法放手去做吧。」说完，真唯露出了游刃有余的微笑。不过，这个发言也太劲爆了吧「真、真的好吗？真的要让她放手去做吗？」「虽说她抢走了我与玲奈子相处的时间是有点难受。不过，这种程度...,0.9997046589851379,2751,1
2751,972,...重你的想法。纱月就麻烦你多多关照了。」眼见真唯展现出女帝的气度。我再次向她确认。「可以吧？让纱月同学照自己的想法去做，真的可以对吧！？」「嗯，我不就是这么说的吗？我已经决定要在毕业前与玲奈子慢慢加深关...,0.9997041821479797,2751,1
2751,973,...年满18岁才能结婚。」说不定这是真唯为了挽回之前给我添麻烦而丢掉的印象分，才会像这样故作坚强，不过「是吗我知道了。」我的内心非常地感谢真唯。这样一来，对于被夹在两人之间左右为难的我来说，某种程度上也算...,0.999704897403717,2751,1
2751,974,...度才会做出这样的决定不过谢谢你，真唯。真唯疲倦地叹了口气。她把盛着沛绿雅气泡水的玻璃杯举到灯下，表情显得有些闷闷不乐。「不过，要是我早知道会像这样与你独处，今天就应该把头发放下来才对。」「可、可是，你...,0.9997046589851379,2751,1
2751,975,...。」「是吗？那就再好不过了。」真唯静静地微笑着。「顺带一提，如果是恋人的话，我会比现在温柔四倍，会把你宠到不会再有任何的烦恼，如何？」「什么如何啊！不要那样子把人家为了稍微有所成长而做出的努力化为乌有...,0.9997046589851379,2751,1
2751,976,...受。我所想要的不过是一颗方糖，像朋友那样的距离感才刚刚好。「那我们回去吧，甘织。」「呃，嗯。」话虽如此，但是在真唯的面前，我依然没办法一口气把心情切换成「好，要和纱月同学感情要好地离开教室啰～」毕竟我...,0.999704897403717,2751,1
2751,977,...对上了视线，以比较小的动作向她挥了挥手。「那、那个明天见，王冢同学。」「嗯，路上小心喔。明天见。」真唯问候时露出了彷佛星星灿烂闪耀的笑容，但有个坏女人挡住了她的视线。「来，快走吧，好吗？亲爱的。」「啊...,0.9997037053108215,2751,1
2751,978,...危险了！虽然除了我以外没有人注意到，但这样太刻意了啦，纱月同学！「」表面上，真唯的脸上依然挂着犹如陶瓷工艺品的笑容，但我感觉她的嘴角在抽动啊啊啊！呜呜，我的人权已经沦为政治工具了移动到走廊之后，我立刻...,0.9997040629386902,2751,1
2751,979,...」「昨天我说过了吧。会给你一些好处。」咦！？纱月同学瞥了一眼震惊的我，浅浅一笑。「那我们走吧。」「要、要去哪？」「当然是去个好地方。」我被纱月同学拉着手，就这样前往了纱月同学珍藏的地点咿我们都还未成年...,0.999703586101532,2751,1
2751,980,...间略显老旧，不仅安静且昏暗，还弥漫着隐密的气氛。附近感觉没什么人，一阵凉爽的空气垄罩着我们的身体。「呃，这不是图书馆吗！」「是啊。」「冷气好强，好凉！」「那就好。别在那吵闹了，稍微安静一点。」是。这里...,0.9997001886367798,2751,1
2751,981,...自修区并排坐在一起。顺便说一下，纱月同学平常看的书好像都是从这里借的。「那个我想顺便请教一下，你说的好处是指什么呢？」「那当然就是由我来教你念书啊。」「这样啊」纱月同学闻言后愣了一下，朝我回望过来。「...,0.9997001886367798,2751,1
2751,982,...好像也不对。」「该怎么说呢，我觉得自己已经不纯洁了」在抵达这里之前，我为什么满脑子都是那种粉红色的妄想啊我明明知道纱月同学不可能会做出那种事啊「是无所谓，不过下周就要期末考了，你现在一天会花多少时间念...,0.9996978044509888,2751,1
2751,983,...提发问啊？「大、大概30分钟？」感觉有时候也会念这么久像是作业比较多的那天因为我已经在学校上了一堆课，如果回家后还要继续念书，这样也很莫名其妙吧？纱月同学随即皱起眉头。「这样真亏你还能维持现在的成绩呢...,0.9997013211250305,2751,1
2751,984,...来后回答了她，纱月同学听完便深深地叹了口气。啊，这反应好令人受伤！「我呢，不打算和成绩不好的学生混在一起。」「竟然还直接语中带刺地酸我呜呜，就算这样，我的分数也只是比一年级的平均稍微低一点而已啊」我当...,0.9997031092643738,2751,1
2751,985,...上芦谷高中，这里的人水准都很高「既然你是我交往的对象，起码也要考进一年级的前十名，否则我会很困扰的。」「我怎么可能考得进前十名啊找遍全世界搞不好也没三个人吧！？」「有十个人。」纱月同学用看笨蛋的眼神看...,0.9997041821479797,2751,1
2751,986,...但濑名也是前十名的常客，就连香穗也有这种程度喔。」「是这样吗！？」呜哇好震惊姑且不论紫阳花同学，我还自以为小香穗是属于我这边的呢她们果然是阳角中的阳角。当她们能与真唯正常对话的当下，就是顶尖的精英了和...,0.9997041821479797,2751,1
2751,987,...，纱月同学从旁边探过头来。她忽然闯进了我的视野，害我顿时心跳加速。纱月同学好像从周围的评价得知自己是个美女，但对自己姣好的容貌会对他人造成什么影响似乎完全没有自觉对我来说，不管是真唯还是纱月同学都一样...,0.9997041821479797,2751,1
2751,988,...等感吧。如果有什么可以透过自身的努力弥补的地方，我认为你可以试着再稍微努力一下。」「呜」纱月同学又把中肯的言论往我脸上打了过来「也对，年级前十是设定得太夸张了。你没有必要勉强和别人去争名次。但是，你不...,0.9997045397758484,2751,1
2751,989,...倒是有点理解」对战游戏也是这样。战胜对手虽然很开心，但我更喜欢的是可以从中实际感受到自己的实力上升。胜利的喜悦只有一瞬间，打输的懊悔会跟喜悦一笔勾销，但相较之下，自己变得愈来愈厉害的感动却能不断地累积...,0.9996997117996216,2751,1
2751,990,...实地坚持下去，也是因为我偶尔会觉得自己挺适合这种事。所以，念书啊「也对，如果成绩变好了，妈妈应该也会开心」「尽是好事对吧。」「的确」「那我们就开始吧。你也把课本拿出来。」「好～」接着，我们开始了读书会...,0.9996957778930664,2751,1
2751,991,...纱月同学单独在一起念书至少不会让我觉得「不行不行绝对不行我要死了──！」。「那个，纱月同学，我想问这个地方。」「哪里？啊，这个啊，有点复杂呢。听好啰？像这种问题要稍微转换一下想法──」话说，让我相当意...,0.9996969699859619,2751,1
2751,992,...懂的问题，她首先会确认我是哪里不懂，然后再一个一个依序帮我说明。在这个过程中绝不会发脾气，也从未表现出不耐烦的感觉。她始终保持着耐心，条理分明地教我。「纱月同学该不会是那种会让没用的老公出人头地的贤妻...,0.9996992349624634,2751,1
2751,993,...硬兼施吗？」「我不是故意这样做的。毕竟这种时候对你再严厉也无济于事吧。如果用骂的能让你记起来的话就另当别论了。」那我当然是坚决维持现状。「纱月同学其实是那种一旦成为恋人的话，就会说『真拿你没办法呢』，...,0.999699592590332,2751,1
2751,994,...「我又没跟人交往过，怎么会知道啦」纱月同学虽然皱起眉头，脸颊却染上了红晕。「你用这种角度看我，总觉得怪难为情的」「唉？不是，那个，不是啦，这不是因为我很在意你，只是假设而已。我只是单纯觉得『当纱月同学...,0.9997034668922424,2751,1
2751,995,...吗？」「是、是没错啦。」眼见纱月同学一脸害羞，我的身体也跟着飘飘然了起来。咦？总觉得我好像怪怪的。我慌张地挥了挥手，掩饰脸上的火烫。「你、你想想嘛，如果是真唯教我，她肯定会摆出『我无法理解你为何听不懂...,0.9997040629386902,2751,1
2751,996,...精神施以过度的暴力，以后能注意一点吗？」「是。」我紧紧闭上嘴巴，一声不吭。接着，我与纱月同学继续念书。「然后还有这里。」白皙的指尖划过问题的动作让我感觉莫名性感，害我差点闷声叫出。我必须在脑中呼唤迷你...,0.999703586101532,2751,1
2751,997,...『不用顾虑我』。你这没用的家伙！「我以前也解不开这些问题。」「唉？」当我正心烦意乱时，纱月同学喃喃说了这么一句话。「因为我始终抓不到念书的要领，说不定现在也是这样。我根本完全就不会念书，一点也找不到其...,0.9997039437294006,2751,1
2751,998,...种时期啊。「可是，你还是一直坚持了下去。」「因为我在赌气。」纱月同学浅浅一笑。「我很不甘心。不管是念书还是运动，没有人赢得了真唯。大家都以为真唯是特别的而拼命夸赞她。但不是那样的。那家伙也是有好好靠着...,0.9997039437294006,2751,1
2751,999,...赢不了她的道理，所以才不断挑战她。」她的笑容丝毫没有一丝自嘲的念头。在她美丽的褪色微笑之中，只有怀念着往昔时光的情愫。这时，我感觉自己也隐约窥见了些许她们两人目前走过的轨迹。真唯和纱月同学，尽管她们现...,0.9997032284736633,2751,1
2751,1000,...不定从一开始，我就根本不需要担心她们。我对此稍微感到放心，不禁随口说道：「这样啊那如果我好好努力，是不是也能考到年级第二呢？」「就要看你的努力了。」那个说自己以前和我很相像的女孩子如此说道，莞尔一笑。...,0.9997033476829529,2751,1
2751,1001,...既然这样，那我就再稍微努力一下好了～」「啊，抱歉，我订正一下。」纱月同学再次露出了微笑。「如果你有豁出一切，努力到甚至吐血的觉悟，就一定可以做到。」「我还是希望适可而止就好！」不过，我在那天得知了纱月...,0.9997031092643738,2751,1
2751,1002,...更不为人知的一面。第二卷第二章两个人专属的秘密太多了，绝对不行！人总是会有绝不能被他人得知的弱点。用我举例的话，那就是过去曾是阴角的这件事。因为现在这个圈子里的大家都是好孩子，就算知道我曾是阴角，大概...,0.9997004270553589,2751,1
2751,1003,...，很难装作若无其事的样子与她们继续交流下去，所以我打算把这个秘密带到坟墓里去。但实际上呢，想隐瞒秘密是很困难的。为何？因为只要活着，只要不抹消自己的过去，那总是会有知晓自己过去的人出现。所以──「嗳，...,0.9997020363807678,2751,1
2751,1004,...们不会这么常来的啦。」放学回家后的某个晚上，我正躺在客厅的沙发上玩掌机，这时妹妹突然探头过来问道。「姊姊，你还好吗？」「咦？你指什么？」「就是该怎么说，那不会是一种欺负阴角的方式吧？」「才不是咧！？」...,0.9997016787528992,2751,1
2751,1005,...暖的视线看着我。「总觉得啊，姊姊这个阴角居然能和真唯前辈交往或是结婚什么的，我愈想愈觉得不可能。我果然是在做梦吧。」「不是啦！这是现实！不对，我们才不会结婚！」竟然因为今天父母都会晚归，就在客厅光明正...,0.9997020363807678,2751,1
2751,1006,...妈喔！还有我是阴角这件事也瞒着学校的同学，你可不能说出去哦！？」「这我当然知道啦。」妹妹伸手过来，捏着我大腿上的肉。住手！别因为自己因为练体育而比较苗条就来捏我的！「我还不会没品到去嫉妒姊姊好不容易到...,0.9997017979621887,2751,1
2751,1007,...里对彼此抱有的感情吗？嗯，也难怪她们不会坦率。成功让我的心情变得心浮气躁后（如计画一样？），妹妹把双手环在后脑勺。「哎啊～是说我突然好想吃甜甜圈喔～唉唉，我们去买甜甜圈吧。我有间甜甜圈店一直想进去看看...,0.9997014403343201,2751,1
2751,1008,...的吗？」妹妹把妈妈给她的两千圆晚餐费不断用手指晃啊晃啊。「如果不吃甜甜圈，我可能会随口说出什么奇怪的词汇，这样很困扰呢～阴角阴角。」「杀了你喔臭家伙！」而且她想去的那间甜甜圈店离这里有四站。或许在不远...,0.9997001886367798,2751,1
2751,1009,...t恤后，我和妹妹来到了皇后甜甜圈（queendonuts）。「好耶～我最喜欢姊姊了～」「是是是。」话虽如此，刚才那样说着说着我自己也想吃甜甜圈了，总觉得好像输了皇后甜甜圈是这几年迅速展店的速食餐厅。店...,0.9996943473815918,2751,1
2751,1010,...。虽然会觉得说「这样根本就是面包店吧？」，但每样商品好像都很美味。而且，制服十分抢眼。她们那身轻飘飘的围裙就彷佛来自爱丽丝梦游仙境那样。虽然我之前没有来过，但因为很多地方都能看到制服的图片，所以我对此...,0.9997028708457947,2751,1
2751,1011,...八门的甜甜圈。「哇～让人看得眼花撩乱呢～」妹妹眼睛闪闪发光，说的话明显表现得像个外行人，但我可不一样。因为我已经在电车上把菜单彻底研究了一遍。「哇，不得了。姊姊，你看你看，有个超漂亮的店员小姐。」「哦...,0.999703586101532,2751,1
2751,1012,...「真唯前辈与紫阳花前辈该不会有在做出租朋友的工作吧？」「我才没有每个月花一万圆请她们来当我的朋友！」啊，真是的，不要和我说话啦！我现在正在找在电车上看到的甜甜圈呢！我在脑海里反覆模拟点餐的流程，然后排...,0.9997020363807678,2751,1
2751,1013,...会有这种强迫观念应该不是因为我是阴角吧。只是人之常情对吧？没错吧？就在我感到不安的时候，轮到我了。「欢迎光临，请问要内用还是外带？」「啊，呃」听到店员小姐以热情的声音接待，我一时手忙脚乱，打算指向柜台...,0.9997027516365051,2751,1
2751,1014,...眼的声音，我顿时抬起头。站在柜台前面的是一位黑发的漂亮姊姊。呃，这不是──「咦？纱月同学？」我与纱月同学都摆出错愕的表情，张着嘴傻傻地看着对方。「哇，制服超可爱的耶。」「」我怎么觉得自己刚才好像说了什...,0.9996984004974365,2751,1
2751,1015,...的那种可爱又迷人的制服，压低声音叫了我的名字。虽然看起来根本就是在cosplay却莫名适合她，说穿了这单纯是因为纱月同学是个超乎规格的美女。「啊，呃，那个」与此同时，我感觉到其他人的气息。当我望向旁边...,0.9997005462646484,2751,1
2751,1016,...她在这里！？对了，因为我和妹妹一起来甜甜圈店！因为撞见纱月同学实在太出乎意料了，害我有一瞬间失去了记忆。「唉？姊姊，你认识这位漂亮的店员小姐吗！？」「该怎么说，其实我们是同班同学」「不对吧，甘织。」纱...,0.9997017979621887,2751,1
2751,1017,...织的妹妹吧，初次见面。我叫琴纱月，现在正和甘织玲奈子同学在交往。」「你们在交往！？」妹妹以吓人的眼神望向我。她的嘴唇不断地抖个不停。我上次见到她这种表情，还是在我国中的时候。当时我想说去校外教学也没有...,0.9997017979621887,2751,1
2751,1018,...浴缸里面是说，呃，那个「唉？什么情况？姊姊你劈？啊，不对，呃，原、原来是这样啊哈哈哈──！」妹妹顾虑到状况，把说到一半的『劈腿』收了回去。这样显得更有真实感，不要这样啦。「先、先别管这个了！那个，点餐...,0.9997019171714783,2751,1
2751,1019,...着菜单，强行打断对话。看来，回到家后肯定会被妹妹逮着狂问感觉还会逼我承担说明的责任我的胃现在彷佛灌了铅那样沉重。是说，现在还有更严重的问题。「甘织，我还有15分钟就下班了，你可以等我一下吗？」「咦？」...,0.999700665473938,2751,1
2751,1020,...丝毫笑意。「你可以等我吗？」「是。」我不知道纱月同学找我有什么事，但隐约感觉到一股压力，要是我现在溜了，她肯定会追到家里。假如因此上演我、纱月同学与妹妹的三国鼎立之战，甘织玲奈子的势力肯定是尸骨无存。...,0.9997017979621887,2751,1
2751,1021,...啊你就先回家自己吃吧」「是可以啦，姊姊，回来后我也有话要和你说哦。」我顿时有种内心的前襟被妹妹紧紧抓住的那种感觉。她肯定有什么天大的误会不对，再怎么说这件事都得怪纱月同学吧！？唉，纱月同学！喂！妹妹提...,0.9997005462646484,2751,1
2751,1022,...盯着手机，同时吃着刚炸好的甜甜圈。就算是一个人用餐，我也是那种不太会注意他人眼光的类型。不如说一个人外食反而更让我安心。这家店深获好评的甜甜圈吃起来脆脆的，很好吃。15分钟后，我看到纱月同学移动到柜台...,0.9997013211250305,2751,1
2751,1023,...正在后门这边倒垃圾。旁边还有两位应该是一起打工的姊姊，她们几个人正在闲聊。这样我好难去搭话。当我在远处鬼鬼祟祟地观察状况时，纱月同学注意到我，「哎呀」了一声。「甘织，对不起。我还得准备一下，你再稍微等...,0.9996949434280396,2751,1
2751,1024,...唉～好可爱！」「唉嘿嘿嘿嘿」因为不习惯被人这样奉承，我不禁发出了奇怪的笑声。啊，纱月同学回到店里了！我顿时被留在两位陌生的姊姊中间。「小琴她虽然来这里才刚满一个月，现在已经变得很可靠了呢。」「她不管什...,0.999691367149353,2751,1
2751,1025,...是怎样的人呢？感觉她很像是那种一本正经、拼命努力，还担任班长的那种人。」「啊，我懂～她看起来就很擅长管事～」「不，那个，呃，是、是啊！她是头脑聪明、值得信赖的朋友！」实际上她在教室都一直在看文库本，根...,0.9996722936630249,2751,1
2751,1026,...方相当努力地与别人交流。这让我顿时涌起一股亲近感！「不知道小琴有没有男朋友呢～毕竟她这么漂亮，应该有吧～」「一定是担任学生会长的帅气前辈。不然就是儿时玩伴之类。」「好适合喔～！」穿制服的姊姊们发出开朗...,0.9995723366737366,2751,1
2751,1027,...时玩伴也不是帅哥，而是有着花容月貌的美女。但我无法说出口，只是不断重复施展我唯一的技能『陪笑』。毕竟笑容是万能的魔法。（不是这个意思。）就在姊姊们像这样找我闲聊的时候，换上便服的纱月同学回来了。「那么...,0.9996815919876099,2751,1
2751,1028,...月同学认真地低头行礼，随后才走到了我这边。真有礼貌。「那我们走吧，甘织。」「嗯、嗯。」我们并肩走在夜路上。纱月同学的脚步是前往车站的方向。好啦既然不知道纱月同学为何把我留下来，接下来就要开始排雷了。我...,0.9996711015701294,2751,1
2751,1029,...踩地雷上级关卡的高手，现在就是考验我实力的时候了。「呃原来你在打工啊～纱月同学。」「」第一步就踩雷了！？纱月同学用手扶着额头，微微摇了摇头。「没想到偏偏被你看到了。」啊呜啊呜。不是啦。今天是妹妹碰巧说...,0.9996975660324097,2751,1
2751,1030,...学校没有禁止学生打工，这不算违反校规！而且也没有触犯法律！」「这是在安慰我吗？你还真是厉害呢。」感觉这番话大概不是在夸我。「你口风紧吗？」「那、那当然了！如果纱月同学不希望我说出去，我绝不会告诉任何人...,0.9997022747993469,2751,1
2751,1031,...了什么更严重的事件也一样，我认为还是要尊重本人的想法。我不清楚纱月同学是出于什么理由才开始打工，但既然她不希望这件事被别人知道，我就不会到处乱说。毕竟我也同样做了亏心事，我们是伙伴啊！「就是这样，纱月...,0.9997028708457947,2751,1
2751,1032,...」即使我紧紧握着拳头动之以情，纱月同学却依然露出不期不待的眼神。「不要，我没办法。」「为什么啊──！？」「因为我个性不好，不会那么轻易就相信别人。」「才、才没有这回事呢！纱月同学的个性很好的！」「」「...,0.9997032284736633,2751,1
2751,1033,...在伤口上撒盐的行为，让她刚才评论自己个性的那番话更有说服力。「呃，可是，我们姑且算是恋人」「这两件事有任何关系吗？」「唉！？不是，你当初不是信任我，才怂恿我签订恋人契约的吗」「因为那家伙口中的『命定之...,0.9997038245201111,2751,1
2751,1034,...生了改变，你怎么会连人格都突然大转，变成一个守口如瓶的大好人呢。」是这样讲没错啦！「是啊我又不是紫阳花同学或是小香穗那样的好孩子」「香穗她」纱月同学的语气突然降了一阶。「我不知道你是怎么看待那孩子的，...,0.9997044205665588,2751,1
2751,1035,...的孩子。」「唉？是这样吗？啊，这么说来，纱月同学确实和小香穗很要好呢。」「要好嗯，算是吧。不过我感觉她只是在背地里利用我而已。」利用！？纱月同学利用了小香穗不对，是反过来的！？这是怎么回事「不管你再怎...,0.9997050166130066,2751,1
2751,1036,...」「这样啊」小香穗的谜团愈来愈深了。她的形象一直以来都是开朗且可爱的吉祥物，她们究竟发生了什么事「呃，该不会连紫阳花同学也有什么秘密吧？」我战战兢兢地询问。纱月同学听了后，缓缓眯起双眼。「你不会告诉别...,0.9997050166130066,2751,1
2751,1037,...品这么好，就算心里藏着一两个黑暗的秘密也很正常。应该说没有才不自然。比方说每到夜晚就在街上徘徊，把狗皮玩偶套在野猫上面然后开始窃笑之类的那种黑暗面。否则，那么善良的人是无法在人类社会里取得平衡的。可是...,0.9997041821479797,2751,1
2751,1038,...过还是有点想听！抱歉，我非常感兴趣！我想知道紫阳花同学的一切！「不、不会告诉别人的！」「这样啊」纱月同学垂下眼帘。这件事竟然有这么难以启齿。我默默地在下腹使力。「濑名呢。」「嗯。」「我在午休的时候，经...,0.9997027516365051,2751,1
2751,1039,...「她总是会在不知不觉间坐到我旁边，说你们今天怎么样，或是聊最近电视上的话题什么的。一──直跟我聊一些无关紧要的话题。而且她看起来还挺开心的。」纱月同学的语气完全就是在讲述鬼故事。「然后呢？」我咽了口水...,0.9997020363807678,2751,1
2751,1040,...你们吃过午饭，照理来说已经饱了。可是她顾虑到我，还带着饭团和点心面包过来，一直假装是和我一起吃午餐。」听到这里，我心中的紫阳花同学发出了『唉嘿嘿』的笑声，害羞地笑了笑。我顿时大喊。「根本就只是个超级无...,0.9997005462646484,2751,1
2751,1041,...认同了。「到底要怎么做才会生出这样的人呢，我实在是完全无法理解。」纱月同学面露苦色。有人会在称赞别人时摆出这种表情吗？「要是有人说无法信任濑名，我也只能认为那个人的人性本来就是有缺陷的吧」「太厉害了」...,0.9997037053108215,2751,1
2751,1042,...究竟在哪里？莫非根本没有？这世上有可能存在着没有黑暗面的人类吗？不过紫阳花同学本来就不是人类，是天使。「和紫阳花同学相比，我的可信度就跟顺手牵羊的惯犯没啥两样」「是比那种人还要高啦」我的声音沙哑到纱月...,0.999703586101532,2751,1
2751,1043,...尴尬地如此说道。这句话对于不可信任的我来说，实在是太过危险。「你知道『一不做二不休』这句话吗？」妹妹啊。姊姊只是和你来吃美味的甜甜圈，但现在好像要被人做掉了耶。我们从车站离开后走了一段很长的夜路，来到...,0.9997033476829529,2751,1
2751,1044,...就是『破烂公寓』。这是一栋两层楼的建筑，外墙上到处都是涂料脱落的痕迹。外侧的铁制楼梯锈迹斑斑。地上倒着几台脚踏车，上头的车轮都被拆掉了。一楼从前面数来第二间的门上挂着『琴』的门牌。我还愣在原地时，纱月...,0.9997023940086365,2751,1
2751,1045,...关不紧的房门，说了声「我回来了」便走进室内。呃「怎么了？」「啊，没什么。」纱月同学从玄关回头望来，露出了好似魔女在邀请汉赛尔与葛丽特进入糖果屋时的那种笑容。「不用客气。我们不是正在交往吗？」「打、打扰...,0.9996964931488037,2751,1
2751,1046,...激着我的皮肤。纱月同学走过狭窄的走廊，打开拉门，点亮房间的电灯，伸出手掌示意我。「来，请进，这是我的房间。」「那个」「虽然我家很小，但你大可放轻松。这可不是比喻喔。」「为什么还强调这么一句话！？」「因...,0.9996964931488037,2751,1
2751,1047,...因为你没说明意图也老是说些危言耸听的话，我当然会有这种反应啊！」「是吗？或许是这样呢。」纱月同学把书包放在房间的角落，将矮桌架好摆在房间的正中央，随后递给我一个坐垫。这间和室的大小只有我房间的一半，里...,0.9996715784072876,2751,1
2751,1048,...这就是纱月同学的房间我战战兢兢地跪坐在坐垫上。「所以，如何？」「你、你指的是什么？」「你看了我的房间，有什么感想？」「感觉别有一番风情呢。很有韵味这样。」我虽然回答得非常认真，但这好像不是纱月同学想要...,0.9996985197067261,2751,1
2751,1049,...」纱月同学像是要撂下狠话那般如此说道。难道她想给我看的就是这个吗？借此刺激我的罪恶感，进而让我守口如瓶，是这样的作战计画吗？其实就算她不这么做，我也不会说出去啊。我再次体会到自己有多么不被信任，内心顿...,0.9997000694274902,2751,1
2751,1050,...个圈子的啊「那个，纱月同学。我──」不管你是基于什么理由而去打工都没关系，就算看到了纱月同学像这样的另一面，我也不会觉得怎样。正当我准备这样说时「啊──！」我听到了彷佛刚换好的日光灯般开朗的声音。哒哒...,0.9996984004974365,2751,1
2751,1051,...女，感觉很像把头发烫卷之后的纱月同学。「什么什么！？是朋友吗！？小纱月原来有朋友吗！？」「还是有的。」「哇──！那个小纱月居然会带朋友回家！今天煮红豆饭怎么样！？」「不，意思应该不一样吧」我一眼就看出...,0.9996962547302246,2751,1
2751,1052,...睛，天生的圆润黑眸，纤长且整齐的下睫毛。再加上脸型就像是同一个模子刻出来的。她是纱月同学的姊姊。「那、那个，初次见面，姊姊。我平常承蒙纱月同学照顾。」虽然讲起话来有点卡卡的，但我依然有礼貌地低头致意。...,0.9996949434280396,2751,1
2751,1053,...好像和你处得很好，实在是很感激呢，这是真的喔。因为小纱月就是这个样子吧？我一直很担心她在学校有没有被人欺负。毕竟小纱月很老实，做事情又很胆小。啊，不过她真的是个很乖的孩子喔。」她一下子讲了超多话。我完...,0.9996899366378784,2751,1
2751,1054,...实，做事情又很胆小？是说谁？在说我吗？这时，纱月同学唉声叹了口气。「你真的好烦啊」「唉──才不烦呢，我一点也不烦。哎啊～如果有时间，我好想听听小纱月在学校的情况啊。因为姊姊最喜欢小纱月了，姊姊啊，姊姊...,0.9996933937072754,2751,1
2751,1055,...月同学把姊姊推开，缓缓摇了摇头。「那个，甘织。这不是姊姊，而是妈妈。」「真假！？」不会吧，她看起来明明这么年轻难道美女的遗传基因还具有抗衰老的功效？我整个人超震惊的，纱月妈妈见状后「唉嘿嘿」地笑了。「...,0.9996925592422485,2751,1
2751,1056,...鬼～」「别这样，妈妈」纱月同学像是打满所有回合的拳击手那般疲软。「唉？是真的吗？你妈妈好可爱哦」「好了甘织，不要再夸她了。这跟不要随便喂野狗是一样意思。」「小纱月好过分！」纱月妈妈用力地鼓起了脸颊。明...,0.9997004270553589,2751,1
2751,1057,...出现bug了。长大之后待人处事变得比较圆滑的纱月同学就是这个样子吗？难道是平行世界的纱月同学？说不定那个世界线的纱月同学从来没遇到真唯。「话说妈妈，你今天不是要上班吗？」「嗯，要啊。不过我要与客人碰面...,0.9997015595436096,2751,1
2751,1058,...，嗯如果家人厚着脸皮加入自己与朋友的对话，确实会很不自在呢之前妹妹想在真唯和紫阳花同学来家里时插一脚时，我也想说该怎么办才好。我懂你，纱月同学。「啊，不过我也差不多该准备了。那个，小甘织！」「啊，是！...,0.999703586101532,2751,1
2751,1059,...就拜托你啰。这孩子明明是个女孩子，却完全不会撒娇。不过，她真的是个好孩子。前阵子在我生日的时候还送了我一双亲手织的袜子。她去借了编织的书来看，还拜托朋友教她，练习了好久才做好的喔。」「妈妈！」「呵呵呵...,0.9997031092643738,2751,1
2751,1060,...样，纱月妈妈离开了房间。纱月同学刚才讲的话甚至比在学校一整天所说的还要多。我和纱月同学被留在了房间，伴随着我们的是坐立难安的沉默纱月同学可能是为了要对最后那句话做个小小的反抗，喃喃这样说道：「那就是我...,0.999697208404541,2751,1
2751,1061,...蛋，但姑且也是靠一个女人的力量把我抚养长大的。不，也许她真的是个笨蛋」虽然在我看来不像是个笨蛋，但她看起来真的相当开心「纱月同学，所以你才会去打工」「别说了，别因为看过我妈妈，就自以为能瞭解我。」「啊...,0.9996985197067261,2751,1
2751,1062,...啊难道纱月同学不希望别人用这样的眼光看她吗然而，纱月同学好像改变了想法，摇了摇头。「不过，也对。既然是相亲结婚，这件事就显得很重要了。个性、工作都清楚之后，接下来就是家世了吧。」「这就是你说的『一不做...,0.9997010231018066,2751,1
2751,1063,...但是不讲出来故意保持沉默也不是很舒坦。」纱月同学的眼里失去了光芒。「让你来看我家，是你在打工的地方看到了我很丢人的打扮，所以才想要稍微让你难堪一下，之后再送你去车站的。」「呃、嗯。」「我根本没有想让你...,0.999701201915741,2751,1
2751,1064,...场虚脱地瘫坐在地。被妈妈暴露了在家里的形象肯、肯定很难受我内心的共感性羞耻也超级有反应的。「不、不要紧啦，纱月同学我不会告诉任何人的」「我无法相信你反正明天整个学校就人尽皆知了吧说我这个女人在妈妈的生...,0.9996987581253052,2751,1
2751,1065,...好事吗！？」「明明平常都装得很冷酷，不论对方是男是女态度都始终冷淡，却是个对妈妈很温柔的母控。我今后就要过着在背后遭人指指点点的人生了」「听起来明明就很孝顺啊！」纱月同学完全陷入忧郁的情绪当中了。这、...,0.9997034668922424,2751,1
2751,1066,...月同学在学校的形象是个相当帅气的美女这样的美女竟然会如此尽孝道，只会因为反差而成为加分要素吧怎、怎么办？干脆现在丢下一句『啊，现在很晚了，我也该回家了。明天见！』好了？不要总是把逃跑摆在优先啊，甘织玲...,0.9997033476829529,2751,1
2751,1067,...孤单的生活耶！我发出沉吟，陷入了苦恼。「那、那个，就是啊！」「什么？」纱月同学就像是被水濡湿的长毛猫般抬起头。「我、我、我呢。」我不知道自己为什么要说出这件事。只是，纱月同学被别人看到了绝对不想暴露的...,0.9997034668922424,2751,1
2751,1068,...轻松，这样实在很过意不去。笨拙的我无法在天空飞翔，顶多也只能和对方跌到同一个高度。要是能稍微安慰到纱月同学的话我抱着这样的心情告诉她：「我！在升上高中改头换面之前，一直是个阴角！」说了，我说出来了。唯...,0.9997020363807678,2751,1
2751,1069,...就连真唯都没有说过。我终于将这个打算带进坟墓的秘密，在独处的情况下告诉了纱月同学。我好怕。不敢去看纱月同学的反应。听完我绞尽浑身力气所说的话后，纱月同学──她微微抬起头，这样说道：「是吗。」「反应也太...,0.9996976852416992,2751,1
2751,1070,...：「不，因为我听了后也只有『原来如此』的想法而已。」「原来如此！？我可是在高中成功改头换面耶，你就一句『原来如此』是什么意思啦！？」「因为你偶尔会做出可疑的举动，也莫名觉得自己低人一等，自我评价很低加...,0.9996987581253052,2751,1
2751,1071,...幸福。」「别说了！不要再分析了！」「我还想反过来问你，难道你以为吐露这件事后会得到『唉？我还以为你是天生的阳角耶！』这种反应吗？根本莫名其妙。即使是濑名听了也只能苦笑呢。」我被修理得体无完肤。「我明明...,0.9996956586837769,2751,1
2751,1072,...恼。「我为了改变自己，一直努力到了现在可是，过去总是在背后追着我不放啊──！」「啊，等等。」我把纱月同学的声音抛在脑后，直接从公寓飞奔而出。就好像我难受到极限，不假思索地逃往顶楼的那天一样。我不顾前后...,0.9997017979621887,2751,1
2751,1073,...仅手机没电，四周也一片昏暗，没有任何人车经过。不过就算有人经过，我也不可能上前去问路身体开始变冷了，也觉得愈来愈害怕，而且这里好像是田地不行了。我要死在这里了。早知道这样，我应该要对真唯稍微温柔一点的...,0.9997023940086365,2751,1
2751,1074,...，明亮的月光隐约透过云层，非常地美丽。我一直像这样憧憬着美好的事物。对我来说，那个对象总是别人，而不是我自己。比如国小同学在ig上光鲜亮丽的照片，又或者是那个在班上犹如太阳般发出灿烂光芒的女孩──王冢...,0.9997013211250305,2751,1
2751,1075,...熬。但是，就因为我自己也想成为那样的人，所以才沦落到这个下场。就好比反射太阳的光辉而闪耀的月亮一样。「找、找到你了」我抬起头来。在眼前的是──将长发扎在后面，喘得上气不接下气的纱月同学。「咦」我不断眨...,0.999700665473938,2751,1
2751,1076,...我能猜到你大概会去哪里。」那双能看透我内心的眼眸一垂，纱月同学立刻叹了口气。「是很想这么说，但其实我完全没有头绪，只是普通地到处找你。来，这个给你。」「啊，我的钱包」「忘了带这个，也没办法坐电车回去吧...,0.9996987581253052,2751,1
2751,1077,...钱包。我真是个无可救药的女人。都这么晚了，竟然还让纱月同学特地到处找我。「呜呜，纱月同学对不起，给你添麻烦了」我把身子缩成一团，认为她怎么臭骂我都是应该的。「没关系，这没什么。」纱月同学轻描淡写地回答...,0.9996962547302246,2751,1
2751,1078,...向我伸出手。我来回看了自己与纱月同学的手许久，才战战兢兢地伸出自己的手。纱月同学握住我的手，将我拉了起来。她的手不像之前那样冰凉，而是微微渗出汗水。从这双温暖的手看来，她真的是为了找我而到处奔波。「你...,0.9997016787528992,2751,1
2751,1079,...纱月同学的态度和以前一样，现在的她看起来却无比温柔。我们就这样牵着手，稍微走了一会儿。云不知何时散去了，浮在空中的月亮正照亮着我们脚边的道路。「我妈妈在做晚上的工作。」「嗯。」「总是到了早上才会喝得烂...,0.9996999502182007,2751,1
2751,1080,...还有个大只女也常跑来我家过夜。」「是这样啊。」「是啊。」把自己想说的话堆在胸口后，纱月同学重新握紧我们牵着的手。「为什么？」「唉？」讲得很简短的纱月同学用平坦的嗓音再次询问：「你为什么想成为阳角？」我...,0.9997010231018066,2751,1
2751,1081,...氛尴尬而已吧。「呃该怎么说呢，因为我很羡慕」「你羡慕什么地方？」「就是身边有许多朋友，非常热闹，放学后会一起去买零食吃，搞不好还能顺便交到恋人这些只有自己一个人无法体会的乐趣，总觉得，非常让我向往」说...,0.9997005462646484,2751,1
2751,1082,...人对话让我感到很安心吧。一个不小心就对纱月同学讲了太多无关紧要的事情。「哦」尽管她的反应依然冷淡，但我觉得这样就好。因为这也不是希望她能理解我才说的。「我并没有厌恶每天回到家后就是玩游戏的生活，应该说...,0.9997010827064514,2751,1
2751,1083,...么时候都无所谓所以才想尝试不一样的事情」我结结巴巴地说道。我像这样说出自己的心声后，总觉得很奢侈毕竟我是个内心的愿望超出自己的能耐，却依然划着船出海的愚蠢之人明明是自己选择这么做的，却因为濒临崩溃而逃...,0.9997028708457947,2751,1
2751,1084,...面掀起波澜那般，平淡地微微点头。「对你来说，这件事很重要呢。」「嗯、嗯」「既然这样，谢谢你告诉我。」这是怎么回事？这种感觉有种很害羞，难为情的感觉。假如现在是大白天，我八成会因为胸口阵阵疼痛，狠狠把心...,0.9997023940086365,2751,1
2751,1085,...中的月亮与纱月同学。听到她说「谢谢你告诉我」，我也差点就得意忘形地回说「幸好我有说出口」。这种感觉，简直就像与纱月同学共享了什么。那个东西大概，一定是某种重要的东西。「好啦。」「唉？啊，这里不是车站！...,0.9997037053108215,2751,1
2751,1086,...这么冰冷也不好。我会准备热水让你泡澡的，今晚就在我家住下来吧。」「唉唉？这样我会很过意不去」我话说到一半，突然想起来了。对喔，今天妹妹还在家里等我。妹妹误会我对真唯与纱月同学脚踏两条船，到时肯定会用鬼...,0.9997039437294006,2751,1
2751,1087,...果你要和家人联络，就用我的手机吧。」「好。」我决定恭敬不如从命。要是刚来这个家的我，绝对不会想要晚上留在这里过夜是不是因为我们之间内心的距离，稍微缩短了一点呢？我再度拜访了纱月同学的家。虽说公寓算是蛮...,0.9997032284736633,2751,1
2751,1088,...以刺绣点缀，厨房里各式各样的调味品也被整理得井然有序。从生活感之中隐约可以窥见华丽之处。刚才都没有注意到啊。感觉住起来好像很舒服。我立刻借了纱月同学的手机给家里打了电话。呃，原来都这个时间了家人当然是...,0.9997010827064514,2751,1
2751,1089,...学校前还得先回家一趟换衣服」「你就随便找个借口，直接穿运动服上学如何？我的借你穿。」「穿着纱月同学借的运动服，从纱月同学家一起出门上学」我想像着这样的画面。脑子里的真唯发出『喔啊啊啊啊啊──！』的呐喊...,0.9997013211250305,2751,1
2751,1090,...是无所谓喀喀喀」「呜哇，好邪恶的表情」我希望纱月同学不要为了给真唯来个出其不意而利用我，不过我们这段关系本来就是基于这点开始的「洗澡水烧好了。内衣裤我也有先买起来放着的，你拿去用吧。」「唉？这样很不好...,0.9997007846832275,2751,1
2751,1091,...26圆。零头我就不算了。」「原来还要收费啊！？不对，比真唯好太多了！」比起买什么都愿意付钱的女人，交往对象是像纱月同学这样明算帐的人会更加轻松。不对，我说的交往不是指的那个意思哦！「那我先去洗澡了。」...,0.9997016787528992,2751,1
2751,1092,...间。脱下身上的衣服并放进洗衣篮后，走进浴室。浴缸是不锈钢的。然而就算我疯狂地按着开关，灯也不亮。「奇怪？」是电灯泡坏了吗果然建筑物的年限拉长就会这样我用热水冲洗过身体后，诚惶诚恐地踏入浴缸。好温暖可是...,0.9997017979621887,2751,1
2751,1093,...片黑暗啊。「浴巾我帮你放在这里呃，喂甘织，你怎么黑漆漆的就进去了？」当我正抱着膝盖泡在浴缸里，来确认状况的纱月同学顿时吓了一跳。「咦？因为电灯打不开啊？」「哦是这样啊，抱歉，你等我一下。」更衣间传来了...,0.9997040629386902,2751,1
2751,1094,...月同学走了进来。「呃，你怎么没穿衣服啊！？」「我想说机会难得。」「不是，我不太懂这是什么意思！」「你和那个女人在饭店里一起泡过澡了吧。这样一来，比分就是一比一了。」「什么状况！？难道我因为一时迷路，就...,0.999703586101532,2751,1
2751,1095,...次来计算价值的异世界了吗！？」「你好吵，而且好挤你再往那边靠一点。」「不管是我这么吵还是浴缸太挤都要怪纱月同学吧！」因为整个浴室乌漆墨黑，只能隐约看到纱月同学的裸体，算是捡回了一条命。要是现在有灯光照...,0.999703586101532,2751,1
2751,1096,...，纱月同学便坐到了浴缸的边缘，翘着脚说道：「甘织，把腿移开一点。」「唉？啊，好。」我刚弯起双腿，浴缸顿时浮出明亮的光。这就彷佛施了魔法一样。我的视线立刻被那梦幻般的光芒吸引。「这是？」「特制的浴室灯。...,0.999702513217926,2751,1
2751,1097,...接照明开关。下一瞬间，浴室的墙上浮现出花朵的图案。蓝色、红色、白色，有各种颜色的大朵花。好厉害。好厉害好厉害。「这壁贴还不错吧。再来加上这个就完成了。」纱月同学把小箱子倒过来，顿时有大量花瓣飘落在浴缸...,0.9996944665908813,2751,1
2751,1098,...墙上，才发现都是盛开的银莲花。这种感觉就好像泡在置身于花田中的浴缸。犹如故事中才会出现的场景。「好漂亮喔！纱月同学！」「呵呵，漂亮吧？」我顺势抬头望着纱月同学，在那个瞬间，我立刻就后悔了。「哇，好漂亮...,0.9996975660324097,2751,1
2751,1099,...同学以发夹将头发挽到后面，只留下一缕秀发从肩膀垂下，贴在肌肤上。好似清晨露水的水滴从她白皙的肌肤上滑落，为其光泽增添了滋润。全身没有一丝赘肉。那份美貌本就好似精心研磨过的刀剑般锋利，如今在两种间接照明...,0.9996978044509888,2751,1
2751,1100,...绕过整个展场的参观者甚至会将刚才看过的美术品直接抛在脑后。她的美就是如此别具一格。「哦，原来你这么中意我家的浴室吗？」「啊，嗯，算是吧，嗯」我撇开视线，将嘴巴以下沉入浴缸里。「你看，我还有浴室专用的书...,0.9996984004974365,2751,1
2751,1101,...差点就忘了。我眼前这个人，是拥有不亚于王冢真唯的端正容貌、芦谷高中女子集团中的顶级精英──琴纱月同学。本来的话，像我这样的人别说一起洗澡，就连正面和她说几句话都很困难。我不由得重新确认到，她那风华绝代...,0.999698281288147,2751,1
2751,1102,...纱月同学看起来喜上眉梢。「对了，甘织。我来帮你洗身体吧。」「呼唉！？这、这是何故！？」「就算一起洗过澡，只是泡在浴缸里面还缺了点筹码，不足以打击那家伙。怎么？你在害羞吗？」「当然会害羞啊！」「那么，你...,0.9996975660324097,2751,1
2751,1103,...浴缸狭小到连把腿伸直都很困难。要两个人都泡在里面，就非得紧紧贴在一起才行。而且纱月同学的姿势还面对着我。就像是把各有凹凸的积木拼在一起那样，纱月同学修长的双腿挤进了我的大腿之间，这个触感，触感啊！「纱...,0.999700665473938,2751,1
2751,1104,...」纱月同学伸出手，从莲蓬头前面拿起容器，倒了些许在手掌上。「这个是泡在浴缸里面也能用的沐浴乳。我来帮你洗，暂时先老实一点。」「不行！绝对不行啊！」「你从刚才开始是怎么样啊？」纱月同学皱起眉头，嘴唇弯成...,0.9996985197067261,2751,1
2751,1105,...应该很爽快吧，亲爱的。」「爽快什么啊！」真是的，真是的！我现在已经完全陷入了桃色的情绪啊！？为什么纱月同学都不觉得怎样！？她只把这个当作是身体接触吗！？纱月同学将沐浴乳揉搓出泡泡，接着先提起我的右手。...,0.9997003078460693,2751,1
2751,1106,...臂，开始来回搓洗。咿，甚至还仔细地清洗着每一根指头。纱月同学用她那柔弱的纤细双手，把我的手指、把手指而且纱月同学专注地帮我搓洗时，水滴顺着她伏下的眼眸流到了睫毛，顿时闪耀着光芒，这就好像是在被绝世美女...,0.9996975660324097,2751,1
2751,1107,...只会带给我无比的精神负担。我快不行了。只是洗着右手手指我就已经快要挂掉了，要是她顺势爱抚我的全身，结束时我肯定会因为脑内的快乐神经被烧断而变成废人。「那、那个，是说，纱月同学」「什～么？」来回擦拭，咻...,0.9996997117996216,2751,1
2751,1108,...」我鼓起勇气，闭上双眼，使出浑身解数呐喊：「我、我觉得这样非常色情！」「嗯嗯？」此时纱月同学总算看向这边，我们在极近的距离四目相接。纱月同学的眼神迅速变得更加锐利，脸颊也以同样的速度染上了红晕，顿时面...,0.9996931552886963,2751,1
2751,1109,...为！」这可不能怪我吧！？我应该没有错吧！？「根本就很像那么一回事啊！」「才不是！我只不过是在帮你洗身体吧！？这就类似帮人擦背那样！」「完──全不一样啦！根本满满都是性的味道嘛！」「性、性」纱月同学的嘴...,0.9996894598007202,2751,1
2751,1110,...是说过拥有什么兴趣爱好是个人自由，但麻烦你不要把所有事情都联想到那方面」「我才没有呢──！是纱月同学太色了──！啊，我想起来了！你之前借给我的书也是那样！我可是还在电车里面翻来看耶！？」「在哪里看书又...,0.9996938705444336,2751,1
2751,1111,...悟那样，脸色变得更加严肃。她的眼眸也逐渐湿润了起来。「仔细想想，那本书里或许多少有关于那方面的描述。」「多到不行好吗！开头的40页就全都是性行为耶！？而且还是大姊姊和小女生超激烈的那种！纱月同学到底是...,0.9996920824050903,2751,1
2751,1112,...不要光是在意那种地方，把整个作品好好看一遍啊，知道吗！因为那个场景在讲述整个故事时也是不可或缺的啊！」「啊──真是的，我要先出去了！？再继续被你做色色的事情，我的脑子就要变得奇怪了！」「你、你等一下，...,0.9996838569641113,2751,1
2751,1113,...有──」我慌张地想要站起身。这时，扶着浴缸的手因为沾满了沐浴乳搓出的泡泡而滑掉了。「啊哇！」「喂，甘织──」我直接一个踉跄从头朝浴缸跌了下去！笨手笨脚的！哗啦一声，水花与花瓣顿时四溅飞舞。噗哈好、好痛...,0.9996803998947144,2751,1
2751,1114,...逃过一劫。呼，得救了。「甘织」我脑袋上传来了透心凉的声音。「唉？」指缝间好像夹住了什么东西。大小和喇叭的音量旋钮差不多、摸起来让人涌起怪怪的感觉。难道，这个、这个是我一脸栽进去、使劲抓住的是，纱月同学...,0.9996892213821411,2751,1
2751,1115,...抬头望向纱月同学。纱月同学她用彷佛才刚杀掉三个人那样的表情盯着我。好可怕「对、对不起」「别说了，快起来。」「可、可是！纱月同学的胸部好柔软又好温暖，手感超好的！谢谢你！」她的表情变成像是刚杀了一百人似...,0.9996978044509888,2751,1
2751,1116,...从膝盖缓缓用力，挺起上半身。当我的手从胸部移开的瞬间，纱月同学微微皱起眉头。「嗯」「」好色的声音那个纱月同学那个总是都摆出酷酷的表情翻阅文库本，大家憧憬的冰山美女纱月同学竟然「喂、喂，甘织快一点。」「...,0.9996994733810425,2751,1
2751,1117,...了。我缩起肩膀，为了不让心跳声被她发现，按住自己的胸口，从浴缸里出来了。在准备走出浴室时，我偷偷往后面瞥了一眼。「甘织。」「什、什么事！？」「你要好好用莲蓬头把泡泡洗干净。」「也！？也对呢！」我依纱月...,0.9997009038925171,2751,1
2751,1118,...冲过澡，但我火烫的身体也依旧没有冷却下来。我换上刚拆封的纯棉内裤以及借来的上下两件式睡衣，便躺在客人用的被窝里面。这里是纱月同学的房间。在那之后，我们没有特别讲什么话，各自做好了就寝的准备便躺在床上了...,0.9997020363807678,2751,1
2751,1119,...姿势陷入熟睡可是。我、我睡不着明明整个人蜷缩在心爱的被窝里，内心却丝毫无法放松。就算闭上双眼，纱月同学的裸体也会浮现在我眼睑深处！而且连之前与真唯一起入浴时的记忆也一同苏醒了，我的脑袋顿时充满着桃色的...,0.9997020363807678,2751,1
2751,1120,...，纱月同学翻了个身。唔，我还以为自己的妄念不小心泄露了出去，吓我一跳。不过，纱月同学只是发出安稳的鼾声。我的眼睛慢慢适应了黑暗，看到了纱月同学安祥的睡脸。我差点就不禁发出赞叹的声音。真的是美丽绝伦。我...,0.9997032284736633,2751,1
2751,1121,...。她和我的脸到底有哪里不一样呢啊，是所有一切。说实在的，我到现在仍然无法相信。我进入了芦谷高中，遇见了王冢真唯。若是没有和真唯成为朋友，那我应该一辈子都不会接触她们这类人，也不会像这样在同一个房间里过...,0.9997037053108215,2751,1
2751,1122,...无数砂石的其中一颗。对我来说，纱月同学就是闪耀在天空，永远无法触及的一道光。在今天这短短的一天，我知晓了各种样貌的纱月同学。在打工的纱月同学，为家人着想的纱月同学，不服输的纱月同学，四处找我的纱月同学...,0.9997043013572693,2751,1
2751,1123,...在我这个阴角眼里，全力活在当下的人们果然都好厉害。想必是因为她无时无刻都在努力吧，和我的人生经验截然不同。如果只是在学校聊过天，是不会知道这些事的。甘织玲奈子在这条通往阳角的道路，才刚刚迈出步伐如同被...,0.9997044205665588,2751,1
2751,1124,...心头一惊。「还、还没。」「是吗？」纱月同学微微睁开双眼，凝视着我。在黑暗之中，那好似宝石的双眸正闪闪发光。「那套被子，是真唯为了来过夜留下的。」「啊，难怪」「怎么了？」「没、没有啦。」难怪有真唯的味道...,0.9997038245201111,2751,1
2751,1125,...吗？」「国小的时候经常会来。不过现在那家伙的工作变得愈来愈忙。」「毕竟她前阵子甚至还跑去国外呢。」纱月同学没有回应，就这样过了一会儿后发出「呼啊～」一声，轻轻打了个哈欠。她翻过身子，再次背对着我。「明...,0.9997037053108215,2751,1
2751,1126,...」虽然勉强自己闭上眼睛但我胸口的悸动依然无法平息，看样子离睡魔到访还需要一段时间。身边睡着纱月同学，被窝还有真唯的味道唔。可是，旁边也一直传来翻身的声音好一阵子。该不会纱月同学和我一样，始终惦记着今天...,0.9997004270553589,2751,1
2751,1127,...为契约才与对方在一起的恋人，我竟然会觉得我们就像是心意相通的朋友一样。如果也能和纱月同学成为朋友就好了。我翻来覆去、想东想西地不知过了多久，突然想上厕所了。我悄悄起身，注意别吵醒纱月同学，走出了房间。...,0.9996985197067261,2751,1
2751,1128,...的时候──「对了。」听到了这句话。「咦抱歉，纱月同学，吵醒你了？」纱月同学没有回答我的问题，而是把手伸向枕边拿起手机。「忘记拍下那种很刻意的照片作为证据了。」「唉？有必要拍吗？」「要是没有物证，在关键...,0.9997014403343201,2751,1
2751,1129,...现啦「机会难得，这次呢，就来拍些大胆一点的好了。」「大胆一点是指」我揉了揉惺忪的睡眼。手脚都沉甸甸的，现实与梦境的界线变得模糊。「像是接吻的照片如何？」彷佛连这句话都像是从隔壁房间传来的。「唉～」「来...,0.9996992349624634,2751,1
2751,1130,...慢把身体挪到这边。我感受到了人的体温。看样子在完成劳动定额之前，她应该是不会让我睡了。真拿她没办法「真是的，绝对不能外流哦」「我知道。手枪这种东西只要收在怀里就行了。要是真的开枪会被抓的。」「是是是」...,0.999702513217926,2751,1
2751,1131,...向她。唇上感受到柔软的触感。纱月同学的嘴唇微微发凉，很有她的风格。犹如蜻蜓点水般轻触之后，两人的嘴唇分开。纱月同学愣在原地，不发一语。好像也没拍照。咦？「纱月同学？」她突然满脸通红。「你、你、你、你！...,0.9997026324272156,2751,1
2751,1132,...明是纱月同学啊。」因为莫名其妙地被吼，我的脑袋也稍微清醒了一点。「如果说到接吻的话，一般不都是亲脸颊吗！？」唉？唉？我刚才，做了什么？我和纱月同学接吻了？「这、这是我的第一次耶。」我该不会，做了件不得...,0.9997039437294006,2751,1
2751,1133,...要约定那样，心脏怦怦跳个不停。「不是，那个！」我连忙起身，双手慌张地摆动。「不要紧！朋友之间的亲吻是不算数的！」不对，等一下！「我们不是朋友，而是恋人也就是说，是有效的？」怎么会这样，虽然我睡得迷迷糊...,0.999703586101532,2751,1
2751,1134,...吻。「是说，对不起，真的很对不起。我没有那个意思。」我拼命道歉。万一纱月同学真的很重视初吻的话，我就铸下无可挽回的大错了。我现在能做的就是拼了老命地向她道歉可是，纱月同学背对着不知所措的我，静静地躺回...,0.9997034668922424,2751,1
2751,1135,...看起来很不以为意，但耳朵都红了啊！」「反正我也经常接吻，这并不是第一次，已经有三亿次了吧。」「这是在对谁说谎啊！？」「那你要负起责任吗！？」「不，那个，呃这、这是什么意思？」纱月同学也顿时说不出话了。...,0.999703586101532,2751,1
2751,1136,...喊。她的侧脸果然被是染得红通通的。我们不仅分享了彼此的秘密，还共同创造了更大的秘密为什么会变成这样啊啊真是的，根本睡不着啊～～～～！第二卷第三章修罗场什么的，再怎么挣扎也绝对不行！我做了个梦。在梦里我...,0.9997019171714783,2751,1
2751,1137,...经完全成为阳角，在大学也是万人迷。朋友的人数超过了三万人，每天都有人想邀我出去玩，时间表满到要以分钟计算。今天向我邀约的人发出的声音依然如同知名摇滚乐团的安可声那般不绝于耳。『真是的，真拿你们没办法。...,0.9997010827064514,2751,1
2751,1138,...经有超过999件以上未读。光是要回覆这些就得费一番工夫了呢。哼哼。我的嘴角浮现美少女的微笑，此时有人走进了房间。那个人当然是我的帅气男友，年收二亿圆的演员。对了对了，透过男友的介绍，我也确定会在下个月...,0.9997037053108215,2751,1
2751,1139,...面之后，我的人生便一帆风顺。身为一名大学生，我已经拥有了一切。但我的梦想可是永无止境的。没错，无尽之梦『来，玲奈子。美好的一天又要拉开序幕了喔。』男友向我伸出手。他那灿烂的笑容比清晨的阳光更加耀眼。好...,0.9997046589851379,2751,1
2751,1140,...『呃，王冢真唯！你怎么会在这里！？』『什么为什么，这还用说吗？因为我是你的呵呵呵，事到如今还要我说出口吗？』真唯钻被窝里，将纯白的被单盖在头上跟我嬉闹。咿！『喂，等等！别闯进我的梦里啊！』真唯的头好像...,0.9997046589851379,2751,1
2751,1141,...明明还觉得心情棒到极点，现在却急转直下变成恶梦了！『我说过没打算和真唯成为恋人了！我们是朋友！玲真挚友！现在这个状况才不是反映我的深层心理还什么的！你可不要误会了！』我在梦里大喊，但转眼间便被一个庞然...,0.9997038245201111,2751,1
2751,1142,...居高临下地俯视着我。咿啊啊！从她脖颈垂下的黑发搔着我的锁骨，而我也同样赤身裸体。等等，黑发？她的眼神闪闪发光，就如同在暗无星光的夜空之中璀璨地闪耀着的明月。『嗳，甘织』『不会吧！？』纱月同学脸上挂着我...,0.9997039437294006,2751,1
2751,1143,...将自己的双唇缓缓靠近，与我的唇重叠在一起『我喜欢你我爱着你，甘织』「咿呀！」我一脚踢飞毛毯，从床上弹起来。醒来的感觉实在糟透了。自从那天在纱月同学家过夜之后，我就不时会做这样的梦。是说，到底是怎样啊为...,0.9997032284736633,2751,1
2751,1144,...也不是什么好事。是说会梦到自己被朋友们争相邀约感觉也是因为我的自我意识失控，这点确实很难受，不过现在先暂时放到一边。为什么，为什么我会梦到纱月同学啊而且梦里的感觉就是要准备办事那样毕竟我们都光着身子难...,0.9996989965438843,2751,1
2751,1145,...易受梦境影响了吧！我只不过是摸了纱月同学的胸部、和纱月同学睡在同一个房间，还接了吻而已。根本就做了一堆啊！呜呜──应该不是我的性欲比同龄的女孩子还要旺盛吧大家会不会也做过这种奇怪的梦呢只是我也没有人可...,0.999701201915741,2751,1
2751,1146,...浏海。这时从背后悄然无声地冒出一个身影。「姊～姊」妹、妹妹！我在家里时明明拼命地躲着她，这下终于被逮到了「今天我一定要你从实招来。」「好、好啦。」「该怎么说呢，姊姊在高中成功改头换面，这点确实值得你高...,0.9997021555900574,2751,1
2751,1147,...」环起双臂的妹妹就像是辅导老师一样，浑身散发着说教的气息。「不论什么事情，最重要的就是真诚。如果只是因为自己很开心就利用身边的朋友，那她们很快就会离你而去了哦。」「呜呜。」应该说我也没有打算要劈腿吗基...,0.9997017979621887,2751,1
2751,1148,...什么会说到我的心坎里啊「说穿了，姊姊的人生终究是自己的，与我无关。但姊姊的所作所为根本不是阳角，也不是现充。不过是稍微受欢迎一点就做出这种会伤害别人的事，这样只是个坏人而已。」妹妹大前辈！被国二的女生...,0.9997029900550842,2751,1
2751,1149,...了。「总之，我想说的只有这些。那我等等还要去晨练，先走啰。」「是非常感谢你」身穿水手服的妹妹大前辈转过身子，马尾顿时上下翻飞，潇洒地离开了。被留在原地的我注视着镜子里那个死鱼眼的少女，用发夹固定好浏海...,0.9997034668922424,2751,1
2751,1150,...有种苦闷的感觉一阵一阵上涌，但是没关系。纱月同学和我是为期仅仅两周的恋人，结束之后她就会和真唯和好，一切都会回到正轨。所以我梦到的那个不纯洁的梦境，应该再过两周就会消失得无影无踪了。我是说真的哦！我在...,0.9996992349624634,2751,1
2751,1151,...状态下遇到纱月同学，到底会怎么样呢不对，根据纱月同学的个性，她肯定是一脸冷淡，露出好比北海道那样冰冷的眼神回说『你在想什么啊你是笨蛋吗？』。一定是的。我知道。在我心目中甚至不存在着会因为这件事而满脸通...,0.9997010231018066,2751,1
2751,1152,...点我当然知道。「啊，早安──！甘织同学。」「早安～」刚踏进教室，长谷川同学与平野同学率先向我打招呼。「啊，嗯。你们两位早啊。」我将纱月同学的幻影藏进内心深处，露出很像苦笑的表情举手问候她们。下一刻，两...,0.9997017979621887,2751,1
2751,1153,...的这个时间，就算向美少女打招呼也不会有人生气，真是无比幸福的时光！」「毕竟我们也就只有早上可以亲近甘织同学嘛～啊啊，今天是我人生中最棒的一天～」「唉？什、什么啦？啊哈哈」她们只要每次像这样碰面就会把我...,0.9997020363807678,2751,1
2751,1154,...被承认的欲望顿时得到了满足。没错，我是甘织玲奈子不管别人怎么评价我，我就是真唯小圈子的成员──甘织玲奈子她们让我有这样的心情。将紫阳花同学下载到灵魂之后，我露出清纯的微笑。「你们说得太夸张了啦，随时都...,0.9997033476829529,2751,1
2751,1155,...「真的吗！？咦──！？这不是阳角特有的客套话吗！？不对，就算是客套话我也很开心！」「哇～我们好好相处吧，甘织同学～啊～可以随时看到这张脸蛋，实在太幸福了吧。照这个感觉，是不是能顺便交换联络方式呢～？」...,0.9997037053108215,2751,1
2751,1156,...，好幸福。这个才是我想要的啊。不需要勉强自己维持在学校里面的地位，只要每天都可以与合得来的伙伴一起度过，不知道会有多开心啊。就在我们欢笑嬉闹的时候。「早。」继我之后踏入教室的是纱月同学。「咿纱、纱月同...,0.9997023940086365,2751,1
2751,1157,...走向自己的座位。心、心跳得超快的梦里的纱月同学再度涌上脑海。「啊，然后呢，关于联络方式」我转过头。结果发现长谷川同学与平野同学的眼眸已经变成心型了。唉！？「刚刚琴同学对我们说早安！那个黑发美女琴同学竟...,0.9996849298477173,2751,1
2751,1158,...主动跟我们打招呼今天真的是最最美好的一天」「喂，两位！？联络方式呢，联络方式！」她们的反应不是在开玩笑，是真的没把我的话听进去。两人都面红耳赤，茫然地望着纱月同学的侧脸。竟有这种事！？「啊，那头漂亮的...,0.9996814727783203,2751,1
2751,1159,...如果投胎转世，我也想拥有那样的容貌」我叫了好几声，但她们似乎根本没听进去，所以我只好垂头丧气地回到自己的座位。这就是现实吗不过，经过纱月同学旁边时，她喊了一声「甘织」叫住我。唔。「什、什么事？」「那个...,0.9996968507766724,2751,1
2751,1160,...告诉我，害我的心顿时揪成一团。（我有那种感觉！）「啊，嗯」唉？等等，这是怎么回事那个纱月同学竟然在紧张这是怎样？完蛋了，这是怎样，完蛋了。这两句台词围着我跳起了华尔兹，在我身边不停打转。这样子，不就好...,0.9996920824050903,2751,1
2751,1161,...。明明我才好不容易觉得「说不定能和纱月同学成为朋友」，结果却又变成这样，根本倒退了好几百步啊！我紧张地坐到位置上。回头望去，完美地与纱月同学对上视线。啊呜我们就像是要掩盖彼此目光相接的事实，在同一时间...,0.9997014403343201,2751,1
2751,1162,...也说过，不过她的脸果然很漂亮不对，就说我没那个意思了！这个酸酸甜甜的气氛是什么啦！就好像在第一次接吻之后到了隔天甚至不敢直视对方的国中生情侣！我们才不是那种关系──！「你今天好早哦～早安～小玲奈。」正...,0.9997029900550842,2751,1
2751,1163,...我狼狈地抬起头。啊，今天也是可爱到不行有着轻飘飘头发的天使我不由得合掌膜拜。「唉？怎么了？这是什么动作？」「紫阳花同学，我好喜欢你」「唉！？」听了我脱口而出的真心话，紫阳花同学顿时面红耳赤。这个反应以...,0.9997027516365051,2751,1
2751,1164,...呃，这个，就是小玲奈，你在这里讲那么大胆的发言是说，那个我其实一直有个问题想要问你就是，就是那个」紫阳花同学注意着其他同学的目光，同时慌张地摆弄着自己的头发。我向这位从头到脚都是由满满的可爱组成的女孩...,0.9997041821479797,2751,1
2751,1165,...后都当我的朋友一辈子、一直、无论经过多久都当我的朋友我们永远是朋友喔」「咦？呃，嗯！唉！？」那一天我在紫阳花同学的治愈之下，总算坚持到了放学。幸好紫阳花同学和我同班。否则的话，想必我第一节课上到一半就...,0.9997050166130066,2751,1
2751,1166,...现在要面对真唯的话反而是我比较尴尬，结果我一直躲着她呜呜，没想到我竟然自己证明了我的精神状态根本承受不了恋爱不过，真正的考验要等放学之后才开始就是了！有没有人可以帮忙把我从这里带走啊像是白马王子什么的...,0.9997039437294006,2751,1
2751,1167,...一位公主殿下！放学后，虽然公主殿下并没有那么刚好出现在我的人生之中，但取而代之的是换了个更高阶的存在──天使大人，她轻轻拉了拉我的衣袖。「那、那个，小玲奈。」「嗯──？」我停下正准备回家的手边工作后，...,0.9997040629386902,2751,1
2751,1168,...彩虹的湛蓝天空。爱了。「那个，今天呢，我没有和任何人有约喔。」「啊，是这样啊，真难得。」「不，其实也没有那么难得啦」说完这句话后，紫阳花同学好像灵机一动那般「啪」地拍了一下手。「不对，你、你说得没错！...,0.9997032284736633,2751,1
2751,1169,...受欢迎，我内心突然感到一阵暖洋洋的。紫阳花同学在班上很受欢迎，每天都会和别人约好一起出去玩。日程表的日历上满是盛开的花朵图案。就算只是在学校，我竟然能和全世界独一无二的紫阳花同学亲密地聊天，仔细想想真...,0.9997034668922424,2751,1
2751,1170,...24小时。为了尽量别占用紫阳花同学可运用的时间，我本想迅速从她眼前消失，但紫阳花同学好像还有话要对我说。她把双手的手指地纠缠在一起，低头向上看着我。「所以，那个，我正想说今天该怎么办。」「嗯。」「该怎...,0.9997040629386902,2751,1
2751,1171,...着我。这、这种坐立难安的感觉是什么？随着时钟滴答滴答倒数的声音，我感觉自己在被迫做出什么决定！唉？是什么？搞不懂啊！我到底该怎么做我想回应紫阳花同学的期待，想哄她开心！可是，正当我眼睛转来转去、犹豫不...,0.9997045397758484,2751,1
2751,1172,...过来。她犹如一张漆黑的遮光窗帘，挡住了紫阳花同学的圣光。「啊，呃没什么啦。那么紫阳花同学，我们明天见──」我正打算轻轻挥手告别，才发现紫阳花同学显得很错愕。怎么了！？「那、那个怎、怎么了？紫阳花同学」...,0.9997045397758484,2751,1
2751,1173,...。简直就像是遭到真唯冷漠对待的小香穗一样然而，就像是被压扁的靠垫弹了回来那般，紫阳花同学迅速恢复了正常，变回了原来的美少女。她顿时露出开朗的表情，在挥洒着汗水的同时晃动着双手。「没、没事！没什么啦，什...,0.9997043013572693,2751,1
2751,1174,...可是个大忙人呢！所以，我们明天见！」「好、好喔。」嗯，我就知道。紫阳花同学怎么可能会有空嘛。我也向她道别，然后与纱月同学一起离开教室。尽管纱月同学早上显得很动摇，但现在生命机能似乎已经稳定下来了。「濑...,0.9997041821479797,2751,1
2751,1175,...样子。啊，以后也约紫阳花同学一起参加读书会如何？如果下次她有空的话就一起嘛。」「不好意思，我不是很喜欢一群人聚在一起念书。这样效率会变差的。」是这样吗？不过我是受她教导的一方，也不好意思说什么。我只是...,0.9997045397758484,2751,1
2751,1176,...魔女面前，出现了一名金发碧眼的美女。「哎呀，玲奈子。今天也和纱月在一起吗？」王冢真唯把手放在胸口，脸上挂着从容不迫的笑容。「怎么样，纱月？玲奈子是个非常出色的女性吧？只要和她在一起，心脏就会扑通狂跳，...,0.9997046589851379,2751,1
2751,1177,...唯一边说着一边连声点头，完全沉浸在自己的世界。喂，你这家伙在教室说什么东西啊？如果是最近的纱月同学，肯定会把真唯当作空气，直接从她身边走过去。然后真唯会对此耸耸肩。这种景象已经是家常便饭了。但是，今天...,0.9997045397758484,2751,1
2751,1178,...样。」「唉唉？」站在我身旁的纱月同学将手在腰上，脸上挂着暗爽的笑容。「实际上，我也从她身上学到了很多。像是不久前的事情，对吧，甘织？」咦？说、说到不久前难道她指的是我去过夜的那天？转眼间我的脸颊就愈来...,0.9997045397758484,2751,1
2751,1179,...纱月同学不，状况和我想的不一样。真唯依然挂着一如往常的嫣然微笑。「哦？到底发生了什么事呢？」「有点难以启齿呢。对吧，甘织？你也不太想把那件事告诉『外人』吧？」「那、那当然啦！」我察觉到纱月同学话里有话...,0.9997040629386902,2751,1
2751,1180,...！啊，你看，你像这样挑衅她，这下真唯肯定会她笑咪咪地眯起了眼睛！怎么回事？她这是什么反应？「原来如此，是你们之间的秘密啊。希望我之后也能一起参与呢。」「很遗憾。」纱月同学摆出满是嘲讽的态度，紧紧地搂住...,0.9997046589851379,2751,1
2751,1181,...有『我和甘织』『两个人之间』的『秘密』。对吧，甘织？」快来人救救我啊。我用一副快死掉的表情撇开了视线。下一刻，我和在教室里面混进别人圈子的小香穗四目相对。小香穗用力竖起了大拇指，露出了认为事情进行得一...,0.9997046589851379,2751,1
2751,1182,...况。真唯是与生俱来的女帝，如果是她的话倒还能理解，但小香穗这种乐观的态度到底是怎么样啊难道是因为她表现出自然的一面依然受到众人喜爱，而让她对自己充满自信？真唯轻咳一声，接着让开了路。「这样啊，那是我失...,0.999704897403717,2751,1
2751,1183,...会做出冒昧的行为，强行介入你们两人之间的。」真唯直到最后都依然挂着微笑，目送我们离开。她一定是在遵守和我之间的约定。我缩着肩膀，惴惴不安地迈出步伐。呜呜。纱月同学用手捂着嘴角，露出愉悦的微笑哼了两声。...,0.9997047781944275,2751,1
2751,1184,...，真唯之所以会推倒我，契机就是因为她嫉妒紫阳花同学。像真唯那样嫉妒心强烈的女人要不对纱月同学表现出敌意，势必是相当忍耐吧。「这样一想，总觉得她很可怜耶。」「是啊，要是她再顶撞我几句，我也能自豪地秀出证...,0.9997045397758484,2751,1
2751,1185,...纱月同学拉离现场。照这个状况，纱月同学真的能和真唯和好吗想着想着，离我与纱月同学约定的期限只剩一周了。尽管在修复她们关系的这件事上面完全不见起色，但准备考试的过程却很顺利。「甘织，你又在完全搞懂问题之...,0.9997039437294006,2751,1
2751,1186,...这样更有效率」「如果只是为了在考试中拿到高分是没关系。但我们现在才高一，考虑到将来的话，最好还是该一步一脚印、脚踏实地地打好基础。」「纱月同学，你甚至考虑到我的将来！？」「唉？」「啊。」在图书馆一起念...,0.9997038245201111,2751,1
2751,1187,...只是这样，就让我的胸口燃起了小小的火苗。就在我对自己的心意感到困惑时，纱月同学静静地看着自己收回去的手。「那个，甘织，我事先跟你声明。」「呃，好。」「我虽然确实和你接、接吻了。但就算这样，我的心依然是...,0.9997017979621887,2751,1
2751,1188,...意忘形。」纱月同学努力用平淡的语气告诉我这些话，但她的脸颊却红通通的。都怪你露出这种表情，现在不是连我都害羞了吗！「我不觉得自己有得意忘形啊比方说怎样才算是呢？」「我想想，比方说把我当作是你的女人之类...,0.9997043013572693,2751,1
2751,1189,...将我赚来的微薄薪水全部抢走，拿去赌博对吧好吧，谁教我选择和你在一起呢我下次还会再帮你准备好零用钱的」「别这样啦！？讲得跟真的一样！」大喊之后，我才意识到这是纱月同学开的玩笑，是为了还以颜色。因为区区玲...,0.9997040629386902,2751,1
2751,1190,...不讲理。「再说，为什么把我设定成像是家暴男一样啊」「因为你很适合当个小白脸啊。」「喂，再怎么说这也讲得太过分了吧！？纱月同学才是，你看起来就像会在家里养着红不起来的音乐人！」「换句话说，要是我和你在一...,0.9997044205665588,2751,1
2751,1191,...月同学工作来照顾我？」我想像了一下。我躺在地上看电视，老是大言不惭地说着『放心啦，我总有一天会红的！』这种大话。这样的未来实在是烂透了。比成为真唯的宠物还要惨上好几倍「是说，纱月同学哪有可能那么轻易被...,0.9997040629386902,2751,1
2751,1192,...『我帮你找了工作的地方，明天开始你就去这里上班』，然后把我从家里轰出去」「是啊，我会这么做。不过你放心吧。你下班之后我还是会为你泡一碗热腾腾的泡面。」「你明明会煮饭还故意给我吃泡面！？」纱月同学呵呵地...,0.999702513217926,2751,1
2751,1193,...喜欢上任何人。谈恋爱对我根本没意义。」唔喔，纱月同学说了句颇有她风格的话。我不知道她那句话是否出于真心。但是，我感觉自己慢慢地瞭解了纱月同学。纱月同学曾说过『自己的事情，自己也想不通呢』但她一定是在实...,0.9997013211250305,2751,1
2751,1194,...果是个现充阳角的话就应该这么做』，我感觉自己也是这样认为并采取行动，一步一步朝着理想前进。所以，我也想要支持纱月同学的言行。「纱月同学，你虽然嘴上这么说，其实该不会是真的喜欢上我了吧～？」我模仿着纱月...,0.9996988773345947,2751,1
2751,1195,...──！」「下次你再乱说话，我就敲到你所有科目都只能考0分。」「只是开个玩笑嘛！？你讲得也太吓人了吧！」我们虽然像这样吵吵闹闹，讲些话挖苦对方。但是，我们这样的交流方式却不知为何，很有朋友的感觉。接着，...,0.9997005462646484,2751,1
2751,1196,...来自于这一天。＊＊＊晚上，我在房间自修。今天天气很凉爽，我明明只是打开窗户、吹着电风扇，就能一直集中精神念书。我真是了不起。近来，我感觉自己发现了念书的乐趣。写完学校的作业后，我还完成了纱月同学额外要...,0.9996989965438843,2751,1
2751,1197,...游戏都会变得有趣。格斗游戏和fps自不用说，就连是单机版的动作游戏还是rpg，只要能和朋友聊着『进度到哪了？』就会很幸福。不过，我是没有可以交流的对象啦！念书也没什么两样。因为有认真念书的纱月同学陪在...,0.9997027516365051,2751,1
2751,1198,...这样做，我自己也能从学校的课程找到乐趣就好了但是很可惜的，我并不是那么优秀的学生唉──回到家还这么认真念书，要是我真的考到了年级第一该怎么办呢！会不会被纱月同学恨死呢──！我得意忘形地想着这种事情，让...,0.999702513217926,2751,1
2751,1199,...的努力还不足以让玲奈子的学力有飞跃性的成长，结果我卡在最后一个问题。虽然等明天再问纱月同学就好了唔──但就剩下最后一个问题解不开，感觉实在很不痛快我拿起手机。在sns的好友清单中找到纱月同学，接着环起...,0.9997038245201111,2751,1
2751,1200,...会给她添麻烦呢哎呀，手机在震动了。会在这种时间传讯息给我的家伙应该只有真唯。反正又是传一些奢华的自拍照吧啊。收到的是紫阳花同学的讯息！为什么！？『现在有空吗？』唉唉？有空吗要说的话确实是有空，怎么了？...,0.9997037053108215,2751,1
2751,1201,...w』？不对不对，紫阳花同学才不会说那种话！我老实地回了『有空！』。随后她又传了讯息。『可以打电话给你吗？』咦！？！？！？等等，唉？怎、怎么办？我拿着手机，关上窗户，开始在房间里转圈圈。说到电话，就是专...,0.9997043013572693,2751,1
2751,1202,...接看到对方的表情和动作，所有反应都只能透过语气来确认！要是讲话的时机刚好卡到，就会让人愧疚得想死！不要啊我可不想听到紫阳花同学调侃着我说『总觉得小玲奈很不会用电话聊天呢（笑）』。呜呜，那如果我先回『唉...,0.9997046589851379,2751,1
2751,1203,...找我有什么事的话呢？只要事先问过内容，起码能做好心理准备，讲话的时候也能稍微冷静一点大概。只是字面上会看起来比较冷淡。我该怎么回紫阳花同学才能给她留下好印象呢？我想着想着脑袋就爆炸了，结果只回了一句「...,0.9997046589851379,2751,1
2751,1204,...久那般（虽然就是这样啦！）手机响了起来。咿！好想逃。我抱着被人用枪指着太阳穴的心情，将手机贴在耳边。「你你好。」下一刻。『啊，你好。』紫阳花同学雀跃的声音以零距离传到我的耳边。唔喔喔喔我听到差点就躺在...,0.9997040629386902,2751,1
2751,1205,...该怎么办，会不会给你添麻烦呢。』紫阳花同学紫阳花同学的声带离我好近！就好像在耳边低喃一样！「啊，不，那个，我还在念书。」『这样啊，对不起，是不是打断你了？』「不，怎么会，完全没有！我刚念完！」『哦──...,0.9997038245201111,2751,1
2751,1206,...来松了口气的声音，我的心顿时落泪。其实我的社恐已经病入膏肓，可以的话是很想避免跟人讲电话但这种话我绝对说不出口。呜呜。「所以，找我有什么事吗？还特地打电话过来」『呃就是突然想打？』突然想打！这是天使的...,0.9997040629386902,2751,1
2751,1207,...突然想打』就可以打给别人的吗？这是只有阳角之间才适用的规则？啊，如果是这样的话，那刚才那个反应已经透露出我是阴角了？我发现自己好像做了蠢事我疯狂摇着头。「也、也对啦！有时候就是会突然想打电话嘛！」『嗯...,0.9997043013572693,2751,1
2751,1208,...告一段落了。我难以忍受无言的恐惧感，慌忙地开口说道：「啊，紫阳花同学在做什么？」『嗯～我刚洗完澡。在吹头发的时候，忽然想说小玲奈在做什么这样。』「紫阳花同学在自己家里，竟然还会有一瞬间想起我」发现自己...,0.9997050166130066,2751,1
2751,1209,...？我经常会想到你喔。』我听见手机传来「唉嘿嘿」的笑声，一种难以言喻的暖意顿时在我的胸口扩散。幸福，这就是幸福吗？我第一次得知了幸福的意义。假如翻开字典去查标着幸福的那一页，上面毫无疑问会写着『晚上和紫...,0.9997046589851379,2751,1
2751,1210,...」『举例啊。像是听到了好听的歌曲，就会想到小玲奈会不会喜欢这首歌这样？』不过话又说回来，透过电话让我清楚地得知了一点。紫阳花同学只靠着嗓音与语气的抑扬顿挫，就能完美地表达出自己的感情。现在明明看不见紫...,0.9997037053108215,2751,1
2751,1211,...式微笑，又是怎么样比手画脚的。这其实是一项相当惊人的本领吧。『话说回来，小玲奈喜欢听什么歌呢？』「唉我、我吗？哎呀──其、其实我不太清楚最近流行什么歌。」实际上，我常常听游戏的ost。想要嗨起来的时候...,0.9997039437294006,2751,1
2751,1212,...去。这种喜好实在很难说出口。当然我不是针对紫阳花同学，纯粹是因为如果她问『为什么？』的时候，我除了『唉？不觉得很赞吗？』以外也没有其他回答了。「换、换我问你，我对紫阳花同学在听的歌也很感兴趣！如果方便...,0.9997041821479797,2751,1
2751,1213,...？喜、喜欢！？』「唉？呃，嗯，喜欢的歌。」下一瞬间，紫阳花同学的声音突然高了八度。这是何故？啊该不会这个话题踩到她地雷了！？「没、没有啦，就算是讨厌的歌也没关系！？比如最讨厌的歌是什么！」『唉？唉？讨...,0.9997044205665588,2751,1
2751,1214,...同学放声笑了起来。那是在班上也鲜少听到的那种轻松的爆笑声。呃虽然搞不太清楚状况，但应该不是她的雷点吧。紫阳花同学感觉好像很开心。我打从心底为此庆幸。紫阳花同学接着又笑了好一阵子才总算冷静下来。咦，我说...,0.9997046589851379,2751,1
2751,1215,...，小玲奈，我们来玩游戏吧。』唉？好、好突然！我想起之前一起去百货公司的专柜买化妆品时的紫阳花同学。和学校里那种轻飘飘的紫阳花同学不同，感觉很悠哉。（缺乏辞汇量）该不会紫阳花同学也和真唯一样，其实是在扮...,0.9997041821479797,2751,1
2751,1216,...个人挺任性的」。或许她也一直努力让自己维持品行端正的乖宝宝形象。嗯。虽然是有点吓到，但既然回到家里的天使大人想稍微放松一下，我作为一般人代表，自然是要奉陪到底！「好、好啊，不过要玩什么游戏？」『对啊，...,0.9997038245201111,2751,1
2751,1217,...君挑选一样开心。『啊，对了。就上次和小玲奈玩的那个如何？那个游戏可以连线一起玩吧？』「啊，啊──对，是可以呃，要玩吗？」『嗯。』她回应的声音听起来十分开心，就好比「阳角升到50级学会了最强的攻击魔法！...,0.9997039437294006,2751,1
2751,1218,...死了。不行啦，紫阳花同学不可以随便对人发出那样的声音如果是男生，光听到这句肯定就直接喜欢上紫阳花同学了幸好恋爱对我来说是绝对不行的，所以才逃过一劫。你真的是不注意点不行啦紫阳花同学『我去把游戏机拿到房...,0.9997043013572693,2751,1
2751,1219,...紫阳花同学好像把手机放在耳边就这样开始移动。在一片沉寂之中，只听得见紫阳花同学的呼吸声，总觉得好紧张「是说，我还是第一次和朋友一起连线玩游戏」『是喔？』「嗯。」基本上和我一起玩过游戏的朋友除了真唯之外...,0.999704897403717,2751,1
2751,1220,...」一声点了点头。『这样啊。那我就是小玲奈的第一次了呢。』「唉？嗯、嗯。」那句话的语气有别于紫阳花同学以往的感觉，我不太清楚其中究竟蕴含着什么样的感情。虽然不太清楚，但感觉是不是色色的！？我的情绪也太奇...,0.9997045397758484,2751,1
2751,1221,...，小玲奈什么时候才要来我家玩呢？』「唔呃？」听到她犹如小恶魔般的低语，我不禁叫出声。「今、今晚的紫阳花同学好积极啊！」『呵呵。』听到紫阳花同学甜美的笑声，我的脑子一阵酥麻！啊啊──这个不行啊！「如果紫...,0.9997045397758484,2751,1
2751,1222,...其实在考完试前是不太可能但之前都已经拒绝过一次了。既然有这第二次机会，就算我被车撞到骨折，也必须设法赶过去我如此发誓『不过在考试前应该不行吧？毕竟小玲奈现在都和小纱月腻在一起。』「不是，事情绝不是你想...,0.9997044205665588,2751,1
2751,1223,...纱月同学一样吗！「我无论什么时候都是把紫阳花同学摆在第一位的！」『这、这样啊。』她刚才有一瞬间顿了一下。难道她不相信我！？『小玲奈，你要注意一下才行喔。要是你随便对别人说这种话，可是会被误会的哦？不行...,0.9997045397758484,2751,1
2751,1224,...绝过她一次！「啊呜啊呜啊呜。」就在我啊呜啊呜的时候，紫阳花同学笑了出来，彷佛赦免了我所有的罪行。『呵呵不过我很开心。谢谢你。』这句道谢听起来无限接近真心话，害我不禁满脸通红，讲不出任何话了。『对不起哦...,0.999704897403717,2751,1
2751,1225,...之后再约也不要紧的。啊，那我们就等暑假再好好玩吧，好吗？』调侃我之后，现在超级体贴的，我的心灵得到了救赎。「嗯，嗯我会期待的」话虽如此，如果要去紫阳花同学的家里拜访，想必我前一天晚上会紧张得睡不着吧呜...,0.9997051358222961,2751,1
2751,1226,...晚上都在脑海模拟整个过程嘛一阵叩咚作响之后，紫阳花同学好像把游戏机搬到了房间。平常应该是放在客厅吧。『我先装一下游戏机，再稍微等我一下哦。』「好～」紫阳花同学的房间啊我不禁想像着电话的另一头。一定是很...,0.9997050166130066,2751,1
2751,1227,...河边聚集了许多动物『对了，我听小香穗说了，小玲奈现在』「啊，什么？」『正在努力让小真唯和小纱月和好对吧。』没错，姑且是这么一回事。这也代表我放学后之所以会和纱月同学待在一起，其实是为了说服她。实际上这...,0.999704897403717,2751,1
2751,1228,...觉还更加担心我。『那个，如果让你觉得不开心，我先说对不起哦。我在想，小玲奈为什么要这么努力呢』「呃──」为什么呢？难道我在别人眼中很拼吗？也对，看起来就是那样吧！可是呢，紫阳花同学。那是因为我的社交能...,0.9997050166130066,2751,1
2751,1229,...的事情，只有我做起来会需要用尽全力要是把这种自虐发言说出口，感觉会引来紫阳花同学无限安慰，导致我因为仅存的人性归零而想要轻生，所以我还是好好回答了她。「我想是因为王冢同学与纱月同学都是和我们同一个圈子...,0.9997046589851379,2751,1
2751,1230,...的说词听起来跟小学生同等级，但好像也因为这样而确实地把意思传达给她了。『嗯，你说得对小香穗也是哦，她毫不畏惧地在小真唯面前提起小纱月，我觉得她实在很厉害。是说，这样我反而显得很冷漠』不对不对不对不对不...,0.9997047781944275,2751,1
2751,1231,...七成都是液氮了吧」而且，我在学校本就没几个人能聊，只是因为真唯与纱月同学吵架，就对我造成莫大的伤害再说了，我对那种气氛实在是招架不住只是因为这攸关生死，所以我才会那么拼命。这一切都是为了自己！没错我就...,0.999704897403717,2751,1
2751,1232,...端肯定也在摇着头吧。『其实，我最近也在想自己要更努力一点。要再多认真考虑朋友的事，或是试着采取行动，尝试改变自己一下。』「唉？紫阳花同学也会这样想啊。」在我看来，那个与真唯在不同的意义上拥有一切的紫阳...,0.999704897403717,2751,1
2751,1233,...。』「这样啊。」紫阳花同学能算准纱月同学独处的时机而主动去陪着她，这份温柔是没有人可以模仿的。她明明就这么厉害。我差点脱口说出『就算照现在这样，紫阳花同学也很优秀了！』然后又打消了这个念头。对于想要改...,0.999704897403717,2751,1
2751,1234,...的话情报来源是我自己。我为了改变身为阴角的自己而付出了努力，若是被其他人高高在上地否定这份努力，就算是我也会觉得难过吧。幸好我没有不经大脑地就对紫阳花同学讲出这么不负责任的话。捡回了一条命。当我为此心...,0.999704897403717,2751,1
2751,1235,...『因为我其实非常喜欢小玲奈喔。』那声音流畅地滑进了我的心里，实在是太可爱，太惹人怜爱了。「呜呜，小的感激涕零」『唉？你的反应怎么像是得到了国王的称赞一样！？』「我也最喜欢紫阳花同学了！」『啊啊啊～呜呜...,0.9997041821479797,2751,1
2751,1236,...！』「嗯，我很期待！」从电话的另一头传来苦恼的声音，这不禁让我有点担心，不过紫阳花同学好像也在努力。说不定她将来会从天使升格为大天使，羽翼也跟着变为十六片。那既然游戏机也装好了，就开始玩吧，正当我们进...,0.9997038245201111,2751,1
2751,1237,...学的嗓音突然变得判若两人。「什么？」我回问了一句，但紫阳花同学好像在电话的另一头跟家里的人说话。『睡不着吗？』从说话的口气听来，感觉对方好像是小孩子。应该是紫阳花同学的弟弟吧。『唉？你说晚上玩游戏太狡...,0.9997038245201111,2751,1
2751,1238,...』紫阳花姊姊我的情绪变得有点怪怪的。紫阳花姊姊的低语声音档，以6980圆好评发售中（我是朋友所以免费）『不～行，你现在不能玩。明天还要上学吧。』有个小男孩『唉～』了一声。那是身为紫阳花同学弟弟的我。不...,0.9997038245201111,2751,1
2751,1239,...，不要打扰姊姊。』紫阳花姊姊好像很为难。温柔的紫阳花姊姊似乎不会像我一样，大吼大叫地说『你很烦耶──！走开走开！』『什么～？你不管长多大就是这么爱撒娇。妈妈呢？不要？比较想跟姊姊？』接着我听到「唉」一...,0.9997041821479797,2751,1
2751,1240,...是的好啦。』随后，电话里传来了歉疚的声音。『对不起，小玲奈。』「没事，没事。」我还以为是「让你久等了，对不起」的意思。『我得去哄小鬼头睡觉，先等我一下，对不起哦。』「啊，没关系！别在意！」『嗯再见。』...,0.9997047781944275,2751,1
2751,1241,...在房间的地毯上。紫阳花同学的声音还在耳里余音绕梁，我茫然地看着手机萤幕。有年纪差很多的弟弟，紫阳花同学肯定很辛苦吧。她每天回家后应该都要照顾弟弟吧。那么温柔的女孩子，怎么可能是冷漠的人呢。唉～下辈子我...,0.9997050166130066,2751,1
2751,1242,...觉正当我这样胡思乱想时，心里的真唯对我露出了完美恋人的微笑，并说『不过，你今生今世是我的未婚妻吧？』。我挥手打散这个妄想。喂喂，不要突然冒出来啊。我就这样默默地打开游戏画面发呆，稍微等了一会儿。可是，...,0.999704897403717,2751,1
2751,1243,...。真的很对不起』。真可惜不过比起这样的心情，我更希望紫阳花同学不要在意我这种用免费抽就能随手抽出一堆的角色。我把头靠在床上。啊，这个感觉，好像比我想像中还要累连与开朗快乐且可爱的紫阳花同学通电话都消耗...,0.999704897403717,2751,1
2751,1244,...己的未来，想着想着mp也已经见底了，便索性直接钻进被窝。认真考虑朋友的事吗纱月同学与真唯的问题也只要再过一阵子就能解决了。那接下来是不是就得重新在我与真唯的对决找到答案呢？既然真唯放话要在三年内攻陷我...,0.9997046589851379,2751,1
2751,1245,...间流逝。不过，我也希望有一天能抬头挺胸地将那位完美恋人称为『挚友』。「好。」我挺起身子，决定回到书桌前再努力一下。个性无法在一朝一夕之间改变，就算想拥有媲美于她们的美貌，也绝对是不切实际的白日梦。所以...,0.9997029900550842,2751,1
2751,1246,...比平常的睡觉时间稍微熬夜了一下，绞尽脑汁才好不容易把最后一题的空白补上。就算只是一小步，我也要每天慢慢前进！＊＊＊隔天，午休时间。在一如既往的教室里，缺少纱月同学的真唯小圈子四人正摊开着各自的便当。真...,0.9997027516365051,2751,1
2751,1247,...多该和纱月好好沟通一下了。」我嚼着嘴巴里面的点心面包，眼睛也同时眨个不停。和纱月同学沟通？也就是说「噢噢──」「不愧是真唯！」紫阳花同学鼓起了掌，小香穗盛赞这个决定。而我则是在慢了一拍后才大声说「沟通...,0.9997033476829529,2751,1
2751,1248,...是家常便饭了，但是她为何突然改变了想法呢？真唯一如往常地光鲜亮丽，向邻座的美少女──也就是紫阳花同学投以微笑。「其实，今天早上我和紫阳花稍微聊了一下。」竟然。真唯与紫阳花同学的感情当然很好，但我鲜少看...,0.9997040629386902,2751,1
2751,1249,...行一对一的密谈，感觉很像在开高峰会一样。紫阳花同学看起来有点难为情。「突然讲那种话，对不起哦小真唯。」「不，没关系。毕竟我也认为该设法做点什么了。是紫阳花同学从背后推了我一把。」「我没有做什么特别的事...,0.9997043013572693,2751,1
2751,1250,...唉！？「不过，我也想为了朋友做些什么。」「呵呵，你真是个值得夸赞的女孩。」「不会啦，我没那么厉害。」两位大小姐相视而笑。总觉得我好像看到背景开满盛开的花朵。这个画面实在太美美得像一幅画小香穗默默拿出手...,0.9997045397758484,2751,1
2751,1251,...么是现在拍？我是理解她的心情。「这样一来，真紫派就暂时领先了」「真紫派是什么！？」为了不让眼前气氛正好的两人听到，我低声询问小香穗。「自从进了这所学校后，真紫派与真纱派都在暗地展开激烈的争斗」「不是，...,0.9997047781944275,2751,1
2751,1252,...历史书籍般一本正经地说道，此时她突然话锋一转，痛切地说：「因为我们学校受欢迎的男生好像几乎都有女朋友了嘛～」「就算是这样」虽然顶着完美恋人的称号，但真唯是个如假包换的女孩子。真的要分类的话，算是闪闪发...,0.999704897403717,2751,1
2751,1253,...真唯与紫阳花同学宛如在社交界的派对现场久别重逢的儿时玩伴那样相视而笑。「我身边愿意与我平等对话的朋友很少，但紫阳花的态度自然且不加修饰，总是治愈我的心灵。我想和你长久保持交流。」「啊哈，听到你这么说我...,0.9997044205665588,2751,1
2751,1254,...兴。」「彼此彼此，紫阳花。」这两人登对到让我觉得她们该不会是天造地设的一对吧？是我的错觉吗？感觉好像正在推进以真唯当主角的故事主线而真唯的女主角究竟是紫阳花同学，还是纱月同学呢？也许出乎意料地是小香穗...,0.9997051358222961,2751,1
2751,1255,...主角最好的朋友最好的朋友吗感觉好有压力，好沉重的负担我没有插话，而是化身为一个有礼貌的观众静静地看着正在眼前上演的真紫小剧场。这时，小香穗毫不畏惧地举起了手。「我我我，我有问题！小紫是怎么说服真唯的呢...,0.9997045397758484,2751,1
2751,1256,...样做却不会讨人嫌，除了本身的个性使然以外，也归功于她擅长抓准插话的时机。竟然这么轻而易举就办到了如此高难度的事「这个嘛」真唯语带保留，看着紫阳花同学。紫阳花同学紧张地用手按住胸口，同时开口说道：「那个...,0.9997041821479797,2751,1
2751,1257,...很喜欢，不希望看到两人形同陌路，这样会让人有点难过。」紫阳花同学露出软萌的微笑，眉毛都垂成了八字。「所以这只是我在任性。只是在向小真唯撒娇而已。」她露出羞涩的笑容如此说道。一直以来，紫阳花同学那任性的...,0.9997038245201111,2751,1
2751,1258,...来。我想她以前从没在学校讲那种任性的话。紫阳花同学很受欢迎，和真唯与纱月同学两人的关系也很好，根本没必要这趟浑水。明明有可能被她们说「多管闲事」、「这和你无关」，但紫阳花同学还是鼓起勇气这么做。与我这...,0.9997043013572693,2751,1
2751,1259,...这才是真正的、货真价实的温柔的人。「小玲奈？你怎么了？」「唉？」回过神来，才发现我正目不转睛地盯着紫阳花同学。我慌忙地把脸别过。不知为何，我现在深深地感动，差点就热泪盈眶。紫阳花同学是个即使自己受伤，...,0.9997041821479797,2751,1
2751,1260,...比我想像中更加出色。不仅温柔、可爱，而且既坚强又高尚。「怎么了～？」「呜呜，没事啦真不愧是濑名前辈」「唉？这个称呼听起来很有心灵上的距离感耶！？」我无法抑制内心对她的尊敬，不禁脱口而出神啊感谢祢，谢谢...,0.9997039437294006,2751,1
2751,1261,...为感动而啜泣之前，真唯把话接了下去。「总之，事情就是这样，香穗。我以前从未考虑过自己的行为会让其他人带来有什么样的感受。没想到身边的朋友竟然因为我而感到难过。紫阳花同学告诉了我这点。」「不，我们是彼此...,0.9997037053108215,2751,1
2751,1262,...方好好沟通。我认为这就代表真唯是个成熟的大人。」「哈哈，听起来真害羞呢。」然而，即使是紫阳花同学也没识破真唯的真面目。那家伙可是能与成年人分庭抗体的女人我望着紫阳花同学与真唯卿卿我我的画面一会儿之后，...,0.9997039437294006,2751,1
2751,1263,...正注视着我。「我希望玲奈子当我们的见证人。虽然这样会占用你的时间，也会给你添麻烦，但如果只有我和纱月单独碰面，我的言词或许又会惹她不快。」嗯嗯，原来如此等等，什么！？话题突然抛到我身上，大脑一瞬间当机...,0.9997041821479797,2751,1
2751,1264,...我说吗？」真唯摆出装腔作势的微笑，呵呵一笑。不对不对。是因为我最瞭解两人发生争执的原因吧！？「因为玲奈亲是真唯的主推！」「正确答案（exactement）。」小香穗答出了王冢真唯举办的谜语大会的正确答...,0.9997044205665588,2751,1
2751,1265,...说不定，但不会简洁过头了吗！？「如何，玲奈子。这对你很困难吗？」「这、这个」我完全没有把握顺利帮她们两人居中调解。虽说最近都没什么逃走，但我现在仍然是不时就跑去顶楼耍自闭的女人。让这样的家伙去支援别人...,0.9997051358222961,2751,1
2751,1266,...算现在两人没有进行沟通，纱月同学本就打算再过一周就和真唯和好可是「如果小玲奈觉得困难，就不要勉强哦。」这个机会是露出温柔微笑的紫阳花同学为我们创造的。我绝对不能浪费她的心意。这种事我还是知道的。呜呜，...,0.9997051358222961,2751,1
2751,1267,...见状便把手放在我肩上，静静地摇了摇头。她的眼神在说「那可不是我的任务」。「那可不是我的任务。」喂，竟然直接讲出来喔。不会说什么要人看气氛，而是确实把意思传达给对方，小香穗对于我这种社恐来说实在是很可贵...,0.9997052550315857,2751,1
2751,1268,...交流的过程中，『简单明瞭』具有多么重要的意义。唔！美少女们的视线全都盯着我。这种事真的不适合我啦！可是，紫阳花同学也很努力了！真唯也决定和纱月同学沟通了！接下来就该轮到我了！我有气无力地拍了拍胸脯。「...,0.9997047781944275,2751,1
2751,1269,...法的」语毕，我努力不让胃里的午餐逆流喷出，脸八成笑得像个僵尸一样。只是，纱月同学那边该怎么办呢我这样心想，才知道紫阳花同学好像也事先和纱月同学说过这件事了。既然是紫阳花同学的请求，纱月同学虽然心不甘情...,0.9997050166130066,2751,1
2751,1270,...能让两人有对话的机会。不对，我还是明白这其中的道理。纱月同学本打算经过两周就和真唯破镜重圆，但现在充其量也只像以往那样透过让步以及妥协，由纱月同学这边退一步。若是真唯愿意低下头说『是我错了』并反省自己...,0.9997044205665588,2751,1
2751,1271,...的人是我！是我啊！？不是紫阳花同学耶！啊啊啊啊到底要怎么样才能帮别人调解，这种事情我可是一窍不通啊！所以了，纱月同学！千万别期待我的表现，请你一个人努力吧！我会在一旁为你加油的！加油（hurray）～...,0.9997041821479797,2751,1
2751,1272,...！「不了，那样感觉很烦，我不需要。」「是。」放学后，决胜负的时刻到来了。我与纱月同学在校门口痴痴地等了半天。因为真唯要我们在这里等她。「不过，这就像是在考验我这个人的人品，是一整个学期的集大成」没错。...,0.9997029900550842,2751,1
2751,1273,...肚子痛、头晕目眩、聊到一半时想躲进一个没有人认识我的世界我要活用这些经历感觉不行！「不要紧的，甘织。」纱月同学（带着本人自以为温柔的微笑）为我打气。「你只要待在我身边就行了。这样就能给带来我莫大的勇气...,0.9997022747993469,2751,1
2751,1274,...，也会让我冷静下来，感觉能让我表现出自己平常的一面。体重也会掉个3公斤，即使一天只睡4个小时也能获得等同于8小时睡眠的效果。若是去买彩券想必还能中两亿圆的大奖吧。」「这是什么可疑购物网站的宣传标语吗！...,0.9996997117996216,2751,1
2751,1275,...不会，是没关系啦你有这份心意我就满足了」「我不买彩券的。我不想把希望寄托在这种模棱两可的事物上面。」「你说的骗人是指这个！？」我这样吐嘈之后，纱月同学突然咂了嘴。吓死了。「不过话说回来，今天真热啊我们...,0.9997010827064514,2751,1
2751,1276,...的学生从我们身边经过时，总是会有意无意地瞥向这边但这应该是身材高&#18487;的黑发美女纱月同学露出无精打采的表情，性感地伫在这里的缘故吧为了不让纱月同学气得等到一半就回去，我哈哈陪笑两声，急忙转换...,0.9997009038925171,2751,1
2751,1277,...唯说她会带我们去安静的地方。会不会是气氛很好的咖啡厅呢？」「你依然不瞭解那个家伙呢。」纱月同学对我嗤之以鼻。「怎么可能是那种一般人会想到的地方呢。如果是那个家伙，肯定会在讨人厌的意义上做出超乎我们想像...,0.9997004270553589,2751,1
2751,1278,...思。不愧是纱月同学，王冢真唯被害者协会的终身名誉会长。「嗯──那会是高级饭店的休息室吗？」「你还是太天真了，甘织。她甚至有可能带我们去她母亲公司，找一间能容纳30人左右的会议室呢。那家伙会坐在董事的位...,0.9996991157531738,2751,1
2751,1279,...心被人听到了吧？』。」「唉？好可怕」纱月同学吐出背景为黄昏色的叹息。她那长长的黑发随着暖风晃荡，彷佛是黑天鹅的翅膀。「听好了，甘织。不可以对她做的每一件事都大惊小怪。那家伙会因此得意忘形，然后又带着纯...,0.9997017979621887,2751,1
2751,1280,...。」「我、我知道了！前辈！」「对抗她的策略就是无动于衷。无论她做了什么、把我们带去什么地方，只要一句『就这样啊』来避开她的招数。」「不愧是前辈对付王冢真唯的专家。」「没错。我自从在国小时代想出这个方法...,0.9996887445449829,2751,1
2751,1281,...多花点心思，让她大吃一惊！』，结果创造了一头总是享受逆境的怪物。」「原来都要怪纱月同学吗！？」她突然道出了令人震惊的真相。换句话说，至今真唯对我所做的各种事情，如果要归根究柢，一切的原因都在纱月同学身...,0.9996927976608276,2751,1
2751,1282,...」「负责！请你负起责任！」「负、负责？等等，你在大庭广众之下叫什么啊」「不──是啦！我指的是真唯！」「嗯，我知道。」「刚才只是开个玩笑对不对！我也知道了！」「唔」纱月同学一瞬间不悦地皱起眉头。我虽然有...,0.9996942281723022,2751,1
2751,1283,...的面具，对我说出了真心话正当我内心百感交集时，真唯终于来了。与其说是真唯，应该是豪华轿车。「又是豪华轿车我都开始觉得豪华轿车在国内随处可见了呢。」「甘织，清醒一点。」顺道一提，我目前看过的豪华轿车虽然...,0.9996978044509888,2751,1
2751,1284,...豪华轿车应该在三台以上。怎么，炫富吗？她确实是有钱人啦。豪华轿车停下来之后，女司机从车上走了下来，就像是在打开王宫的大门那样打开了后面的车门。接着，从里面溢出闪闪发亮，犹如光之粒子的物体。那是纤长的金...,0.9997014403343201,2751,1
2751,1285,...」修长的双腿落在地上，真唯从车上下来迎接我们。见完美恋人在眼前现身，放学途中的女学生们都发出了兴奋的叫声。也可以感受到男生的视线都纷纷投向这边。嗯──不论是这张脸、这身材，还是这个财力她兼具了要在人类...,0.9996989965438843,2751,1
2751,1286,...。这种怪物竟然是自己的儿时玩伴，纱月同学现在究竟在想什么呢？她依然面无表情。我懂了，这就是无动于衷「太慢了。」听到这句话，站在一侧待命的美女司机低下了头。「非常抱歉，琴小姐。」「不会，我并不是在向花取...,0.9997028708457947,2751,1
2751,1287,...。因为我想说琴小姐应该会很为难吧。」「甘织，我回去了。再来就拜托你了。」你甚至还没和真唯好好说到话吧！「等、等一下！我一个人去也没有意义吧！？好嘛，一起去啦，啊，对了！你现在回去的话，明天紫阳花同学会...,0.999702513217926,2751,1
2751,1288,...这样啊』，我可不想看到这样的紫阳花同学！」「唔」我在场上翻开王牌『濑名紫阳花的悲伤』。从第一招就已经使出浑身解数了。纱月同学闻言，心有不甘地停下了脚步。「人生在世，就是会不断地受到羁绊阻碍着自己如果我...,0.9997039437294006,2751,1
2751,1289,...」「虽然我不是很懂，来，请吧，请上车。」与死气沉沉的纱月同学形成鲜明对比，真唯露出看不见一丝阴霾的笑容。花取小姐（每次都是她开车，现在才终于知道她的名字）打开车门，说了句「请吧」。「谢、谢谢你。」「不...,0.9997041821479797,2751,1
2751,1290,...完美营业笑容。感觉有点可怕！我和纱月同学走进后座（豪华轿车也是这样叫吗？），坐在真唯的正对面。是说，我们干脆在这里说话不就得了？豪华轿车载着我质朴的疑问往前行驶。明明能听到引擎的声音，却感觉不到丝毫晃...,0.9997038245201111,2751,1
2751,1291,...思议呢？「呃」真唯随手翻着时尚杂志，纱月同学头则是一直望着窗外。我受不了这沉默的气氛，微微举手抛出话题。「话说，我们现在要去哪啊」真唯浅浅一笑。看到她的笑容，我差点忍不住呻吟出声。「当然是个适合让我们...,0.9997041821479797,2751,1
2751,1292,...唯实在好美，害我不禁满脸通红。因为那正是美女充满魅力的笑容，而在她笑容底下透露出纯粹的善意，正满心期待着该做点什么事来让别人大吃一惊。「我就说过了吧。」「在讨人厌的意义上超乎想像的女人」坐在对面的真唯...,0.9997045397758484,2751,1
2751,1293,...正确的理解。这里是位于银座的高级料亭。从停在店门口的豪华轿车下来后，真唯靠那张熟客的脸走进了这家店。接着我们在类似旅馆玄关的地方脱下鞋，穿过彷佛会通往异世界的蜿蜒长廊之后，就来到了这里。这是只有在连续...,0.9997044205665588,2751,1
2751,1294,...会听到庭园造景的添水不知从哪传来的「咔砰」声。从今以后，我恐怕永远也不会突然想到说『啊，对了，去银座的高级料亭吧』。所以今天是我第一次光顾料亭，也是最后一次真唯一脸得意地喝着端上来的茶。「这里很安静，...,0.9997041821479797,2751,1
2751,1295,...们好好交流吧？这次我肯定没有弄错。」「你对事情的判断标准根本不像女高中生这里充满隐蔽性，应该是像政治家在密谈时才会用的吧」思考的方向确实没错，但这种感觉就好像听到有人随口说了一句「好想吃甜点啊」就开整...,0.9997039437294006,2751,1
2751,1296,...？这里的宴会料理很不错哦。」「那是当然的吧！毕竟这里是料亭嘛！？」「不能一概而论哦，玲奈子。即使是料亭，也还是有一些店会打着自己的招牌而不思进取。尽管近年来这种情况着实令人叹息，但这家店可是有真本事的...,0.9997039437294006,2751,1
2751,1297,...这个啦！」眼里闪耀着光芒，一脸得意的真唯说了句「总之呢」将眼神微微偏向旁边。「毕竟我之前曾答应过要请你吃美食，却没能遵守约定。所以才想趁这个机会顺便帮你实现这里很安静，也不会被他人打扰吧？」「呜。」眼...,0.9997043013572693,2751,1
2751,1298,...很安静，人口密度极低，所以我这个家里蹲也不需要逃去厕所。我没想到真唯竟然会如此深刻地反省之前带我去派对的那件事。看到她的态度如此值得赞许，我顿时感到左右为难。因为她这么体贴，我当然会开心嘛！当我正不知...,0.9997041821479797,2751,1
2751,1299,...我家里还有煮饭。如果你们要用餐，等事情谈完再随你们高兴吧。」「这样啊。那么玲奈子，我们就点两人份的菜单如何？」「呜呜那、那就照你说的」我顿时汗如雨下，像个铁皮人偶那样点了头。不好意思，现在临时插播一条...,0.9997033476829529,2751,1
2751,1300,...！？可以吗？谢谢！努力打工的纱月同学要先回去，而我留下来的理由就只是因为真唯喜欢我，就在这么厉害的地方陪她用餐，这么做绝对是不行的吧！？可是，这是真唯特地为我安排的宴席耶！？而且我不是没办法拒绝别人的...,0.9997044205665588,2751,1
2751,1301,...分五裂，但还是点头同意了。真唯像是注意到了什么似地「啊──」了一声，将视线落回手边的茶杯上。「不，还是算了。」真唯抬起头，莞尔一笑。「今后有的是时间和你一起吃饭。我不打算偏离原本的目的。今天来这里是为...,0.9997041821479797,2751,1
2751,1302,...这么温柔呢！我、我明明背叛了真唯背着她和纱月同学交往啊完了。在真唯和纱月同学开始沟通之前，我就好像要因罪恶感而死了。我默默地缩着身体，这时，纱月同学切入正题说「比起那种事」。「你找我有话要说吧。麻烦先...,0.999703586101532,2751,1
2751,1303,...显得一派轻松。「做着自己不习惯的打工感觉如何？会不会很辛苦？」「没那回事。而且还能用员工价买到甜甜圈。」「以一个社会人士的资历来说，我算是前辈。要是遇上困难，无论有任何事都可以来问我。」看来真唯好像也...,0.9997034668922424,2751,1
2751,1304,...当一个社会人士的资历更长？这个像贵族一样的女人到底在从事什么工作想到这里，我才想起她很早之前就开始当模特儿了！「社会人士唉？原来真唯，算是社会人士吗？」每个高中生心里都有的那座标着『社会人士！』、一身...,0.9997029900550842,2751,1
2751,1305,...雕像。真唯浅浅一笑。「是啊，玲奈子。和你一起玩的时候，我花的都是自己赚来的钱。毕竟我平常忙于学业与工作，实在没时间花钱。所以你不用在意，就照以往那样让我为你花钱吧。我很乐意包养你。」纱月同学立刻表现出...,0.9997028708457947,2751,1
2751,1306,...，这是误会啊！我从来没开口向你要钱吧！不都是你自作主张花掉的吗！？这是在捏造记忆，我反对！」我用尽全力将双手摆了个大叉叉，并催促她们两人说别的。「别说这个了，好了，对话！快进入正题！」「哦，说得也是。...,0.999703586101532,2751,1
2751,1307,...然带上了几分认真。真唯平常给人的印象是很轻柔的，就像披着金黄色长毛的绵羊。不过一旦像现在这样严肃起来，给人的印象就整个判若两人。现在的她是无论什么样的黑暗都无法玷污的光之女神。我为了不打扰她们两人，决...,0.999703586101532,2751,1
2751,1308,...吧。」喔，不错的开头。「没有啊。」纱月同学撇开视线。不肯轻易承认『是啊』，这就是少女心。尤其是在面对真唯的时候。纱月同学的倔强程度远远凌驾于钻石的硬度。「你依然和以前一样啊。完全不肯明说我究竟是什么地...,0.9997044205665588,2751,1
2751,1309,...也不是喜欢才这么做的。」「你随心所欲做的事情可多了吧。」「如果你是因为这样而生气，那也没有办法。但是，如果这不是你生气的点，其实我也没有那个意思。至少把你生气的理由告诉我吧，这样我好歹还有余地改善。」...,0.9997039437294006,2751,1
2751,1310,...看来，是有什么话想说却又难以启齿。真唯反而来得理智许多，这个画面与平常两人在教室里的形象完全颠倒了。「尤其是这次拖了很长时间。照以往的经验，应该只要过了三天你就会露出无奈的表情，让一切恢复原状。看来你...,0.9997023940086365,2751,1
2751,1311,...，这样对我也是一件好事。」「所以，我就说不是了。」不管真唯再怎么恳求，纱月同学也肯定没办法坦率表达自己的想法。我对此实在看不下去，忍不住插嘴说道：「其、其实啊，真唯。纱月同学对真唯之前说的『因为你喜欢...,0.999702513217926,2751,1
2751,1312,...！我按着侧腹，对突然出手的纱月同学抱怨。「因为纱月同学不肯说嘛──！」「让这个女人知道我因为这件事一直记仇的话，你知道会有什么后果吗？我会一辈子都无法在她面前抬起头的！再说我本来就没有记仇！」「唉──...,0.9997014403343201,2751,1
2751,1313,...表情回看纱月同学，她的脸颊顿时染上红晕。「我说啊！趁这个机会，我想好好澄清一个误会！」纱月同学气势汹汹地指着真唯，闭上眼睛大喊。「先声明，我才没有喜欢真唯呢！」「这句话是对人家喜欢得不得了的人才会说的...,0.9997020363807678,2751,1
2751,1314,...瞪了我一眼，吓得我浑身发抖。她把视线从我身上移开，顺势对真唯露出凶狠的眼神。「还有，你也是。你为什么认为我喜欢你？你倒是说说看根据在哪，讲啊。」「这种事情有必要一一说明吗？你从以前开始就一直在我身边，...,0.9997026324272156,2751,1
2751,1315,...一个人连声点头。纱月同学顿时有点退缩。「什、什么心情啊？」「无论什么事情都会冲着我来。简直就像国小的男生一样。会想要让喜欢的对象为自己困扰。我很瞭解这种心情。」出、出现啦──！王冢真唯的公主积极心态！...,0.9997039437294006,2751,1
2751,1316,...啦我的行为从来没让你困扰过吧？」「没那回事。就好比现在，我也因为不知如何与你和好而感到困扰。因为我不晓得该如何回应紫阳花、香穗与玲奈子的期待。」「再说，我都已经高一了，怎么可能做出那种孩子气的行为呢。...,0.9997040629386902,2751,1
2751,1317,...唯，你想让真唯觉得困扰所以才和我喔嘎！」侧腹传来一阵刺痛！「我已经是个大人了。无论是看得见的地方，还是看不见的地方都是。」眼见纱月同学如此主张，真唯说出的回应听起来相当残忍。「在我看来，从我认识你的那...,0.9997034668922424,2751,1
2751,1318,...唯有没有识人之明，说实话我觉得没有。从她把我称为「命定之人」这点就一目瞭然。但是，先不论这点，真唯总是一眼就能看穿事物的本质。大概是因为她一直扮演著名为王冢真唯的超级巨星，反而让她为此烦恼，认为「所有...,0.9997037053108215,2751,1
2751,1319,...情转而奉献给别人，那当然会形成这种人见人爱的善良个性。是这样没错但假使她再怎么逞强，再怎么努力，若是虚荣和虚饰都不管用的话，事情就另当别论了。想到这里，我才发现真唯与纱月同学两个人真的很不合拍实际上，...,0.9997019171714783,2751,1
2751,1320,...话都说不出来了。「怎么会为什么你要说这种话」纱月同学盼望着『自己想要的未来』，并把它当作铠甲穿在身上，每天都在战斗。在真唯眼里，又是如何看待纱月同学的这番努力呢？我想像了一下，顿时有点害怕。纱月同学虽...,0.9997013211250305,2751,1
2751,1321,...对此感觉不到任何价值？她是不是甚至会同情纱月同学「又给自己增加了无谓的负担」虽然这应该只是我妄想得太夸张了啦！像是要把积压许久的郁愤发泄出来那般，纱月同学大喊。「──那你自己又怎样！」「你指什么？」「...,0.9997023940086365,2751,1
2751,1322,...」「那是因为」「你也许以为自己长大了，但老是在给周围的人添麻烦！该不会你的脑子都被国小女生塞满了吗！？」某种意义上，纱月同学或许也是像真唯那样指出对方不希望被揭开的疮疤。但与没有恶意的真唯相比，纱月同...,0.9997026324272156,2751,1
2751,1323,...小姐的真唯也不免会受到打击，嗓音中带着几分的不愉快。「这件事现在跟我的事情无关吧？对了，你对玲奈子滔滔不绝地说了不少事情吧。关于这点，是没有事先封你口的我疏忽了。」「是啊，你从以前就总是粗心大意。一直...,0.9997028708457947,2751,1
2751,1324,...抱着毫无根据的自信表示『如果是我就没问题』，结果因此吃了苦头呢。你之前惹甘织生气的时候不就是这样吗？」又是一番扎心的言论。真唯不禁眯起了眼睛。「那件事是我不对。我承认自己的失败。但即使如此，我也一直在...,0.9997047781944275,2751,1
2751,1325,...一直以来努力的成果，当然要秀给身为恋人的甘织看看了。甘织，下次来我家玩吧。仔细找找应该还能找到十几二十张真唯搞砸事情时嚎啕大哭的照片。」「咦？」真唯哭泣的脸我完全想像不出来。确实是很想看啦这时，真唯「...,0.9997046589851379,2751,1
2751,1326,...想把玲奈子牵扯进来！你真的很坏心眼！」「在上次我陪哭得死去活来的你耗到早上五点半的时候，我的温柔就已经消失殆尽了！真唯你对他人的温柔以待太习以为常了！我就是讨厌你这一点！」「我也不喜欢你这种事后就要讨...,0.9997047781944275,2751,1
2751,1327,...在逞强！要是我拒绝了，你根本就无处可去！」「不，才没有那回事。」吵架了，她们开始吵架了我吓得缩在一旁，此时真唯朝我靠了过来。然后，执起了我的手嗯？「因为我现在有一个打从心底爱着的女性。下次开始我就会拜...,0.9997051358222961,2751,1
2751,1328,...一脸讽刺地看着纱月同学。「所以纱月，谢谢你至今所做的一切。今后我身边有玲奈子陪伴。我会和玲奈子共度人生。我们结婚吧，玲奈子。」「我才不结咧！？」你趁乱说什么东西啊！话说，真唯在游泳池那时也不肯让我看到...,0.9997051358222961,2751,1
2751,1329,...只不过是因为竞争意识作祟，而跟纱月同学在互呛而已但是听了真唯的话，纱月同学皱起了眉头。「『谢谢你至今所做的一切』？」我感受到她这番话里蕴含了「我明明忍耐了这么久一直陪着你，竟然就这样？」的愤怒。对纱月...,0.9997047781944275,2751,1
2751,1330,...我的背脊。怎么了？糟、糟糕。虽然不是很懂，如果继续待在这里，感觉会被卷进什么不得了的事情里面。啊，我的胃也开始痛了，我感觉到了！国中时代的精神创伤在我脑海里苏醒了。这是一种当你坚信哪里会痛的时候，身体...,0.9997038245201111,2751,1
2751,1331,...。好，去厕所吧。「呵呵。」我刚想起身，便猛然停下。「呵呵呵呵呵」我转头看去，纱月同学笑得嘴角弯得就像月弯一样。好可怕。她紧紧抓住我的手。简直就像是把想沿着蜘蛛丝往上爬的我拽下来的亡者。「真可笑。那么，...,0.9997017979621887,2751,1
2751,1332,...啊，这下糟了。「我就讲清楚点让你也能明白吧，我和甘织已经在交往了！」铛铛──！纱月同学的出柜宣言响彻整个料亭。啊啊──！我缩着肩膀，紧闭双眼，但当事人真唯却没有任何反应。我战战兢兢地稍微睁开眼皮。结果...,0.9997033476829529,2751,1
2751,1333,...不相信。啊，这也是应该的。像她这样如此瞭解我和纱月同学的关系，自然会觉得我们在交往是件无比荒谬的事。紫阳花同学和小香穗也是不对，虽然我不清楚小香穗是不是有什么不可思议的力量，但应该也不会相信。「就别扯...,0.9997027516365051,2751,1
2751,1334,...全不认为会有人选择你。」即使是这样，我也觉得真唯这句话有点太嚣张了！眼见真唯抚着长发露出得意的笑容，纱月同学把手机摆到真唯眼前。「这张接吻的照片就是证据。」「不可能！？！？！？」看到手机画面后，真唯惊...,0.9997028708457947,2751,1
2751,1335,...同学接吻的画面。「喂────！你怎么会有这张照片！？纱月同学！」「我早料到会有这种状况发生，所以事先开好了相机。」这个人！做事真的是无懈可击！话说，被人看到了接吻的画面，就算对方是朋友（真唯），也让我...,0.9997033476829529,2751,1
2751,1336,...看到这张照片！」「怎么样？」「真唯不就会误会了吗！」即使我用尽全力呐喊，但纱月同学听完还是无动于衷。「误会？你在说什么啊？」纱月同学把手贴上我的脸颊。咿！她的手心微微发烫，我能感受到纱月同学现在有多么...,0.9997020363807678,2751,1
2751,1337,...「这张照片已经说明一切了吧。是说，要在这里继续也可以喔。」如果是在两周前，我肯定会被纱月同学的气势震慑，脸红得一句话也说不出来，只能让嘴巴一张一合的吧。但现在的我已经不一样了。我一把扯下纱月同学的手，...,0.9997034668922424,2751,1
2751,1338,...纱月同学便满脸通红。「那、那当然啊！毕竟我是第一次耶！」「没、没关系啦！那个吻不算数的！只是睡迷糊了而已！」「这只是你单方面的主张吧！」「因为我就是不行啊！我竟然夺走了这么漂亮的纱月同学的初吻！这个事...,0.9997037053108215,2751,1
2751,1339,...要求你负起什么责任吧！竟然把发生的事情当作没有过一样，我对你很失望！」看到我与纱月同学看起来几乎真的吵了起来，真唯错愕地低下头。「怎么可能我竟然，输给了纱月？」简直就像rpg的最终头目一样。「啊，不是...,0.9997032284736633,2751,1
2751,1340,...打算亲在脸颊的！这就像一场意外！所以说不是这样的！」「有什么不一样吗？」纱月同学从背后抱住我。你干什么啊！无法挣脱。纱月同学也很有力啊！纱月同学凑到我的耳边，宛如甜蜜的死神般朝我低语：「与我成为恋人，...,0.9997047781944275,2751,1
2751,1341,...认为你做得到就是。」她的声音在这鸦雀无声的房间里听起来莫名响亮。「成为、恋人？」真唯瞪大了双眼。从我这里可以清楚看到她的反应。「呜、呜呜呜不、不是啦这只是为期两周的限时交往」「是啊。但确实是『交往』吧...,0.9997047781944275,2751,1
2751,1342,...同学、真唯与后悔夹在中间，我感觉快被压扁了。事情为什么会变成这样啊？我明明一开始就知道了啊。要是和纱月同学成为恋人，就会伤害到真唯。因为我满脑子都想着要让她们和好，所以才没有心思顾及之后的事。应该还有...,0.9997047781944275,2751,1
2751,1343,...要更加珍惜，但我却瞒着真唯和她的儿时玩伴交往，真的是差劲到不行了。真唯有气无力地抬起头，从发丝的隙缝之中，可看到她濡湿的眼眸映着我的身影。如果真唯向我抱怨「我明明把你当作朋友的」，我说不定就再也无法振...,0.9997051358222961,2751,1
2751,1344,...个恋人，竟然还出轨」「朋友！我们是朋友！玲真挚友！才不是恋人咧！」什么情况！？她难道一直以为我们在交往吗！？这家伙的记忆是被轰炸过了吗！？「因为你说过啊！『让纱月照自己的想法去做吧』！结果就变成这样了...,0.9997047781944275,2751,1
2751,1345,...腑地呐喊着，希望我阻止你，但我却放开了你的手」「哪有人为了试探恋人的爱情还故意出轨啊！」我立刻大喊。虽然这好像是在把责任推给真唯，真的很过意不去，但当时确实是真唯的话在背后推了我一把。「不是真唯自己说...,0.9997043013572693,2751,1
2751,1346,...那么，其实你的心依然在我这边」「我的心是属于我自己的啦！？」纱月同学站在深受打击的真唯面前，得意洋洋地搂着我的腰。「就是这个，我就是想看到这一幕」然后，她像即将给魔法少女最后一击的反派干部那样笑了起来...,0.9997041821479797,2751,1
2751,1347,...样子！啊，实在是太痛快了！今天就是我重生的日子！琴纱月的人生在今天圆满了！」纱月同学露出至高无上的笑容，放声大笑。啊啊真是的，这种地狱般的景象，我该做什么才好啊紫阳花同学，真的很对不起以我这种人的社交...,0.9997044205665588,2751,1
2751,1348,...底享受胜利的喜悦，真唯对她说道：「等等，纱月。刚刚玲奈子说你们是为期两周的限时交往吧。那之后你们打算怎么办？」「是啊。我起先确实是这样打算的，但我现在心情很好，若是甘织有那个意思，我也不是不能和她继续...,0.9997046589851379,2751,1
2751,1349,...好的不一样啊！我可是为了让你们俩和好才呃，仔细想想她都已经高呼胜利宣言了，怎么可能说『既然都过了两周，我们就和好吧，真唯』！这是当然的啊！「你要和玲奈子结婚吗？」「就这么办吧。」「才不会结咧！？」不要...,0.9997047781944275,2751,1
2751,1350,...里，真唯的脸上终于恢复了些许余裕。「那么，这代表我在今后的人生当中还是会有不少机会的。我可不是那种只尝到一次失败的滋味，就乖乖放弃的凡庸女人。」「唔听起来很烦人呢。」「我会让她忘了你。起码我还有这点自...,0.9997044205665588,2751,1
2751,1351,...「这不过是漫长人生当中的一个中继点。这种事也是有可能发生的。不如说这甚至是个机会，正是因为和你交往，才会让她更加深刻地体会到我的魅力。」「唔唔唔」经过逆境的洗礼后，重新站起来的真唯眼里闪耀着光芒。没错...,0.9997038245201111,2751,1
2751,1352,...教训，不断对我展开攻势。这种积极的态度正是真唯最大的优点。纱月同学嘴里念念有词，完全看不出她一分钟前才刚让人生圆满。「嗯是这样没错。」纱月同学抚摸自己的长发。看来在让真唯尝到败北的滋味后她也暂时得到了...,0.9997044205665588,2751,1
2751,1353,...白了，纱月同学其实也是个做事相当草率的女人而这段停滞对真唯而言，无疑是可乘之机。「那么纱月你要和我一决胜负吗？」「你说要决胜负？」「嗯，事情很简单。我和玲奈子目前处于难以决定要当挚友还是恋人的状态。如...,0.9997045397758484,2751,1
2751,1354,...月同学露骨地表现出厌恶的表情。「是这样讲没错。要是得为了防止你打扰我和甘织的关系，而不得不投入类似防卫经费的额外资源，我也很不愿意。」一点爱都没有！不对，要是有的话我也很困扰！「不过，你竟然会主动说出...,0.999704897403717,2751,1
2751,1355,...。如果我赢了，玲奈子就得还给我。」说什么还给你，我本来就不是属于真唯的！「她会和我结婚，一起建立幸福的家庭。玲奈子，你想生几个孩子都无所谓。我们轮流生吧。」「是要和谁生啊！」我终于忍不住叫了出来。是说...,0.999704897403717,2751,1
2751,1356,...己会发生什么大事的预感。或者说，事情肯定会变成那样。真唯与纱月同学都太过强势，待在她们两人争执的现场就如同身处暴风雨的正中央。好难受。我现在也是勉强站稳身子，更别说插嘴了，对我这样会察言观色的人来说绝...,0.9997045397758484,2751,1
2751,1357,...在能保护我的只有我自己了！「是吗？」纱月同学微微皱起眉头，用足以将我刚燃起的决心泼一盆冷水那样的声音说道：「那如果我赢了，我就要收下甘织的人生。」「人生！？我才刚刚高一而已人生就要拱手让人了！？」纱月...,0.9997045397758484,2751,1
2751,1358,...会当着你的面，一直感情要好地幸福生活下去。牵牵手，亲亲嘴，那个还会做更进一步的事。」「这太奇怪了吧！？」我用力呐喊。拼了命地喊。「没问题啊。我们就赌上玲奈子，一决胜负吧。」「好，来做个了断吧。」真唯与...,0.999703586101532,2751,1
2751,1359,...如果我的思考回路能更少女一点，对于这种被学园的完美恋人与她的劲敌你争我夺的状况心跳不已的话，接受方式就完全不同了吧。这两人对普通人来说完全就是高不可攀的花朵。真唯是家财万贯的艺人，纱月同学虽然家境并不...,0.9997040629386902,2751,1
2751,1360,...一个人交往，我的将来都能高枕无忧。真唯自不用说，一定会对我付出许多爱。而以纱月同学认真的个性，想必会完美尽到一名妻子的责任。完全不用担心彼此都是女性，就此过着一帆风顺的人生。我也想像个悲剧的女主角一样...,0.9997043013572693,2751,1
2751,1361,...我，好为难喔』。可是啊，不行，绝～～对不行！那种情况当然很幸福。是很幸福没错。但那份幸福与拒绝上学、关在家里玩游戏是一样的。如果要放弃思考，将自身的幸福交给他人，打从一开始我就不会想要实现在高中改头换...,0.999703586101532,2751,1
2751,1362,...客满满的电车那样，将身体挤进两人的视线之间。「玲奈子。」「怎么了，甘织。我们现在正在讨论重要的事。」「是我的人生规划对吧！？我何止知道，还再清楚不过了！」我为了让自己不畏惧那冰冷的视线，鼓起勇气大喊。...,0.9997039437294006,2751,1
2751,1363,...强调吧！？恋人关系对我来说是不行的！我想要的是朋友！」「可是玲奈子，你担心的是一旦恋情破裂，就会失去人际关系吧？我已经做好与玲奈子白头偕老的心理准备了。」「那我也这么做。」「纱月同学讲得太随便了！哼！...,0.9997041821479797,2751,1
2751,1364,...绝对不要！就算是选择恋爱对象，我也要主宰自己的人生，自己做决定！」当然，实际上我既没有谈恋爱的勇气，交往后也没有能顺利的自信。真要说的话，说不定我今后的人生再也不会出现喜欢我的人了。想想就觉得恐怖。完...,0.9997037053108215,2751,1
2751,1365,...边吧！「所以！」我像是要比出一个大字那样把手心朝向她们两人，如此大喊：「算我一个！这场对决，我也要参加！」听到这句话，连她们两人都很诧异。「什么？」「你说什么？」可恶，这两个家伙竟然把别人当成兑换用的...,0.9997038245201111,2751,1
2751,1366,...即使不擅长与人交流，胆小怕事，但只要透过愤怒驱使，这种事情我也能做得到。「可以吧！？你们可不会说与我无关吧！？」我来回瞪着真唯与纱月同学。「玲奈子竟然也要参战，真是出乎预料。」「我当然没有意见」真唯用...,0.999702513217926,2751,1
2751,1367,...决胜负吧。」「求之不得。这次我一定会让你俯首称臣。」「等等！」我不由得发出悲痛无比的叫声。只有纱月同学静静地微笑着。「展现你努力成果的时候这么快就来了呢，甘织。是时候回收伏笔了。我们这样的对手应该够格...,0.9997041821479797,2751,1
2751,1368,...魔王城啊！你们分别是年级第一和第二吧！？」说起来，教我念书的就是纱月同学。她的定位就类似师父。这样她肯定对我的实力掌握得一清二楚吧！？「不过，玲奈子是足以让我着迷的女性。那么你的潜力肯定也是十分了得。...,0.9997043013572693,2751,1
2751,1369,...成绩可是在平均分数以下耶！？」看到真唯莫名开心地在那边得意，我不禁毫无保留地现出自己丢脸的一面。大叫太多次了，感觉明天喉咙都要哑了但如果现在有所顾虑而不采取行动，我甚至会看不到明天的太阳！「嗳，那对决...,0.9997046589851379,2751,1
2751,1370,...权利吧！？」在我自己看来，这次发言相当具有正当性。「不，可是。」真唯率先回应我。唉？怎么了怎么了有什么问题吗我现在完全就是靠着气势在说话，要是时间拖得太久，我就会怯场的。因为从顶楼扔出去的纸飞机根本就...,0.9997047781944275,2751,1
2751,1371,...你声明一旦你取得胜利，我就得将自己的人生奉献给你，那么我们需要承担的风险就是相同程度了」「我绝对不会说这种话你放心吧！」「那你的目标果然是纱月吗！？」「不是！」要是我赢了之后想要什么东西，那不是明摆着...,0.9997041821479797,2751,1
2751,1372,...个场合的？没错，一切都是为了度过风平浪静、毫无压力的学园生活！而且，紫阳花同学相信着我，把这件事托付给我，那么我也要回应她的期待！「如果我赢了，和你们的关系就维持现状，今后依然是同一个圈子的伙伴！还有...,0.9997044205665588,2751,1
2751,1373,...面面相觑。两边都发出沉吟皱起眉头。看来她们相当讨厌这个赌注。但这种小事你们就接受嘛！因为这可是赌上我的人生耶！？纱月同学率先同意了。「算了，没问题。起码这样事情就简单多了。」对纱月同学来说，只要完全打...,0.9997038245201111,2751,1
2751,1374,...了，也不过是要完成本来就打算做的事情。另一方面，真唯看到纱月同学接受了这个赌注，也跟着点头同意。「没问题。那么，我们究竟要用什么项目来决胜负呢？」这点我早就想好了。我滑着手机，打开那张图片。向两人秀出...,0.9997029900550842,2751,1
2751,1375,...s！就用第一人称射击游戏来决胜负！」期限是到第一学期的最后一天为止。简而言之就是下周末。虽然准备时间有七天，但由于下周的周一到周三都有考试，实际上会更短一些。因为我不想给她们太多时间练习。「也太狡猾了...,0.9997029900550842,2751,1
2751,1376,...我只是选择了我最有可能赢下来的比赛项目！「怎么样！？」眼见我确认她们的想法，真唯理所当然地露出微笑。「我没意见。」她的笑容看起来游刃有余。她似乎确信只要一周就足以打败我。呵呵呵，中计了吧，王冢真唯另一...,0.9997015595436096,2751,1
2751,1377,...确实是有这个问题。毕竟这款出在ps4上，总不能只为了一次对战就让她把主机也买回来这时，真唯伸出了援手。「哦，我那里还有多一台，就把那台借你吧。」「唉？你为什么有两台？」「是我以前想说要练习格斗游戏才买...,0.9997033476829529,2751,1
2751,1378,...就可以对战了。」原、原来如此。也有人会这么想啊「那我就心怀感激地收下了。」「嗯，到时顺便连电视也一起送过去吧。」感觉到这两人是认真的，我的脸颊流下一滴汗水。不，现在还不是慌张的时候不要紧，应该没有问题...,0.9997034668922424,2751,1
2751,1379,...这不是在说大话，我是真的胜券在握。再怎么说，我好歹也选了自己最拿手的项目！「如果我赢了，你们就要乖乖和好哦！真唯、纱月同学！」「当然。但相对的，如果是我赢了」「嗯、嗯不，不用讲出来！就算不特地强调，我...,0.9997029900550842,2751,1
2751,1380,...应该能设法应付吧。」纱月同学立刻搜寻游戏的标题，在手机上浏览攻略网站。这才不是没玩过游戏的人会做的行动！你这个直接冲最短路线的女人！我虽然对自己很有自信，依然对她们两人深不可测的潜力感到害怕就这样，我...,0.9997043013572693,2751,1
2751,1381,...战！回家路上，我在送我回去的豪华轿车中收到了紫阳花同学传的讯息。『和好那件事，怎么样了？』我迟疑了一会儿，才给出回覆。『抱歉，有点一言难尽，但现在要开始战争了』『竟然恶化到这种地步！？』＊＊＊「总之，...,0.9997043013572693,2751,1
2751,1382,...真唯和小纱月就会和好，对吧？』「嗯。」隔天是周六，我一大早就在房间里和紫阳花同学通电话。我现在手机连着无线耳机，双手握着游戏手把。昨天于料亭的会谈结束后，我在两人开始练习之前先敲定好规则（像是地图、使...,0.9997045397758484,2751,1
2751,1383,...这点呢，我为了保证比赛的公平而采用了游戏中最标准的形式。如此这般，我为了重新将地图的每个角落都背得滚瓜烂熟，不断地开练习模式练习。顺便说一下，第二次的电话没有上次那种令人喘不过气的感觉。有一部分是因为...,0.9997047781944275,2751,1
2751,1384,...话有个明确的目的，就是要把真唯与纱月同学的沟通结果报告给紫阳花同学。只要有目的，我也是能好好讲电话的，嘿嘿嘿但毕竟我没能让她们顺利和好，这样还是会有些尴尬就是了！听我解释来龙去脉之后，紫阳花同学提出了...,0.9997047781944275,2751,1
2751,1385,...！」我顿时说不出话。那我就必须和那两人中的一人结婚了呢～这话一旦说出来，不知道紫阳花同学会作何感想我试着与脑内的紫阳花同学进行对话。玲奈子：哎呀～那我就必须结婚了呢～紫阳花：哦～这样啊。好辛苦哦～反应...,0.9997047781944275,2751,1
2751,1386,...！也对啦，紫阳花同学对我毫无兴趣，但就算是这样，提到与真唯或纱月同学结婚的话题，她一定也会很激动的。重来！玲奈子：其实那两个人说要和我结婚。紫阳花：唉？小真唯和小纱月这样说吗！？好厉害，她们俩那么漂亮...,0.9997047781944275,2751,1
2751,1387,...意接受小玲奈这个无论进入什么社交圈都只能混到中下层的人，简直是奇迹！「哒啊！」『咦？你突然怎么了！？』「不是，对不起，因为想像中的紫阳花同学说了很过分的话，一时忍不住」『想像中的我！？那是什么？这种事...,0.9997044205665588,2751,1
2751,1388,...为什么──！？』我从前曾把紫阳花同学想像成一个冷酷的人，虽说现在已经没有这种想法，但现在开朗如昔的紫阳花同学口出如此恶言杀伤力好像反而更高话说回来，这也对啦。看在旁人眼里（实际情况姑且不论），无论是真...,0.9997043013572693,2751,1
2751,1389,...我这番话，会不会觉得我只是讲得很像自虐，其实是在炫耀呢？呜呜，果然说不出口「如、如果她们两个赢了，我想想哈哈，也许会有什么惩罚游戏吧」『唉──？那就绝对非赢不可了呢！』「嗯我一定要赢，绝对要，就算赌上...,0.9997040629386902,2751,1
2751,1390,...做到这个地步你果然很厉害呢非常了不起喔。』我感觉掌管罪恶感的天使降临了。「那个，所以，就是今天要做些什么呢？」我会这样问她，其实也是意有所指地在说上次最后还是没玩到。『啊，嗯。待会我得带小鬼头去公园玩...,0.9997045397758484,2751,1
2751,1391,...这么说。」紫阳花同学对我低头道歉什么的，这实在让我担当不起。就像不能独占众生的母亲地球的恩惠那样，紫阳花同学所带来的恩惠当然也不能由我一人独享。『可是，可是。』电话那头的紫阳花同学就像在撒娇那般，轻声...,0.9997044205665588,2751,1
2751,1392,...儿～』「唉？啊，好、好的，嘿、嘿嘿这样啊，嘿嘿」好险。听到那可爱过头的声音，我脸上露出了超恶心的笑容，马上慌张地捂住了嘴巴。即使电话那头的紫阳花同学不会看见！「那就，呃我、我们要聊什么呢？啊，最、最近...,0.9997041821479797,2751,1
2751,1393,...的垃圾开头就抛出天气的话题，紫阳花同学还是微笑着回应了。这就是愿意奉陪人类的天使吗？总觉得这就像是一对一的对话训练。既然对方是无论什么话题都能接下，巧妙回应的紫阳花同学，根本就是超简单模式！这时，我听...,0.9997034668922424,2751,1
2751,1394,...。这是当然的。「紫阳花同学暑假要去哪里玩吗？」『还不知道呢。虽然想去很多地方玩，但我不太能出远门。』看来照顾弟弟们真的很辛苦啊。又响起了「姊姊──！」的叫声。我选择充耳不闻。我现在正与天使聊天，为什么...,0.9997044205665588,2751,1
2751,1395,...吧，你愿意来我家玩吧？』「那、那当然了。我会带很多游戏过去的！」『哇，我好开心。那我先烤好起司蛋糕等你哦。小玲奈喜欢吃蛋糕吗？』「唉！？喜、喜欢」能品尝到紫阳花同学亲手制作的蛋糕，这样根本是成为『人生...,0.9997043013572693,2751,1
2751,1396,...「喂。现在我和紫阳花同学聊得正开心呢！」「哎呀是吗？那么能优先考虑一下我吗？毕竟我们好歹是恋人吧？」伫立在我眼前的，是犹如月之国度公主的纱月同学。「唉！？」『小玲奈！？刚才我好像听到有人说恋人！？小玲...,0.9997028708457947,2751,1
2751,1397,...强行挂断好、好过分「纱月同学为什么会在这里」「我有联络你，但你没有接电话。住处是向花取小姐打听的。」纱月同学把看起来很重的手提包「咚」一声放在地上。她穿着便服，是一件长度偏长、布料却很薄的连身裙，今天...,0.9997032284736633,2751,1
2751,1398,...的形象不同，今天纱月同学给人的感觉就像夏天的大家闺秀那样清爽。不过，完全不会觉得这种形象不适合她，这样反而更加彰显纱月同学是个肤白文静的美女。「姊姊。」站在旁边的妹妹用看着人渣的眼神低头看着我。「你为...,0.9997020363807678,2751,1
2751,1399,...「唉！？不、不是啦是因为我正在和紫阳花同学通电话？」是说我无视的不是纱月同学，而是妹妹啦妹妹听完我的话后咂了嘴。为什么要咂嘴！？「啧姊姊，我认为你最好活得再正经一点啦。」撂下这句话后，妹妹「砰」一声用...,0.9997031092643738,2751,1
2751,1400,...。「怎么，你们在吵架吗？」「哎呀，不好说呢哈哈」糟糕。我好像听到了妹妹对我的评价降得更低的音效等一切都结束后，还得解开这个误会「呜呜，紫阳花同学的讯息一则接一则地」总之我先打了一段话，说这是来我家玩的...,0.9997032284736633,2751,1
2751,1401,...生我活着到底是为了什么「你还真是从容呢。」「唉？」我抬起头。「是、是说，纱月同学为何要来我家？」「因为我有很多问题想问你。」纱月同学拉开手提包的拉炼，随后我便看到里面装的是萤幕和ps4。什么？这是从家...,0.9997033476829529,2751,1
2751,1402,...」「没、没有。」我茫然地看着开始架好器材的纱月同学。脑袋依然还没接受纱月同学出现在我房间的这个事实。「啊，纱月同学，那条线是插在后面的。」「」「我、我来弄吧。」见纱月同学动作很不俐落，我便代替她接过了...,0.999703586101532,2751,1
2751,1403,...房间。「你的房间很干净呢。」「唉？是、是吗？」嗯，毕竟是妈妈帮我打扫的「哦～你就是在这里被真唯推倒的？」「噗！」我忍不住喷了出来。「纱、纱月同学，麻烦你更慎重地看待这种敏感话题好吗」「反正我已经全都知...,0.9997029900550842,2751,1
2751,1404,...」「是这样说没错啦」纱月同学在我床边坐下，翘着修长的双腿。从这个角度看过去感觉会被我一览无遗，于是我慌张地别过脸。「准、准备好了」「嗯，谢谢你。」纱月同学微微地向我靠了过来。不知为何，这个景象与我当初...,0.9997015595436096,2751,1
2751,1405,...当然，纱月同学只是从我身边经过，拿起手把。这也是应该的啦！毕竟她就是为这件事才来的嘛！「嗯？怎么了？」「没、没事」「你以为我会像真唯一样推倒你？」「没有！」这时，纱月同学将手把放到一旁。她带着浅浅的微...,0.9997003078460693,2751,1
2751,1406,...么没想到呢。其实不需要认真去拼个输赢。只要现在让你觉得比起和好，还是和我继续交往更重要的话──」「唉？等等！？」「甘织。」纱月同学的手轻轻抚着我的脸颊。我感觉被她抚过的地方都染上了粉红色彩。「啊就说这...,0.9996994733810425,2751,1
2751,1407,...在耳后，脸渐渐向我靠近。「喂，等等，不行，不行──！」尽管我已经吓到整个身体软掉，只能死命地闭紧双眼，但还是觉得纱月同学应该会像平常那样说一句『开玩笑的』，然后从我身边离开。所以，当嘴唇传来轻柔且湿润...,0.9997019171714783,2751,1
2751,1408,...纱月同学正用手指抵着嘴唇，一副若有所思的样子。她的举止实在太过漂亮，我一时无言以对。「你、你、你」我直打哆嗦，同时捂住嘴巴。「又、又多了一张证据照片！？这次你打算威胁谁！？紫阳花同学？小香穗？还、还是...,0.9997019171714783,2751,1
2751,1409,...同学不悦地皱起眉头，脸颊彷佛涂了腮红那样整个红通通的。「我只是想确认一件事情。」「什、什么事」我突然四肢发软，无力地瘫坐在地，只能抬头望着纱月同学。「我做事不喜欢不干不脆的。所以我从头仔细想了一下关于...,0.9997039437294006,2751,1
2751,1410,...生将要被我们之中的某人收下对吧。」「啊，嗯」「冷静下来想想之后，我发现今后还要活上好几十年，现在就选择你作为伴侣未免太过草率了。」「这种事情不用冷静下来也能想到吧！？」「因为对真唯燃起了竞争意识，害我...,0.9997044205665588,2751,1
2751,1411,...，但问题就出在这里。」「唔。」纱月同学紧紧握住我的手。像是在确认布料的触感那般，用中指轻轻抚摸着。「我想知道，我究竟是怎么看待你的。」「那、那个」被她目不转睛地盯着，我的心动摇到我自己都觉得很可悲。我...,0.9997037053108215,2751,1
2751,1412,...了纱月同学各方面的事情，老实说很开心，也知道了纱月同学真的很温柔。所以如果问我「想不想更进一步？」，我与经常带我去非日常世界的真唯不同，纱月同学是个脚踏实地的人。就算和她成为恋人，我想今后的生活与现在...,0.9997043013572693,2751,1
2751,1413,...，等纱月同学打工结束后再去她家过夜，还有，还有偶尔还能看见纱月同学不为人知的、超级可爱的表情。想到这里，我的脑袋差点就爆炸了。「不、不不不！不行不行，不行不行就是不行！」「我什么都还没说你依然是这么下...,0.9997019171714783,2751,1
2751,1414,...明就是纱月同学冷不防亲过来的！下流的是你才对！」「你喜欢我吗？」「与、与其说喜欢」不仅真唯。在我身边，又漂亮、又可爱、头脑又好、又会说话、又充满人格魅力的女孩实在太多，就算不是指恋爱方面的喜欢，会喜欢...,0.9997026324272156,2751,1
2751,1415,...说，纱月同学又是怎么看待我的──！」我像是整个人弹起来那样叫了出来，然后才意会过来。糟糕。万一纱月同学现在回答『喜欢啊』，当场扑过来的话，我该怎么办？这样不就和真唯那时一样重蹈覆辙了吗？我问的时候应该...,0.9997028708457947,2751,1
2751,1416,...「呜哇」一声向前伸出双手，把脸转到旁边尽量不去看纱月同学。这时，纱月同学开口了。「我不知道。」「唉唉？」纱月同学摆弄着自己的长发。「老实说，我也不清楚自己是怎么看待你的。这也没办法啊。毕竟，我还是第一...,0.9997020363807678,2751,1
2751,1417,...」「如果描述得再清楚一点，你说不定会受到不小的打击，即使这样你也想听吗？」「没关系」「那我就说了。」纱月同学似乎有点难以启齿，支支吾吾的。「你是个怪人。」怎么这样我又再次被打上了「你不是一般人」的烙印...,0.9997044205665588,2751,1
2751,1418,...我是个平凡到不能再平凡的」我的小小抵抗，被无情地折断了。「一般来说，是不会有人愿意和我签订为期两周的恋人契约的。而且，竟然还是因为不让我和真唯和好的话就会喘不过气，窒息而死。为了活下去你也太拼了吧。」...,0.9997044205665588,2751,1
2751,1419,...名开心。「你真的是既鲁莽，又瞻前不顾后。但是我并不讨厌。」「纱月同学？」「毕竟，要说鲁莽我也是半斤八两。这个游戏真的很难。」纱月同学拿起手把，浅浅地笑了。「为了打败真唯，我需要你的协助。你可以教我该怎...,0.9997019171714783,2751,1
2751,1420,...不过还是拜托你了。」「嗯、嗯。」我这时为什么会点头同意呢？纱月同学明明是我的对手。我应该没有游刃有余到可以送盐予敌才对。尽管我可以想到各种原因，但最重要的一点就是她是决定要打败真唯的伙伴这样讲也不对，...,0.9997019171714783,2751,1
2751,1421,...一起玩游戏。这个环境对我来说实在是太开心了。只是──「纱月同学，你被射了，你被射了啦！」「唉？这是怎样？死了吗？」「你手上明明就有枪，为什么还要刻意用拳头攻击啊！？」「因为射不到嘛。」「看地图啊，地图...,0.9997005462646484,2751,1
2751,1422,...！」「哦，这个吗？我不知道怎么看，以前一直都无视它。」感觉未来是一片黑暗啊！我向着放在眼前的两台ps4与电视，用平常四倍的音量大喊，此时太阳也下山了。纱月同学又说出了惊人之语。她说「今天我要在这里过夜...,0.9996985197067261,2751,1
2751,1423,...为这个要求实在来得太突然，我面露难色地表示『呃，好像不太方便』。可是。「我就算一个人在家玩游戏，也不晓得该怎么样才能玩得更好。而且也只有今天晚上不用打工。所以我想趁这个机会练得再更厉害一点这样也，不行...,0.9996821880340576,2751,1
2751,1424,...当然，这样一来我自己的练习时间就会减少但我没办法拒绝。因为，有朋友（未满）来家里玩，还要两个人一起通宵玩游戏什么的。这肯定会在青春留下灿烂的一页吧！「呜──好吧总之我先去问问我妈妈哦。」「嗯，谢谢你。...,0.9997010827064514,2751,1
2751,1425,...里吧。」我把纱月同学留在房间，走去找妈妈。现在这个时间，她应该在厨房准备晚餐。「那个──妈妈。」「嗯～？」我地拜托她。「我的朋友（未满）问说可不可以留下来过夜，你、你觉得呢？」感觉问这种事也怪害羞的然...,0.9997029900550842,2751,1
2751,1426,...米杯掉下来的声音。「唉？唉？怎、怎么了？」「玲奈子」她把双手放在我肩上，顺势抱紧了我。唉？唉唉唉？「什么？这怎么回事！？什么状况！？」「当然没问题啊想住一周还是两周都可以她是玲奈子的朋友吧？」「呃，对...,0.9997039437294006,2751,1
2751,1427,...所以我也只好配合她连连点头。母亲感慨万千地捡起量米杯，抬头仰望天花板。「啊，竟然要帮玲奈子的朋友煮晚餐，这是自你国小五年级的8月27日以来的第一次呢」「你为什么还记得啊！？好可怕！」我之所以叫出来是因...,0.9997047781944275,2751,1
2751,1428,...有朋友来家里过夜了，甚至没有人来家里玩过。仔细想想，真唯还是第一个进入我房间的朋友！但竟然会让她这么高兴妈妈应该也有看到真唯来家里玩，但真唯给人的感觉该怎么说，好像就是不能列在里面。像我自己也是，如果...,0.999704897403717,2751,1
2751,1429,...，我可能也会震惊地说『你们、是朋友？』。「那、那就交给你啰！」「嗯嗯，包在我身上，为了让她还想再来玩，妈妈会加油的。」「不用做多余的事啦！」就这样，纱月同学也和我们一起吃了顿莫名丰盛的晚餐。她就像之前...,0.9997038245201111,2751,1
2751,1430,...大量赚取了爸爸与妈妈的信赖。真唯也是这样，她们这种地方真的很厉害实在让人敬佩不已可是，至于另一边。「我吃饱了！」只有妹妹两三下就把饭吃完，跑回房间去了。呜呜，好尴尬「我洗完澡了。谢谢。」「好～」纱月同...,0.9997043013572693,2751,1
2751,1431,...间。身上的睡衣和以前看过的一样，是简朴的衬衫和短裤，毫不吝惜地将平常被裙子遮住的双腿展现在我眼前。好白好长在适度地保养好皮肤后，纱月同学又拿起了手把。接着她默默地启动了游戏，坐到已经完全成为固定位置的...,0.999702513217926,2751,1
2751,1432,...学从白天开始，除了上厕所、洗澡还有吃饭以外，其他时间都一直盯着萤幕。她现在是听从我的指示，和低难度的电脑对战。这是为了让她熟悉这个游戏，记住一局的整个流程。而且最重要的是让她养成胜利的习惯。如果是刚接...,0.9997015595436096,2751,1
2751,1433,...，肯定会不知道该如何取胜。所以当务之急是让她在低负荷的环境之中掌握比赛的流程。这样之后应该也会慢慢找到习惯的武器吧。「」纱月同学把靠枕放在肚子，双手抱膝，坐在地上默默地玩游戏。眼见她如此热心专注，我不...,0.9997014403343201,2751,1
2751,1434,...拿着换洗衣物，慌忙逃出了房间。直到冲进浴室，我才得以喘一口气。当我简单地清洗身体，正要泡进浴缸的瞬间，一股邪念直冲我的脑门。这是纱月同学刚泡过的浴缸啊。不对不对不对，再怎么说我们前阵子也一起洗过澡！这...,0.9997010231018066,2751,1
2751,1435,...浮气躁。「纱月同学啊」她很认真在努力。这点我当然明白。可是「只练习一周，怎么想都没办法赢吧」纱月同学并非不擅长玩游戏。她练起来反而很有效率，集中力也很优秀。比我这种人更能抓到诀窍。她打工那边的人也说她...,0.9997013211250305,2751,1
2751,1436,...能玩得很好。fps也是这样。就像是学了加法、减法，记住九九乘法表，学会方程式，在累积了许久的计算能力之后才能彻底掌握微积分。「至少要一个月不，只要三周，说不定就有机会」想到这里，我又摇了摇头。我在说什...,0.9997005462646484,2751,1
2751,1437,...学了耶！？没错。只不过是看到了纱月同学那么努力就心软的话怎么行。我必须狠下心，我要赢取自己的人生。起码我是有问必答，教她的时候也没有撒谎。我做得很公平。这样就足够了，要是再更进一步该怎么说，就是不行！...,0.9997010231018066,2751,1
2751,1438,...在浴室里烦恼不已。近来我总是觉得罪恶感就像一个很会情勒的女友那样，一直对我死缠烂打的这时，门的另一边传来了声音。「姊姊。」是妹妹！想必她是有什么话要说才特地来找我的吧。没想到她会看准纱月同学不在身边、...,0.999700665473938,2751,1
2751,1439,...可逃了！「对不起。」「唉？」听到她突如其来的道歉，我顿时着急不已。而且她语气还莫名消沉。感觉比误吃了我珍藏的哈根达斯那次还要真诚。「那个，刚才纱月前辈来找我聊了一会儿。」「唉、唉你和纱月同学聊过了？」...,0.9997000694274902,2751,1
2751,1440,...然这可能是我多管闲事，不过你们为什么在吵架呢？』。」「嗯、嗯嗯」妹妹应该也不会说是因为我搞外遇吧！不对，她说不定会这样说！你说了吗？妹妹！当我正在烦恼的时候，妹妹继续说了下去。「那个，我后来听说了事情...,0.9997010231018066,2751,1
2751,1441,...目的才和她交往的。她说因为自己讲了蠢话害我误会，觉得很对不起我。她还说姊姊只是人很好，并没有做错什么。」「不，那个。」原来纱月同学说了这些话啊。「呃，事情是这样没错啦」「她说姊姊真正喜欢的是真唯前辈。...,0.9996994733810425,2751,1
2751,1442,...对不起。」「呃，不会啦」听到妹妹如此正经地向我道歉，总觉得很难为情。「毕竟是我自己做出让人误会的事」「那倒是。」「你这家伙！」妹妹摆出一副「既然我已经道过歉了，这件事就到此为止」的态度！「不过，纱月前...,0.9997007846832275,2751,1
2751,1443,...能理解你的心情。要是和住在同一个屋檐下的人发生摩擦，肯定会很尴尬吧。虽然要坦率表达自己的心情不是那么容易，但你还是和她和好吧』这样。」「纱月同学她」想不到会因为我和妹妹关系变差，就居中调解。我感觉妹妹...,0.9997015595436096,2751,1
2751,1444,...很厉害呢。纱月前辈是个超级棒的朋友呢。」妹妹这句话不断地回荡在我耳边。然后，我轻轻点了点头。「嗯。」洗完澡，吹干头发，后来又过了一会儿，到了熄灯的时间。我本以为纱月同学一定会通宵继续练习，结果她说「要...,0.9996988773345947,2751,1
2751,1445,...率吧」。所言甚是。她拥有完美的自制力。「况且我一旦睡眠不足，脑袋就转不动了。」「是喔。」「因为真唯是那种三天三夜不睡觉也能把油门催到底的人，她平常总是要我陪她熬夜，害我吃了不少苦头。」「哈哈哈我感同身...,0.9996998310089111,2751,1
2751,1446,...褥。纱月同学两三下就扎好头发，并躺下来盖上毛毯。看来已经准备好睡觉了。「那我要关灯啰。」「好。」我用遥控器关上灯。现在的构图和我在纱月同学家过夜时正好相反。「一闭上眼，眼皮底下就会显示出游戏画面呢」「...,0.999701201915741,2751,1
2751,1447,...的。」「那接下来你的课题，就是在自己来回移动的同时打中会动的目标了。」「我想一辈子都练不好吧。」「我以前也是这样想呢」昏暗的房间里，纱月同学的声音像布料摩擦那般细语。「那你后来是怎么练成功的？」「唉？...,0.9996997117996216,2751,1
2751,1448,...你很喜欢这游戏呢。」「要说喜不喜欢，应该算是喜欢吧这种感觉不像是纯粹让人开心的那种，比较像是把负面能量浓缩在一起，再把攻击性流露出来那样」「就像发泄压力那样？」「感觉比较类似『就连我也能击杀你们这群人...,0.9997016787528992,2751,1
2751,1449,...纱月同学笑了起来。「就是这点。」「唉？哪、哪一点？」这是纱月同学的口头禅。以前就算问了她也老是不肯回答，但这次却好好地回答了我。「明明看起来一脸人畜无害的，一旦被逼急了就会拼命反抗这点。」「说穿了，就...,0.9997023940086365,2751,1
2751,1450,...也是。你会突然就冒出一句异想天开的话。不过，我并不讨厌甘织这一点。」「嘿、嘿嘿」我不知道该说什么，只能在黑暗中发出卑微的笑声。我可以觉得纱月同学这是在夸奖我吗？至少有一个地方得到了她的认同，让我莫名地...,0.9997021555900574,2751,1
2751,1451,...意思，我得意忘形了。」「我什么都还没说吧」她发出傻眼的声音。我就是这么容易得意忘形唔。「谢谢你。」「咦？不会，完全没关系啊。教纱月同学玩游戏，也算是答谢你教我念书那样」话是这么说，但现在明明是考前周六...,0.999701201915741,2751,1
2751,1452,...期间我也会一直练习啦至于考试的分数，应该会和纱月同学教我念书的部分抵掉吧「不对，我不是那个意思。」「那其他，还有什么事会让纱月同学道谢吗？」是什么呢？「在漫长的人生中，感激你愿意与琴纱月相遇这样吗」「...,0.9996989965438843,2751,1
2751,1453,...现得太极端了吧。」好像不对。那我就不知道了。我打了个哈欠。毕竟昨晚那种「大事不妙了」的紧张感一直让我睡不好。「我指的是，让我得以和真唯一决胜负。」「咻？」她平静的声音彷佛要滑进我内心的缝隙那般，害我不...,0.999700665473938,2751,1
2751,1454,...忙掩饰着说：「可、可是你们平常都会比考试的成绩啊？」「在那方面也会全力以赴，这点毋庸置疑。但不一样。像这种双方都从零开始，用从来没玩过的游戏来分出胜负，其实是很少见的。」「是这样啊。」「嗯。毕竟我也没...,0.9997028708457947,2751,1
2751,1455,...起来吧。无论有多少时间都不够用。我不禁觉得『原来我还能做到这种事』，是种不可思议的感觉。」随后，纱月同学摇着头说「不对」。「并不是不可思议的感觉。原来啊，这样我就彻底明白了。」在窗帘透进来的飘渺月光映...,0.9997028708457947,2751,1
2751,1456,...我同年的美少女脸上，露出了天真无邪的微笑。「我非常开心。」考虑到真唯和纱月同学的关系，我没办法明确地表示『我懂』但是，嗯，我认为当自己全力以赴的时候，若是有个朋友愿意做出回应，是一件幸福的事情。「所以...,0.9997044205665588,2751,1
2751,1457,...当初就不该选我玩到滚瓜烂熟的游戏，而是选我自己也是第一次接触的游戏和两人一决胜负。那样一定会更开心。不过，这个愿望已经无法实现了。因为我以自己的胜利为优先。「晚安。明天也拜托你了。」「嗯晚安。」真唯与...,0.9997045397758484,2751,1
2751,1458,...，让我感觉到长年岁月的累积。有这么一个朋友，真好啊。我还是想和纱月同学成为朋友。我想和她成为『挚友』，陪伴在彼此身边享受今后的高中生活。如果我为了实现这点而故意输掉呢？这样的话，至少能暂时和纱月同学在...,0.999702513217926,2751,1
2751,1459,...那到时先打败真唯，再输给纱月同学也不会很困难。一起度过高中生活，说不定久了久了就能成为朋友。但是，不行。这样子是不行的。我希望纱月同学能获得幸福。纱月同学，你不可以继续和真唯争执下去。这样做肯定会很寂...,0.9997026324272156,2751,1
2751,1460,...我要赢。至少要不顾一切地赢下来。无论是面对纱月同学，还是真唯，我都绝不会输的──就这样，下周的周五，决战的时刻终于到来了。第二卷第四章要完全赢过真唯与纱月同学什么的，果然不行！（※似乎可行？）「好了，...,0.9997010231018066,2751,1
2751,1461,...留老师用与『今天的晚饭吃咖喱哦～』同样的语气如此宣布。美知留老师的年纪30出头，负责教我们的英语。身高只有150左右，由于体型娇小，班里的阳角都小美老师小美老师地叫着她。根据传言，当初王冢真唯这种颠覆...,0.9996993541717529,2751,1
2751,1462,...美知留老师自告奋勇地举手说『啊，那就交给我广崎吧』。至于她究竟是多么勇猛呢，其实美知留老师还满普通的。「然后，甘织──」「有。」「这次你很用功哦～」「唉？啊，是。」由于芦高是一所传统的升学学校，所以会...,0.9996904134750366,2751,1
2751,1463,...生。我回到座位上确认之后成绩比以前还要好上许多。应该说，就是从平均分数以下，拉到几乎与平均分数一样。明明最近这周我还一直在练游戏的说看来这成绩完美应验了纱月同学的『给你一些好处』那句话。有点开心呢。看...,0.9996949434280396,2751,1
2751,1464,...的每个人成绩好像都远远甩开我一条街，还是别让她们看到这么丢人的纸条吧不过，应该只花了两周左右吧？只是在放学后针对考题复习，竟然能让我的分数有如此大的变化。这样如果我每天念书，搞不好升上三年级之后成绩就...,0.9997022747993469,2751,1
2751,1465,...白日梦的时候「呃～接下来还有什么要讲呢。啊，对了，明天是结业式，没有要上课喔～大家不要记错了哦～」我偷偷观察着其他座位上的状况。真唯与纱月同学是谁的分数比较高呢？不过，这两个人平常都是立刻确认彼此的分...,0.9997046589851379,2751,1
2751,1466,...看一眼。她肯定是在思考之后的事吧。班会一结束，前座的紫阳花同学就回过头。「啊，小玲奈，就是今天对吧。」「嗯。」今天放学后，我们会去真唯家里。用游戏一决胜负这件事，我已经事前告诉紫阳花同学和小香穗了。嗯...,0.999704897403717,2751,1
2751,1467,...该的吧？不过，之后就只有一战，只要把自己的实力发挥出来就行。现在留在我心里的想法就只剩「至今的努力总不会背叛我吧」这样，现在的我是无敌的。我露出充满自信的笑容，对紫阳花同学如此宣告？「我、我我我我我会...,0.9997050166130066,2751,1
2751,1468,...小玲奈！？你笑得好像灵魂都要从嘴里跑出来耶！？」我本来是想学真唯那样说话，真奇怪啊而且回过神一看，我的手也在发抖。这究竟是？难道我在紧张吗？我竟然会紧张？怎么可能「呜呜，紫阳花同学」干脆回家睡觉算了。...,0.9997051358222961,2751,1
2751,1469,...」小香穗走过来使劲拍了我的背。「就算玲奈亲搞砸了，导致真唯和小纱月变成只要在走廊上擦肩而过就会马上拔剑决斗的关系到了那个时候，也还有我和小紫在呢！」小香穗向我用力眨眼，同时还竖起了大拇指。呜呜，太感谢...,0.9997054934501648,2751,1
2751,1470,...错，我当然也不会把所有事情都推给小玲奈。如果觉得没办法的话就来找我商量吧，我们再一起想别的办法。」怎么会这样。实在太可靠了。所以，就算我失败了也没关系？不对，要是失败的话我的人生就会被彻底剥夺，根本不...,0.9997054934501648,2751,1
2751,1471,...下了肩上的重担。「不过，我们的计画姑且是定在明天执行。如果今天圆满结束的话就再好不过了！」「呜呜呜呜呜我会加油的」「别、别这样啦小香穗，不能给她太大的压力呀那个，小玲奈，没、没事的。不要哭，毕竟俗话说...,0.9997051358222961,2751,1
2751,1472,...慰，我总算有了往前迈出步伐的勇气。连这种时候都需要人关怀，我还真是个麻烦的家伙啊！就在我内心感激涕零的时候，真唯和纱月同学过来了。「那我们走吧，玲奈子。」「嗯，走吧，甘织。」尽管彼此的关系并没有恢复，...,0.9997051358222961,2751,1
2751,1473,...旦齐聚一堂，那种气场果然不是盖的。就像一支全都是由传说宝可梦组成的队伍一样。当然，除了我以外。「那我去去就回！」被小香穗和紫阳花同学在背后推了一把，我追上了真唯和纱月同学的脚步。不管了！等这件事做出了...,0.9997050166130066,2751,1
2751,1474,...真唯家里玩。上次来的时候没看到佣人，但这次则是有司机花取小姐和我们一同回到她家。坐电梯时，纱月同学打了好几次哈欠。仔细一看，她眼底下还挂着黑眼圈。「纱月同学，你熬夜了？」「嗯，是啊。算是做最后的准备。...,0.999704897403717,2751,1
2751,1475,...吗？「没问题的。我在车上稍微眯了一下。」「又读我的心」「因为你太好懂了。」另一边，真唯的侧脸十分漂亮。说不定她的肌肤都是用大理石做的。真唯注意到了我的视线，哼笑一声并竖起食指。「我也来猜看看你现在正在...,0.9997040629386902,2751,1
2751,1476,...可以立刻抱上去接吻了说』，你是这么想的吧？」「也差太远了吧！」「什么？就算纱月在场也无所谓吗？不过这样我也会有点难为情」「各位，我们到了。」花取小姐话刚说完，电梯门就打开了。我们一起移动到走道上。在她...,0.9997040629386902,2751,1
2751,1477,...厉害」在宽敞的房间中，三台萤幕呈三角形摆放，旁边都放着ps4。再加上三张电竞椅也摆在三个萤幕前，简直就像是某个电竞工作室。好、好威。虽然我每次看到真唯炫富都会觉得很傻眼，但对这个环境还是相当心动的真唯...,0.9997040629386902,2751,1
2751,1478,...喜欢这种的吧？」「呜喜、喜欢」「你说什么？」「喜欢」「再说一遍。」「我好喜欢」「呵呵呵，对吧对吧。我也是，玲奈子」「你们要玩到几点啊。」纱月同学直接往我后脑勺敲了下去。好痛。「说得也是，要打情骂俏，就...,0.9997039437294006,2751,1
2751,1479,...个房间，买的椅子也有分别配合我们每个人的体格，不过还是自己稍微微调一下吧。」「原、原来如此」真唯的椅子是红色的，纱月同学的是黑色，而我的是粉红色。她竟然真的为了我们准备了这些吗「请让我帮忙吧。」「啊，...,0.9997044205665588,2751,1
2751,1480,...将椅子高度和椅背角度调整到舒适的位置。因为我通常都是坐在地上玩游戏的，本想说会觉得哪怪怪的，但很快就习惯了。这就是高价椅子之力「好像还不错嘛。」纱月同学也同样坐在椅子上，拿起手把。萤幕上已经显示着游戏...,0.9997038245201111,2751,1
2751,1481,...呢」我就像是被鬼迷心窍了一样如此低喃。「pc版有哪里不一样吗？」「差得可多了呢，纱月同学哼哼。首先每秒帧数就完全不同，再来就是基本上用滑鼠操作，准度也会有明显差异应该说，这款游戏本来就是出在steam...,0.9997021555900574,2751,1
2751,1482,...由于受到主机性能的限制，原本支援100人对战的模式被砍到了最大上限只剩30人虽说作为补偿追加了这次的规则中使用的私人对战功能，不过在pc上体验特效全开的感觉来玩看看果然还是学生玩家的梦想嘿嘿」「甘织，...,0.9997019171714783,2751,1
2751,1483,...恢复了光彩。「我、我刚才说了什么！？」「呃。」「不是，不对，不是这样的，纱月同学！刚才说话的不是我，是国中时代的我！」「是、是吗之前听你说的时候我还没什么感觉，原来如此，是这样啊你真的变得正常多了呢」...,0.9997029900550842,2751,1
2751,1484,...我讲的话，我还改变了说话方式，刻意练习到能用丹田出声耶而且我还每天都有做仰卧起坐，竟然会，呜、呜「虽然不是很懂，但是哪种玲奈子我都喜欢。」「不要宠坏我！」听到王冢真唯说她能接受我自己也讨厌的那一面，顿...,0.999703586101532,2751,1
2751,1485,...击呢现在的rpg基本上都应该会在头目战前放一个完全恢复的存档点啊「那么，如果准备好了就开始吧。」真唯最后一个坐到位置上，优雅地翘着双腿。这样一来，各自的位置就以三角形定位了。我从书包拿出手机放在桌上，...,0.9997041821479797,2751,1
2751,1486,...常一样。「我准备好了。」「我也ok～」「嗯。」在我左侧的真唯为了以防长发碍事而扎在后面。右侧的纱月同学也盘起黑发，目不转睛地注视着萤幕。以我的眼力完全看不出她们两个是否紧张。说不定在她们的人生当中已经...,0.9997044205665588,2751,1
2751,1487,...，我是因为喜欢才会一直玩游戏。我要下载，下载那个当初只有在对战游戏中才能找到自身价值的自己。「那我设定了，私人对战模式，地图随机，尺寸最小，大逃杀模式，武器模式是标准，上限人数三人，规则是吃鸡两次，也...,0.999701201915741,2751,1
2751,1488,...密码的私人房间。再来只要我按下开始就行了。要是真唯赢了就会和我结婚。若是纱月同学赢了，就会和我结婚。假如我赢了，她们两个就会和好。仔细想想这条件也太过分了吧！但是，也只能上了。我大大地吸了口气，在缓缓...,0.999677300453186,2751,1
2751,1489,...始。我的眼睛被萤幕吸引了过去。这次的地图是住宅区啊。我的出生点在一个类似美国农场的组合屋附近。这款游戏呢，玩家一开始是赤手空拳，身上没有带任何武器的状态，所以必须要先四处探索，搜集各地的枪械。才刚开局...,0.9996974468231201,2751,1
2751,1490,...搏战了。好啦，如果是这个配置，像二楼应该会有东西吧。呃，先去捡起来「嗯？」刚才好像听到什么声音。话说，我现在才注意到忘记准备耳机了。即使调高音量，声音也会和她们两个的混在一起，根本没意义啊。不过，这次...,0.9996919631958008,2751,1
2751,1491,...么快就遇到敌人──有什么东西从我的视野闪过。是真唯。「啥！？」「嘿。」真唯的角色好像在路上捡到类似铁撬的武器，朝我疯狂挥舞了过来。喂，等等！我赶紧用刚刚捡到的手枪连射。可是距离太近了根本瞄不准。是我判...,0.9996991157531738,2751,1
2751,1492,...战才对。回过神来，我的视野已经是一片血红。随着敌人挥下最后一击，响起了令人讨厌的沉重声音。萤幕上大大地显示着『youaredead』的字样。这、这、这「这是怎样！？」我不禁用力拍了桌子。有够没规矩。真...,0.9997023940086365,2751,1
2751,1493,...「那太好了。哎呀，没想到会这么顺利。」「一点也不好！唉？等一下，这到底是什么状况！？」明明还在游戏中，我却有一股冲动，想站起来冲过去狂摇真唯的椅子。不过我也没胆子这么做啦！真唯彷佛摇晃着玻璃杯里的红酒...,0.9997029900550842,2751,1
2751,1494,...也并非难事。如果是四人对战用的最小地图，出生点不就只有24处吗？」「唉？是、是吗？」因为我平常不玩私人对战，当然也没关注过出生点。「有几个点集中在同一个区域，所以我一开局就朝着那里全速奔跑。万一扑空的...,0.9997041821479797,2751,1
2751,1495,...扬起嘴角。「再怎么说，我的运气一向很好。」「唔你、你这个」因为太不甘心，我差点要吐血了。真唯并没有压倒性的实力，如果我再冷静一点，还是有办法应对的。可是我竟然自乱阵脚，实在令我很不甘心。「顺带一提，姑...,0.999703586101532,2751,1
2751,1496,...作战计画。」「作战计画？」「没错。我根据你的个性，起先想了20个左右。接着再根据实用性进行取舍，最后缩减到三个。也就是说，还剩两个。」真唯看起来开心到了极点。如果旁边有个女孩子带着这副表情玩游戏，作为...,0.999703586101532,2751,1
2751,1497,...「呵呵，你虽然相当有实力，但我事先告诉你，没有人像我这样，平常就一直在关注你。」「唔、嘎、唔唔唔」这家伙，从一开始就是冲着我来的吗！为什么我没想到呢？就算是玩格斗游戏，真唯这个女人也会以最快效率不断练...,0.9997033476829529,2751,1
2751,1498,...采用胜算最高的战术！当然，如果正面对决的话，肯定是基本实力更强的我会赢。既然如此，那干脆把目标锁定在我个人，解读我的行动来打败我，这样很合乎逻辑。我好不甘心！我深深地瘫坐在椅子上，切换着画面的视角。因...,0.9997023940086365,2751,1
2751,1499,...悔也无济于事。为了在下一局扳回劣势，现在先搜集情报吧纱月同学从刚才开始就很安静，我决定观看她的视角。她稳扎稳打地搜集着道具，加强装备。她的动作与在我家练习时相比简直判若两人。而且她好像也把地图记在脑海...,0.9997016787528992,2751,1
2751,1500,...般有模有样。老实说我很感动。当老师目送自己的学生毕业时，是否就是这种心情呢「纱月同学的实力明显变强了！好厉害，你好厉害喔纱月同学！」「别吵，闭嘴。我会分心的。」「啊，是。」相对的，真唯则是乱七八糟的。...,0.9997021555900574,2751,1
2751,1501,...实做好基本功的纱月同学相较之下，她的行动显得杂乱无章。如果是平常在玩游戏是可以取得击杀，但也同样容易遭别人反杀。我在旁边看着她的玩法，好几次都忍不住想要吐嘈她。于是，她们两人终于在战场上遭遇，开始互射...,0.9997022747993469,2751,1
2751,1502,...月同学的走位也完全有可能逆转局势。不过，结果是真唯赢了。胜负仅在毫厘之差。无论谁赢都不足为奇。纱月同学在那种不利的局面已经打得很有水准了。「真可惜呢。」「是啊。」纱月同学打开手机，看起来是在确认备忘录...,0.9997039437294006,2751,1
2751,1503,...的作法很有纱月同学的风格。「先抢下一胜，而且也拿到了赛点。下一场我就要赢了。」真唯看着我的眼神就像是被告知可以买自己喜欢玩具的孩子。这使得我不寒而栗。「我、我才不会让你这么轻易获胜」「玲奈子，结束之后...,0.999703586101532,2751,1
2751,1504,...？只要你愿意，我们一周就抽几天住在一起生活吧。花取也很会做菜。希望这次能让你满意呢。」「可以不要在中场休息的时候说你的人生规划吗！？」她的作战计画就是像这样削弱我的精神吗！？超有效的！「好了，开始了开...,0.9997037053108215,2751,1
2751,1505,...单。只要随便捡了一把武器，就去视野辽阔一览无遗的地方。一旦进入交战，就能单纯靠实力拼输赢。在30公尺的距离上，经验就是绝对的正义。所幸这次的地图是沙漠，空间宽敞，在这里战斗更容易形成持久战。以快攻为主...,0.9997032284736633,2751,1
2751,1506,...想看看她现在是什么表情，结果吓了一跳。真唯放下手把，用手抵着下巴若有所思地「唔嗯」了一声。「现、现在还在比赛耶！？」「我当然知道。为了胜利，我也正以自己的方式尽到最好的努力。现在这个时间也是必要的。」...,0.9997020363807678,2751,1
2751,1507,...着这把枪疯狂奔跑。以最大限度警戒着真唯的奇袭，并彻底观察四周。我发现到了一件事，那就是不要推测真唯的作战计画。与现实世界不同，就算真唯判断我的想法来针对我，在游戏中能做的选择还是有限的。即使想了什么惊...,0.9997019171714783,2751,1
2751,1508,...无法成为主流。我应该早就明白这点。既然如此，只要好好专注不放松警戒，我还是能应付任何一种战法应该吧！「如何！真唯！」「我还要再稍微想一会儿。思考该如何把玻璃鞋交给你。」「你这个王子殿下刚刚可是用钝器狠...,0.9997009038925171,2751,1
2751,1509,...对，是纱月同学。「啧，是甘织啊。」「在比赛中咂嘴，其实很吓人耶！」我错开她反击的时机，同时也继续射击。纱月同学躲在掩体后面，抓准时间探出头确实地还击。啊，嗯，感觉超有这种游戏的风格！「唔」「哦？」纱月...,0.9997029900550842,2751,1
2751,1510,...觉醒当然不可能是这样。看来真唯也加入了战局。纱月同学顿时被双方的十字炮火压制。在只有三人的情况下，同时被另外两人夹击的话是非常棘手的。「如何，纱月？我们先联手解决玲奈子怎么样？」「你在说什么傻话。这样...,0.9997027516365051,2751,1
2751,1511,...信在正面交战中赢过我吗？」「我当然有自信，只是想选择胜率更高的手段。」「原来如此，是机率问题吗？不过，这和你擅长的念书可不一样喔。」「什么？」从刚才开始，枪声就没有停过。真唯会向纱月同学搭话八成也是为...,0.9997031092643738,2751,1
2751,1512,...「假如你遭到了奇袭，这时前面有两条路，一条是狭窄的死路，另一条则刚好相反，是条宽敞的道路。假设敌人就埋伏在其中一条路上。」「什么意思？」「当然，谁都会选择宽敞的道路。毕竟这是生存率更高的『正确』选项。...,0.999703586101532,2751,1
2751,1513,...。在两人激战时从旁边插一脚是最有胜算的作法。于是我追着她们两个，但愈来愈觉得不对劲。第一局，纱月同学与真唯交火时为什么赢不了她？我感觉自己有了什么严重的误解。她真的是惜败吗？「不过呢，纱月，真正正确的...,0.999703586101532,2751,1
2751,1514,...会这样，真唯又赢了？「你的确一直在选择正确的选项。正因为如此，你才赢不了我。」眼见真唯得意洋洋，看起来很痛快的样子，我不禁扣下扳机，中了。「」真唯一脸尴尬地愣住了。我也一样。「呃那个，因为你站着不动，...,0.9997040629386902,2751,1
2751,1515,...这样一来我也拿到赛点了。不过就只有纱月同学一个人此时嘎吱一声，纱月同学用力地站了起来。长发随着刚才那股势头晃荡，纱月同学说道：「我借一下洗手间。」「请便。」真唯以手掌示意方向，纱月同学随即从她眼前走掉...,0.9997040629386902,2751,1
2751,1516,...。「刚刚是不是有点说过头了呢？」「对啊，那样讲太过分了。」不应该对朋友说那种话。我本想这么说，却又闭上了嘴。因为我感觉以真唯与纱月同学的关系，不应该照我的标准随便插嘴。「不过呢，我只是刚好想到如果那样...,0.9997040629386902,2751,1
2751,1517,...我想取得胜利却不竭尽所能，而是手下留情，这样她真的会高兴吗？」「这」就连我也知道，要是纱月同学知道对手放水，肯定会大发雷霆。而这个人如果是真唯的话就更不用说了。「如果她能活得更轻松一点就好了。」「就是...,0.9997032284736633,2751,1
2751,1518,...」这时，花取小姐用托盘端来了红茶。我们正好进入休息时间，她掌握时机的技巧真是有够神的。「谢、谢谢。」我接过茶杯，将鼻子凑过去闻了闻，味道好香。热气抚过嘴唇，让我的心灵顿时放松了不少，情绪也跟着平静下来...,0.9997038245201111,2751,1
2751,1519,...可以消除疲劳的味道。真好喝。此时，我茫然地想起刚才的对局，开口说道：「真唯，你啊。」「嗯。」「你果然还是很厉害。感觉就是连想法都和普通人不一样。」「那当然。我可是要成为你伴侣的女人，王冢真唯啊。」「没...,0.999703586101532,2751,1
2751,1520,...情愿，依然可以感受到真唯有多么帅气。就连那么努力练习过的纱月同学也是被真唯耍着玩。真唯端起茶杯啜了一口。「不过，告诉我什么是自由的，其实是她。」「这是什么意思？」真唯的湛蓝眼眸并非凝视着这个房间，而是...,0.999703586101532,2751,1
2751,1521,...刚刚认识。」「是国小的时候吗？」「是啊。」真唯耸了耸肩。「真是的为什么她会变得对我这么执着呢。」「我也不知道」纱月同学虽然是个不服输的人，但并不是对任何人都会燃起竞争意识，对象始终只有真唯一个人。我本...,0.9997034668922424,2751,1
2751,1522,...玩伴我半睁着眼盯着对此毫无头绪的真唯。「是说，你刚才那句我也想原封不动地还给你。」「因为你是我的命定之人啊。」「还在说这种话」「那当然，我说这句话时，可是蕴含着百年都不会变的心意呢。」真是的别因为还在...,0.999703586101532,2751,1
2751,1523,...热气。第三局会有什么样的发展呢？可以的话，我想在这局和真唯分出胜负。不要紧，我现在很冷静，下一局应该也能拿下。这时，我突然意识到一件事。「纱月同学是不是有点慢啊？」「是啊。我想暂时让她一个人独处。」我...,0.9997043013572693,2751,1
2751,1524,...若无其事地说出了这种话，害我顿时瞪大了双眼。「唉？独处是指」真唯什么都没说。她彷佛是在担心一旦说出口就会侮辱纱月同学。「是、是那个意思吗？」我不禁起身。奇妙的是，身体自己动了起来。「我、我稍微去看一下...,0.9997043013572693,2751,1
2751,1525,...后突然回神。真唯也对我的回答吓了一跳。「因、因为。」我像是在掩饰一样慌张地继续说下去。「真唯那时候来找我了吧，在我逃去顶楼的时候，你有来找我对吧。」「也因为这样，才会害得你从顶楼上掉下去的。」「是、是...,0.9997043013572693,2751,1
2751,1526,...到的，就是不加修饰的真心话。我抿紧下唇，这样说道：「我那个时候，很开心。」真唯听了这句话，莞尔一笑。「这样啊。那么，我就尊重你的选择吧。」真唯的侧脸似乎有些落寞。「如果是我所说的话，她肯定听不进去吧。...,0.9997041821479797,2751,1
2751,1527,...西，但我怎么可能拿得了这么多东西，我只有一个人啊。那扇紧闭的门就犹如迷宫里绝对打不开的石门。我感觉无论说什么都会被反驳回来，依然战战兢兢地开口说道：「那个纱月同学？」第一次。没有回应。「纱月同学。」稍...,0.9997039437294006,2751,1
2751,1528,...我不禁揪紧放在胸前的手。「对不起，让你担心了吧。我马上就回去。我只是在思考下一场比赛该怎么办而已。」我把手掌轻轻放在门上。虽然这也是应该的，但这个触感既冰冷又坚硬。「就是没办法顺利呢。真唯果然很了不起...,0.9997045397758484,2751,1
2751,1529,...。我很清楚纱月同学有多么努力。因为你现在变得非常厉害了嘛。」沉默了片刻。「不过，就是赢不了真唯。」「呃」我顿时无言以对。偶尔也会有这种人。无论什么游戏都玩得很高竿。我自己也见过好多次了。游戏局数比我少...,0.9997015595436096,2751,1
2751,1530,...方面的才能。真唯从小就以模特儿的身分活跃于各大媒体。代表她肯定是一路战胜怀抱着同样梦想的同龄对手，所以才会有今天。她根本没必要与电脑对战养成胜利的习惯。真唯一直都是胜利者。──所以，这也是没办法的事。...,0.9997027516365051,2751,1
2751,1531,...「这也是没办法的事」来安慰她。「在期中考的期间我也有在打工。」「唉？」「虽然店长说我可以请假，但我已经和妈妈约好一上高中就要赚钱补贴家用了。既然是自己决定的事情，我就不想反悔。」「这样啊。」「我也有认...,0.9996989965438843,2751,1
2751,1532,...了睡眠时间，为各种事情而努力。「嗯原来是这样，好厉害。纱月同学很了不起。」别说打工了，看在我这种连念书都没办法好好努力的人眼里，纱月同学实在是高不可攀。她是永远挂在那遥远夜空之中的皎洁明月。可望而不可...,0.9997005462646484,2751,1
2751,1533,...只是为自己找个逃避的借口而已。」「怎么会」不是的，纱月同学。不要这样说。「我赌上了一切与真唯一决胜负，要是这样都还输得一败涂地，那我就一无所有了。」「纱月同学」一想起纱月同学终于等到与真唯一决胜负的这...,0.9997038245201111,2751,1
2751,1534,...悔。我真傻。我还以为只要赢过她们两个，就能让真唯和纱月同学和好。但其实完全不是这样的。要是比赛就这样继续进行下去，就算我取得了胜利，纱月同学也无法再和真唯回到平等的关系了。她们将没办法继续当朋友。「纱...,0.9997039437294006,2751,1
2751,1535,...了头。真唯追过来找我时我之所以会觉得开心，是因为她是真唯。我不像真唯那样能言善道，甚至没办法好好安慰纱月同学。这让我不禁觉得，如果再这样下去，那我刚才干脆别管她还比较好。这样纱月同学就不会说出这种会伤...,0.9997041821479797,2751,1
2751,1536,...，纱月同学。」「什么啦？」再说什么都已经太迟了。毕竟比赛已经开始，我也像这样站在门前。国中时代、还是家里蹲时的过去是无法改变的。后悔的事还是一样堆积如山，被窝里开的反省会全年无休。即使这样，我还是成功...,0.9997044205665588,2751,1
2751,1537,...能改变的，无论何时都只有现在的决定。「就算今天赢不了，也许明天就能赢。说不定下次就会赢了，还是有可能追上她的。」我说着不负责任的话。「我一直以来都是这么想的啊。但对手是」「对手是真唯没错，但也不能放弃...,0.9997044205665588,2751,1
2751,1538,...为，只不过是愿望。我只是希望纱月同学能继续前进。「你想赢过真唯吧，一直都想对她还以颜色吧，所以你不可以放弃啊。因为我也想看到纱月同学赢过真唯的那一幕！真唯因为输给纱月同学而不甘心的表情，我超想看的啊！...,0.9997046589851379,2751,1
2751,1539,...呢！说起来，不就是纱月同学把我牵扯进来的吗！我也赞同纱月同学对我说的那些话！所以我就算背叛朋友，也要助纱月同学一臂之力啊！因为我一直、一直觉得气氛很尴尬，快受不了啊！」是啊，我们两个打从一开始就不是什...,0.9997043013572693,2751,1
2751,1540,...弃啊！就算今天输了，也要无畏地笑着说『下次一定会赢的』！就像平常那个天不怕地不怕的纱月同学一样！不要因为那个空有外貌的自私家伙而受挫啊！」我咚一声敲在门上。「你。」我完全想不到安慰的话，或者是同情的话...,0.9997027516365051,2751,1
2751,1541,...自己还要努力的人说『你已经很努力了』，这也太自以为是了吧。我能为纱月同学所做的，只有期待。这是平凡而不起眼的我能够做到的，全心全力的加油。尽管月亮只有在太阳的照耀下才会发出灿烂的光辉，但是，往古来今，...,0.9996974468231201,2751,1
2751,1542,...别。只是，我喜欢往前迈进的纱月同学。「那个，纱月同学──」我打算再次敲响那扇门。但门却像没有上锁一样，突然朝内侧打开了。唉！？看到我突然撞进厕所，坐在马桶上的纱月同学顿时瞪大双眼，就这样抱住了我。「啊...,0.9996963739395142,2751,1
2751,1543,...学没有脱下裙子。「对、对不起我好像，有点太激动了」「你敲门的方式太粗鲁了。」「话是这样说没错啦！唉？现在是讲这种中肯发言的时候吗！？」我被她抱在胸口，动弹不得。不知为何，纱月同学好像不肯放开我！她的身...,0.999700665473938,2751,1
2751,1544,...温柔地将我裹在其中。无论我面向何处都是纱月同学，她浑身散发出犹如月色下的夜空般的香味。「为、为什么不放开我」「你叫得那么大声，让我想起了一件事。」「这人根本没打算回答！唉？是什么」「就是，王冢真唯这女...,0.9997031092643738,2751,1
2751,1545,...起头，发现纱月同学的脸近在眼前。她的嘴角弯成月牙，露出了有点可怕的邪恶笑容。「你刚才真的是口无遮拦呢，明明只不过是甘织。」「唉！？对、对不起」「没关系，就放过你吧。毕竟我也不讨厌你这点。」语毕，纱月同...,0.9997032284736633,2751,1
2751,1546,...？我的嘴唇被吻了。「为什么！？」「没有什么特别的意思，算是提振士气吧。」「我的嘴唇哪有什么提神醒脑的功效！」「你想抱到什么时候？差不多该放开了吧。」「太不讲理了吧！那你可以先放开我吗！？放手、放、放开...,0.9997038245201111,2751,1
2751,1547,...的手。会被嘲笑的，唔嗯嗯嗯。又过了一会儿，我终于获得了解放，喘得上气不接下气。害我都稍微出汗了。「这是怎样啦」我从厕所里跌出来，膝盖着地，调整着急促的呼吸。「甘织，谢谢你。」「呃，虽然我不是很懂，但不...,0.9997028708457947,2751,1
2751,1548,...得狠狠撕裂真唯的心才行。」「你是要做什么啊！？」纱月同学甩了那宛如杀手所穿的黑色风衣一样的黑发，如此说道：「这还用说吗？当然是继续战争了。」说不定，我刚刚唤醒了一头可怕无比的怪兽。「嗨，你们还真久呢。...,0.9997038245201111,2751,1
2751,1549,...地迎接了我们。「如何？想到什么打败我的作战计画了吗？」纱月同学若无其事地说道：「嗯，托你的福。」真假？「哦，那真是令人期待啊。」我无法判断纱月同学说的究竟是实话还是虚张声势。纱月同学明明就能读懂我的心...,0.9997034668922424,2751,1
2751,1550,...不过，你到底在厕所做了什么呢？玲奈子也好像出了很多汗。」那是因为我莫名被纱月同学用尼尔森式固定捉弄了一番我正打算这样回答，但纱月同学抢先开口。「是啊，因为我抱（编注：日文中「拥抱」也有「上床」的隐喻。...,0.9997044205665588,2751,1
2751,1551,...。不对，不对不对，不对不对不对不对不对不对不对！应该有其他说法才对吧纱月同学！这是怎样？难道是让真唯动摇的作战计画吗！？再怎么样，真唯也不可能会中这种显而易见的技俩「哦、哦，哦哦哦哦？」中啦！真唯为了...,0.9997044205665588,2751,1
2751,1552,...怎么样，这样讲也太超过了，纱月。其实只是紧紧拥抱了她而已对吧？不过就算是这样，也很让人羡慕呢」「但是我们接吻了。对吧，甘织？」「是有亲没错啦！」原来如此，你是为了这样回她吗！真可怕！「玲奈子？」真唯一...,0.9997029900550842,2751,1
2751,1553,...就变成一个为了达到目的而不惜献出嘴唇的坏女人啊！这绝对不能怪我吧！？我无法忍受她的视线，按下了游戏开始的按钮。我开始觉得最好不要拖太久了！「游、游戏开始！」到了这一局，才终于选到正统的主流地图──市区...,0.9997034668922424,2751,1
2751,1554,...样。「嗳，甘织，让我来告诉你吧，为什么我会如此坚持把真唯视为竞争对手。」「唉！？这局才刚刚开始耶！？」「以前的真唯，真的就像是画中走出来的大小姐。」她开始讲古了！「等等，纱月。你打算对玲奈子说什么？」...,0.999703586101532,2751,1
2751,1555,...。」当然，纱月同学嘴巴虽然在讲话，但也依然操作着游戏角色。我、我要把精神集中在游戏上！这显然是纱月同学的圈套，我根本没必要去听「那时的真唯，当然也和现在一样受欢迎。身边聚集了许多人。可是，这仅限于在学...,0.9997032284736633,2751,1
2751,1556,...还得去上才艺课。我想对于还是孩子的她来说应该相当辛苦吧。」「妈妈对我采用的是精英教育。她的教育方针，应该是尽可能去开发孩子的可能性吧。」「但是，你过得很不自由吧？」「或许我是在羡慕吧。因为你们看起来总...,0.9997045397758484,2751,1
2751,1557,...竟年少轻狂嘛。」可恶，都是因为没有耳机！不管我想不想听都会传到耳里，注意力根本没办法集中！「有一天呢，真唯她说『今天没问题』，就来和我们一起玩了。我们女生都很高兴，因为在放学后也可以和班上的人气王真唯...,0.9997044205665588,2751,1
2751,1558,...说出来吗？」「是啊，怎么了？还是说，你不希望让甘织听到这些？」「即使我叫你停下，你也会继续说吧？」「你很瞭解我嘛。」「毕竟我们都认识这么久了。」纱月同学满不在乎地笑着，真唯耸了耸肩。这段对话里很有儿时...,0.9997031092643738,2751,1
2751,1559,...到了傍晚，我们这群的孩子一个接一个地回家了，只剩下我和真唯。真唯蹲在我们玩耍的神社公园，同时露出泫然欲泣的表情说『今天回不去了』。」神社呃，是那座神社吗？和纱月同学交往的第一天，她刻意绕去的那座神社。...,0.9997034668922424,2751,1
2751,1560,...话。有一部分是因为我刚才捡到了一把用习惯的狙击枪，顿时松了一口气。「因为真唯把放学后的预定全都翘掉了。而且还不只是才艺课，也包括儿童模特儿的工作。她关掉了手机，选择和我们一起玩。想必她当时已经忍到极限...,0.9997031092643738,2751,1
2751,1561,...到大人训斥，又和妈妈有些小吵架，这些事情错综复杂地交错在一起，导致她决定反抗。」「然后呢，纱月同学你呢？」「我把真唯带回家了。毕竟又不能丢下她一个人不管。只不过，要让平常穿着光鲜亮丽的衣服、耀眼动人的...,0.9997029900550842,2751,1
2751,1562,...又是那个样子，爸爸从我懂事时就不在了。」原来纱月同学的家庭是这样啊。「我当时是第一次到朋友家里玩，真的是很紧张。不过，伯母一直很体贴。当然，你也是。」「我可是使出浑身解数招待你呢。每次看到你那种不安的...,0.9997044205665588,2751,1
2751,1563,...母亲吵架后离家出走，多少能理解你的不安。」好像从哪里传来了优雅的音乐，但那是错觉。这里是战场，子弹漫天飞舞，只弥漫着硝烟的味道。可是，我却感觉像是在和可以推心置腹的死党一起玩耍一样。「后、后来呢？」「...,0.9997046589851379,2751,1
2751,1564,...」我不由得叫了一声。「她当然是大发雷霆臭骂一顿是吗？」「不，她的态度简直就像毫无感情的机器人。她说『这次我女儿给您添了麻烦，实在很抱歉』。但是，我一直以为大人在这种时候都会发火的，她这样反而让我真的觉...,0.9997034668922424,2751,1
2751,1565,...到妈妈那个样子。不过现在回想起来，妈妈想必也在反省自己对我太过严苛了吧。她这个人很不善于表达感情，所以才不知道该如何宣泄。不过，确实是挺可怕的」「你还因为自己翘掉了工作，给许多人添了麻烦而愧疚呢。嗳，...,0.9997045397758484,2751,1
2751,1566,...会被杀掉呢。」纱月同学笑了，真唯也露出苦笑。从刚才开始真唯的耳朵就很红。应该是因为现在讲的是她之前也提过的，自己以前蠢到不行的那段时期吧。「太夸张了。不过，我也以为自己说不定会被勒令退学，明明我才读国...,0.9997043013572693,2751,1
2751,1567,...「纱月她出面袒护了我。」「唉？纱月同学？」「是啊。」『请不要带走她！』一位娇小的女孩喊道。黑发的少女站在金发的少女面前保护她。然后，她抬头看着身穿西装的女性，像是在威吓似地大喊：『真唯只是想和我们一起...,0.9997029900550842,2751,1
2751,1568,...玩耍！请不要对她不好！』金发少女望着张开双手的女孩，因为那背影而哭泣。这泪水是因何而流，少女自己也不晓得。她害怕母亲，却又很珍惜保护自己的朋友、不想与她分开。这些感情顿时像溃堤那般宣泄而出。『真唯哪里...,0.9997020363807678,2751,1
2751,1569,...！』是啊，她小声说道。真唯以热切的眼神看着我。「这样啊，所以我才对你」「唉？」「不，没什么。该怎么说呢，现在讲的话就太不识趣了。因为我是由衷地爱着你的。」「怎、怎么突然讲这种话」纱月同学很刻意地叹了口...,0.9997013211250305,2751,1
2751,1570,...顿，真唯当然也被带回家里，真的是很倒霉。」「就是从那时开始的吧，纱月。」「开始什么。」「每当我快被孤立的时候，你总是会跑到我身边来贬低我，说我这女人其实也没什么了不起的。」「那当然啦。我看过你这女人哭...,0.9997034668922424,2751,1
2751,1571,...「可是你为了和我较劲，却一直假装自己很成熟，这是为什么？」「那是因为你故作成熟，我只是在配合你。」「为什么要这么做？」「因为──」纱月同学把手把放到桌上，就像是放弃了比赛一样。她站起身，低头看着真唯，...,0.9997037053108215,2751,1
2751,1572,...白呢？」。「如果我不这么做，等到哪天你又变成孤单一人的时候，我不就没办法陪在你身边了吗？」我和真唯都抬起头，仰望着纱月同学。换句话说，纱月同学是为了与真唯平起平坐才这么做的。为了不让真唯孤单。「呵。」...,0.999703586101532,2751,1
2751,1573,...一开始就告诉我啊。我还以为你开始讨厌我了呢不过，从我认识你的那天起，你果然就没什么改变。一直都是这么温柔。」听了这番话，我也情不自禁地喃喃说道：「纱月同学，你也太喜欢真唯了吧」纱月同学重新坐回椅子上，...,0.9997033476829529,2751,1
2751,1574,...此让真唯欠我人情而且，刻意说出口也怪难为情的。」「呵呵不过，我总算是明白了你真正的心意。谢谢你告诉我。」真唯依然低着头，看起来很开心地挠着自己的下巴。「再来呢，就是」纱月同学不知何时又开始操作手把了。...,0.9997043013572693,2751,1
2751,1575,...，露出破绽了吧。」「你说什么？」枪声响起。是从中距离发出的狙击。纱月同学靠着在练习中锻炼的准度，一枪射穿了真唯。『唉？』我和真唯顿时异口同声。纱月同学再度起身，这次她将一只脚踩在椅子上，简直像个小混混...,0.9997040629386902,2751,1
2751,1576,...～～～～！？」「什、什、什」就连真唯也哑然失声。「你不是最喜欢我了吗」「一码归一码！哪有可能混为一谈啊！什么永远陪在你身边啊别开玩笑了！一直陪着你又怎么样！？一直输一直输一直输一直输的话，随便想想都知...,0.9997044205665588,2751,1
2751,1577,...人！我看起来像是那种善意百分百的女人吗！？」态度转变成这样实在也很干脆。「你说了那么多，就只是为了打败我吗？吐露出一直深藏在心中的想法，就只是为了开这一枪！？」「如果能看到你那表情，简直是物超所值呢～...,0.9997031092643738,2751,1
2751,1578,...我偷袭有什么感想啊！？难过？懊悔？还是伤心！？告诉我吧，快告诉我啊！把你的感情全部宣泄出来！我啊！现在可是非常开心呢！这种感觉实在是棒极了！那天把你带回家真的是太好了──！」看她激动成那样，我都差点忍...,0.9997023940086365,2751,1
2751,1579,...这个吗纱月同学说过的，要狠狠撕裂真唯的心吗只是，嗯。不管是喜欢真唯也好，觉得带真唯回家是件好事也罢，纱月同学说的应该都是真的吧。我看着情势一百八十度转变，开始互相斗嘴的两人，不禁笑了出来。真的是好让人...,0.9997027516365051,2751,1
2751,1580,...像现在这样，成为能使出全力竞争的关系。不对要是她们真的用全力就糟了。要是输给纱月同学我可能会哭出来，还是希望她稍微放水一下。好啦。「纱月同学，这样一来就是变成和我一对一了呢。」「」纱月同学静静地回到座...,0.999702513217926,2751,1
2751,1581,...最喜欢了，已经喜欢到无可自拔甘织love。」「讲得太随便了！喜欢哪里你倒是说说看啊！」「我想想」考虑了一阵子后，纱月同学看着我。然后，她煞有其事似地开口说道：「虽然你做事不经大脑，也不擅长与人交往，不...,0.9997027516365051,2751,1
2751,1582,...点，又比任何人都温柔无论何时都全力以赴，害我看了都很难为情就这些地方吧。」不知为何，她的嗓音听起来无比温柔。我被这段听起来几可乱真的话给骗了──并没有。「──是吗！谢谢──！」我从距离200公尺的顶楼...,0.9997032284736633,2751,1
2751,1583,...二卷终章「辛苦啦──！」小香穗高举玻璃杯如此说道，现场响起了干杯的声音。这里是学校附近的咖啡厅。我们刚参加完结业式。我们指的是我和小香穗、紫阳花同学，另外还有真唯与纱月同学，共五人。真唯小圈圈全员集合...,0.9997037053108215,2751,1
2751,1584,...地晃着身子。「哎呀，明天开始终于要放暑假了呢！」「纱月同学有什么计画吗？」「这个嘛，我想要痛快地看书。拿着书去泡冷水澡，让自己一整天都能浸在活字当中。」「在浴室看的话，书不是会伤到吗？」「那是湿气的影...,0.999703586101532,2751,1
2751,1585,...啊。纱月同学家的浴室很酷喔～」坐在角落的我终于找到了插话的时机，还带上了笑容。真唯也点头附和说「原来如此」。「琴家的浴室确实是相当有情趣。毕竟纱月很讲究这些。话说回来──为什么玲奈子会知道这件事呢？」...,0.999703586101532,2751,1
2751,1586,...睛并没有在笑「小、小玲奈？」紫阳花同学也一脸愕然地盯着我。这、这个我的脸色瞬间变得苍白。我又搞砸了什么吗？（以坏的层面来说。）小香穗开心地加入了战局。「什么情况！？什么情况！？小纱！」「没什么大不了的...,0.9997032284736633,2751,1
2751,1587,...以视线逼问，纱月同学轻抚着头发，若无其事地说道：「这也没什么好奇怪的吧，不过只是招待朋友到家里做客罢了。」我感觉脑袋一阵晕眩。我与纱月同学之间的契约已经结束了。恋人关系让我很不自由，每天都心惊胆跳的，...,0.9997032284736633,2751,1
2751,1588,...实在很可爱。最重要的是与纱月同学一起相处的那段时间非常开心。所以，宛如梦境一般的恋人时光结束了，我本以为我们又回到了以前那种只是同为圈子成员的关系。听了纱月同学的那句话后──「纱、纱、纱月同学～～～～...,0.9997039437294006,2751,1
2751,1589,...？」「小玲奈！？」「你、你是怎样啊」我了鼻涕。我努力的那两周并没有白费。「因、因为纱月同学刚才说，朋友，说我们是朋友嘛～～！」「就因为这点小事？」「对我来说很重要嘛～～～！」啊，不行。泪珠扑簌簌地流下...,0.9997040629386902,2751,1
2751,1590,...眼吧，但小香穗搂住我一只手，另一只手则是被紫阳花同学紧紧抱住。「我也是，我和玲奈亲也是朋友哦！」「嗯、嗯。我、我也是、是朋友喔！？」「小香穗，紫阳花同学～」太温馨了大家、太暖了啦这让我更是止不住泪水。...,0.9997051358222961,2751,1
2751,1591,...圈子大家对于这样的我都这么温柔就像在做梦一样「真是奇怪的家伙」纱月同学的眼神好冷淡可是，她说我们是朋友她说出口了呢嘿嘿嘿「干嘛一边哭还一脸笑咪咪的啊」「玲奈子很有趣吧。」真唯用手托着下巴，露出成熟的笑...,0.9997051358222961,2751,1
2751,1592,...。」「我喜欢的类型始终如一喔。我啊，就是喜欢美丽的事物。」「但她哭得一把鼻涕一把泪的耶」「很美吧？」真唯看着她这么称呼的我，陶醉地露出微笑。对于搞不懂真唯的喜好这点，我也深有同感。啊，纱月同学抽了张纸...,0.9997052550315857,2751,1
2751,1593,...很引人注目。」「咿呀」「啊，来，我的也给你。」「啊，我也有我也有。」从紫阳花同学和小香穗那里也收到了纸巾，我的手上现在有三张这就是充满友情的纸巾「先别管她了，所以今天是怎么回事？可别说是要庆祝我回到这...,0.9997051358222961,2751,1
2751,1594,...也太傻了。如果真要那样，今后每当你离开这个圈子又回来时，可都得举办宴会才行呢。」「我不会常常这么做啦。」「我倒觉得每周一次也无所谓。因为很有趣。」「我不会常常这么做啦！」像是把骨头扔给正在狂吠的狗那样...,0.9997045397758484,2751,1
2751,1595,...。「这是什么？」「生日快乐，纱月。」纱月同学眨了眨眼。「对耶。因为太忙了，我完全忘了。」「这样一来，你在这阵子就会是姊姊了呢。」「是啊。不过因为自己年长就摆架子根本没意义，我已经不会那么做了。」纱月同...,0.9997041821479797,2751,1
2751,1596,...拿了出来。「来，小纱月。祝你生日快乐。」「谢谢你，濑名。我很开心能得到你的祝福。」「我的朋友纱月同学！这是你的朋友玲奈子送的礼物喔！我们之间友情的证明！」「好烦」「好过分！」最后，小香穗笑容满面地竖起...,0.9997044205665588,2751,1
2751,1597,...呢！」小香穗急着要让她们和好的理由就是这个。她说无论如何都想在纱月同学生日的这一天，大家一起庆祝。因为这是我们在这个圈子认识的朋友难得第一次过纪念日。「原来，所以你们才会」「就是！这样！」小香穗又竖起...,0.9997045397758484,2751,1
2751,1598,...谢你们。」「小纱在害羞耶！好口爱！我可以拍照吗！？」「绝对不行。」「好，那我拍啰！」「我连同手机把你一起打烂喔。」「我也要！？」气氛顿时热闹了起来。该怎么说，一旦有了纱月同学的吐嘈，感觉这个圈子又亲密...,0.9997051358222961,2751,1
2751,1599,...不可或缺的。呼呼，朋友我的脸不禁松懈下来露出微笑。今天可能不会再变回来了。正当我觉得自己的身心受到治愈时，听到旁边的真唯对纱月同学说着悄悄话。「和当时不一样，现在我们的周围有了许多朋友。不会再孤单一人...,0.9997037053108215,2751,1
2751,1600,...许，真的是这样吧。」整齐摆放在桌上的四份礼物，彷佛也验证了真唯这番话。嗯是呀。我也是这样想。真唯应该也不是想说什么「所以你不需要再管我了」。她一定是希望纱月同学能活得再稍微轻松一点。金黄色的锁链过于牢...,0.9997032284736633,2751,1
2751,1601,...就拥有解开那道锁链的钥匙。「话说回来。」这时纱月同学突然改变话题，在书包里翻出了某个东西。「真唯，我也有东西要给你。」「是吗？会是什么呢？像奖杯之类的吗？」「什么的奖杯？」「我想了一下现在收到什么东西...,0.9997033476829529,2751,1
2751,1602,...我再考虑看看吧。拿去。」纱月同学把一张很像吸管包装纸的东西推给真唯。啊，是考试的成绩。「这是？」「你仔细看。」真唯的目光落在在上面的数字，接着一脸茫然。「唉？」「你啊，肯定是不管三七二十一，疯狂练习那...,0.9997031092643738,2751,1
2751,1603,...月同学双手十指交叉，将下巴靠在上面，露出得意的笑容。「我第一次赢过你呢。」第二卷续&#8226;终章「所以呢，我希望你能安慰我。」「不是，什么所以啊？」暑假第一天的大中午，我正待在真唯的公寓。我们两个...,0.9997034668922424,2751,1
2751,1604,...靠在我身上。好近。距离太近了。我只是单纯来收回前几天忘在这儿的ps4看来不会这么简单就了事啊「因为，我不仅在游戏上输给你，连考试成绩都输给了纱月嘛就算是我也是受了很大的打击呢。」「先不论纱月同学，你至...,0.9997033476829529,2751,1
2751,1605,...我也失去了迎娶你这个伴侣的机会。」听到她的声音是真的很萎靡不振，我闭上了嘴。毕竟这件事的主因在我啊实在不好说什么！我不但全力拒绝了真唯，而且还有对她爆头的罪恶感！然而，真唯微微露出了笑容。「话是这样说...,0.9997043013572693,2751,1
2751,1606,...、是吗？」「是啊，用决斗来赢取你的心什么的，又不是莎士比亚那个年代。我打算让你用自己的意志选择我。」真唯抬头挺胸地如此说道，依然保持那不变的风格，老实说还是有点帅。「你明明超全力以赴的耶」「我对比赛向...,0.9997023940086365,2751,1
2751,1607,...唯将双手环在小腹前，沮丧地往前弯了下去。「但我还是输了我接连输给了你和纱月」「唔。」因为今天的真唯是把头发直顺放下的恋人模式，太干预这件事或许不是上策不过，看着真唯有别以往，如此无精打采的样子，事实上...,0.9997037053108215,2751,1
2751,1608,...，一直对真唯不闻不问。所以算了稍微安慰一下应该还好吧「啊啊真是的──真拿你没办法──」我煞有其事地叹了口气。好吧，就由我来安慰你。我拍了拍长裙底下的大腿。「膝枕。」「唉？」「过来吧。」真唯茫然地盯着我...,0.9997034668922424,2751,1
2751,1609,...停顿是怎么回事？我直冒冷汗。膝枕的话，我以前就有给妹妹靠过，没什么大不了的，我想说这样应该差不多这时，国中时代那个身为阴角，又阴暗又阴郁的玲奈子对我说道：『这种事不是很常见吗？你想想，像是漫画里面要道...,0.9997032284736633,2751,1
2751,1610,...也代表她知道自己的吻会让对方觉得很值得吧。你很瞭解自己的价值嘛。哇～这么往自己脸上贴金啊。不行不行～』快停下！不对，总之，这个不一样！我才不是那种女人！是因为这样做的话真唯肯定会很开心嘛！你根本就不瞭...,0.9997047781944275,2751,1
2751,1611,...枕！」我用力把真唯的手拉了过来，最后还像把椰子果实摘下来那样，强行把她的头靠在我的腿上。膝枕完成！「唔真强势啊」「真唯才是吧，难得你会拒绝既然纱月同学要离开你了，你今后也需要开始依赖其他人了吧。」我说...,0.9997047781944275,2751,1
2751,1612,...沉吟。「唔这样讲确实也没错」明明接吻或更进一步的举动她都不觉得怎样为什么反而对膝枕这么害羞啊？我其实也是很难为情不过可能是羞耻过头，反而还平静下来了。我抚摸着真唯的头，她的发丝里传来了暖阳般好闻的味道...,0.999704897403717,2751,1
2751,1613,...算屡屡失败，也就那样而已。毕竟真唯平常就很努力了。」「唔。」真唯将脸埋进了我的膝盖。喂，给我等一下。然而，真唯并不是要做出什么下流的举动，单纯只是在害羞。不让我看到她的脸，还不断拍动着双腿。「有种好难...,0.9997052550315857,2751,1
2751,1614,...着「你平常被人认同、被人夸奖的次数明明就多到数以万计了」「因为我会赢是理所当然的在失败之后被别人认同自己的努力什么的，我几乎没有这种经验。」看来她很不习惯被别人宠着。原来如此啊。感觉这样的她有点好玩呢...,0.9997052550315857,2751,1
2751,1615,...一直都在努力嘛。呵呵呵，小真唯很棒很棒，要当个乖宝宝哦～呵呵呵呵。」「你讲这种你啊，真是！」真唯的耳朵变得更红了。这好像在教唆优秀的人才堕落一样，我的情绪顿时亢奋了起来。毕竟真唯太强大了，稍微怠惰一下...,0.9997050166130066,2751,1
2751,1616,...恋人，偶尔也当个普通的女孩子看看吧。尤其是这次，真唯不惜忍住自己的欲望，目送我和纱月同学一起回家。是真的帮了很大的忙。「多亏有你，我才能和纱月同学也成为朋友。」「关于这点倒并非我的本意不过玲奈子高兴的...,0.9997051358222961,2751,1
2751,1617,...手中抚摸着的是真唯那时价不下数十亿圆，经过设计的美丽秀发，其实非常紧张就是只有在我面前才表现出脆弱的一面，这点让人很心动。不对，这是就朋友来说的意思，不是指恋爱的情感，请不要误会「要是你一直都这么惹人...,0.9997052550315857,2751,1
2751,1618,...她这样一问，我稍微犹豫了一下之后，摇了摇头。「嗯这个嘛，真唯还是像平常那样就好。想生气的时候就生气，想笑的时候就笑，沮丧的时候就沮丧，那样的真唯就好了。」为了被人喜欢而扭曲自己、勉强自己，是我才要做的...,0.9997051358222961,2751,1
2751,1619,...朋友。感觉很像在要求别人做自己所做不到的事，算是小市民的任性吧。此时，真唯微微「啊」一声吐了口气。「现在，我又更喜欢玲奈子了。」「唔」真唯渴望有人认同她最真实的一面，而纱月同学正好相反。感觉自己说了些...,0.9997046589851379,2751,1
2751,1620,...了。「又没什么毕竟我们是朋友嘛。」「你的想法与我对你的爱，两者都是自由的。这样才是『玲真挚友』，对吧？」「你只是把这个词解释成对你有利而已吧──！」真唯缓缓起身，我原本低头看着的那张脸脸慢慢靠近，不由...,0.9997044205665588,2751,1
2751,1621,...几次？」「啊，呃，那个」我的手被她抓住。感觉事情不妙了。刚才为止的从容顿时烟消云散。我用手指数了数，去纱月同学家住的时候，纱月同学来我家住的时候，还有在真唯家的厕所「大、大概三次吧？」「短短两周就三次...,0.9997044205665588,2751,1
2751,1622,...都是被纱月同学强吻的！我的性欲才没有很强！绝对不是这样！正当我打算辩解时，真唯的嘴唇便压在我的唇上。呜与真唯时隔两周的吻。不，算了玲真挚友是认可朋友之间接吻的这点程度根本没关系是没关系啦真唯粗鲁地舔着...,0.9997039437294006,2751,1
2751,1623,...样就可以了啊，意思就是，这个压抑在胸口的难耐之情，我也不需要再忍耐了吧？」唉？是这样解释的吗？是要解放欲望？「不，还是稍微忍耐一下比较要是不管后果直接宣泄出来，就算是朋友，我也不晓得有没有办法全部承受...,0.9997041821479797,2751,1
2751,1624,...两人嘴唇交叠，我就这样被推到沙发上。总之，她是确信我不会受伤才和我接吻的而且，其实也没有说错第二次的吻很漫长。真唯用嘴唇不断轻柔地包裹着我的下唇，彷佛是在咀嚼一样细细品味。此时我已浑身无力，以朦胧的眼...,0.9997038245201111,2751,1
2751,1625,...微笑。讨厌啦，被看到脸还是会很难为情。我用双手捂住脸，坦承道：「呜，呜呜那个，其实我多少还是有点罪恶感。只要动作别那么强硬把我弄痛，我也没办法拒绝，所以希望你可以手下留情」真唯闻言，顿时面露难色。「你...,0.9997043013572693,2751,1
2751,1626,...打算！」「哎呀，你真是狡猾呢。」真唯将双手压在我的脸颊上并加以固定，顺势吻了过来。可是，并没有硬来。突破我的嘴唇伸进来的舌头也是，今天总觉得莫名温柔，不过这也是因为我接受了真唯吧呃，才没有吧！？口腔内...,0.9997041821479797,2751,1
2751,1627,...形状，脑袋整个放空。吁、吁好、好强烈的体验「总之，这样就姑且三次了。」以威力来说，倒是像吻了三百次一样真唯似乎暂时心满意足，对我莞尔一笑。「我爱你，玲奈子。让我们一起度过一个愉快的暑假吧。」「是，呃好...,0.9997051358222961,2751,1
2751,1628,...同学也有着相同的想法。她用我的身体让我深刻体会到了这件事。受够了，我不会再和其他人签什么恋人契约了！我是个不断经历后悔与失败，从过去学到教训的女人啊，不是。不是其他人，任何人都一样！我也不会和真唯成为...,0.9997050166130066,2751,1
2751,1629,...，我已经受够了。我用双手推开压在我身上的真唯，重新大声宣告。「作为你的挚友，这个暑假也请你多多指教了！」就这样，我和真唯以及纱月同学之间的比赛结束了紧接着，新的骚动又即将拉开序幕。第二卷后记各位好，我...,0.9997051358222961,2751,1
2751,1630,...好多想写在本篇的东西，这样应该不需要写后记了吧？」幸好在我回过神后还是确保了一页。如此这般，这集是《我恋不行》的第二集。这篇故事呢，我是抱着「读者要是能在看完后喜欢上纱月就太好了」的心情写下的。如果还...,0.9997033476829529,2751,1
2751,1631,...集为目标好好努力的。我会加油的！应该也会用健身环好好锻炼一波！那么，接下来是谢辞。在有限的空间里也不忘表达谢辞，可谓作家的模范。──谢谢大家！这是我有史以来最短的谢辞。啊，对了对了，《我恋不行》的漫画...,0.9997034668922424,2751,1
2751,1632,...果大家能和7月15号发售的《100天内澈底攻陷宣称不可能谈百合恋的女生》第二集（编注：此为日本出版状况。）一起阅读，享受女孩子们的恋爱喜剧就是我最大的荣幸。那么，希望我们能在下一次再会！我是みかみてれ...,0.9997029900550842,2751,1
2751,1633,...紫阳花同学把握时间愉快地聊着天。是说，我的人生当中竟然会有如此幸福的事情，真是太棒了。我不由得向神明祈祷。感谢祢将紫阳花同学这位天使安排到我前面的座位，神明大人。掌管换座位的神明大人啊「那么那么，小玲...,0.9997028708457947,2751,1
2751,1634,...在胸前的同时如此说道。听到那能使人笑逐颜开的轻柔嗓音，我不禁露出了微笑。「假如小玲奈是勇者的话，大家要选什么职业比较好？」「啊，呃。」这是在延续早上的话题。当时我说『紫阳花同学应该是僧侣吧～』，但紫阳...,0.9997037053108215,2751,1
2751,1635,...勇者哦。」「嗯～～原来如此。」我是勇者，我是勇者啊感觉要是我去觐见国王陛下的话，他应该会很失望吧大概会是『来得好，勇者咦？勇者？汝吗？不是村姑？唉。总之那边有宝箱，你随便拿点钱就离开吧。』这种感觉。不...,0.9997040629386902,2751,1
2751,1636,...。应该要想得对自己更有利啊！「没错，我是天下无敌的最强勇者只要挥剑就能将山劈成两半，一旦施展魔法就连大海都会干涸，是个品德高尚，受到全世界需要的勇者不管谁说什么我都是勇者」「小玲奈，小玲奈小玲奈。」紫...,0.9997034668922424,2751,1
2751,1637,...下来，呃「再来的话，就是纱月同学，小香穗和王冢同学对吧。」「嗯。」「总之，先把紫阳花同学定为僧侣」「收到。」紫阳花同学用力握紧了拳头。「我会努力恢复大家的伤势的。『～』这样。」紫阳花同学说着说着皱起了...,0.9997032284736633,2751,1
2751,1638,...学帮忙恢复这样感觉稍微乱来一点也没问题。不仅如此，万一死掉了，如果能让紫阳花同学帮我复活的话，在某种意义上也算是种奖励吧？她简直就是天使嘛。「呃，那小纱月呢？」「纱月同学只能是魔法师呢。」我如此秒答。...,0.9997039437294006,2751,1
2751,1639,...的弱点。面对畏寒的魔物施放冰系咒语。面对怕热的魔物就使出火系咒语。还有，若是面对生物的话，感觉她会疯狂用毒之类的。「她会运用各种手段，让魔物求生不得、求死不能。与其说是魔法师，倒不如说是魔女。」而且她...,0.9997044205665588,2751,1
2751,1640,...起头发说着『啧真没意思难道就没有更能打的敌人吗？』。好可怕。「确实，毕竟小纱月她脑袋超好的嘛～」针对纱月同学的个性，紫阳花同学仅用『脑袋很好』这句话表达了自己的意见。她正是能够将各种辛辣话语转换为委婉...,0.9997041821479797,2751,1
2751,1641,...像个战士呢。」「啊～我好像懂你的意思～」听了我这句话，紫阳花同学也笑了。「感觉她会争先恐后地挥着武器，就这样杀入敌阵呢。」尽管体型娇小，但感觉她会为了克服这个缺点而扛着大型武器。而且她好像也不太会惧怕...,0.9997043013572693,2751,1
2751,1642,...。这也太吓人了吧！？小香穗是这种角色吗？这个队伍似乎很可靠呢。纱月同学负责折磨敌人，由小香穗给对手致命一击，紫阳花同学则负责帮她们疗伤。咦，那我呢？所谓勇者该不会是负责在战斗结束后盛赞她们三人吧？「如...,0.9997041821479797,2751,1
2751,1643,...队伍吧。」勇者、僧侣、魔法师与战士。我觉得这个队伍满正统的。搭配得刚刚好。这时，紫阳花同学询问：「小真唯呢？」「王冢同学她」我脑海中顿时浮现出了挥着手说『嗨』，莞尔一笑的真唯。「勇者？」「勇者是小玲奈...,0.9997038245201111,2751,1
2751,1644,...来，玲奈子勇者绝对会被当成冒牌货。在我绞尽脑汁思考着是否还有什么其他职业时，紫阳花同学「啪」一声两手一拍。「被囚禁的公主殿下之类的如何？」「被魔物囚禁在迷宫深处的公主殿下，王冢真唯」我脑海缓缓浮现出那...,0.9997044205665588,2751,1
2751,1645,...红茶，时而一脸慵懒地仰望天花板。『呼今天，勇者是否就会来救我了呢？啊啊，我在等着你呢，我心爱的玲奈子』不行。不管怎么想，到时都会上演被她生米煮成熟饭的戏码。她不能当被囚禁的公主。自己想办法逃跑吧。「好...,0.9997040629386902,2751,1
2751,1646,...王冢同学就当个游人吧。」听到这句话，就连紫阳花同学也不禁失笑。就这样，我们踏上了旅程。尽管什么都办不到却拼死努力的玲奈子、队伍的天使紫阳花同学、担任攻击主力的纱月同学与小香穗、以及随性地在我们身后弹奏...,0.9997043013572693,2751,1
2751,1647,...这五个人拯救世界。感觉不太行！第二卷特典闲话纱月同学的打工缘由我一如往常与纱月同学走在前往车站的归途上。我怀着悠哉的情绪，像是突然想到般开口说道：「纱月同学，你为什么会在皇后甜甜圈打工？」「你问我为什...,0.9997044205665588,2751,1
2751,1648,...来就算再过多久，我依然很不会选择闲话家常该聊的话题！「不，就是，那个因为制服超可爱的！我想说纱月同学是不是很憧憬穿上那种衣服这样！」「你是这样吗？」「咦？不我倒是还好」抛出的问题又被反问回来，我不禁摇...,0.9997032284736633,2751,1
2751,1649,...「好可爱→好想穿」，而是「好可爱→如果是可爱的女生穿上应该会很搭」。纱月同学就超适合的。纱月同学侧着脸看向这边，将头发撩到耳朵上。「只要离家近又是餐饮店，在哪工作其实都无所谓。就算是速食店或牛井店也可...,0.9996933937072754,2751,1
2751,1650,...能录取的店长肯定也会很困惑吧如果是我肯定会说『呃？你没弄错店吗？』。「我在这些店里面会选皇甜打工，是因为他们只招募内场员工。」「咦？可是纱月同学很常在外场接客啊。」「」纱月同学狠狠皱起了眉头。这是她并...,0.9996973276138306,2751,1
2751,1651,...擅长应付客人，所以希望待在厨房。但人手好像不足，所以我现在也会帮忙到外场接客。」「这样啊那我会目击到外场的纱月同学只是刚好而已啊。」「顺带一提，这个月我被安排一直待在外场。」「根本就是外场了吧！？」「...,0.9996973276138306,2751,1
2751,1652,...「就算你露出女人在绝不承认恋人花心时的表情说这种话，也很没说服力耶」「由于我被调去外场，也有前辈因此被调到内场。」「你自己肯定也看清了吧！？」纱月同学咂嘴一声。我想说自己是不是吐嘈吐得太凶，不由得抖了...,0.9996998310089111,2751,1
2751,1653,...想与他人扯上关系，到头来总是会变成这样。真没道理。」「嗯，这个」高挺的鼻梁，微微带有光泽的双唇，以及浓密的睫毛，若是瞥到她闪闪发亮的漆黑眼眸，我想会那么做也是人之常情话虽如此，有着沟通障碍的我依然很同...,0.9996981620788574,2751,1
2751,1654,...。不过这也难免。毕竟生为美人，自然会有这种困扰。」「啊，你有意识到这点！？」眼见我被一个回马枪突然杀得惊慌失措，纱月同学不禁露出了淘气的笑容。第二卷特典闲话第一次挑选礼物（请在看完本篇后阅读）晚上八点...,0.9996979236602783,2751,1
2751,1655,...就算游戏练到一半得暂时停下来，我也有件事要做。那是与纱月同学及真唯决胜负同样重要的事，也就是──「纱月同学的生日礼物」我凝视着手机上的网购页面，如此喃喃说道。日期是决战之日的隔天，虽然规模不大，但我们...,0.9997010231018066,2751,1
2751,1656,...们两人就是！呜呜，开始胃痛了。「纱月同学收到什么礼物才会开心啊」是说，我上次送别人礼物是什么时候来着？国小？国中？啊，不对，我姑且每年都会送妹妹礼物。先别管家人算不算数吧。经过这两周，我已经瞭解了纱月...,0.9996994733810425,2751,1
2751,1657,...充满了自己心意的礼物，她也可能会说『咦？呃，嗯谢、谢谢你。』并撇开视线，匆忙地把礼物塞到包包里面。我不要这样！既然都要送了，至少得让对方开心才行不过，会让纱月同学开心的礼物到底是这个不行，那个也不行，...,0.999701201915741,2751,1
2751,1658,...让她摆在玄关就在我差点陷入这种危险想法时，猛然从床上挺起身子。不行。我不能自暴自弃地逃向根本不可能的第三选择！好好想想，好好想想啊！要是送她木雕小熊，我绝对会被人在背地里叫成『熊子』之类的。升上高二后...,0.9997034668922424,2751,1
2751,1659,...，呃，玲奈子同学w』这时我才会第一次发现自己的绰号叫熊子！呜呜。我要向小圈圈的成员发求救讯号了。总之先调查一下大家要送什么，从她们的礼物找到灵感。这样一来也不会和别人的重复。最先回应的是小香穗。我想如...,0.999703586101532,2751,1
2751,1660,...小紫一起去买了喔。买了可爱的书套！』小香穗回传了一张有着大大微笑的自拍照，在她娇小的脸蛋旁衬着新买的书套。好、好可爱！因为这画面过于可爱，害我顿时都哑然失声了。宛如被艺术之神所宠爱那般，小香穗买的礼物...,0.9997045397758484,2751,1
2751,1661,...自己掌控得很好。而且书套现在还没有包装起来，代表她应该是要在家里自己包装吧。好厉害，小香穗真的是什么都会耶根本就是魔法少女☆小香穗嘛。我满怀敬意地回了她话之后，这时紫阳花同学也传来了讯息。『我呢～是送...,0.999704897403717,2751,1
2751,1662,...也传了过来，她在胸前抱着小巧玲珑的包装盒。哇好、好可爱她选的也好棒！和送给朋友的礼物一起入镜的紫阳花同学，感觉就像是汇聚了人类的美好部分而创造出来的成品。而且她还穿着轻柔系的睡衣，是个讲究穿着的可爱女...,0.9997047781944275,2751,1
2751,1663,...份礼物，我也根本就没有这方面的经验她们两人肯定从国中时期就是班上的中心，也参加过好几次生日派对了吧相较之下，我却采取了姑息的手段只不过看了系列电影的第三部，就在表面上表现得好像与她们有共通话题！我突然...,0.9997045397758484,2751,1
2751,1664,...而且我也老早就明白她们两人远远比我出色许多。不过，既然我已经对自己发誓要成为阳角，就要好好地坚持到最后好。在网路上查看看吧！搜寻【女高中生礼物】后，显示出一大堆搜寻结果。唉选择根本就超多的好吗！？我的...,0.9997033476829529,2751,1
2751,1665,...人生简单啦文明最棒了！我从搜寻结果里面选了个中意的东西，随后立刻下单。闭门不出、直接在网路购买，实在很有我的风格。不过，到时要把寄到的东西包装起来又得费一番功夫不过就先别想这件事了＊＊＊「我可以打开吗...,0.9997039437294006,2751,1
2751,1666,...的隔天。在纱月同学的生日派对也快要结束，准备散会的时候，纱月同学缓缓地凝视着我，并如此询问。「啊，可以啊，请吧请吧。」「嗯。」糟糕，开始紧张了。小香穗与紫阳花同学送的礼物肯定会让她高兴，但我是选了一个...,0.9997040629386902,2751,1
2751,1667,...好歹也能及格吧「哎呀。」拆开包装纸后，映入眼帘的是一个小容器。「那是带香气的浴盐因为纱月同学感觉很喜欢泡澡。」「原来是这样啊。」纱月同学没有说「谢谢」也没有表现得很开心，而是回答『原来是这样啊』。咦？...,0.9997046589851379,2751,1
2751,1668,...不对，这应该是正确答案！因为那个，就是，感觉看起来很时髦吧！？而且网路上也是这么写的！不过，纱月同学收到紫阳花同学、小香穗，甚至是真唯送的礼物时都很开心，唯独对我说了『原来是这样啊』，也太让人不安了吧...,0.9997043013572693,2751,1
2751,1669,...自结完帐，打算从咖啡厅离开的时候，纱月同学悄悄把脸凑到我耳边。「甘织。」「啊，是！」她发出嘻笑声。「你送我这样的礼物，是还想再和我一起泡澡吗？真是的，你实在很下流呢。」我的头差点就爆开了。「不、不是！...,0.9997023940086365,2751,1
2751,1670,...，而我拼命对着她的背影伸出手。不是这样啦──！第二卷插图第二卷2.5章纱月与紫阳花的故事网译版转自轻之国度翻译：椎名童话「可以坐你旁边吗？」抬头看到搭话的人物之后，纱月愣了几秒。「位置，别处还空着很多...,0.9997027516365051,2751,1
2751,1671,...间。琴纱月独自在食堂打开便当。这是暑假近在眼前的某一天发生的事情。和王冢真唯闹翻了的纱月，变成了和平时所属的小团体保持着距离的情况，因此现在正在努力进行单独活动。如果单独活动完全没有什么寂寞悲伤之类的...,0.9997023940086365,2751,1
2751,1672,...间的话，那也算是个完美的结果吧。不过，她觉得对着过来的同班同学──濑名紫阳花摆出一副冷淡的态度也不太好，于是啪的一声把书合上了。「倒是可以」「太好了」紫阳花开心地轻轻握拳。「但你不是，刚和她们一起吃过...,0.999702513217926,2751,1
2751,1673,...了。「可是，我有点在意小纱月的样子」带着掩饰般的笑容，紫阳花轻轻地把便利店的饭团摆在桌子上给她看。「最近午饭的量减少了，所以想着再垫点东西吃」纱月无法在这里回答『是这样啊』，这就是她不知变通的地方。「...,0.9997027516365051,2751,1
2751,1674,...即便纱月自己没有意识到，她的言辞有时也会变得危险。不过，紫阳花并没有因此而泄气或动摇，她只是微微歪着头，打开饭团的包装，然后开始吃了起来。记得她说过自己有两个年龄相差很大的弟弟。所以紫阳花在和人相处时...,0.9997043013572693,2751,1
2751,1675,...是讨厌她的这一点。但是，纱月总觉得有哪里不自在。和她这样两人独处时，她就会产生一种必须要说些什么才行的心情。「和我一起吃饭的话会变得」「会变得？」「比如说，想回到那边去的时候，已经没有你的一席之地了」...,0.9997040629386902,2751,1
2751,1676,...那样的话，接下来就要一直和小纱月相依为命了呢」「是啊」就算抛出相当危险的话题，她也能像讲黑色幽默一样轻松带过。如果对方是甘织玲奈子的话，表情变化则会十分好懂吧「话说回来，马上就要考试了呢。小纱月不和谁...,0.9997043013572693,2751,1
2751,1677,...现出了那位像是小团体的战战兢兢颜代表一样的女孩子，不过教她学习的过程实际上和自己一个人学习没什么差别，所以纱月觉得大概没必要特意说出来。「一个人就能保持住那样的成绩，小纱月真厉害」「是啊」真要说的话，...,0.9997038245201111,2751,1
2751,1678,...，也没上什么课外班。不过，为什么从刚才开始就只会说「是啊」呢。或许是因为难以揣测濑名紫阳花的想法吧。或者说，可能是因为不想伤害对方而对用词挑来拣去，导致几乎没有可以打出来的牌。连自己都觉得这种情况不太...,0.9997034668922424,2751,1
2751,1679,...吗？」「我稍～微有一点不擅长数学啊～。如果是循序渐进能记住的，那我花点时间就能掌握，但如果是灵光乍现？那种的，我的思维就跟不上了。小纱月很擅长数学吧？」「嘛，我最擅长的就是数学呢。相反地，国语是不擅长...,0.9997037053108215,2751,1
2751,1680,...用手指抚摸着合上的文库本封面。「不过你看，国语不是会变成以揣测伟人脑内回路为目标的游戏吗？」「以揣测脑内回路为目标的游戏？那是什么啊」紫阳花两手拿着饭团，轻声笑了起来。「回答作者此时心境的这种问题，你...,0.9997022747993469,2751,1
2751,1681,...啊。很多时候我觉得答不对也没关系的吧」「啊啊，原来是这个意思。不过，确实如此呢。我听说那个答案经常会和作者想的不一样的时候，还觉得『什么嘛』」「就是说啊」突然，纱月意识到了自己正自然地和对方聊得十分融...,0.9997031092643738,2751,1
2751,1682,...月面露难色，眉间用力皱起，大幅地转变了话题。「假设有个吸水越多就会变得越强，就像史莱姆一样的魔物的话」「诶？嗯，嗯」「那孩子有个像太阳一样的朋友。只要靠近它，就会变得暖乎乎的。可是啊，魔物是不可以靠近...,0.9997027516365051,2751,1
2751,1683,...「就会逐渐失去力量。听完这个故事，你是怎么想的？」「嗯」紫阳花十分认真地陷入了沉思。「是有什么要努力变强去达成的目标，吗」「魔物有个无论如何都想杀死的对象哦」「嗯，嗯。这样啊既然如此，要不要和那个太阳...,0.9997032284736633,2751,1
2751,1684,...地摇了摇头。「原来你是这样思考的啊。感谢回答。之后会通知你是否合格」「这是某种测验吗！？」总之，就是这么一回事。纱月和紫阳花是完全不同的两类人，纱月眼中的世界对紫阳花来说完全是另外一种样子。所以，纱月...,0.9997039437294006,2751,1
2751,1685,...重要的事情什么的，如果把这些都老老实实地用言语表达出来的话，可能，紫阳花或许就能够理解她了。但这对纱月来说是比剃光头发还讨厌的事情，因此她故意不去和对方互相理解。（因为就算在一大锅汤里滴下一滴毒药，也...,0.9997010827064514,2751,1
2751,1686,...微垂下眉梢。接下来她要说的话，一般来说是想不到『我是不是让你感到困扰了』以外的回答了吧，可是。「小纱月你──那个──对了，你暑假有什么计划么？我这边啊，家人说是要一起去露营来着」（困扰过头了）面对为了...,0.9997014403343201,2751,1
2751,1687,...的内心感慨万分。『是不是让你感到困扰了？』这句话仿佛是诱导对方去说『没这回事』的这一点，紫阳花是立马察觉到了吧。不过，纱月有纱月的情况，由于让人困扰的那位青梅竹马总是异想天开些有的没的，害她养成了先人...,0.9997010827064514,2751,1
2751,1688,...的两吨大锤敲了脑袋一样。「我的话，没什么特别的预定呢」纱月觉得打工的事没必要特意告诉别人，于是这么回答。紫阳花说着「这样啊～」领会之后，又一次自顾自地继续延伸话题。看来她不只是擅长接球，也很会对墙壁发...,0.9997001886367798,2751,1
2751,1689,...个人对着墙壁发球的话，想全力无视她也是很耗费精力的。「濑名你，和家人感情很好呢」纱月终于认输，主动拿起手套开始准备接球。「嗯～怎么说呢，应该算普通吧？」面对笑咪咪地谈论自己和家人的关系有多普通的紫阳花...,0.9997010827064514,2751,1
2751,1690,...。「假设有一辆失控的矿车」「诶？」第二天，对着学不乖地又来到食堂的濑名紫阳花，纱月抛出了这个话题。她已经充分明白了紫阳花是个善人。既然如此，她反而对紫阳花善良到何种程度产生了兴趣。因此，她在上课的时候...,0.9996998310089111,2751,1
2751,1691,...车飞驰的轨道前方，我想想，假设有五个甘织」「五个小玲奈」「虽然看起来没有认真工作，但她们正在挖矿。因为矿车是失控状态，这样下去，五个甘织都会被辗死」「为什么这种比喻要用小玲奈的名字」面对紫阳花合理的指...,0.9997026324272156,2751,1
2751,1692,...它切换轨道，会死的就只有切换轨道后前方的一个甘织」「唔，嗯」「你是会为了拯救五个甘织，而杀死一个甘织呢；还是无法下定决心，结果杀死五个甘织呢。你会选择哪边？」「啊，是这种问题啊？」手持六个甘织的情报量...,0.9997010827064514,2751,1
2751,1693,...眼睛。虽然这个名为『电车难题』的思考实验非常有名，但幸好紫阳花看上去不知道。纱月回答「是的」，然后用手撑着脸颊。「不过这只是说着玩的，随意回答也无所谓就是」「嗯──稍等一下，我思考一下」姆姆姆姆──紫...,0.9997023940086365,2751,1
2751,1694,...的点心面包。纱月也不是没有考虑过，反正她刚才本来就已经在真唯小团体那边一起吃过午餐了不如指出这一点，和她说『你不拿东西过来吃也可以的』，如此一来紫阳花就能免于暴食之罪了不过，说出口的一瞬间，就等于认可...,0.9997022747993469,2751,1
2751,1695,...讲出来。这什么心理战啊。纱月并不是希望紫阳花待在她身边，真要说的话，紫阳花接近她反而会让她有所顾虑，因此她希望紫阳花回去，但是又不想伤害她，这就是问题所在。某种意义上，这或许也是对于纱月来说的电车难题...,0.9997026324272156,2751,1
2751,1696,...自己的人生中好像基本没有什么和善人相处的经历。不对，有那么一个人。一个超级大善人，还离自己超近。不如说是有血缘关系。而且她也知道自己应付不来那个人。原来如此纱月暗自说服了自己。虽然接受得不情不愿。「那...,0.999703586101532,2751,1
2751,1697,...我啊，总之会大喊『小心危险！』呢」「是吗」「嗯」「这样啊。诶？」紫阳花露出一副自我满足了的表情，准备接着吃面包。纱月打断了她。「不对，不是这样的问题啊」「我啊，能发出很响亮的声音哦。在家里也偶尔会大喊...,0.9997034668922424,2751,1
2751,1698,...己出题的方式不太对。她重新说明。「可我想问的是，你会选择两个选项中的哪一个」「可是，一旦做出选择，其中一边的小玲奈就会死掉啊。这样很悲伤吧」只能说，问题就是这么设计的。「啊，那我用身体全力去撞矿车如何...,0.999702513217926,2751,1
2751,1699,...也可以对了，不过如果那样做的话，就算真的成功了，你也可能会身受重伤哦。最糟的情况可能会死掉呢」如果紫阳花是个彻头彻尾的善人，大概会在这里说『这都是为了拯救小玲奈』，然后挺起胸膛吧。虽然纱月是这么猜的。...,0.9997019171714783,2751,1
2751,1700,...手抱胸。「这样啊，那就伤脑筋了啊这可怎么办呢」「你挺身而出，去拯救甘织不就好了」「可是，如果我死了，就没人照顾小不点们了。而且还得去接送他们上课外班啊」「那么甘织就会死掉了」「嗯──嗯──」紫阳花还在...,0.999702513217926,2751,1
2751,1701,...死掉的答案。纱月这边则是希望能早点得到她『那就把小玲奈杀掉吧』的回答，但这样下去的话，她可能就会思考到明天了，看来只好作罢。「可以了，濑名。因为再这样下去的话，感觉会变成单纯是在欺负你一样」「是这样吗...,0.9997016787528992,2751,1
2751,1702,...到畅快」紫阳花微微歪着头。「难道说，我被欺负了？」「或许，是这样没错呢」「啊～小纱月坏心眼～」被她这样带着微笑责备的话，只会觉得心情不太好。明明被甘织这么说了的话，纱月就会回她一句「闭嘴」的。这就是所...,0.9997027516365051,2751,1
2751,1703,...月的动作停滞了。虽然自己还没考虑过，但纱月说着「如果是这样的话」。「我可能会选择杀死五个甘织，吧」回答了人数较多的一方后，紫阳花瞪大了眼睛。「诶，为什么？」答案很简单。纱月毫不犹豫地说道。「甘织的话有...,0.999703586101532,2751,1
2751,1704,...角露出笑容，耸了耸肩。不知不觉中，她有了一种仿佛在自己与紫阳花之间，某种共通的感情生根发芽，把彼此的世界连接在了一起的感觉。日后，纱月向甘织说起这件事，便被她逼问说「难道你把五个我杀掉都不会感到愧疚吗...,0.999703586101532,2751,1
2751,1705,...「咕奴奴」地闭上了嘴。纱月心想，就算6对1，我也不觉得自己会输呢。第二卷2.3章给妈妈准备的礼物，能好好地送出去吗？小纱！网译版转自轻之国度翻译：椎名童话「小纱&#9825;」这是发生在纠结冬装要不要...,0.9997032284736633,2751,1
2751,1706,...身后，脸上露出不怀好意的窃笑（※含有个人感想）。「怎么了？」「嗯呼呼呼」那副笑容，简直就像是目击了上幼儿园的儿子收到同学情书的母亲。「」纱月抑制住想把她揍飞的冲动，强忍着看回香穗。不管那人露出如何令人...,0.9996993541717529,2751,1
2751,1707,...真遗憾啊。香穗将脸凑近纱月耳边，用手遮住嘴巴，轻柔地耳语道。「p&#12539;re&#12539;se&#12539;n&#12539;t&#9825;怎么样了喵？」「」上课前的教室是吵吵闹闹的状态...,0.999699592590332,2751,1
2751,1708,...。即使如此，她似乎还是有在顾虑周围。不过，她对纱月的内心倒是丝毫不在乎。「什么怎么样？」「因为那可是，至亲女儿呕心沥血编织的袜子啊，对妈妈来说，不就像是了不得的无价之宝一样的存在嘛」「是，这样么」纱月...,0.9996992349624634,2751,1
2751,1709,...「话说啊，就是因为抱着这种想法，小纱才会选袜子当礼物吧？」「或许确实是这样想的吧，曾经的我」「曾经的」「我犯傻了呢」「也就是说，小纱在这个瞬间，也每分每秒都在成长！？」纱月的目光飘向了远方。香穗「啊嘞...,0.999700665473938,2751,1
2751,1710,...不会是那种情况吧。没感受到对方收到礼物的喜悦吗？」「」纱月沉默不语。此时香穗也惊觉「糟了」，慌忙补了好几句安慰的话。「没，没问题的！心意，第一次的话心意最重要！没错，就算失败了，就算对方是不穿袜子的那...,0.999701201915741,2751,1
2751,1711,...级别的真的要死的那种哦！？」「还没呢」「还想活着吗！？」「不是说这个」纱月叹了一口气。她怀着一种仿佛不是在学校教室，而是身处永久冻土的心情说。「还没送出去呢。礼物」香穗大吃一惊。「生日那天的日期，我记...,0.9997010231018066,2751,1
2751,1712,...呼喵！」的叫声。不管怎么看，这都不像是面对教自己编织的恩人的态度。＊＊＊一星期过去了。「小纱月～我好困啊～」「马上就好」母亲穿着内衣，下巴搭在短脚餐桌的台面上，很巧合地摆着和前几天的香穗差不多的姿势，...,0.9997015595436096,2751,1
2751,1713,...把包装好的袜子藏在了书柜深处，整整七天都没送出去。能被允许称为生日礼物的期限到底能有多长呢。一个月前送的话还说得过去，但是一旦过了当天，顶多也就有三天的机会吧？完全错失时机了啊。纱月身穿制服，站在厨房...,0.9997004270553589,2751,1
2751,1714,...。纱月小心翼翼地把煎蛋卷卷起来，拿起平底锅，把它盛到了大盘子上。琴家的早餐大多是日式料理，不过最近，伴随甜甜圈出现的时候也变多了。「请把盘子端过去吧」「好～的～」只要开口拜托母亲，就算「噗～噗～」地嘟...,0.9996984004974365,2751,1
2751,1715,...母亲是不会来主动帮忙的。端着两人份餐具的母亲，是刚下班回来。尽管一如往常地简单冲了个澡、洗了洗身体，但她全身还是散发着酒气，眼皮也处于沉甸甸地睁不开的状态。「不是妈妈一开始说的吗。说至少早上要一起吃，...,0.9996963739395142,2751,1
2751,1716,...说的是好困啊，而从来没说过我不吃了、我睡了之类的话吧～？」「嘴真硬啊」实际上，纱月打工回来的时间点，母亲已经出门工作了。彼此都有工作的日子里，能在一起吃饭的时候只有早上。「感觉就像双职工夫妻呢，这种情...,0.9996988773345947,2751,1
2751,1717,...吧～所以小纱月真的很了不起，真的」「虽然我只是在做早餐而已」「不过啊，不过啊，小纱月你不用勉强自己也可以哦。早餐的话，就算顿顿都吃森永威德能量果冻我也没问题哦，小纱月。我们一起吃森永威德能量果冻吧」「...,0.9997000694274902,2751,1
2751,1718,...我喜欢」「做了不甜的味噌汤可真是抱歉呢」纱月把饭碗和汤碗并排摆好，说了声「我开动了」。母亲对着纱月做的料理，果然还是一脸幸福地说着「好吃～！」照单全收了。并不是因为让女儿做饭而心存愧疚，而是她本来就是...,0.9997005462646484,2751,1
2751,1719,...兴起来的习性的动物一样。母亲的可怕之处在于，她对初次见面的人也能无意识地做到这一点。可以说她只凭借这份才能就维持生计到了现在，并把纱月养育成人。纱月认为母亲是个了不起的人。至于尊敬与否就是另外一回事了...,0.999700665473938,2751,1
2751,1720,...」「一句话里出现三个问号的，可是病句哦」「你只要按照顺序挨个回答就好啦～！」「高中的话，嘛，很普通。至于开不开心，也没有，多开心吧。朋友的话，马马虎虎」「没有朋友吗？」端起味噌汤的母亲，用认真的表情担...,0.9997009038925171,2751,1
2751,1721,...你怎么交朋友吧？就是啊，只要跑到正聊得开心的地方说一句『带～我～一～个～嘛～』就好了哦」「你知道我今年几岁了吗？」在母亲滤镜下的世界中，纱月或许还只有九岁吧。让这个九岁孩子做早餐的话，真希望她能表现得...,0.9997033476829529,2751,1
2751,1722,...看你看，只要笑咪咪地和人搭话，光是这样就能让彼此都莫名感到开心吧？笑咪咪，笑咪咪地来，你试试看嘛小纱月。笑咪咪～！」「笑咪咪」面无表情地回应后，母亲露出了格外悲伤的眼神。「我要是和小纱月同班，可能会不...,0.9997047781944275,2751,1
2751,1723,...只要在必要的时候，有必要的对象在就好」「嘛，说得也是，没问题呢。毕竟小真唯也在同一个班级呢。只要好闺蜜小真唯在的话，不管什么都问她就好了呢」「说得是呢」母亲记忆中的真唯，应该是小学时露出无忧无虑笑容的...,0.9997051358222961,2751,1
2751,1724,...最近小真唯好像变得很少来咱们家了呢。果然是因为有各种事要忙吗？」「好像是这样。虽然我不太清楚」上了高中后，真唯的工作量进一步增加了。和初中相比，真唯给人的感觉也是受到了相当的洗练。「不过就算她来了，母...,0.9997043013572693,2751,1
2751,1725,...不到面的」「小真唯会不会来我们店里呢」「可能你会很意外，但真唯和我同岁。还是未成年」在两人闲聊的时候，早餐时间结束了。纱月开始收拾桌上的餐具。（母亲一直坚持主张自己用过的餐具自己来收拾，但她的动作实在...,0.9997043013572693,2751,1
2751,1726,...纱月～今天也加油学习哦～」「」如果想要送出礼物的话，只有此时此刻了，但是。这么说来，她想起来了。自己为什么会一直没有把礼物送出去。当然，有一部分原因是送亲手织的袜子很难为情。但生日当天她确实想把礼物送...,0.9997004270553589,2751,1
2751,1727,...床上了。她觉得把睡着的人叫起来送礼物也不太好，结果犹犹豫豫之间就错失了机会。不过，虽然这些还远远算不上理由──但一想到母亲被许多礼物包围的模样，纱月就感觉缠绕在自己周围空气的阻力增加了。「那个，妈妈」...,0.9996508359909058,2751,1
2751,1728,...向自己的房间。身穿内衣的母亲转过身来，疑惑地歪着头。「嗯？怎么了？」「没事」纱月变得支支吾吾起来，然后说。「因为今天打工会晚到家，所以那个，明天见」母亲微微一笑。「嗯～明天见」听着走进盥洗室的母亲刷牙...,0.9996838569641113,2751,1
2751,1729,...争气，她的心情变得想就这样把这陶器折断。＊＊＊「没送出去啊。已经是第八天了」「小纱」虽然完全没有那种意图，但面对大受打击而散发出消沉气氛的纱月，香穗还是朝她伸出了手。在头要被香穗轻抚之前，纱月把她的手...,0.9996987581253052,2751,1
2751,1730,...情呢。不如说为什么要送啊。庆祝生日的习惯是有必要的吗？明明自己正一分一秒地接近死亡」终于被投以了怜悯的目光。「明明都那么努力过了」「我有没有努力过，在收到礼物的一方看来是无所谓的」「不，怎么想都有所谓...,0.9997021555900574,2751,1
2751,1731,...」「真是愚蠢的想法」她对过去的自己咂舌。午休时间，和香穗聊着这些事的时候，纱月看到了坐在稍远处座位的紫阳花和正与她谈笑的玲奈子的身影。不知不觉顺着纱月的视线看过去的香穗，小声地嘀咕道。「感觉小紫就是会...,0.9997023940086365,2751,1
2751,1732,...猜了」「是啊」纱月的目光变得锐利了。「也就是说，从一开始，这就不符合我的人设呢」「啊，马上就开始闹别扭了！」「不是那样。只是每个人都有自己的人生轨迹，大幅偏离轨迹的行动，就只会产生杂音而已，我想说的就...,0.9997032284736633,2751,1
2751,1733,...能确实如此，但袜子应该算是勉强安全的喵」「没什么差别吧」纱月把手肘搭在课桌上，托着脸颊眺望窗外。到头来，或许是自己太得意忘形了。作出取舍也是人生的一部分啊。「真是抱歉啊，香穗」「老实说，虽然我是觉得怎...,0.9997026324272156,2751,1
2751,1734,...气。「但你对我的感谢计量器要是能满格的话，接下来的事情会比较好办，所以在这种意义上还是希望你能顺利地把礼物交出去的喵」香穗这种开玩笑的口吻，某种程度上让纱月产生了『幸好没有把礼物交出去』的想法。纱月察...,0.9997005462646484,2751,1
2751,1735,...让她莫名感到不甘心。＊＊＊「妈妈」「咦，小纱月？」当天傍晚，纱月在家门前逮到了正要出门上班的妈妈。打扮得漂漂亮亮的母亲，与平常刚到家时精疲力竭的模样不同，看起来有七成像个正常活着的人。这个模样一不小心...,0.9997016787528992,2751,1
2751,1736,...工要晚到家么？」「平时都是从学校直接去打工的地方，但今天我先回来一趟」「啊哈哈，有忘了的东西～？真稀奇啊～」「嘛，要说忘东西的话，确实是忘了东西呢。请稍微等我一下」从母亲身旁穿进家中的纱月，快步拿着一...,0.9996939897537231,2751,1
2751,1737,...母亲上班前这个时间点交给她的东西。不过，她明白了自己再精挑细选时机，也是送不出去的，所以这样就好。她唐突地猛然递了出去。「来，给你」「这～是？」「」「诶！？怎么了！？只是问一下而已，怎么沉默成这样啊！...,0.9996964931488037,2751,1
2751,1738,...纱月犹如沉入海中而生锈了的箱子一样，缓缓地开了口。「生日快乐」「诶诶！？」接过礼物的母亲按着胸口，像是在压抑着狂跳的心脏一样。「哇，吓我一跳你用这么吓人的表情说这种话，我还以为是从哪里偷来的应该不是吧...,0.9996893405914307,2751,1
2751,1739,...有瞪人的自觉。「别管那么多了，请赶紧打开。不打开的话就请扔进垃圾桶里」「炸弹？」母亲不安地拆开包装。即便如此还是要打开吗。纱月觉得待在这里简直是如坐针毡，要不干脆回家算了。虽然这里就是自己家。「哇～！...,0.9996849298477173,2751,1
2751,1740,...，是袜子！而且这该不会是该不会是，手工编织的吧！？」「嗯，就是这样」纱月决定让心化为虚无。她已经习惯了虚无。「诶～！？真的假的～！？这是小纱月织的吗！？为了我！？这是怎么织出来的～！？」「一句话里的问...,0.9996848106384277,2751,1
2751,1741,...是最开心的～！哇～！谢谢你～！」「没什么」「小纱月真是个好孩子！竟然为了妈妈亲手织袜子什么的，这样的好孩子哪儿都找不见！小纱月真了不起！好厉害！我好开心～！」母亲紧紧抱住纱月。由于纱月的心化为虚无，所...,0.9996893405914307,2751,1
2751,1742,...好啊～唔呵呵，我要穿去上班」「那样不行的吧」这世上哪有人会穿着毛茸茸的毛线袜去套高跟鞋。不对，仔细找的话或许还是有的。糟了。因为进入了吐槽状态，无的心境解除了。母亲抓住纱月的双肩，目不转睛地凝视着她的...,0.9996885061264038,2751,1
2751,1743,...，小纱月」要是母亲再倾诉感谢之情的话，纱月的心灵可能就会由于羞耻而变得不能自已了。不对，她确实想被感谢。但不想被感谢过头。在保持适度的距离感上，纱月完全不信任母亲。她可是那种只知道做生的食物和糊成一团...,0.9996998310089111,2751,1
2751,1744,...句地说道。「我啊，本来没什么自信但我说不定非常擅长养孩子呢！」「你是笨蛋吗」这次纱月用冰冷的视线狠狠地说道。日后，纱月向香穗报告了自己把礼物送出去了的事（虽然她丝毫没有报告的义务，但出于对姑且是关照过...,0.9997017979621887,2751,1
2751,1745,...太好了呢小纱！那你就欠我一个人情了！我会好好～地让你用肉体偿还的喵！嗯呼呼呼！」这样说着的香穗，露出了不怀好意的笑容。实在遗憾的是，在日本的法律中，笑容令人火大构成不了动手打人的正当理由，所以只能用文...,0.9996993541717529,2751,1
2751,1746,...的回家路上。「我的母亲她」当时太阳还没有现在这么高。对着并肩走向车站的香穗，纱月小声嘟囔了一句。「她好像，算是个，受欢迎的人。生日也总是，被盛大地庆祝着。收到的礼物多到，一次性带不回来。还会收到，很多...,0.9996999502182007,2751,1
2751,1747,...后续，乖乖闭上了嘴。这种情况下她姑且还是能做到的。「所以呢，女儿送的礼物什么的，我觉得她是不会特别期待的」「原来如此」「尤其是，没有送礼物的合理性」送人礼物还讲合理性。原来如此，真像小纱会说的话。「既...,0.999700665473938,2751,1
2751,1748,...「比如说？」「亲手做的那种！」「那种啊」香穗对一脸为难的纱月露出了笑容。她总是这样口无遮拦，自说自话。但只要是有用的点子，纱月都会采纳。「比如制作饰品、编织东西，或者小物件之类的？」「你对那些方面很了...,0.9996942281723022,2751,1
2751,1749,...往常。只不过，感觉稍微只是那么一点点，她脸庞的角度转向了前方。香穗就是从纱月的这种地方观察她。纱月没有回答yes或no，只说了一句。「我会考虑的」她这样说着，马上转移到了下个话题。现在想来，那可能是纱...,0.9997005462646484,2751,1
2751,1750,...第三卷序章台版转自轻之国度轻之国度×天使动漫录入组图源：拉菲扫图：linpop录入：kid修图：凪のあすから好难过，好想逃，好想回家。我──毫无特色的高一学生&#8226;甘织玲奈子正坐在椅子上，静静...,0.9996986389160156,2751,1
2751,1751,...周，往来的众人看起来都是业界人士，打扮得光鲜亮丽。想必他们都正在讨论足以挑起日本未来的重要洋装产业吧。虽说在现场也可以看到几个年轻人，但每个人都像是来自另一个次元那般华丽。我只是一个稍微会打扮的小姑娘...,0.9996989965438843,2751,1
2751,1752,...没发现，其实已经有两三个内脏被压烂了？时值盛夏，这里是位于涩谷的展厅，某个时装秀的现场。然而，今天我并不是被骗过来的。暑假一直被作业游戏游戏作业游戏游戏游戏这样反覆的日子不断消磨掉，我因此产生了危机感...,0.9996821880340576,2751,1
2751,1753,...决定让自己以成为一个阳角为目标。如果再这样懒懒散散地度过暑假，精神状态感觉又要彻底恢复到上高中以前的家里蹲了，这样实在很不妙。再怎么说，我都已经努力到了现在，磨耗心灵长达三个月之久。如果经过一个暑假又...,0.999672532081604,2751,1
2751,1754,...的地狱版本，还是饶了我吧。话虽如此，对于完全不想从开着冷气的房间出去的我来说，也不可能这么凑巧有什么事件发生在我身上正当我如此心想，朋友向我发来了邀请。我随即抱着感恩的心一口答应，事情就是这样。周围的...,0.9996929168701172,2751,1
2751,1755,...，我再次翻起早已看得滚瓜烂熟的宣传手册。时装品牌qr。手册上印着一名金发女性。那个人有一头精心编过的金色秀发，上头还点缀着花饰，毅然挺直着腰杆，目光凝视着前方。这位容貌秀丽的美女，正是王冢真唯。她和我...,0.9996901750564575,2751,1
2751,1756,...友』。而且──这时，周围的光迅速消失，世界陷入了黑暗之中。舞台在灯光的照耀下缓缓升起。现场开始播放彷佛能响彻骨髓的重低音，所有人在开始前涌起一股刺激着全身的紧张感，以及山雨欲来的壮大感，目光纷纷被吸引...,0.9996657371520996,2751,1
2751,1757,...日常彻底撕裂开来。呜哇脸好小，腿好长不管是与我年纪相仿的年轻人，还是比我年长许多的成年人，大家都好似在翩翩起舞那般，俐落地走过伸展台。因为这是时装秀，衣服当然才是主角，但我的目光总会不自觉地被穿着那身...,0.9996964931488037,2751,1
2751,1758,...一两个人，就不禁会想着『那个人的身材超好的耶！』自顾自激动个好一阵子，现在这里却聚集了这么多这样的女性常识都快要变得不是常识了。至于服装设计得是好是坏，我是完全分辨不出来啦！啊～感觉我的暑假一口气变得...,0.9996980428695679,2751,1
2751,1759,...该不会我在不知不觉中失去了意识，她已经在那段期间上台了吧──就在我如此担心的时候一位女孩出现了。那应该是自己很熟悉──却又初次见到的少女。她全身环绕着光与各种色彩，以柔和的目光注视着正前方，走着台步往...,0.9997001886367798,2751,1
2751,1760,...辉灿烂的未来。我彷佛将紧张抛到脑后似的，只是张着嘴默默注视着她。她走台步的模样，就好似在海里优雅漫水的人鱼。我感觉自己就好像待在潜水艇，透过舷窗观赏着眼前这有别于人类的幻想中的生物。少女走过伸展台，无...,0.999700665473938,2751,1
2751,1761,...是为了蛊惑众生而存在的。我不禁被这股气势震慑。目送真唯折返离去的背影，我像是忆起了什么那般，深深地叹了口气。彷佛窥见了不属于这个世间的神秘景象，胸口的这股悸动久久无法平息。时装秀结束后，会场也重新点亮...,0.9997013211250305,2751,1
2751,1762,...知道这件事究竟多么有价值。想必对我而言是遥不可及的事吧。我感觉就像是通关一款游戏之后看完结尾影片那样，暂时瘫坐在椅子上，久久不能动弹。哎呀我竟然在开学典礼向这么厉害的人搭话啊哎呀呀，这样当然会很受欢迎...,0.9997040629386902,2751,1
2751,1763,...么毛病。假如我先得知了真唯作为模特儿的一面，恐怕我高中三年只会一直远远望着她，过着让内心难受的每一天吧。如果是这样，唉，倒也乐得轻松吗？好啦，回家吧正当我准备起身离席，真唯走过来了。「嗨，你看得开心吗...,0.9997045397758484,2751,1
2751,1764,...我的心脏又开始狂跳。哇，是王冢真唯本人耶我是你的粉丝！今天能和你说到话，我感到非常荣幸～～！唔哇我死而无憾了～～～～～～！我差点就流下感动的泪水，同时脱口说出粉丝会讲的台词，好险我拼命控制住了自己。「...,0.999704897403717,2751,1
2751,1765,...是好像小朋友一样的感想语汇量也太少了！但是真唯只是听了这些，就露出如释重负般的笑容。「这样啊，那就好。哎呀，一想到玲奈子在看我，心里实在非常紧张。」真唯所说的紧张，感觉应该是为了展现出更好表演的必要因...,0.9997047781944275,2751,1
2751,1766,...想必是属于不同概念「不过，结束之后模特儿就立刻来到会场，这样不要紧吗？」真唯的头发依然是设计过后的造型，妆容也维持着走秀用的那种光彩亮眼的风格。「嗯，毕竟今天是qr为媒体与客户所举办的，以伸展台形式呈...,0.9997043013572693,2751,1
2751,1767,...是点了头，因为我觉得还要让模特儿特地花时间为我解释也实在过意不去随后，真唯也忍不住嘻嘻笑了。「换句话说，招待相关人士也是我今天工作的一环。」「原、原来如此！」眼见真唯露出温柔的笑容，我不禁点头如捣蒜。...,0.9997046589851379,2751,1
2751,1768,...废物男友一旦登上舞台就看起来莫名帅气的法则吗！这家伙和躺在我腿上闷闷不乐的女生可是同一个人耶。看不出来啊！正当我一个人小鹿乱撞的时候，真唯把那张别致出众的脸蛋凑了过来。「怎么了，玲奈子？你的脸好像变得...,0.9997045397758484,2751,1
2751,1769,...来就没有那个意思！也没有什么重不重新的！」「是吗？真可惜。如果现在我们是两人独处，我还想当场听听你的心跳，确认一下你我有没有猜对呢。」「唔」在真唯面前，我怎么样都没办法坦率，讲出真心话。再说了，这个人...,0.9997047781944275,2751,1
2751,1770,...定之人』，但这应该只是我碰巧抽中了倍率70亿倍的彩券吧？如果把这件事告诉真唯，她也会说『即使如此，中奖的也是你』，所以我也只能心怀感激地接受这份幸运为了不涌起那样的想法，我要拼命反抗！「算、算了姑且先...,0.9997047781944275,2751,1
2751,1771,...定是比之前还要更喜欢你一点」听到我几近极限的让步，真唯不禁露出笑意。「受不了，你还真是嘴硬呢。」「哪、哪有啊！我刚才那样已经很努力让自己坦率一点了」「是啊，我很开心呢。」不、不要在我耳边低语啦我都羞到...,0.9997047781944275,2751,1
2751,1772,...觉得『那两个人是怎样？明明都是女生还在那打情骂俏的』不对，没问题的，因为我和真唯只是感情很好的朋友而已！「机会难得，我很想和你去哪逛逛再回去，但今天接下来还安排了好几个采访。难得我们这么久才见到面真可...,0.9997043013572693,2751,1
2751,1773,...」「嗯，是有一点。抱歉，我明明在我们的结婚典礼上发过誓，一定会给你幸福的，却还是让你感到寂寞。」看来她忙到不可开交，甚至还产生了幻觉。真可怜。「嗯，反正再传讯息之类的偶尔打个电话也可以，好吗？」（抱紧...,0.9997045397758484,2751,1
2751,1774,...呃，嗯，我知道没有人会在意女孩子在那搂搂抱抱的啦！可是我会害羞啊！真唯身上好香！「好，稍微补充了一些玲奈子成分。这样我就能再努力一阵子了。」「那、那就好」「顺带一提，如果之后我们能在行政书士的见证之下...,0.9997051358222961,2751,1
2751,1775,...」「如何什么啊！？」回去查了之后我才知道，在欧美似乎每四对恋人就会有一对签署婚前协议书（prenup）。但我是日本人「是说，今天我不能那么晚回家。不对，就算接下来没事我也不会签那个什么婚前协议书。」「...,0.999704897403717,2751,1
2751,1776,...道？我感觉真唯的笑容里好像混了某些深不可测的东西。不，应该只是我的胡思乱想吧！？「是、是没错啦」「嗯，你要和紫阳花好好相处喔。我明天还有工作，所以没办法一起去玩，真可惜。」「呃，嗯」唉？你原本是打算一...,0.9997051358222961,2751,1
2751,1777,...唯之前有个前科，她因为嫉妒紫阳花同学而把我推倒。她明明看起来掌握了天时地利人和，得到了所有一切，为什么会对我不对，正因为得不到手，所以才会这样积极吗？实在搞不懂。我顿时身体僵硬，看向真唯。「那、那就下...,0.9997051358222961,2751,1
2751,1778,...「那我也该过去了。抱歉，说了多余的话。你就和紫阳花好好玩吧，不用在意我。她对我来说也是重要的朋友。若是你们能和睦相处，我也很开心。」呜。因为我知道真唯对我抱有多么强烈的欲望，看到她抽身得这么干脆，这样...,0.9997037053108215,2751,1
2751,1779,...济状况，微笑着说『我肚子不饿，没关系的』，然后点了最便宜的荞麦面一样我能做的，顶多也只有帮真唯加油打气。「我、我才是，谢谢你今天邀我出来。工作要加油哦！」我紧紧握住真唯的手，对她如此说道，随后真唯的脸...,0.9997034668922424,2751,1
2751,1780,...面，我会努力的。谢谢你今天来这一趟。」留下一个美得如梦似幻的嫣然笑容，真唯便离开了。呼哈──或许是因为久久不见就看到了她厉害的一面，我内心的悸动依然静不下来。这样简直就像我爱上了真唯啊才不是呢！好险好...,0.9997019171714783,2751,1
2751,1781,...的举动了，否则总有一天会酿成无可挽回的悲剧。就在这时──「你和那位模特儿讲起话来还真是亲密啊。」不知不觉间──一位金发女性站在我旁边。长长的金发绑成了高度不一的双马尾。也许是对穿着不太在意，她只穿一件...,0.9997016787528992,2751,1
2751,1782,...关在研究所的科学家，散发着一股超然的氛围。她的身高比我还要娇小许多，年纪应该在二十岁上下吧。不过，她肯定是个社会名流看起来很习惯这种场合「那、那个」虽然被陌生人搭话让我有些动摇，但我还是点了头。「是、...,0.9997001886367798,2751,1
2751,1783,...」她提出一个超难回答的问题。客观来说，就是接过吻的关系！话是这样讲啦，但怎么可能说得出口。「呃应该不是我单方面把她视为朋友，我有一定程度确信她一定也很重视我总之是朋友。」对我而言，这就是对朋友最顶级的...,0.9926082491874695,2751,1
2751,1784,...样！？她有在听我说话吗！？我为了随时能逃跑而弯下腰。金发双马尾女性则始终面不改色。「那个模特儿身上的氛围与六月那阵子相较之下有了巨大的转变（conversion），从熊熊燃烧的朱红色（vermilio...,0.9996716976165771,2751,1
2751,1785,...）。急剧的变化会导致模特儿的属性产生质变，所以我想尽可能地知道原因。所以，她上了你吗？还是你上了她？」「都、都没有！」而且前半段说的是哪国话？「算了，没关系。」她用手指摆弄着双马尾，同时转过身。并递给...,0.9996904134750366,2751,1
2751,1786,...是想知道变化的根据罢了。你是那孩子的朋友吧？假如遇到什么困难就联络我吧。我每天都固定会有15分钟的休息时间，如果时机合适，也有办法接电话的。」「96分之1的机率！」她刚才递的是张名片。或许是看到我收下...,0.9996956586837769,2751,1
2751,1787,...从动画里走出来的像是强势的作风，鲜明的个性之类的不愧是时装秀，这里是贩卖个性的会场，聚在这里的人个性都是五花八门呢我如此心想，看了看名片。太时髦了根本看不懂！完全没有按照「某某公司某某职位」那种既定格...,0.9997028708457947,2751,1
2751,1788,...离开会场后，我与名片上书写体的字母奋斗了好一会。呃，呃我来到涩谷车站，前往月台。等电车的那段时间也依然死盯着那张名片。上车后幸运地找到了座位，于是我在电车里依然用周围听不到的声音喃喃自语。「renee...,0.999700665473938,2751,1
2751,1789,...面的东西，就是那本被我读到滚瓜烂熟已经变得皱巴巴的宣传手册。上面印着一张侧脸的照片。王冢芮妮，时装品牌qr的ceo兼首席设计师。换句话说。──不就是真唯的妈妈吗！？我差点在电车里大叫。「我回来了」刚踏...,0.9997016787528992,2751,1
2751,1790,...爱且闪亮亮的风格。唔，我的阳角雷达起了强烈的反应这肯定是妹妹的朋友！我蹑手蹑脚地向自己的房间移动。妹妹从以前就经常邀请可爱的朋友到家里玩，这让我感到无地自容不过拜此所赐，我现在也变得很擅长消除气息，已...,0.9997000694274902,2751,1
2751,1791,...妹房间门口经过时，门就这么不巧地打开了。「啊，姊姊。」「呃。」每次有朋友来家里时，妹妹一看到我都会立刻像是对待野狗那样对我说『滚一边去』。（其实我也挺受伤的。）不过她最近会像这样承认我是姊姊。说不定是...,0.9996998310089111,2751,1
2751,1792,...自虐了。毕竟现在的我已俨然是集妹妹的尊敬于一身的超级阳角姊姊。在家庭里的地位也是处于最顶端，存在感就宛如太阳一样。此时，打扮轻便的妹妹上下打量着精心打扮过的我。「唉？你刚有出门吗？」她甚至没注意到我不...,0.9996609687805176,2751,1
2751,1793,...话！「呃，稍微去涩谷逛了一下。」当我们站在门口对话时，被房间里的女孩们发现了。「啊，是传说中的姊姊。打扰了。」「不会吧，真假？好可爱～」唔哇──都是阳角──！一个是留着鲍伯头、穿着偏向休闲运动风的女孩...,0.9996784925460815,2751,1
2751,1794,...。两人都是相当有水准的美少女。明明对方年纪都比较小，我却紧张得全身僵硬。为什么在自己家里还会遇到这种事早知道我就先在客厅消磨一些时间了不好意思，我既不是太阳也什么都不是，只不过是阴影处的小石头！但既然...,0.9996554851531982,2751,1
2751,1795,...世界没办法读档，自然也就不会在进入建筑物的当下就自动存档「你、你们好，多谢你们平常一直照顾我妹妹。」我使尽仅有的交流能力，拼命挤出笑容。态度要大方这是在家里，是我的领域是最能给予我力量的圣地没错，再怎...,0.9996702671051025,2751,1
2751,1796,...我也不可能在区区几秒钟内就原形毕露的下一刻，亮色头发的女孩快步地走过来，紧紧搂住我的手。什么！？「姊姊也一起过来聊天吧～来嘛来嘛～」她露出亲切且甜蜜的微笑，从下方仰视着我。咿感觉她好像对自己是班上最可...,0.9996984004974365,2751,1
2751,1797,...怕她直接把我拉进冷气开得很强的凉爽房间。我的伪装顿时岌岌可危，根本就像只有挂在一只耳朵上的口罩。「其实刚刚我们还在聊姊姊的事情喔～」「这、这样啊～」亮色头发的美少女紧紧贴到了我旁边。上臂光滑细腻，好清...,0.9997010231018066,2751,1
2751,1798,...姊姊都吓到了啦。」「唉～哪有。对了姊姊，我想问你，你和那个王冢真唯是好朋友对吧？」「咦？啊，嗯。」我只用两个语音按钮（分别是「嗯」和「这样啊」）勉强装作自己有在对话，不过也稍微松了口气。因为我发现这个...,0.9997014403343201,2751,1
2751,1799,...情报。想想也是当然的啦，这么可爱的女孩子，怎么可能对我这种人感兴趣呢。「哇～我就知道～」拍了下手后，亮色头发的女孩子迅速地把身体靠了过来。「我第一眼看到姊姊时就在想，姊姊这么漂亮，身材又苗条，散发出一...,0.999697208404541,2751,1
2751,1800,...是装饰用的吗？怎么突然这么说话「那个那个，姊姊也和我交交朋友嘛～我们来交换联络方式吧？」「喂，喂，妹妹」我露出求救的表情看向妹妹，但映入眼帘的景象却出乎我意料之外。妹妹看起来一脸得意。「哎呀，真拿你没...,0.9996840953826904,2751,1
2751,1801,...你这家伙！果真是我的妹妹是吧！？现在我对两人之间有血缘关系超有感的！都继承了会狐假虎威的血统！你该不会把这件事在国中那边大肆宣扬吧？「说什么独一无二的挚友，没有啦」那充其量只是我在努力的目标，应该总有...,0.97585529088974,2751,1
2751,1802,...闪闪发光的眼睛也蒙上了一层阴霾。不妙。「──嗯！是这样没错啦！」「果然，真不愧是我姊姊！」妹妹拍手鼓掌，我挺起胸膛。难道甘织家世世代代都是搞笑一族吗？后辈们听了之后，又再次兴奋起来。「唉～好厉害～！该...,0.9527943134307861,2751,1
2751,1803,...该怎么说呢～？」我露出意义深远的微笑之后，妹妹突然疯狂大笑。「竟、竟然说姊姊是模特儿！竟然说，模特儿！模特儿！（笑）不行了不行了！姊姊怎么可能会是模特儿啦！（笑）※我不行了！（爆笑）」我杀了你喔。看到...,0.9996976852416992,2751,1
2751,1804,...包拿出宣传手册，秀给她们看。「虽然我确实当不了模特儿啦！不过，今天我可是受真唯邀请，去看了时装秀呢！」下一刻，刚才一直很老实的鲍伯头女孩「呀」地大叫一声。怎么了！？「你说的是女王玫瑰（queenros...,0.9996919631958008,2751,1
2751,1805,...」「咦？啊，嗯。」「太夸张了吧嗳，星来、遥奈，这很不得了耶！」「唉～？虽然我不是很懂，不过好厉害～！」「还好啦，毕竟是我姊姊嘛！」鲍伯头的女孩用力地拍着我的背，亮色头发的女孩露出了微笑，妹妹则是一脸得...,0.9997005462646484,2751,1
2751,1806,...性的实用性服装（realclothes）品牌，在整个世界都有不少人所喜爱喔！不仅是在东京时装周能看到它的活跃，现在它甚至也会出席参加四大国际时装周呢！」我听到她这番热情如火的演说，顿时连声点头，不过心...,0.9997016787528992,2751,1
2751,1807,...的很喜欢时装呢。明明之前来遥奈家里玩的时候，你看起来还兴致缺缺的呢～」「我、我只是对时装感兴趣，并不是对王冢真唯。不过，王冢真唯确实是女王玫瑰（queenrose）的当家模特儿，是也不讨厌啦是说，星来...,0.999700665473938,2751,1
2751,1808,...两人的注意力不在我身上的时机，迅速起身。「那、那我就先回房间了，你们慢慢聊哦。」不仅是王冢真唯的挚友，还刚参加完时装秀，我这个将国中生们的尊敬于集中一身的阳角中的阳角，潇洒地甩了头发，准备离开房间。这...,0.9996994733810425,2751,1
2751,1809,...掉了什么东西喔。」「咦？」那是夹在宣传手册里面的一张纸片。「啊，那个是」亮色头发的女孩、鲍伯头女孩还有妹妹都凑过去看。「在会场收到的、名片」『──王冢芮妮！？』亮色头发和鲍伯头的女孩同时大喊。从这里开...,0.9997026324272156,2751,1
2751,1810,...的王冢芮妮！？那个世界级的设计师！？』『前阵子电视上还播了她的专访，叫魔法师（littlewitch）的工作！』她们疯狂地抛出问题追问，害我的胃渐渐开始痛起来了。最后我逃之夭夭回到了自己的房间。毕竟厉...,0.9996989965438843,2751,1
2751,1811,...外出用的衣服换成居家服。本来还想顺便卸妆的，不过还是等妹妹的朋友们回家后再说吧。我不禁叹了口气，直接躺到床上。「累、累死了」仔细想想，我刚才那样做实在很多余。要是后辈开始亲近我、在暑假期间经常来家里串...,0.9997010827064514,2751,1
2751,1812,...冢学姊是很厉害没错，但那个人是怎样啊笑，就只是个跟班吧笑』我怎么承受得了这种落差！早知道就不让她们看什么宣传手册了！我怎么这么笨啊！只顾着逞一时之快，没认清自己的斤两！自己明明只是个原本还是家里蹲的阴...,0.9997033476829529,2751,1
2751,1813,...！知不知羞耻啊玲奈子！我愈是狐假虎威，刺向自己的刀就愈是锋利这已经形成一个固定模式了吗就在我抱头苦恼在床上打滚的时候，听到手机传来了讯息的音效。我泪眼汪汪地看过去。究竟是谁传讯息给我这个渴求认同的肤浅...,0.9997031092643738,2751,1
2751,1814,...午1点在车站前可以吗？』这是濑名紫阳花──紫阳花同学传来的讯息。呜呜真是我的天使连文字都好可爱紫阳花同学是我在高中认识的朋友，是有如温柔这个概念化为人型的美少女。就在我深陷自我厌恶的泥沼之中的时候，紫...,0.999703586101532,2751,1
2751,1815,...类的愚蠢集至一身的存在，真的可以占用我最喜欢的天使紫阳花同学的时间吗？而且，假如我现在装病，回她『对不起，我好像得了热感冒，明天大概没办法去了』的话。紫阳花同学会打从心底为我担心她应该会回说『咦！你还...,0.9997039437294006,2751,1
2751,1816,...房间里握着ps4手把的同时，到底还有什么脸来玩游戏呢？这样良心不会痛吗？暑假过后，我绝对会拒绝上学的吧。我将会没有脸再面对紫阳花同学，也没办法和家人好好说话，当然也没办法去打工，到死为止都只能关在房里...,0.9997034668922424,2751,1
2751,1817,...天仅剩的所有力量，回了讯息给紫阳花同学。『ok──！』文字真是赞啊就算再怎么没有精神，只要加上惊叹号，就会给人一种活力满点积极向上的错觉。我也想变成文字。我整个人放空，借此恢复精神力，就这样到了晚餐时...,0.9997033476829529,2751,1
2751,1818,...。「嘿嘿，姊姊大人，我的炸鸡分你一块吧？」看来她的自尊心获得了极大满足，甚至发出如此谄媚的声音。好可怕。「不、不用了」「唉──这样啊。还有就是啊，我朋友说想和你交换联络方式。」「妹妹啊也许我没有义务说...,0.9997027516365051,2751,1
2751,1819,...假借他人威风，装得好像自己很厉害，之后可是会很辛苦的喔」「唔。」平常总是活得正大光明循规蹈矩的妹妹，难得被我戳中痛处，顿时受到了打击。「竟然会被姊姊这种人教训，真是一辈子的耻辱」「那句话是多余的！」＊...,0.9997033476829529,2751,1
2751,1820,...天已经做好万全准备，比平常早两个小时躺到了床上但是为了不惹紫阳花同学生气、不给紫阳花同学添麻烦、不被紫阳花同学讨厌，我努力在脑海里模拟了各种对话，两个小时转眼间就过去了结果我依然还是和平常一样的时间入...,0.9997041821479797,2751,1
2751,1821,...我的精力燃烧殆尽。你可以对人类再手下留情一点吗？我拖着沉重的脚步，搭上了电车。碰面的地点距离这里三站，是离紫阳花同学家最近的一站。或许是因为突然吹到了开得很凉的冷气，我的肚子真的开始痛了起来。我明明一...,0.9997043013572693,2751,1
2751,1822,...然觉得，在学校里某天随口说『那今天放学后一起玩吧』，和专程在暑假制造专属于两人的时光游玩，竟然是如此截然不同我还是别去好了区区一个玲奈子，怎么可能挑起被紫阳花同学邀请到家里的这种重责大任呢就算去了，我...,0.9997045397758484,2751,1
2751,1823,...奈聊得很开心，但要私底下长时间待在一起果然还是没办法耶w』像这样看破我。昨天也是这样，其实我根本就没什么了不起的，只是使尽了浑身解数让自己看起来很像个大人物而已我很害怕被人知道自己有多么肤浅。若是选择...,0.9997033476829529,2751,1
2751,1824,...窗映着自己的模样，脸色看起来莫名糟糕。虽说化的妆是一如既往的淡妆，浏海也仔细整理过了，但是不是再多花点时间会比较好呢？就在我百般懊恼的时候，电车已经载着我抵达了目的地。我下了电车，走向月台，带着期待又...,0.9997029900550842,2751,1
2751,1825,...啊，小玲奈，这边这边。」紫阳花同学犹如盛开的花朵般站在那里。「呜哇──！好可爱喔──！」我情不自禁地叫了出来。「咦？什么？」我还是第一次看到穿着便服的紫阳花同学。上半身穿着带有花纹的无袖上衣，可以清楚...,0.9997019171714783,2751,1
2751,1826,...耀眼光芒，我忍不住合掌膜拜。下半身是紧紧束着腰间的长裙，这种颇具现代风格的穿搭表现出女孩子惹人怜爱的曲线，让紫阳花同学娇小的身躯显得更具魅力。再来，从蓝色凉鞋（是叫穆勒鞋吗？）隐约可见的脚趾上面涂着粉...,0.999702513217926,2751,1
2751,1827,...花同学开始放暑假后，想要打扮得时髦点，解放自己的心情，实在是太可爱了。太棒了。冠军。「唉？这也太可爱了吧好猛这个暑假，紫阳花同学身上究竟发生了什么事？你会不会变得可爱过头了？」不对，紫阳花同学本来就可...,0.9997039437294006,2751,1
2751,1828,...，原来我平常在学校见到的都是一些不得了的人物啊。这种感觉就像是一个人每天中午老是吃鱼大腹不然就是松阪牛，有一天突然意识到鱼大腹和松阪牛其实很好吃那样。听了我颤抖着讲出的这些话后「咦？就算你突然夸我，我...,0.9997040629386902,2751,1
2751,1829,...手比出胜利手势。轻飘飘的秀发随风飘荡，感觉就连能融化柏油路的阳光也顿时变得柔和起来。难不成，紫阳花同学其实是对抗全球暖化的最终兵器？然而，这时紫阳花同学的手指在胸前地缠在一起，同时移开视线。「那个，可...,0.9997046589851379,2751,1
2751,1830,...要稍微努力了一下下这样子，不会奇怪吧？」「一点也不奇怪！不对，应该说反而太奇怪了！可爱到让人觉得很不正常这样！」「不正常吗！？」「不正常啊毕竟我都要怀疑自己的眼睛了，紫阳花同学该不会是只有我才能看见的...,0.9997037053108215,2751,1
2751,1831,...小玲奈。」让她担心了不对，这个，嗯。一看到紫阳花同学，我内心的不安顿时消失得一干二净了。全身反而涌起一股亢奋感，这就好像在游乐设施排完队，接下来终于轮到了自己要搭云霄飞车出发一样。啊啊，我之前到底在纠...,0.9997031092643738,2751,1
2751,1832,...为了让紫阳花同学也觉得开心！我今天要竭尽全力地好好表现！我露出笑脸说道：「今天就多多指教啰，紫阳花同学！」「彼此彼此，小玲奈。」我有一种预感，我的暑假终于开始了。啊──！今天将会是我最棒的一天──！第...,0.9997031092643738,2751,1
2751,1833,...我逐字逐行的盯着手机上写好的备忘，并没问题，没问题的用手指逐一确认。首先是打扫房间。完成。不光是客厅，还有卫生间，以及不知道有没有出场机会的我自己的房间都仔细的用吸尘器吸过，并整顿好了。接下来是接待客...,0.9997031092643738,2751,1
2751,1834,...是自我上小学时就不断改良过的。饮料的补给也无碍。也有好好确保过弟弟们喝的牛奶了，所以不用担心饮料被随便喝掉。还剩下的，就是今天的妆容和着装了。就这样，吧完成了？我自己的房间里。我在穿衣镜前从不同角度检...,0.9997027516365051,2751,1
2751,1835,...，所以感觉最近有些松懈了。很久没有好好打理过头发了，所以比预计的还要花时间。我可是特别鼓足了干劲！我想，也并没有。大概。但是，还有些时间。就稍微修饰下发型吧。自打约好的那天起，不管怎么说，都已经过了两...,0.999704897403717,2751,1
2751,1836,...。那时的小玲奈，全心全意的，真可爱啊只要一回想起来，就觉得身体微微发热。我还是第一次被诉以这样令人无法拒绝的好意，说实话，相当难以忘怀。又想起来了。不行不行我摇了摇头。我和玲奈子不是那种关系。这是确凿...,0.9997047781944275,2751,1
2751,1837,...要好好款待她，才行。我很喜欢约定些什么。这样既能感受到彼此的确联系在一起，而且就算说实话也会被容许。若是在彼此为对方努力的基础上才能达成的约定的话，就更是如此。原来同我十分重视你一样，你也很重视我啊，...,0.9997044205665588,2751,1
2751,1838,...可能有些夸张，但我松了一口气，同时感到很开心。不管怎样，玲奈子好好地遵守了约定。所以，我的内心欢欣雀跃不已心跳有些加速。除此之外，我想不到其他理由。快到时间了。我走出房间，对着客厅出声说道。姐姐去车站...,0.9997041821479797,2751,1
2751,1839,...，事先已经像这样告诉过弟弟们了。虽然不知道他们还记不记得，但今年暑假也没什么活动，所以玲奈子来的话，一定可以一起玩得很尽兴吧。我穿上淡蓝色的凉鞋，打开了玄关的门。哇啊耀眼的阳光使我不由得惊叫出声。天气...,0.9997045397758484,2751,1
2751,1840,...阳花的开花时节是，5月到7月上旬。即便花期已过却仍盛放的少女，在盛夏的太阳下轻快地走着。呵呵，真期待啊，小玲奈濑名紫阳花。高中一年级。宛若将跨越整个夏天般，无可取代的恋爱物语，如今将要拉开帷幕。第三卷...,0.9997045397758484,2751,1
2751,1841,...同学的家是位于住宅区的独栋建筑。是一栋宛如紫阳花同学一样可爱的白色房子。「来，请进。」「啊，打、打扰了」我不知为何讲得很小声，接着走进玄关。我踏进紫阳花同学的家里接下来，我还会被类似的事情感动很多次，...,0.9997043013572693,2751,1
2751,1842,...学的家里（第二次）我被带到冷气凉爽的客厅，随后紫阳花同学便敦促我坐到沙发上。我战战兢兢地坐了下来，这就是紫阳花同学平常在坐的沙发吗这是神圣属性啊（第三次）「有麦茶、咖啡、红茶和柳橙汁，小玲奈要喝哪个？...,0.9997044205665588,2751,1
2751,1843,...。」「好～」前去准备饮料的紫阳花同学把我留了下来，于是我开始东张西望地环顾四周。这就是紫阳花同学的家啊紫阳花同学就是在这里出生，在这里长大的啊（第四次）大型电视、柔软的沙发、木制的大长桌。到处都是小孩...,0.9997045397758484,2751,1
2751,1844,...被挤到了角落。能感觉到这里是个有小孩子的家。在有意无意之间，我开始寻找紫阳花同学成长的痕迹。墙壁上的刮痕，是年幼的紫阳花同学划出来的吗？啊，桌上放着紫阳花同学的课本！紫阳花同学就是在这里生活啊！（第五...,0.9997044205665588,2751,1
2751,1845,...同学回来了。「来，请喝。」「啊，谢谢、谢谢」紫阳花同学坐到我旁边，用遥控器打开了电视开关。「那个，我想玩之前说好要一起玩的那个游戏～」「嗯，嗯。当然没问题。」「嘿嘿，太好了。啊，可是我想在那之前再和你...,0.9997045397758484,2751,1
2751,1846,...游戏。「都、都可以。」看着她熟练的动作，我心里不禁有种难耐的感觉。啊，原来紫阳花同学平常是这样生活的啊（第六次）紫阳花同学竟然真的有在玩游戏不对，我们之前明明一起玩过了。「那个，小玲奈，你最近在做什么...,0.9997046589851379,2751,1
2751,1847,...在是闲聊的回合！我的大脑光是处理『待在紫阳花同学家里要如何保持清醒』这个高难度任务就几乎占满了所有容量，只能使用大脑皮质的剩余空间想个办法了最近、最近不久前比较大型的活动就是真唯的时装秀，不过只有我被...,0.9997047781944275,2751,1
2751,1848,...关系，如果告诉她这件事，总觉得事情会变得很麻烦这样一来，我就根本没有能聊天的话题了。「像是念书啦，或是玩游戏。应该就是泡在冷气房里面懒散地过日子吧」不会吧储蓄我话题的水井竟然因为酷暑而干涸了「听起来不...,0.9997032284736633,2751,1
2751,1849,...没有进展。」「啊啊，我懂～这次出的问题都很坏心眼呢～话说，那题你做了吗？就是一整页全都是图形的那个──」「啊，那个超麻烦的！而且后面那页的也是──」然而，只要经过紫阳花同学亲手灌溉，就连沙漠的绿洲都能...,0.9997028708457947,2751,1
2751,1850,...对话好久没有这种感觉了连不管和谁对话都没办法连续到两个来回以上的我，都差点要误以为『我这个人该不会很擅长聊天吧？』。真不愧是紫阳花同学啊我如此感慨地望向旁边，毫无防备的上臂顿时映入我的眼帘。比任何甜点...,0.9997033476829529,2751,1
2751,1851,...开视线。这个家也充满太多危险了！救命啊！在我要说出『这种家谁待得下去啊！我要回去了！』这种话之前，紫阳花同学抛出了下一个话题。「小玲奈没有在打工吗？」「咦咦？不行啦不行啦！」「是吗？」不是就算你用好像...,0.9997038245201111,2751,1
2751,1852,...阳花同学实在是太可爱了我支支吾吾地告诉她。「因为要打工的话，都是选ktv和家庭餐厅之类的吧？这种要我和陌生人说话的工作我绝对做不来的」「咦～？才没这回事呢，小玲奈一定没问题的。」我就是没办法啊！紫阳花...,0.9997044205665588,2751,1
2751,1853,...话不过，是我自己坚持决定不让人看到我真正的一面就是了！啊哈哈哈哈！这个垃圾人渣！不，应该要反向思考。这不就代表我装阳角装得超级像的吗？甚至还能蒙蔽那个紫阳花同学的慧眼，这不就证明了我十分努力吗？因为这...,0.9997047781944275,2751,1
2751,1854,...骗人的家伙到底在说什么啊！』这来自局外人（内部？）的声音，就当没听到吧。「啊啊，不过也是，毕竟小玲奈很不擅长面对男孩子嘛。」「唔、嗯，呃算是啦」真要说的话，我不擅长面对的与其说是男性，不如说是很正经的...,0.9997047781944275,2751,1
2751,1855,...线实在很抱歉』。所以说如果是小孩子，或者是『兴趣是打女人！』的家伙就没问题。没问题吗？不对，好可怕真不想和那种人扯上关系因为我的表情突然变得很阴沉，紫阳花同学也担心得把眉毛垂成八字。啊，不行，再这样下...,0.999704897403717,2751,1
2751,1856,...到我在男生面前倒下！），所以我慌张地补充说明。「其实，也没发生什么事啦那个，因为我在国小国中的时候几乎没和男生有什么交集，所以不知道该说什么这样。」没错没错，就是这样。我自己赞同自己的话。「就是，该怎...,0.9997040629386902,2751,1
2751,1857,...壮、也没有生理期完全是另一种生物嘛？」就算是和我同一种生物的女性，我也只能来回对话个两次，面对男孩子肯定没半次啊。「咦～？是这样吗？可是，偶尔也会有男孩子向小玲奈搭话吧？」「嗯，是有在手机行被pepp...,0.9997043013572693,2751,1
2751,1858,...有在店铺担任店员的功用。）搭过话啦」「那是什么状况！？」本来是想回说因为学校里有男生，如果他们来搭话我就会依当下的状况适当地回应之类的，结果讲出来的却是这种超没常识的话。「不过就算有人来搭话，基本上也...,0.9997046589851379,2751,1
2751,1859,...候啦」我们的小圈子会和男生有接触的，主要是这三个人。纱月同学和任何人都不会讲话，所以有种安心感。奇怪？纱月同学真的是阳角吗？我封印这个刚萌生的疑问，并向紫阳花同学询问。「那个，紫阳花同学都聊什么话题？...,0.999704897403717,2751,1
2751,1860,...是紫阳花同学居然能和他们沟通，简直是男生语高手」「男生语是什么！？」因为我这人生当中还没修过男生语「不过，总之就是这样，也没什么特别的理由。只要继续待在现在的小圈子，想必接触的机会也会增加，再慢慢习惯...,0.999704897403717,2751,1
2751,1861,...生说话，感觉会很受欢迎呢～」「不可能不可能！」「咦？是吗？」「就算我受欢迎，肯定也是为了保底啦。」「保底！？」没错，向真唯小圈子四个真命天女当中的某人告白失败的男生，为了获得『我在和真唯小圈子的人交往...,0.9997045397758484,2751,1
2751,1862,...况下，我一定会受欢迎到所有人目瞪口呆哼哼哼，在攻略维基百科上也会写着，虽然甘织玲奈子是这个团体中最不起眼的平凡人，但投资报酬率很高，所以能视为攻略目标。竟然瞧不起我，可恶、可恶或许是因为我脸上浮现出了...,0.999703586101532,2751,1
2751,1863,...「其实，反而是我有点想尝试打工呢～」「唉唉──紫阳花同学吗！？」「这么意外吗？在外面工作感觉上很快乐吧？」我重新思考了一下。也不会意外不对，完全不意外。像是时髦的街上的面包店或是蛋糕店的招牌店员之类的...,0.9997039437294006,2751,1
2751,1864,...早上都会在街角搬出招牌。为了欣赏这个景象，上学的高中生和通勤的上班族都会特地绕点远路过来。紫阳花同学会对每位路过的行人打招呼说『早安』，在一个看得见海，地势有点高的街道散播幸福散播爱。这个街道的幸福指...,0.999703586101532,2751,1
2751,1865,...棒。」「像服饰店的店员，我也有点憧憬呢。」「那、那是！」我喊了一声暂停。「你说的店员是那个吧会很积极跟客人搭话，说『啊～我也有那件衣服喔～！』，负责在我悠哉地逛着店内的时候来打扰我的人吧？」「我觉得他...,0.9997040629386902,2751,1
2751,1866,...态度在问你『请问有什么可以帮忙的吗～？』喔。」不不不这样不行啦。要是带着微笑靠过来，不仅会散发出很香的味道，还会让人喜欢上你的啦如果因为喜欢上你而变得经常去那间店的话，岂不是会花不少钱吗？不过紫阳花同...,0.9997034668922424,2751,1
2751,1867,...最后整个爬到顶尖店员宝座。不管怎么想都很危险。因为那些家伙都是阴角，根本不知道在想些什么。会变成紫阳花同学的跟踪狂，再不然就是在路上胁迫她！这都是因为你太温柔了！是让我误会的你不好！这家伙、这家伙！不...,0.9997029900550842,2751,1
2751,1868,...有别的吗？别的。」「嗯──对了。像是居酒屋的服务员，那种地方很热闹，感觉很有意思呢。」「不可以！！！」「唉！？」我凝视着紫阳花同学的眼睛，向她晓以大义。「像居酒屋这种地方，会被喝醉的客人纠缠的！也会被...,0.9997038245201111,2751,1
2751,1869,...危险了！」「唉、唉唉～？」「我希望紫阳花同学可以去面包工厂从事流水线的工作戴着发帽和口罩，一整天都不和别人说任何一句话，只要打卡上班就好。午休时间则是在空荡荡的餐厅孤单地吃着员工餐的面包」「太寂寞了吧...,0.9997028708457947,2751,1
2751,1870,...，如果你要打工就去川仙车站前面的皇后甜甜圈吧。去那里就可以安心了，因为」「因为？」我讲到这里突然停了下来。因为纱月同学在那里工作，她应该愿意当你的贴身保镖我才说到一半，脑海里就浮现了纱月同学，她微笑地...,0.9997038245201111,2751,1
2751,1871,...视线，并这样回答。「因为，就是据说那里会配给女性店员一把小型手枪」「有这种都市传说！？」我说的是真的。因为有个女性店员会释放出彷佛手枪的杀意呢紫阳花同学听到我离谱的玩笑之后发出「啊哈哈」的声音笑了笑，...,0.9997043013572693,2751,1
2751,1872,...我没有时间打工就是了。」「是、是吗？」「嗯。毕竟现在是暑假嘛。我必须帮妈妈照顾弟弟们。实在是没办法出去玩，或是去外面工作呢～」「是这样啊。」「因为是双薪家庭，这也没办法呢。一直以来都是这样的。」我很犹...,0.9997039437294006,2751,1
2751,1873,...不要投以廉价的同情时，紫阳花同学结束了这个话题。「啊，感觉这样很不好意思，说了奇怪的话。好了，我们来打游戏吧，打游戏。」「呃，嗯。」谈论别人的家庭环境让我很紧张。毕竟我家父母都还健在，家人之间的感情也...,0.999703586101532,2751,1
2751,1874,...。站在这种立场，实在很难对人说三道四的。毕竟，每个人都无法选择自己的原生家庭到头来，人也只能在自己出生的环境过下去原来，紫阳花同学也有这样的烦恼啊。是说，问题在于我是不是有点反应过度了？不，我自己也知...,0.9997043013572693,2751,1
2751,1875,...预习的啊！就在我出其不意地受到打击的时候。圆滚滚的娇小身影出现在我视线的一隅。喔喔？「唉──？小桔，怎么了？」是紫阳花同学的弟弟！好、好小！头上的毛发松软，可爱得就像是小动物一样。是国小低年级吗？那纯...,0.9997040629386902,2751,1
2751,1876,...么？啊这孩子，整体来看的话总觉得很像紫阳花同学！连发质也是、尤其是眼睛那边特别像！我发誓要用一辈子保护这个孩子，以慈爱的心养育他长大。无论什么时候，玲奈子姊姊都会保护你的这个弟弟抱住了紫阳花同学的脚。...,0.9997043013572693,2751,1
2751,1877,...了吧！我甚至都还没摸过紫阳花同学的脚耶！不、不能原谅这家伙！在轮回转生的卡池中抽到紫阳花同学的弟弟有这么了不起吗！？我把你变成我弟弟喔！？正当我对这个小不点认真暴起青筋时又来了一个。这回来的是大了一号...,0.999703586101532,2751,1
2751,1878,...「小广也来了？想和姊姊们玩？受不了，真拿你们没办法。来，那你们要好好打招呼喔。可以吗？」弟弟们躲在紫阳花姊姊的身后，带着害羞的感觉地打了招呼。大一点的孩子是国小三年级，叫广树。比较小的孩子是国小一年级...,0.9997037053108215,2751,1
2751,1879,...因的高阶存在，我差点就磕头跪拜了。就在我与自己的草根性展开激战的时候，紫阳花同学仔细地叮嘱了弟弟们。「对，这个姊姊就是我之前说的那个很会玩游戏的姊姊。不可以提太任性的要求给人家造成困扰哦？可以吗？能好...,0.9997033476829529,2751,1
2751,1880,...？」紫阳花同学再三强调之后，男孩子们终于点了头。牵着紫阳花姊姊去拿手把。「对不起哦，小玲奈。可以稍微陪陪他们吗？」「嗯，当然ok。是说这件事本来就有提过了嘛。」很好，这是个在紫阳花同学面前展现自己优点...,0.9997033476829529,2751,1
2751,1881,...有年龄限制、老少皆宜的健全游戏。虽然有点担心小男生能不能掌握规则，好好享受游戏的乐趣但我也是从国小一年级就一直在玩游戏。话虽如此，我现在的实力与以前相比，可说是天壤之别。好啦，那么就让你们见识大人认真...,0.9997029900550842,2751,1
2751,1882,...桔平！下一个换我了！」「唉！？快点换人啦！」「刚才那关，刚才那关！」就如同紫阳花同学预言的那样我大受男孩子欢迎。竟然只是因为很会打游戏就疯狂受到追捧这是我人生中第一次走桃花运。好像也不是第一次。前阵子...,0.9997027516365051,2751,1
2751,1883,...样？总之，他们刚刚那种怕生的态度不知消失到哪去了，广树与桔平整个玩到嗨起来了。我虽然被他们的气势压倒，也依然专心地在玩游戏。玩到开始觉得不安，想说「一直这样玩下去真的好吗？」，真的就只是一直在玩游戏。...,0.9997041821479797,2751,1
2751,1884,...系，完全没关系。我很开心，没关系！」我这不是在客套，对我来说『和别人一起玩游戏』这件事本身就是一个重大活动，与对手实力很弱或是面对小不点什么的无关，我是真的很乐在其中。虽然对于像紫阳花同学这种生活在人...,0.9997031092643738,2751,1
2751,1885,...，在那之后就去我房间吧。」「啊，好啊唉！？」紫阳花同学的房间？那里该不会就是紫阳花同学平常睡觉的房间！？（迟来的第七次）竟然被叫去那种地方，这样不是很不妙吗？那不就是朋友吗！我莫名地心跳加速，同时又因...,0.9997021555900574,2751,1
2751,1886,...怎么样才能玩到差不多就结束。「我说，小广、小桔，姊姊们差不多要去房间里了，不要玩太久哦。」「唉──再玩一下下就好──！」「小玲奈，我今天做了乳酪蛋糕，你要吃吃看吗？」「啊，要吃，请务必让我吃！等这场结...,0.9997007846832275,2751,1
2751,1887,...业了吧，听到了吗？」「早上写过了啊！」「下一场换我，轮到我了！桔平──！」就在我好似随波逐流那样继续玩着游戏的时候紫阳花同学生气了──「真是的────────────────！！」咦？那个瞬间，世界停...,0.9997020363807678,2751,1
2751,1888,...同学？我的心情在绝对不想面对这恐惧的存在，以及必须给她反应才行的这两者之间摇摆不定，动作僵硬地把头转过去。紫阳花同学满脸通红，将拳头上下挥动。刚才的叫声果然是紫、紫阳花同学！心脏不停狂跳。我第一次看到...,0.9997021555900574,2751,1
2751,1889,...有人会把紫阳花同学说的话当耳边风正在气头上的姊姊就像在抓西瓜或是哈密瓜那样，狠狠抓住了广树和桔平的头。「真是的──！从刚才开始就都是小广和小桔在玩！我明明也很期待和朋友玩的，为什么你们就是不遵守约定呢...,0.9997021555900574,2751,1
2751,1890,...说过马上就不玩的吧！？真是的──！」就像是明明在认真上课，班上的老师却突然发火一样，我只能茫然得不知所措──而旁边。广树和桔平啊，居然还若无其事地在玩游戏！因为习惯了，完全没听进去！？唉？什么？虽然紫...,0.9997016787528992,2751,1
2751,1891,...都市传说吗？真的是家常便饭？「你们两个，有在听吗！？姊姊在生气喔，知道吗！？真是的──！」一直在说着『真是的』的紫阳花同学，用力从两人手上夺走了手把。弟弟们顿时大声地哇哇叫，顶撞紫阳花同学。别人家的姊...,0.9997003078460693,2751,1
2751,1892,...顿时无法再进行思考。就在我僵在原地的这段期间，弟弟们被赶回了房间。「真是的真是的！」留下来的是喘得上气不接下气、头发凌乱的紫阳花同学。她背对着我，看不见表情。呃，那个心中顿时充满了紧张感。感觉要是稍微...,0.9997034668922424,2751,1
2751,1893,...哪怕紫阳花同学只把百分之一的怒气发泄在我身上，我应该也会像忤逆神明的羔羊那样瞬间蒸发吧。我跪坐在沙发上，冷汗直流。「小玲奈。」我全身颤抖。「我、我在」我已经不在意这件事究竟是谁的错，只是一心想要快点从...,0.9997033476829529,2751,1
2751,1894,...机。紫阳花同学缓缓地用手捂住了脸。从头发的缝隙之中，可以看到她的耳朵整个都红了。「对不起哦，让你看到这种难堪的样子」唔怎、怎么办？唉？这是什么意思？因为我刚才都在玩游戏！唉嘿！虽然脑子里有一瞬间闪过用...,0.9997041821479797,2751,1
2751,1895,...来说没有办法选择这种选项。「呃，嗯没、没关系」没有任何幽默感，也没有斟酌用词，就只是点了头随后，我听到了紫阳花同学发出有气无力的声音。「好丢脸」啊啊啊啊啊啊我让紫阳花同学害羞了！「不、不要紧啦！」不行...,0.9997044205665588,2751,1
2751,1896,...花同学无论何时都要保持健全的心态才行！因为我一点也不健全！我决定不顾体面也不管羞不羞耻，全力安慰紫阳花同学。「就是啊，那个，我也是呢！和妹妹三天两头就在吵架！还互相骂着笨蛋和白痴什么的！总是在用很难听...,0.9997044205665588,2751,1
2751,1897,...织的感觉对吧！？不管谁家都是这样啦！好吗？好吗？好吗！？」「呜」「学校和家里的形象不一样也是啊！？那是当然的啊！？我在家里和在外面也是完全不一样的！（只是在陈述事实）所以呢！？是有一点点惊讶没错，但完...,0.9997043013572693,2751,1
2751,1898,...而无论我再怎么拼命安慰她，这天，消沉的紫阳花同学也没能变回灿烂耀眼的那个她。反而我愈是拼命说好话，紫阳花同学就愈是在意。完全陷入恶性循环了！「好、好好吃！这蛋糕好好吃！真美味！对吧，紫阳花同学，对吧！...,0.999703586101532,2751,1
2751,1899,...糕，但我实在尝不出味道，真的是有够浪费的＊＊＊「我回来了」「欢迎回来～」刚到家，我就像个尸体般，面部朝下直接倒在沙发上。好、好累不断安慰沮丧的人，就像看到流血不止的伤患后一直帮她输血那种感觉。我的血也...,0.9997040629386902,2751,1
2751,1900,...手机的妹妹无心地问了我一句，而我只是「啊──呜──」发出像僵尸一样的呻吟。「你不是去紫阳花学姊家玩吗？」「是这样没错啦」我摊开双手双脚继续倒在沙发上，只将脸转向旁边。「其实啊──」虽然我有一瞬间犹豫该...,0.999703586101532,2751,1
2751,1901,...，我这个妹妹还是很好聊，也很擅长倾听「嗯嗯。」和紫阳花同学在玩的时候，两个弟弟突然打断我们。接下来我只和弟弟玩，结果惹紫阳花同学生气。在那之后，紫阳花同学的情绪就降到了谷底。妹妹单手拿着手机听着我道出...,0.9997037053108215,2751,1
2751,1902,...期待和姊姊一起玩呢～」「咦？」听到她说了出乎意料的结论，我不禁怀疑这家伙是不是完全没在听我说话。然而，妹妹轻易地预判了我的思考回路。「因为她之所以生气，就是因为弟弟打扰她和姊姊吧？」「唉──？」不对，...,0.9997037053108215,2751,1
2751,1903,...，这次终于超过了极限之类的？」「我觉得紫阳花学姊不像是那种人喔。」说得也是！「那、那么一定是，那个，因为紫阳花同学实在太温柔了，不管是谁来玩，如果没有好好地款待对方的话就会觉得很在意啦。」「嗯，也有可...,0.9997038245201111,2751,1
2751,1904,...风吹过。我发现自己下意识地想听到妹妹对我说出『才没这种事啦，是因为紫阳花学姊特别重视姊姊喔&#9825;』这种温柔的话，绝望了，我还是死一死吧。「不过，感觉她确实累积了蛮多压力的。毕竟紫阳花学姊好像整...,0.9997039437294006,2751,1
2751,1905,...妹妹会知道这种事？连我都是今天才第一次听说的难道，她们有在联络吗「就算是我，如果被要求一整年都要照顾姊姊，也绝不可能做到的。」「反了吧！？」妹妹露出嫌弃的表情耸了耸肩，那张脸看起来真是厚颜无耻。好想把...,0.9997038245201111,2751,1
2751,1906,...边的问题好像也很棘手。「暑假，哪里都去不了是吗？」我趴在沙发上如此嘟囔。那是什么感觉呢？我试着在脑海想像了紫阳花同学的烦恼，但无法成形。毕竟我本来就是个家里蹲啊，都待在家里感觉也没什么不方便啊，不过这...,0.9997039437294006,2751,1
2751,1907,...起，确实是有点煎熬。要是一直没有一个人的时间？会变成干尸的。我从包包拿出手机，脑袋放空就这样滑啊滑。虽然乍看之下很像是在消磨时间，但其实这是在恢复mp手机就是现代社会的mp恢复药此时，手机画面突然显示...,0.9997041821479797,2751,1
2751,1908,...慌忙起身后，快步离开客厅，在走向自己房间的同时接起了电话。『喂小玲奈？』是紫阳花同学甜美的声音。「啊，对，我是甘织玲奈子。」『嗯刚才很对不起哦。』我稍微松了一口气。道歉的声音很平静，听起来心灵层面也冷...,0.9997047781944275,2751,1
2751,1909,...。真的太好了。「不会，别这么说啦。」所以，我已经完全不在意了。『明明你难得过来玩，却给你留下了不好的回忆呢』「才、才没那种事啦。而且我还看到了紫阳花同学平常的样子。该怎么说，嗯，感觉很多体验都很新奇，...,0.999704897403717,2751,1
2751,1910,...阳花同学用沮丧的语气再三向我道歉，我不禁感到心疼。紫阳花同学的声音能表达出丰富的情感，如同之前传递出她开心的情绪那样，这次也把她内心的歉疚彻底地传达了过来。「怎么会，完全没关系啦」在学校时是我一直在给...,0.9997050166130066,2751,1
2751,1911,...。一想到这点，要是我不为她断个一两只手可是没办法还她人情的。不过，假如我真的讲这种话，肯定只会让紫阳花同学困扰的，所以我说不出口而且她根本也不需要我的手啊话虽如此，听到紫阳花同学因为我这种人而发出如此...,0.9997046589851379,2751,1
2751,1912,...朗的声音告诉她。「所以说，嗯！没关系啦！我下次还会再去玩的！」『嗯』唔这样也不行吗不过，她说不定是觉得又会重蹈覆辙吗到底怎么做才能让紫阳花同学的内心好受一点呢我还有什么其他能做的吗在我差点说出『紫阳花...,0.9997040629386902,2751,1
2751,1913,...道：『所以呢，我决定了。』喔？看来风向有点变了。根本不需要我的一万圆。再怎么说，紫阳花同学是个跌倒后能自己再站起来的人。了不起，这才是我们的紫阳花同学。我趁着这个机会，兴致勃勃地追问。「唉？是什么啊～...,0.9997037053108215,2751,1
2751,1914,...要公开秘密的计画。以惹人怜爱的声音对我低语──『──我啊，决定要离家出走。』哦──离家出走啊咦！？等、等下、咦咦咦咦咦咦咦咦咦咦咦咦咦咦咦咦咦！？＊＊＊据紫阳花同学所说，她要搭明天的首班车踏上旅程。看...,0.9997037053108215,2751,1
2751,1915,...地说『这样大家会很担心的吧』，但紫阳花同学果断地回答我『没关系没关系的』。她似乎心意已决。『不要紧、不要紧。我没有在自暴自弃。』听到紫阳花同学笑着这样说道，结果我只是闭着嘴巴，无言以对。当晚，躺在床上...,0.9997037053108215,2751,1
2751,1916,...在自暴自弃但这不算是在意气用事吗？感觉这种态度不像是平常那个做事会深思熟虑的紫阳花同学。妹妹也说过，她果然是累积了太多压力吗呜呜。我到底该说些什么才好？像是会给家人添麻烦的啦，弟弟们肯定也在反省啦之类...,0.999704897403717,2751,1
2751,1917,...让她因为罪恶感而打消这个念头。（先不论我能不能做到。）因为紫阳花同学是个非常好的孩子，比起自己，总是会优先想到别人。但是，用这种方式挽留紫阳花同学，又会让她再度露出沮丧的表情，落寞地说着『嗯没错。小玲...,0.9997045397758484,2751,1
2751,1918,...颜欢笑的紫阳花同学我到时应该真的会因为心肌梗塞而死吧要是像这样和家人谈过，打消离家出走的念头，就算今后再发生同样的事情，紫阳花同学也一定会选择忍耐。毕竟紫阳花同学是个比起自己的幸福，更希望别人能获得幸...,0.999704897403717,2751,1
2751,1919,...或是打击场发泄一下的话我也还能理解！为什么偏偏要选择离家出走啊！紫阳花同学！这样很危险啊！紫阳花同学一个人旅行，绝对不行的吧！？不管去哪里都会被各种男性搭话的！紫阳花同学将会经历一场夏天的大冒险啊！？...,0.999704897403717,2751,1
2751,1920,...学会变得稍稍有点成熟不对，这样还算好的万一，被不中用的男人骗了怎么办？或者，被坏女人玩弄，最后被抛弃的话！？坏女人：小妹妹，你一个人？咦？离家出走？真是难为你了，要来我家吗？别担心别担心，我什么事都不...,0.9997039437294006,2751,1
2751,1921,...#9834;不可以啊！！！温柔又没戒心的紫阳花同学，会被当成食物吃掉的！暑假结束后，回来学校的紫阳花同学变成了109辣妹，大肆解放制服胸前的扣子，用很松散的语气说『早啊──&#9834;』。辣妹紫阳花...,0.9997046589851379,2751,1
2751,1922,...4;我今天要和三号女友约会～&#9834;』，我们也只能眼睁睁地看着她离开。完了我以为自己好不容易和紫阳花同学成为了朋友紫阳花同学却要在这个夏天被一群坏家伙欺骗，就此堕落之后，紫阳花同学甚至从高中缀学...,0.9997041821479797,2751,1
2751,1923,...的学校生存下去！因为真唯和小香穗也经常被别的圈子带走！我到底该和谁说话！？纱月同学吗！？纱月同学在学校完全不肯理我啊！我彷佛差点要喷火那样，用毛毯连头一起盖住。不要啊，紫阳花同学，不要走不要丢下我永远...,0.9997040629386902,2751,1
2751,1924,...话而惊慌失措的时候，温柔地向我搭话嘛，紫阳花同学唔唔、呜呜、呜呜我这晚几乎无法成眠────然后，到了隔天＊＊＊「咦？」一大清早，就连蝉都还没开始叫的时间。夏天的风还很温热，在逐渐亮起来的天空下，没有其...,0.9997041821479797,2751,1
2751,1925,...瞪大了双眼。「小玲奈？」站在她眼前的，竟然是我。「嗨、嗨～紫阳花同学。」我露出身心疲惫的笑容，同时微微举手。「小玲奈，你怎么会在这？」我也背着一个大背包，里面装了换洗衣服之类的行李。我们就像一对事先说...,0.999703586101532,2751,1
2751,1926,...就是了「哎呀，因为我突然就很想去旅行这样。」因为首班车还没发车，所以我一个小时前就从家里出发，走到离紫阳花同学家最近的车站。「可、可是一个人的话又觉得有各种不安！所以，想说干脆跟着紫阳花同学一起好了～...,0.9997045397758484,2751,1
2751,1927,...学只是目不转睛地盯着我，愣在原地。果、果然不行吗？「小玲奈。」唔，好可怕。我叮嘱自己不要成为紫阳花同学的负担，结果却变成了这种很像在开玩笑的态度我、我姑且也是下了相当大的决心才来这里的。不管是好是坏，...,0.9997046589851379,2751,1
2751,1928,...家出走。既然这样，我希望能让她做自己想做的事。因为，紫阳花同学一直以来面对各种人都很亲切，帮助了许多人。若是再用『要是紫阳花同学不在了，家里的人会很困扰的』这种大道理来挽留她的话，再怎么说都太过分了。...,0.9997046589851379,2751,1
2751,1929,...紫阳花同学都没有好报的世界，还有存在的价值吗？既然如此！就让紫阳花同学去做她想做的事！为了不让紫阳花同学被扯上麻烦，就由我跟在身边，保护紫阳花同学！这样一切就解决了！不过，其实有一半是因为我希望紫阳花...,0.9997037053108215,2751,1
2751,1930,...紫阳花同学从刚才开始就一直低着头，始终保持沉默。万一她说『不要，你很碍事，回去吧&#9834;我想一个人享受夏天的大冒险&#9834;』这样拒绝的话，我肯定会就此一蹶不振我战战兢兢地窥探她的反应。另一...,0.999703586101532,2751,1
2751,1931,...疚地伏下双眸，紧紧握住了我的手。「对不起哦，小玲奈让你担心了。可是这样好吗？」她抬头望着我的眼神充满着魅力，只要是人类，无论是谁都会心动的。紫阳花同学，在需要我──我的脸颊转眼间烫了起来。「当、当然啦...,0.9997034668922424,2751,1
2751,1932,...，肯定会更开心的──」在我以极快的语速讲完之前，就被紧紧地抱住了。我被紫阳花同学！抱住了！唔、唔哇啊啊啊呼吸骤然停止。我的心不停狂跳，眼前一闪一闪的。耳边传来紫阳花同学的声音。「谢谢你，小玲奈。」「呃...,0.9997032284736633,2751,1
2751,1933,...未知的城镇旅行。就读高中一年级的两位女生，开始了夏天的浪漫冒险。虽然我有去领钱，但预算顶多也只够住个两三晚吧我能在这段期间，保护好紫阳花同学吗？不对，问题不在于能不能做到。而是就算拼上这条命，我也要保...,0.9997038245201111,2751,1
2751,1934,...事第三章其实一直很想说这是距离现在不远的，未来的故事。这个故事发生在返回东京的电车上。紫阳花看着在旁边的座位上昏昏欲睡、倾斜着身体的玲奈子，不禁露出了笑容。（这趟三天两夜的离家出走之旅，好开心啊）这一...,0.9997038245201111,2751,1
2751,1935,...温泉。在与家人讲电话之前，本来还很担心会不会就这样吵起来，不过多亏玲奈子听我讲了许多烦恼，让我能坦率地说出了自己的想法。真唯在中途临时加入着实让我吃了一惊，但包含这点在内，也非常令人雀跃。三个人一起行...,0.9997046589851379,2751,1
2751,1936,...样。自己已经不要紧了。（真的很谢谢你，小玲奈。）我抚摸着她的头发。指头感受到那柔顺的触感，非常舒服。对玲奈子，就算再怎么感谢也不够。我在心中发誓，无论是以什么形式，都一定要报答她。发出鼾声的玲奈子倒在...,0.9997037053108215,2751,1
2751,1937,...子的手。然而，手伸到一半便停了下来。紫阳花将视线转向窗外，眺望着飞逝而过的景色。（今后我们永远，永远都是朋友喔。）你是我重要的朋友。你的幸福就是我的幸福。──这份心情一定不会改变。希望永远也不要改变。...,0.9997041821479797,2751,1
2751,1938,...两个人前行。承载着满满的回忆，少女们回到了自己的故乡。第三卷第二章两个人单独出游什么的，绝对不行！（※似乎可行？）我第一次与紫阳花同学交谈，是在高中开学典礼的隔天。那是个下着雨的清晨。说来惭愧，我因为...,0.9997033476829529,2751,1
2751,1939,...的车站看到因忘记带伞而进退两难的紫阳花同学时，也成功地跟她打了招呼。我对她说「如果你很困扰，要不要和我撑一把伞一起走到学校呢？」。我从包包拿出折叠伞的同时露出潇洒的笑容邀请了她，应该表现得很自然。（美...,0.9997034668922424,2751,1
2751,1940,...尔一笑的紫阳花同学就连轮廓看起来都闪闪动人，宛如一丛被雨水濡湿的绣球花。然后──『请多指教哦，小玲奈。』换了座位后，我们坐到了前后相邻的位子，非常自然地成为了朋友。从那之后，紫阳花同学对我来说就是憧憬...,0.9997033476829529,2751,1
2751,1941,...于紫阳花同学勉强算是我刚就读高中不久就认识的，所以一开始我还吓到，想说『唉？难道除了我以外的高中生都这么天使吗！？』，但并没有那种事。在近距离与她接触的日子愈久，我就愈有感触。那就是，紫阳花同学是特别...,0.9997033476829529,2751,1
2751,1942,...我因为没有人陪我一起做柔软体操而孤零零地站在一旁，紫阳花同学看见后朝我走了过来，说了「我找不到人一组，正在伤脑筋呢，我们一起做吧？」，像这样邀请我，那时我差点就哭了出来。所以我在心底发誓，一辈子都要珍...,0.9997045397758484,2751,1
2751,1943,...我的前世是侍奉紫阳花公主的武士。不管去哪里都找不到像紫阳花同学这样的人。像国中时代的精神创伤也是，都是因为有紫阳花同学才得以克服的。所以我下定决心，一定要誓死守护这朵花。就是这样，我把坚定的决心藏在胸...,0.9997044205665588,2751,1
2751,1944,...搭早上第一班电车呢，原来车厢这么空啊。」「就、就是啊。」至于要去哪里，紫阳花同学似乎早有规划。好像要先搭乘京王线到新宿，再从那里转车前往目的地。「我有空的时候啊，经常会浏览旅游网站呢。」紫阳花同学抱着...,0.9997032284736633,2751,1
2751,1945,...指着萤幕画面。「我的最爱」的画面上排满了许多旅馆的名字。「我会一个人制定旅游计画，像是用转乘资讯app的时候就会想着『去那里要花两个小时啊──』，然后妄想自己在旅行，想着『这两个小时该做什么呢？要不要...,0.9997033476829529,2751,1
2751,1946,...』两字，我才发现『哦，原来妄想也是可以直接在别人面前讲出来的啊』。作为一名阴角，我经常会在观察阳角的过程中学到正确的措辞。「呃，那我们现在要去的地方呢？」「嗯──到那里也差不多两个半小时吧。」「这样啊...,0.9997029900550842,2751,1
2751,1947,...。」「嗯，而且小玲奈也和我在一起呢。」离故乡愈远，紫阳花同学脸上就愈是显露自然的笑容。不，她可是紫阳花同学，说不定只是因为顾虑我才装作自己很有精神啊，不行，我突然想到一个最糟糕的状况。「完全没有人的早...,0.9997027516365051,2751,1
2751,1948,...花同学遇到危险，才会说什么『果然是离家出走吗？何时出发？我也一起去』（编注：原梗出自jojo。），然后厚着脸皮跟过来而已。（甘京院！）可是，搞不好紫阳花同学原本是单纯想享受一个人旅行的乐趣。她说不定满...,0.999703586101532,2751,1
2751,1949,...来，就算我拼命奋斗，没有让她遇到危险，成功地平安回到家紫阳花同学也会想『唔哇──必须要一直对那个不会看气氛的家伙察言观色，超没劲的』抱着这种负面的回忆回到家的话，这样到头来根本就没意义吧！？要是被紫阳...,0.9997028708457947,2751,1
2751,1950,...？当然，确保紫阳花同学的安全是最重要的！只要紫阳花同学平安无事，就算今后高中三年的时间再变回孤零零的一个人也没关系我想说会涌起这种想法，但怎么可能接受啊！？想到这里，我开始颤抖了。为了填补这短暂的空隙...,0.9997032284736633,2751,1
2751,1951,...个好天气呢！」「是啊。」要是继续放空的话，我就只剩下天气的话题可以聊了。干脆把话题延伸到湿度或是云的形状之类的？不行，快住手！会酿成对话事故的！就在我差点闹出事故的时候，电车安全行驶到了新宿。在从月台...,0.9997037053108215,2751,1
2751,1952,...稍微去一下厕所！」「好～下一班电车还有一段时间，没关系的，慢慢来就好。」我与紫阳花同学道别，冲进女厕的隔间后，暂时松了一口气。「糟糕。」我用手捂着脸。──完全不知道该聊些什么。等等，先让我整理一下状况...,0.9997037053108215,2751,1
2751,1953,...当然对了，就是让紫阳花同学开心！换句话说，只要最后让紫阳花同学觉得「有甘织玲奈子一起来真是太好了。」就行了！哼哼，既然这样，事情就简单了。只要像真唯那样抛出各种不同的话题，像纱月同学那般理智，像小香穗...,0.9997039437294006,2751,1
2751,1954,...行了。──谁做得到啊！期望太高了吧！还是降低一下标准，以让紫阳花同学平安回家为目标吧。应该要这么做。没事的紫阳花同学并没有讨厌我虽然我没有任何依据不管怎么样，现实没办法像游戏那样显示着紫阳花同学的心情...,0.999703586101532,2751,1
2751,1955,...花同学虽然觉得无聊却依然强颜欢笑地说『我很开心喔』，我根本就不会知道啊不过心情计量表什么的还是眼不见为净得好，因为要是能看到根本是地狱啊！话说，是不是也有可能反过来？紫阳花同学的个性体贴。要是看到我闷...,0.9997038245201111,2751,1
2751,1956,...呢！？这、这种感觉实在令人如坐针毡！我、我必须开心起来嘿嘿，嘿嘿嘿你看，我很开心喔，这可是能独占紫阳花同学的旅行耶？嘿嘿，来，笑得开心点，玲奈子这样肯定会开心的嘛也太濒临极限了吧！我已经没办法一个人承...,0.9997046589851379,2751,1
2751,1957,...了求救信号。救、救、我，送出。下一刻，明明时间还这么早，对方立刻就回覆了。纱月：怎么了？难道有僵尸在追你吗？啊啊，不愧是我朋友纱月同学！我喜孜孜地开始打字。玲奈子：纱月同学！其实我现在陪紫阳花同学离家...,0.9997045397758484,2751,1
2751,1958,...抱歉，你说什么？纱月：讯息量太大了。玲奈子：紫阳花同学说要一个人离家出走，所以我就跟过来了！可是，这样我就得一直和她在一起！我已经无计可施了！纱月：你在做什么啊玲奈子：我也不知道啊！情势所逼嘛！接下来...,0.9997040629386902,2751,1
2751,1959,...朋友纱月同学！？为什么！？难道你要弃我于不顾吗！？怎么会纱月同学，不是我真正的朋友吗？不会吧难道是我自己一厢情愿地把纱月同学视为朋友吗？我们明明接吻过三次了！原来纱月同学根本就不在乎我吗她觊觎的只是我...,0.9997037053108215,2751,1
2751,1960,...了吧，一定是这样手机上显示着另一个人的联络方式。──王冢真唯。要和真唯商量一下吗？告诉她『我现在和紫阳花同学一起离家出走』。但是，真唯最近每天都很忙碌地在努力工作，我不想让她因为额外的事情操心。况且我...,0.9997040629386902,2751,1
2751,1961,...就范的那一天。说、说不出口我怎么可能说得出口如果我把这件事告诉她，她是有可能会笑咪咪地陪我商量对策没错，但等到一切尘埃落定，她肯定会贪婪地索求我的身体我和纱月同学接吻的事被她发现时，她也是这么做的！既...,0.9997043013572693,2751,1
2751,1962,...量的吧，应该？我不知道。毕竟我对小香穗的私生活一无所知！不行了，走投无路了。像我这种能力不足的女人，自以为能帮上紫阳花同学的忙而采取行动，难道这件事本身就是个罪过吗？神啊。没有翅膀的我，终究是没办法向...,0.999704897403717,2751,1
2751,1963,...紫阳花同学就在我打算认命的时候纱月同学传来了讯息。唉？唉唉？当我还在惊讶的时候，她又连续传了文字档案过来。玲奈子：这是什么！纱月：这是要让你在束手无策的时候打开的档案。纱月：我把话题写在里面了。纱月：...,0.9997050166130066,2751,1
2751,1964,...出外果然还是要靠朋友呢！玲奈子：我现在非常感动！玲奈子：谢谢你！我最喜欢纱月同学了！我爱你，纱月同学！还是纱月同学最强了！纱月同学是我的死党！就像那个玩大贫民输到脱裤的人最喜欢他那个会煮义大利面的女友...,0.9997043013572693,2751,1
2751,1965,...对纱月同学一往情深！纱月：你好烦玲奈子：那事不宜迟，我要打开第一份档案了！纱月：你也被逼得太慌了吧。我打开了四份档案的其中一个。上面写着聊天的话题。『聊聊有一天想去看看的地方』。喔喔比想像中还普通因为...,0.9997031092643738,2751,1
2751,1966,...欢哪个？我最喜欢的呢，呵呵呵，应该是炮烙吧&#9825;』。不对，普通就好了，感激不尽。或者说普通才是最好的。如果可以选的话，我也想当个普通人。（黑化）普通最棒──！纱月：不过，我先给你一个忠告。玲奈...,0.9997032284736633,2751,1
2751,1967,...人类的本质就是垃圾。即使是濑名，只要剥去她的伪装，一定会显露出人性丑恶的一面。玲奈子：唉──！？才没有这回事呢！紫阳花同学不是人类，是天使，和我们这种个性恶劣的家伙是不一样的！纱月：你刚才，是把我也算...,0.9997038245201111,2751,1
2751,1968,...，我无所谓。我的意思是，假如濑名表现出令人讨厌的部分或是你不愿见到的那一面，你现在的态度还能始终如一吗？玲奈子：那当然，我爱着紫阳花同学的所有一切纱月：要完整爱上一个人的全部，是不可能的。纱月同学如此...,0.999703586101532,2751,1
2751,1969,...要好好看着真正的濑名。玲奈子：呃好，我知道了。纱月：就这样。那你就好好努力吧。对话结束。简而言之，纱月同学想告诉我的是，不要把自己的理想强加在别人身上吧但纱月同学说的那句『要完整爱上一个人的全部，是不...,0.9997040629386902,2751,1
2751,1970,...着美好的一面，也有惹人厌的一面，这是理所当然的。既然这样，该不会紫阳花同学也有那样的一面？只是因为我阳角的等级不够才看不出来而已。啊，不好了，紫阳花同学还在等我，我得出去才行。我用小跑步回去，发现在刚...,0.9997037053108215,2751,1
2751,1971,...可爱，是紫阳花同学。好、好可爱──！「久、久等了，紫阳花同学。」「不会，没关系啦。」一个微笑就能让我洋溢出如此的幸福感。紫阳花同学怎么可能会有惹人厌的一面啊！纱月同学真是爱操心呢！紫阳花同学是完美的！...,0.9997039437294006,2751,1
2751,1972,...，已经没什么好怕的了。在这个最棒的环境中，我到底还在害怕什么呢？和紫阳花同学走在一起，有可能会涌起负面的情感吗？那应该是不够虔诚吧？「那我们走吧。」「嗯，那个，呃。」啊，啊，紫阳花同学先往前走了。话题...,0.9997040629386902,2751,1
2751,1973,...的时机，自然无法提供新的话题。我明明都已经有话题可以聊了啊！纱月同学，这样不行啦，你应该要连同抛出话题的时机一起告诉我呀！紫阳花同学干劲十足，走起路来比平常还要快，大步地往前走。再说我本来就不知道要去...,0.9997047781944275,2751,1
2751,1974,...然后再顺着楼梯上下移动。通过狭窄的步道后，抵达了小田急线的月台。「那个，紫阳花同学，我们现在要往哪里？」「呵呵。」到了月台的白线内侧，我才终于追上身旁的紫阳花同学，她露出微笑，看起来就像个恶作剧的小孩...,0.9997043013572693,2751,1
2751,1975,...我们现在要去只有我们两个人的世界喔』，然后带我搭上开往天堂旅行的列车，我也会心想『只要和紫阳花同学在一起，其实也无所谓』。但好像不是这样。「小玲奈，请回答问题～」「唉？啊，好。」第一届紫阳花猜谜大赛开...,0.9997041821479797,2751,1
2751,1976,...「我从很久以前就一直想要去旅行的地方，是哪里呢～」「唉──？是哪里呢老鼠乐园？」「噗噗──那我给你个提示喔，是一个可以非常放松的地方。」「可以放松的地方呃，该不会要去京都？像是参拜寺院之类的？」「噗噗...,0.9997029900550842,2751,1
2751,1977,...答案，就这样超过了限制时间。我们等的电车到了，车门一打开，紫阳花同学就像是翩翩起舞那般进入了车厢。接着她一个华丽转身，裙摆也随之晃荡。「是温泉喔，小玲奈。」我脑海中浮现某个从不参加线下大赛，专门打线上...,0.9997028708457947,2751,1
2751,1978,...随着转换功能的恢复，我不禁瞪大了双眼。「温、温泉！？」「没错。我已经买了对号座的票，来，我们坐下吧。」「啊哇哇哇。」我顿时全身僵住，紫阳花同学牵着我的手往车厢后面走去。电车的目的地是我未知的土地。紫阳...,0.9997029900550842,2751,1
2751,1979,...温泉了真的要去啊我没有做好一点心理准备就跟了过来，结果要一起泡温泉这种感觉就是所谓的「雀跃不已」吧。我带着飘飘然的心情来到位子，发现是相邻的座位。紫阳花同学「嘿咻」一声将背包放下，眉开眼笑地引导着我。...,0.9997041821479797,2751,1
2751,1980,...地。感觉我还在茫然的时候就转眼间来到了这里但『和紫阳花同学一起离家出走』这句铿锵有力的台词，突然带有真实感了。一旦搭上这班特快列车，我就会离开东京都。这让我不禁想起一句老套的标语，那就是「现在后悔还来...,0.9997045397758484,2751,1
2751,1981,...感觉就是在询问我『你愿意陪我一起去天堂吗？』。好吧！事到如今才在那边害怕，这样也太不像话了玲奈子！快想起紫阳花同学过去为我所做的一切！这是在报恩！不管我能做到什么还是不能做到什么，也不能丢下紫阳花同学...,0.9997045397758484,2751,1
2751,1982,...上。这时，我揪住她的肩膀。「呼唉？」接着就这样，用力地把她推到窗边的位置坐下。「今天可是紫阳花同学的大日子呢！」我有点难为情，所以是把脸别到旁边才说出这句话的。我其实也不是想耍帅不过，这就像是在表明我...,0.9997046589851379,2751,1
2751,1983,...玉的微笑。「谢谢你，小玲奈。」唔，好、好可爱「不、不会啦。」我也把背包拿下来放在脚边，从里面拿出手机充电器和其它东西，装作自己好像自己很忙一样，不让她发现我的脸颊已经发烫。紫阳花同学眺望着窗外，浅浅一...,0.9997045397758484,2751,1
2751,1984,...旅行，那两个小鬼头总是会把这个位置抢走。其实在我心里，是很想这么做的吧。」从她的声音，我无法听出这句话是对我说的，还是在自言自语。我稍微瞄过去一眼，冷不防和正好转过头的紫阳花同学四目相对。「那个，小玲...,0.9997046589851379,2751,1
2751,1985,...老实回答。「那、那个我不知道。」紫阳花同学并没有因此而傻眼，而是露出柔和的微笑。「这样啊，说得也是呢。」「嗯」电车发动了。紫阳花同学暂时沉浸在窗外闪过的景象当中，我们之间没有对话。对、对了，话题，话题...,0.9997038245201111,2751,1
2751,1986,...啊。」「嗯～？」「如果哪里都能去的话，紫阳花同学有什么想去的地方吗？」「想去的地方啊。就算是幻想世界也可以吗？比如爱丽丝里面的仙境之类的？」「唉？我不知道」「不知道！？」文字档案里面没有写到规则「呃─...,0.9997032284736633,2751,1
2751,1987,...堡或是温莎城堡那类的。」「啊，嗯，城堡听起来不错耶！感觉会找到宝箱呢！」嗳，纱月同学！这感觉完全没办法顺利接下去吧！你也考量一下我低得可怜的附和能力啊！说到城堡，我就只知道rpg里出现过的那些啊！紫阳...,0.9997032284736633,2751,1
2751,1988,...了个话题说「还有啊──」「那个我也想去一次看看呢。是叫做comike来着？」「comicmarket！？」紫阳花同学笑着点头说「对对，就是那个」。因为我只是喜欢玩游戏，对漫画和动画并没有涉猎太多。虽然...,0.9997033476829529,2751,1
2751,1989,...种程度。可、可是假如紫阳花同学喜欢动画，我、我也想和她一同享受看动画的乐趣我想和紫阳花聊一些只有我们两个听得懂的话题！没想到纱月同学给的话题竟然会让我涌起这样的心情谢谢你，纱月同学果然是出外靠朋友愿我...,0.9997033476829529,2751,1
2751,1990,...同学。「那个～紫阳花同学说想去comike，是对那里的什么东西感兴趣呢～？」我坐立不安地等待紫阳花同学的回应。随后，紫阳花同学便露出腼腆的表情说道：「嗯，我经常在新闻看到在cosplay的人。因为太可...,0.9997047781944275,2751,1
2751,1991,...险，完全就是个圈套。这是个用来钓出阿宅的陷阱。不对，这只是我的被害妄想。就算知道我是宅女，紫阳花同学也肯定会带着爽朗的微笑接受我的「因为今年很忙，可能是没办法去了，不过总有一天想去一次看看呢～」cos...,0.9997034668922424,2751,1
2751,1992,...play耶。」「唉～？」紫阳花同学用手捂着脸，害羞了。好口爱。「但是，会cosplay的人都是喜欢那部作品的吧。啊，既然这样，我想打扮成周日晨间动画的魔法少女，那个很可爱呢。」原来如此，紫阳花同学应该...,0.9997032284736633,2751,1
2751,1993,...也会看在那之后播出的魔法少女系列。唉？紫阳花同学扮成魔法少女？那肯定是乱可爱一把的我超想看耶穿着荷叶裙的紫阳花同学喂喂事情不得了啊「在那部作品里面登场的角色有一个我喜欢的女孩子，虽然她是中途才加入的─...,0.9997032284736633,2751,1
2751,1994,...作品。紫阳花同学竟然会对我聊起自己看了给小女孩看的动画后有何感想，光是这点就足以让我认为陪她一起离家出走是值得的。可爱的人说着可爱的话题，这实在是太可爱了渐渐远离东京都内的电车一隅，是只以温柔构成的空...,0.9997033476829529,2751,1
2751,1995,...行，真是最棒了──！＊＊＊「小玲奈，差不多快到了喔～」「啊！」看样子我在不知不觉间睡着了。毕竟我昨晚几乎没什么睡，这也是情有可原我用力擦了擦嘴角。「对、对不起，紫阳花同学。」「不会啦，别在意。毕竟我自...,0.9997040629386902,2751,1
2751,1996,...笑了起来。刚醒来第一眼就能看到紫阳花同学的脸，真的让人很难冷静啊我们背起背包，走下特快列车。从车站月台望过去的景象，可以看出这个车站相当冷清。剪票口也有种复古的感觉，气氛实在不太像一个『游客爆满的观光...,0.9997034668922424,2751,1
2751,1997,...「唉！？可以直接讲出来吗！？」「啊哈哈，因为看起来就是这样啊。」不，确实是这样没错但这里不是紫阳花同学心心念念的旅行地点吗？夹带着潮水气息的海风拂过小镇，我不知为何想起了上次去过的台场。当时站在我身旁...,0.9997044205665588,2751,1
2751,1998,...的背包，不自觉地用手压着被风吹乱的头发，感觉好像在注视着不是这里的某个地方。我没有出声叫她，很想就这样永远欣赏着紫阳花同学的侧脸，但要是一直站着不动发呆的话八成会被当成可疑人物，所以我还是问了她。「那...,0.9997041821479797,2751,1
2751,1999,...算在这个镇上的温泉旅馆过夜。」「这样啊。」紫阳花同学看了一眼站前广场的时钟。「快中午了，而且肚子也饿了呢。我们先找一间店吃个东西吧。」「收到！」由于选择实在不多，最后我和紫阳花同学走进了车站前面的一间...,0.9997045397758484,2751,1
2751,2000,...相邻的吧台座位。紫阳花同学纤瘦的肩膀如此靠近，我感觉自己差点就急速意识到这点，只好拼命控制着自己。「紫、紫阳花同学喜欢吃乌龙面吗？」「喜欢喔～面类我都喜欢。不过我实在不太敢自己一个人来这种店。」「我懂...,0.9997044205665588,2751,1
2751,2001,...若无其事吃饭的类型这时，我视线的一隅突然冒出了眼神锐利的纱月同学。『你为什么要说谎呢？我之前就说过了吧？』不、不是的！刚才只是下意识顺着对方的话，不知不觉就同意而已！并不是别有居心啊！我慌张地订正自己...,0.9997045397758484,2751,1
2751,2002,...呢～！」如果这时紫阳花同学突然回我一个冰冷的视线，追问我『你为什么说谎呢？』，我八成会当场爆哭吧。然而，并没有这种事情。「哦～好厉害～这样的话，只要和小玲奈在一起，不管什么店都能进去了呢。」这番话听起...,0.9997043013572693,2751,1
2751,2003,...寞了w），但既然是紫阳花同学说的，自然没有这个可能。「对呀！」店员把我们点的面端了过来。我点的是冷的汤乌龙面，紫阳花同学点的是热腾腾的豆皮乌龙面。紫阳花同学从背包拿出发圈，俐落地绑好头发。看到她露出后...,0.9997043013572693,2751,1
2751,2004,...了～」这不是因为我内心污秽，这不过是众所周知的事情，这么可爱的女孩绑好头发，小心翼翼地吸着面条的举动就是很赞吧。不过是众所周知的事情罢了！「好好吃哦。」「呃，嗯。」好险好险。好想成为紫阳花同学正在吹凉...,0.9997045397758484,2751,1
2751,2005,...家一起吃午餐但是两人一起在外面吃饭还是会感到紧张。在我心中对于『两个人一起吃饭』这件事八成有一条明确的界线吧。和一起进吃茶店、一起站在路边吃可丽饼那种感觉不同，该怎么说呢，应该是和朋友一起吃饭这种日常...,0.9997044205665588,2751,1
2751,2006,...学对上了视线。呜。紫阳花同学嫣然一笑。「你想吃一口吗？」「不、不是啦。只是，那个，不知不觉就看过去了，对不起。」「小玲奈为什么要道歉？你好奇怪喔。」「嘿、嘿嘿」不行了！我整个人变得愈来愈恶心了！我想聊...,0.9997045397758484,2751,1
2751,2007,...，我要打开第二份档案了。你说第一天才短短几个小时就用掉一半是不是很不妙？是啊！当然不妙了！第二份文字档案是这样写的。『关于将来的梦想』。真、真不愧是纱月同学，这个话题实在太正经了。谁都不会觉得这个话题...,0.9997046589851379,2751,1
2751,2008,...的表情，但需要的时候还是会拿出必要的成果，对我来说真是个不可或缺的女人我想都没想，就直接把纱月同学给的文字档案念了出来。俨然是个遥控操作的机器人。「紫阳花同学，你有什么将来的梦想吗？」「唉～梦想吗？我...,0.9997050166130066,2751,1
2751,2009,...。「要实现梦想应该很困难吧？」确实！「小玲奈有吗？」「我吗这个嘛。」如果可以，我希望一辈子都不用工作，也不用和任何人接触，孤独地活着，孤独地死去。我反射性地删除了浮现在脑海中的句子。听到这种话，就算是...,0.9997050166130066,2751,1
2751,2010,...够只靠玩游戏吃饭该有多好，啊哈哈。就像现在很热门的那种游戏实况主那样，哈哈哈」「哇～听起来好有趣。真棒。」无条件肯定的紫阳花同学对我莞尔一笑。如果我还是个青涩的少女，肯定会心想『这、这女生认同了我的梦...,0.9997046589851379,2751,1
2751,2011,...生，嘿嘿嘿』，像这样差点就下了决心。「不、不过，我现在不这么想了。感觉现在比较想尝试做各种事情。虽然可能没办法顺利就是！」「这样啊，我觉得很好啊。听别人分享自己的梦想还蛮开心的。」紫阳花同学笑咪咪地听...,0.9997041821479797,2751,1
2751,2012,...应该是想当点心店的老板娘吧。再来，就是当个成熟的大姊姊。」「成、成熟的大姊姊？」「听起来很莫名其妙对吧？以前就是想当个会挺直腰杆走路的帅气大姊姊，但完全不知道她们那种人在做什么。只是一直觉得她们都穿着...,0.9997043013572693,2751,1
2751,2013,...吧。我试着想像了紫阳花同学比现在更加成熟的潇洒英姿，顿时心动不已。紫阳花姊姊！「不过呢其实我现在的想法好像也没什么变。」紫阳花同学用双手捧起盛乌龙面的碗，同时叹了口气。「我常常在想，如果自己能比现在更...,0.9997046589851379,2751,1
2751,2014,...起勇气，什么都做得到。」「这是你之前在电话里提到的那个？」「是啊～总之，这应该算是现在的目标吧。不过这个目标还遥遥无期就是了」紫阳花同学在我眼中是完美无瑕，但原来连她也会认识到自己的不足之处，每天努力...,0.9997047781944275,2751,1
2751,2015,...这点。毕竟我对弟弟大发脾气，还离家出走了。」「偶、偶尔也会发生这种事啦。毕竟人类没办法一直持续努力的嘛。」「小玲奈真是个好孩子呢我这么没用，你居然还愿意安慰我」紫阳花同学的笑容看起来好脆弱，彷佛随时都...,0.999704897403717,2751,1
2751,2016,...我就不行，什么事都做不好！虽然紫阳花同学经常夸奖我，但我还差得远呢！我这个人很容易泄气，所以该休息的时候就会好好休息，没有干劲时就会用全力摸鱼！」我不相信自己。因为我可是个会在危急关头毫无毅力，突然搞...,0.9997046589851379,2751,1
2751,2017,...调呢，你好厉害～」我不是这个意思啦！「我有时甚至还会窝在被窝里睡一整天耶！？」「该休息的时候就要休息，这很重要吧。」「我还会浑浑噩噩地玩着游戏，把必须写好的作业拖到隔天！」「能有一件这么热衷的事情，好...,0.9997047781944275,2751,1
2751,2018,...，所以我明明都自虐成这样了，但不管说什么她都会称赞我！此时此刻，我超想念暗黑紫阳花同学的！再这样下去，我的身体会因为承受不住愧疚而爆开的。得快点想想办法才行。「拜托了，紫阳花同学骂我」「怎么会拜托这种...,0.9997045397758484,2751,1
2751,2019,...为什么？」「只要紫阳花同学把平常心里想的坏话说出来就行了」「唉～？这种话」紫阳花同学好像想到了什么，一双眼睛直直地盯着我。我的心跳逐渐加速，背上也流下了心虚的汗水。我从没看过紫阳花同学骂人，她到底会对...,0.9997046589851379,2751,1
2751,2020,...还是像『要是有三个人以上在聊天，小玲奈的话就会突然很少呢』这样直接贯穿我的要害？在这股莫名的紧张感之中。紫阳花同学稍微眯细双眼，喃喃这样说道：「小玲奈你对所有人都太温柔了吧～」「这话轮得到紫阳花同学说...,0.9997046589851379,2751,1
2751,2021,...了一声『我吃饱了』之后，我们离开店里，再次漫步于小镇上。这里是个没什么特色的沿海城镇。我明明是第一次来到这个地方，但这里的景色却让我涌起思乡之情。紫阳花同学走在前面，乍看之下还是平常的紫阳花同学但是从...,0.9997037053108215,2751,1
2751,2022,...竟然会做出那种自虐的发言，代表事情很严重啊。而且她现在还会偶尔低着头我很想帮她打起精神，但实在很不顺利。如果我不是在高中，而是在国中就改头换面的话，想必会拥有相当丰富的人生经验，这样是否就能鼓励紫阳花...,0.9997043013572693,2751,1
2751,2023,...另一边。大海沐浴在夏日的阳光底下，闪耀着白色的光辉。一望无际的大海实在是无比辽阔，让人叹为观止。我缩短与紫阳花同学的距离，站在她旁边。「其实，我以前有来这个镇上玩过几次。因为有亲戚在这里开了一间民宿。...,0.9997045397758484,2751,1
2751,2024,...全陌生。「嗯，我从以前就觉得，这里真的是个什么都没有的地方。不过，也许是因为平常都住在东京吧？我好像不讨厌这种悠闲的感觉。」我们背着大背包，并肩往前走。我这时才发现，我们现在要去的地方，应该就是那位亲...,0.999704897403717,2751,1
2751,2025,...方旅行不过，一旦决定要离家出走之后，我第一个想到地方的就是这里。」紫阳花同学垂下视线。「到头来，我发现我也只能去自己熟悉的地方。」她的表情莫名悲伤，就像是一个因为怕水而不敢跳进泳池的小女孩。此时，我渐...,0.9997050166130066,2751,1
2751,2026,...我握住紫阳花同学的手。「呀！小、小玲奈？」「那个，紫阳花同学！这附近好像还有另一间旅馆喔！」我把手机画面秀给她看，面带笑容如此说道。「虽然去紫阳花同学去过的地方也不错，但我们要不要试试看两个人一起去住...,0.9997050166130066,2751,1
2751,2027,...样，也无所谓吧！」我不负责任地大放厥词。紫阳花同学诧异地回望着我。我很紧张自己是不是多管闲事了。我不希望听到紫阳花同学说『不，现在不是那种气氛吧？』，然后直接结束这个话题！所以像是要补充自己的讲法那样...,0.9997046589851379,2751,1
2751,2028,...里都去得了，要选什么地方都可以！如果紫阳花同学自己一个人会感到不安，还有我陪在你身边！」在这个四周空无一人，冷清的沿海小镇，我握着紫阳花同学的手如此大喊。我其实也不是有意这么做，只是紫阳花同学曾叮嘱过...,0.9997038245201111,2751,1
2751,2029,...。紫阳花同学深深皱起眉头，回望着我说道：「小玲奈」「呃，嗯，就是这样，那个。」「你说的旅馆，是那间吗？」「唉？」我顺着紫阳花同学手指的方向望去，便看到──「倒、倒了！」位于马路对面的旅馆门贴着一张『停...,0.9997041821479797,2751,1
2751,2030,...顿时汗如雨下，差点就当场崩溃。也许店家是碍于时势所逼才决定关门的，但起码要好好更新一下网站啊！紫阳花同学嘻嘻笑了出来。「既然这样，小玲奈我们到隔壁车站附近找找吧。」「咦？啊，好！说得也是！」听到紫阳花...,0.9997034668922424,2751,1
2751,2031,...打圆场了谢谢你，谢谢你紫阳花同学我果然没办法像真唯那样「谢谢。」「唉？呃，什么？」紫阳花同学小声向我道谢。我听到后羞得面红耳赤，顿时不好意思回头，只好直接往前迈出步伐。不知为何，我们的手依然牵在一起，...,0.9997034668922424,2751,1
2751,2032,...们刚刚牵着手走在车站的时候还要稍稍烫了一些。顺带一提，下一班电车在我们等了40分后才出现。从这种地方来看，我更是深刻地体会到『这里果然不是东京啊～～！』。＊＊＊我与紫阳花同学从她熟悉的沿海小镇，移动到...,0.9997032284736633,2751,1
2751,2033,...唯一的一间小旅馆。空无一人的柜台让人莫名联想到澡堂。除了我们之外似乎没有其他入住的客人。「刚才完全没想到，不过仔细想想，两个高中生可以外宿吗？」我记得有些地方好像要有监护人的同意书才能入住。看到我畏首...,0.9997023940086365,2751,1
2751,2034,...花同学快步走向柜台，说『请问有人在吗──？』。这是一种能把别人的知识化作自身力量的特殊技能『去问一下』，能用这招的人真的好强不愧是紫阳花同学。这种事情不是这么轻易就能办到的。先说结论，我们超级轻松地就...,0.999702513217926,2751,1
2751,2035,...样子，对方之所以没有问东问西，应该是因为来投宿的是紫阳花同学吧？不愧是紫阳花同学拥有对人类开挂的能力紫阳花同学这一辈子想必永远不会被员警拦下来问话吧。我希望她能只沐浴在人们善意的光芒下，永远绽放。拿到...,0.999702513217926,2751,1
2751,2036,...姨说还有空房，太好了呢～」「好、好耶～」后来，我也在旁边听阿姨（老板娘？）和紫阳花同学闲聊。阿姨说起话来就像机关枪一样，说着『你们是朋友？』『两人一起来旅行？真好呢。』『虽然这个地方什么都没有，还是希...,0.9997041821479797,2751,1
2751,2037,...的特色之一，可以的话务必去看看哦。』等等，说个没完没了。若是初次见面的人像这样跟我讲一堆话，我肯定会吓得不知所措。但紫阳花同学不同，她简直就像是和平常会聊天的邻居闲聊那样，巧妙地附和对方。好厉害。阿姨...,0.9997044205665588,2751,1
2751,2038,...还挺像样的。（这么说或许是不太礼貌啦。）里面是和室，大概和我家客厅一样大。大桌子加上四把榻榻米椅，也摆着电视机和小冰箱，是极为普通的旅馆。隔壁房间也留有用来铺被褥的空间。虽然我先前逞强说『就算住到烂旅...,0.9997029900550842,2751,1
2751,2039,...间。这也要归功于紫阳花同学平日累积的善行。这句话真是太有说服力了。「那就这样了，假如有什么需要尽管说哦～紫阳花妹妹～」「好的，谢谢阿姨。」紫阳花同学低头道谢。短短几分钟内，她已经和阿姨打成一片了。阿姨...,0.9997020363807678,2751,1
2751,2040,...花同学放下背包，一脸开心地说道：「两个人独占这么大的房间，感觉好奢侈呢～」「就、就是啊。」我也把背包放到房间角落，打开冷气，坐在榻榻米椅上。呼──总之，这样就能暂时喘口气了。紫阳花同学开心地环视着整个...,0.9997027516365051,2751,1
2751,2041,...房间里转来转去的样子，无限疗愈着我的心灵真想在房间里装一个摄影机，来个24小时直播。紫阳花同学打开壁橱后，就发出了像是发现宝藏的声音。「快看快看，里面有放浴衣耶，浴衣。小玲奈，我们快来换吧。」「啊，嗯...,0.999702513217926,2751,1
2751,2042,...了。我这个家里蹲因为有了存档点就松懈了下来，毫无防备地点头同意，根本对浴衣真正的可怕之处一无所知当我站在紫阳花同学的旁边，拿起那件带有常见花纹的旅馆浴衣时，突然然闪过一个念头──穿浴衣的，紫阳花同学！...,0.9997028708457947,2751,1
2751,2043,...去的话感觉很凉快呢～」紫阳花同学打算当场换上衣服，害我差点就精神错乱。所以我背对着她说道：「那、那个，那个那个。」「啊，对不起哦，我去隔壁房间换吧。」语毕，紫阳花同学顾虑我的感受，拿起浴衣匆匆走进了隔...,0.9997034668922424,2751,1
2751,2044,...。嘴角勾起一抹微笑。「小玲奈不可以偷看喔？」「咻啊！？」把发出罕见叫声的怪鸟留在外面，紫阳花同学嘻嘻地笑了笑，合上了拉门。紫阳花同学正在隔壁房间换衣服啊解开衬衫，脱下裙子，换上浴衣尽管上体育课时也会一...,0.9997032284736633,2751,1
2751,2045,...不是像现在这种安静的氛围。只要竖起耳朵，彷佛就会听到夹杂在冷气运转声之中的衣物摩擦声，所以我也急忙脱起了衣服。其实真的要说的话，我能听见的是自己的心跳声吧！我将手穿过以丝滑布料制成的袖口，把浴衣穿在衬...,0.9997038245201111,2751,1
2751,2046,...呢。穿起来有点紧，却会让人不自觉地想要挺直腰杆。我对着洗手台的镜子确认有没有哪里奇怪，嗯──搞不太懂只是，我感觉浴衣比平常穿的衣服更强调胸部的存在感。因为发型和平常一样，所以才没有什么特别的感觉吗？干...,0.9996999502182007,2751,1
2751,2047,...的事情吧。接着，我身后的拉门应声打开。看样子紫阳花同学已经换好了衣服。「让你久等了～」「啊，好～」我小步小步慢慢走回去，发现站在眼前的是一位大和抚子。「嘿嘿，浴衣穿起来真舒服呢～」「啊哇哇哇。」不得了...,0.9997007846832275,2751,1
2751,2048,...了起来，从脖子往下垂，光滑的脖颈顿时一览无遗。这样太危险了吧，该怎么说呢，太性感了。从长及脚踝的浴衣底下可以窥见的脚掌，比刚才见到的大海更加耀眼。也许是旅馆浴衣的加持，本就楚楚动人的紫阳花同学显得更是...,0.999703586101532,2751,1
2751,2049,...肩膀的线条这无疑是一种性癖！「小玲奈穿浴衣的样子真好看。呵呵，我们穿着同样的衣服呢。」「是啊！」『大饱眼福』四个字在我头上犹如霓虹灯般闪闪发光唔！紫阳花同学每走一步，浴衣下摆都会随之飘起，要、要看、要...,0.999702513217926,2751,1
2751,2050,...浴衣，和紫阳花同学待在同一个屋檐下这简直就是夫妻了嘛不行，不行啊明明才刚换好衣服，这样又要流汗了。「有种真的来到旅馆的感觉呢～」「对呀～！」我做了一次深呼吸。还是快冷静下来吧。和一个用下流的眼光看着自...,0.9997041821479797,2751,1
2751,2051,...对会很困扰吧。不对，我可没有这样看她喔！？你在说什么啊玲奈子。刚才那个想法都吓到自己了。用下流的眼神？看着紫阳花同学？从来没有好吗？呼──吓死我了。哎呀，偶尔会有这种事情啦。毕竟我们（除了我以外）真唯...,0.9997044205665588,2751,1
2751,2052,...最喜欢谁？』之类的。当然，男生们也并非都是老实乖巧的好孩子，所以还是会聊说『好想和王冢交往啊～』或『不不，应该是濑名才对吧』这样。不过，再怎么说也是在本人不在场的时候才会聊到这些。每当听到这些话题，我...,0.9997041821479797,2751,1
2751,2053,...跟他们没差到哪去吧？思考模式根本是高中男生唔，再想下去又要沮丧了。听好了，紫阳花同学可是天使。就算我遭受真唯的荼毒之后导致兴趣有了些转变，也绝不可能把紫阳花同学视为那样的对象看待。因为，紫阳花同学是道...,0.9997040629386902,2751,1
2751,2054,...。这道『光』正坐在我对面，翻着像是旅馆说明书的东西。（好像是叫指引手册。）「好棒喔，上面写说这里的别馆有包场温泉呢。好像只要有预约就可以用了。待会再打个电话问问看吧。」「听、听起来不错呢～」温泉包场温...,0.999704897403717,2751,1
2751,2055,...阳花同学一起泡温泉？」「嗯。」我绝对不能会错意。我慎重得像是从积木塔抽积木那样，再次询问。「和紫阳花同学一起泡温泉意思就是，我要和紫阳花同学一起泡温泉？」「是、是啊。」不，这这这应该不行吧！？自宇宙诞...,0.9997050166130066,2751,1
2751,2056,...和真唯还有纱月同学一起洗过澡了但要和紫阳花同学一起洗澡，这肯定是不行的吧！？感觉这非常不妙！绝对不行！敬谢不敏！「啊，对、对不起，其实我不是很想泡温泉。」「是吗？」「呃，嗯！那个，该怎么说呢，我不太习...,0.999704897403717,2751,1
2751,2057,...没有那个意思哦！？」「这、这样啊。」眼见我像是掉进水里的猫一样惊慌失措，紫阳花同学也似乎有些让步了，虽然她嘴上依然念着「好想和小玲奈一起泡温泉喔」，但也没有进一步说服我。只要拥有像我这样的阴角力，要让...,0.9997046589851379,2751,1
2751,2058,...百个人的经验今天第一次派上了用场！但其实很难受。不过，真是好佳在。假如紫阳花同学依偎过来向我撒娇，说『难道小玲奈不想和我一起泡温泉吗？』，我肯定也只能举白旗投降了。嘿！就算当初和真唯还有纱月同学是在完...,0.9997045397758484,2751,1
2751,2059,...花同学一起洗澡的！紫阳花同学快速地翻阅说明书，同时这样说道：「啊，这边的区域有桌球场。小玲奈会打桌球吗？」「还算可以吧」「我想和小玲奈一起打桌球～」「麻、麻烦你手下留情。」「」这时，我发现刚才还满心雀...,0.9997044205665588,2751,1
2751,2060,...这、这是什么状况？穿着旅馆浴衣的紫阳花同学就在我旁边，我的注意力完全被布料底下膝盖的曲线吸引，顿时心跳加速。紫阳花同学清了清嗓子。「那个，小玲奈，我有重要的事情对你说。」「好、好的。」重要的事情？到底...,0.9997040629386902,2751,1
2751,2061,...住在这间旅馆，一边工作一边生活下去。』的话我该怎么办？我应该支持紫阳花同学的决定吗？但我也不想这样，因为我会寂寞的希望她还是能回去上学。就在我惴惴不安的时候，紫阳花同学开口说道：「之前一直都没说清楚，...,0.9997040629386902,2751,1
2751,2062,...紫阳花同学从背包中取出一个珐琅粉色的长款钱包。「这次，小玲奈是特地陪我离家出走的对吧。」「嗯？这个嘛，嗯？」这个讲法让人感觉话里有话，不过我还是点了点头。问题在后面这句。「所以呢，这次花的钱应该全部由...,0.9997021555900574,2751,1
2751,2063,...是。」紫阳花同学冷不防讲出了让我大吃一惊的话。「不行，不行不行不行！」这点我没办法接受！「我是自愿跟着紫阳花同学来的！」「嗯小玲奈有这份心意让我很开心，我也真的很感谢你。」紫阳花同学的眉毛垂成八字，露...,0.9997014403343201,2751,1
2751,2064,...是能陪在身边，就已经让我很满足了，再继续让你付出更多我会良心不安的。对不起，把气氛搞得这么僵。」「不，怎么这样说因为，我也只是出自己的份啊」「因为小玲奈的那笔钱也是因为我才花的。而且这里的住宿费，对高...,0.9997015595436096,2751,1
2751,2065,...望自己成为一个凡事都说好的人，但现在却不得不反驳紫阳花同学的这番话。我处在这自相矛盾的困境之中，痛苦地说道：「没、没有那种事！你想想，我们这个小圈子放学后一起去逛街的时候，就算有人提议说去某间店，也不...,0.9996960163116455,2751,1
2751,2066,...吧？」我绞尽脑汁，总算想出了一套颇具说服力的说辞。「而、而且，反正我存的钱也只会用来课手游或是买游戏！能和紫阳花同学一起旅行，我可是很心满意足的！连福泽谕吉（编注：日本万元钞上的人像。）现在也忍不住在...,0.9997009038925171,2751,1
2751,2067,...喝酒啦」紫阳花同学垂下视线，凝视着自己的指尖。「嗯嗯。」太好了。我的心意传达给她了。我才刚松了口气，紫阳花同学就立刻摇了摇头。「不，果然还是不行。这和大家一起去咖啡厅不一样。」「哪、哪里不一样了？」「...,0.9997034668922424,2751,1
2751,2068,...。「我是个把弟弟丢在家里，自己跑出来旅行的坏姊姊可是，却还让小玲奈陪着我。如果再让小玲奈出一半的钱，这样也太自私了吧。」什、什么意思啦紫阳花同学这番话听得我一头雾水。因为是个坏姊姊，所以想要付两倍的钱...,0.9997029900550842,2751,1
2751,2069,...出来了。为紫阳花同学花钱，我根本完全不觉得会怎么样。可是，紫阳花同学表现出来的态度好像在说『这只是你的一厢情愿，我根本不希望这样』这样子拒绝我。我必须设法帮我的说辞正当化。像是在学校受到了她许多帮忙之...,0.9997050166130066,2751,1
2751,2070,...那个我」但是，在这种情况下不出半毛钱，而是全部由对方付的关系，我认为称不上真正的朋友。也就是说，我和紫阳花同学还不能算是朋友？呜，呜呜这种时候如果是真唯的话，她肯定会理直气壮地说『钱的问题你不用担心』...,0.999704897403717,2751,1
2751,2071,...到无视的。如果是纱月同学呢？她搞不好会很干脆地接受这个提议，说着『哎呀，是吗？谢谢你。』，自然地接受紫阳花同学的好意。这是内心无比强大的人才有办法做出的选择。假如是小香穗，她会开玩笑说『哼哼哼！不用担...,0.9997050166130066,2751,1
2751,2072,...，用和蔼可亲的态度赶跑严肃的气氛。无论哪个都是我办不到的。一句话也说不出口。我得忍耐，否则快要忍不住哽咽了。「紫阳花同学，我我」那么，我是不是不该跟过来？都到嘴边了，我又把话吞了回去。这句话一旦说出口...,0.9997038245201111,2751,1
2751,2073,...是正确的选择。我必须坚信自己认为正确的决定。紫阳花同学露出于心不忍的表情向我道歉。「对不起，小玲奈，我不想要伤害你我只是不希望对小玲奈造成负担。」我缓缓起身。阴影落在紫阳花同学脸上。「小玲奈？」我将手...,0.999703586101532,2751,1
2751,2074,...─做出自己力所能及的选择。「好、好吧，紫阳花同学但是，我有一个条件！」「条、条件？」紫阳花同学顿时一脸困惑。「什、什么条件？」「就是，用身体」「用身体！？」我凝视着紫阳花同学逐渐染上红晕的双颊，自暴自...,0.9997037053108215,2751,1
2751,2075,...隔着一张球桌，面对着彼此。「那个──」我对一脸困惑的紫阳花同学宣言。「如果我赢了，我们就各付各的哦！」「我觉得应该不能这样算？」「不要，不要不要！让紫阳花同学付全额是不行的！这样的话我一开始就不该跟过...,0.9997038245201111,2751,1
2751,2076,...番话滔滔不绝地讲了出来！？一切都结束了！「那我也只能表示遗憾了。」还没有结束！我不会让它就这么结束的！「我不会回去！绝对不会回去！我会自己在隔壁租个房间，一～直缠着紫阳花同学！如果你不希望事情变成这样...,0.9997038245201111,2751,1
2751,2077,...么样！真唯和纱月同学那时也是这样！我就是个只有在战斗中获胜才能继续前进的女人！我们借了球拍和桌球来到球场。两名身穿浴衣的女高中生，彼此都是脚踩拖鞋，手握球拍。到头来，我能做的就只有垂死挣扎，还有眼角含...,0.9997043013572693,2751,1
2751,2078,...阳角而向妹妹低头的时候就已经一点也不剩了！「所以，比赛开始！」「啊，真是的。」在被紫阳花同学的花言巧语骗倒之前，我采用姑息的手段直接发球。桌球乒一声顺利冲入对方的阵地，但紫阳花同学轻而易举地打了回来。...,0.9997046589851379,2751,1
2751,2079,...乖接受吗？」乒。「到、到时候，我会再想别的方法！」乒。「什么啦！这样要是我输了，我也会赖皮的喔！？」「这点麻烦你通融！」「这样也只对小玲奈太有利了吧！？」乒乓、乒乓、乒乓。我们持续回击对方。其实甘织玲...,0.9997040629386902,2751,1
2751,2080,...运动神经都很好，看来玲奈子体内依稀留存着她们实力的残渣。但是，紫阳花同学比想像中还要难缠！不、不愧是全校顶端集团的一员。她给人的印象明明是个随时会踩到衣摆差点绊倒的轻柔系少女！竟然连运动都这么拿手，根...,0.9997043013572693,2751,1
2751,2081,...。双方你一球我一球地互相得分，但比分一直是紫阳花同学处于领先。啊啊真是的，再这样下去就要输掉了！我决定模仿纱月同学之前做的，利用盘外战术战斗。我提高音量。「再说了，反正是离家出走的旅行嘛，这样有什么不...,0.9997043013572693,2751,1
2751,2082,...到中午，一整天都慵懒地度过，或是去散个步什么的！」「这是两回事喔。我自作主张的行为把小玲奈牵扯了进来，你还为我花这么多时间！」紫阳花同学打出发球。身体往前倾的那个姿势，要、要看到从内衣的缝隙中可以隐约...,0.999703586101532,2751,1
2751,2083,...还有大腿都被我看光光了啦！用色诱的再怎么说也是犯规啊紫阳花同学！「紫阳花同学才是，你为什么要那么倔强啊！？」乒乓。「要花上好几万圆耶！？」乒乓。「我知道！但不要紧的，我有领钱！就是为了用在这种时候！」...,0.9997043013572693,2751,1
2751,2084,...桌球「啪」一声打在紫阳花同学的桌子那边。跑去捡球的她喘得上气不接下气。我的状态也和她差不多。「因为──」我渐渐地没有余裕去思考，表达了内心真诚的感受。「紫阳花同学是我重要的朋友。」「我当然也是这样想的...,0.9997045397758484,2751,1
2751,2085,...下乖乖让你请客的人吗？」「这」听到我如此深入核心的问题，紫阳花同学的眼神有些动摇。「对我来说，朋友就是互相扶持、互相依靠，能带着笑容一起往前走的关系。对紫阳花同学来说，难道不是这样吗？」说出口之后，我...,0.999704897403717,2751,1
2751,2086,...而是因为紫阳花同学划下了一条线，告诉我『接下来的事情就不用你操心了。』，所以我才会感到寂寞。对我来说，朋友就是可以看到彼此脆弱一面的关系。「我」紫阳花同学低着头，握紧手上的桌球。「我只想把快乐的事情分...,0.9997051358222961,2751,1
2751,2087,...有痛苦，我想要独自承受这些情绪。这就是我认为的朋友还有重要的人。」紫阳花同学的友情观和我大相径庭。我没有资格去评论这两者孰好孰坏，但是只分享快乐的事情，难受的事情却是全部由自己概括承受，这样子「这样的...,0.9997051358222961,2751,1
2751,2088,...可能毫无限度地忍下去。可是，如果我看到身边的人露出难过的表情，我就会想要减轻她们的担忧。尽可能地帮助她们。只要我身边的人过得幸福，我就很幸福了。」紫阳花同学这样说道。只要我身边的人过得幸福，我就很幸福...,0.999704897403717,2751,1
2751,2089,...出口。既然这样，紫阳花同学之所以对身边的人这么温柔「对。」或许我的想法明显地表现在脸上了。紫阳花同学微微点头，露出寂寞的表情笑着说：「结果，我只是因为自己想这么做才做的。全部都是为了我自己。」「全部？...,0.999704897403717,2751,1
2751,2090,...悦耳，如同清泉在耳边流淌。「对不起哦，小玲奈。我根本就不是什么对别人温柔的人。希望朋友能一直保持愉快的心情，就只是我把愿望强加在别人身上而已。」紫阳花同学想表达自己是多么自私的一个人。简直就像自私是罪...,0.999704897403717,2751,1
2751,2091,...人，看起来很讨人喜欢，但结果这一切都是为了自己，只是希望别人觉得我是个好人。是因为我喜欢让大家看起来都开开心心的，所以才会这么做。」紫阳花同学眯起眼睛，带着温柔的笑容如此自嘲。「对不起哦，讲了这么可悲...,0.9997032284736633,2751,1
2751,2092,...过『即使是濑名，只要剥去她的伪装，一定会显露出人性丑恶的一面』。她还叮嘱我要做好心理准备。实际上，说不定真的就是这样。但是。──我才不会被这样的歪理骗过去。我用力地挥着球拍，这样大喊。「你在说什么啊！...,0.9997031092643738,2751,1
2751,2093,...的对人很温柔啊！」「小、小玲奈？」我用手指指着她。「要形成一个人的品格不是靠言语，而是行动！不管紫阳花同学内心是怎么想的，肯定有人因为紫阳花同学的行动而得到救赎！像我就是！」紫阳花同学之所以是天使，并...,0.9997032284736633,2751,1
2751,2094,...受到紫阳花同学的帮助。所以，紫阳花同学才会是天使。「如果只是这种程度，就算再过一百年我的想法也不会改变的！谁教紫阳花同学累积了我这么多的好感度！」「好、好感度？」「如果身边的人的幸福就是紫阳花同学的幸...,0.9997037053108215,2751,1
2751,2095,...，所以我要永远一直和紫阳花同学在一起！我要打造幸福的永动机！可是如果都让你付钱我就不幸福了，所以还是aa吧！好，反驳成功──！」「小玲奈，我是认真」「我也是超级认真的啊──！」眼见紫阳花同学有些生气，...,0.9997041821479797,2751,1
2751,2096,...我也会幸福的！我早就决定了，我绝对会在这场离家出走的旅行让紫阳花同学得到幸福的！」「这、这样也太奇怪了吧。因为就算对我再好，小玲奈也不会有任何好处」「好处！？多到爆好吗！？对紫阳花同学愈好，就代表我是...,0.9997045397758484,2751,1
2751,2097,...这样的话，就算不是我也」「当然是因为是紫阳花同学才会这样啊！」我将球打了过去，紫阳花同学立起球拍准备接球。随后球被球拍弹开，飞到了意想不到的方向。「像紫阳花同学这样的天使会愿意接受我的爱！这肯定是最美...,0.9997045397758484,2751,1
2751,2098,...救赎！你是我的推！和开朗的紫阳花同学一起聊天就会开心得不得了，一想到这一切都是为了让我幸福而做的，什么啦，不会吧，这一切都是为了我！？那我也只能报答这份恩情了啊！」「等、等一下如果不是很特别的时候，我...,0.9997050166130066,2751,1
2751,2099,...上红晕。「是、是吗？太好了万一紫阳花同学是特地为了我这么做的，那就不仅仅是这次的钱了，就连紫阳花同学往后人生中所有的花费，我也必须进贡给你呢」「这、这也太夸张了」「所以！」在紫阳花同学傻眼的时候（虽然...,0.9997047781944275,2751,1
2751,2100,...紫阳花同学的真心话后，变得更喜欢紫阳花同学了，所以不行！我不会让紫阳花同学称心如意的！」「为什么！？」跑去捡球的紫阳花同学顿时慌了。「太奇怪了吧！小玲奈明明都已经知道我是个很狡猾的人了。」「什么叫狡猾...,0.9997044205665588,2751,1
2751,2101,...讲得好像自己的功绩一样到处吹嘘，借此引人注目，满足自己的认同渴望。这样的家伙才叫狡猾！」「有、有这样的人吗？」对不起！妹妹！「再说，要讲表面伪装，紫阳花同学那样只不过是上课妆而已！我可是好莱坞特效化妆...,0.9997041821479797,2751,1
2751,2102,...常可爱，又是个好孩子。因为有小玲奈坐在我后面，所以下课时间才过得很自在，去学校也觉得很开心啊。」好险！我差点一个不小心就咬到舌头自尽了！要是我这时又开始自卑，事情又会变得很麻烦，所以我不说！「既然这样...,0.9997034668922424,2751,1
2751,2103,...只是因为想和紫阳花同学在一起所以才跟过来的！我希望紫阳花同学遇到不开心的事情时能陪在你身边，遇到开心的事情时则是一起分享喜悦！如果都只是分享快乐是不行的！就算是不开心的事情，我也希望和紫阳花同学一同承...,0.9997040629386902,2751,1
2751,2104,...势相反，面对飞来的球，我整个挥空了。奇怪？怎么回事？我的视线变模糊了。「小玲奈」这时我才第一次意识到。自己哭了。啊是、是什么时候哭的？不是的，紫阳花同学。这不是因为伤心什么的，只是因为情绪激动才流的泪...,0.9997044205665588,2751,1
2751,2105,...阳花同学拿着球拍走到我身边。将哭泣的我拥进怀里。「对不起哦，小玲奈。」「啊呜」「我没有好好理解小玲奈的心意，对不起。」「不、不会啦」隔着轻薄的浴衣，紫阳花同学以柔软的身体裹着我。抱得好紧感、感觉很不好...,0.9997046589851379,2751,1
2751,2106,...我太任性了。我没有想让小玲奈有这样的感受，对不起哦。」紫阳花同学抽了抽鼻子。咦！？「小玲奈有这份心意，我很开心。真的很谢谢你」糟、糟糕再讲下去连我也要哭了。不对，我本来就在哭了！先哭的是我啊！「紫、紫...,0.9997046589851379,2751,1
2751,2107,...了。脑袋一片混乱。远离家乡，身穿浴衣的两个女孩子，我们在没有其他人的桌球场紧紧抱在一起，相拥而泣。不过也许是多亏了抱住我的紫阳花同学身上的温暖吧，这是我认识她以来，感觉离她最近的一次。结果因为我不擅言...,0.9997046589851379,2751,1
2751,2108,...来，给紫阳花同学添了不少烦恼。毕竟只经历了区区三个月的阳角体验期，我的等级还远远不足。这次是因为紫阳花同学温柔地为我着想，事情才总算没有进一步恶化不过再怎么说我也没必要哭出来吧。好想变成舍弃感情的机器...,0.999704897403717,2751,1
2751,2109,...坐在桌球场的长椅上，紫阳花同学直到我平静下来为止都握着我的手，就这样过了一段时间。「总觉得很像我之前晕过去的那次呢」「你是说去百货公司的时候吧。当时我真的是吓了一大跳呢。」「呜呜，对不起真没面子」虽然...,0.9997045397758484,2751,1
2751,2110,...，所以遭到紫阳花同学抛弃的未来反而更贴近现实吧？「不。」紫阳花同学缓缓摇了摇头。「无论小玲奈有什么缺点，或者给我添了什么麻烦也一样。因为小玲奈平常那么温柔对待我的事实，为我着想的心意都不会就此消失的。...,0.9997047781944275,2751,1
2751,2111,...阳花同学将握在一起的手贴上脸颊。好温暖。「谢谢你哦。小玲奈，你真的总是让爱钻牛角尖的我注意到重要的事情呢。」「是这样吗？」这应该只是因为我没有实力，所以才会不择手段地去尝试吧紫阳花同学微笑着闭上双眼。...,0.9997047781944275,2751,1
2751,2112,...虽然他们总是不听话，老是给我添麻烦，可是与他们分开之后，我才发现自己果然很重视他们。」紫阳花同学莞尔一笑。「对不起哦，看到小玲奈哭泣的样子，我却想起了那两个小鬼头，很没礼貌对吧。」「不、不会啦。」毕竟...,0.9997045397758484,2751,1
2751,2113,...完全没关系。我想要更加瞭解紫阳花同学，也想看看紫阳花同学不同的一面。」「这样啊。」紫阳花同学放下了贴在脸颊旁的手，改用双手紧握我的手。「那个，听说明天镇上有祭典呢。」「唉？」「我决定在这个小镇尽情地玩...,0.999704897403717,2751,1
2751,2114,...多钱的。」听到这句话，我的眼眶里顿时泛出泪水。「啊啊，不是的。我不是在怪小玲奈应该说，我反而很感谢小玲奈喔。因为你听我说了这么多我现在心里感觉舒坦多了。」紫阳花同学笑得眯起了双眼。那是我平常在学校里看...,0.9997047781944275,2751,1
2751,2115,...「是吗太好了。」我也露出了柔和的微笑。真的是太好了。既然能成为紫阳花同学回家的契机，这样就算我丑态百出也值得了。不对不对，不要找借口把自己的行为正当化我究竟要到什么时候才能俐落地把问题处理好呢？快进化...,0.9997040629386902,2751,1
2751,2116,...（译注：《精灵宝可梦》早期的进化手段。）的家伙现在也可以一个人完成进化了。紫阳花同学放开了牵在一起的手，将双手十指交叉握在胸前。她的视线飘移，支支吾吾动着嘴巴。「不、不过话又说回来，小玲奈，你又那样夸...,0.9997041821479797,2751,1
2751,2117,...么，便转头凝视她的侧脸。下一刻──「小玲奈，看来你是真的很喜欢我呢」「唉！？」我感觉脸都要喷火了。紫阳花同学也把头转向旁边想要掩饰，但她连耳朵都红了。「当当当当当当然喜欢啦！」「哦、哦～这样啊」这、这...,0.9997039437294006,2751,1
2751,2118,...自己也超级害羞的嘛！无论是什么样的紫阳花同学，我确实都是来者不拒啦唉？难道说，我让紫阳花同学进化到版本2&#12539;0了？不，怎么可能「啊，啊，对了！那个那个，小玲奈，来看这里。」紫阳花同学发出开...,0.9997039437294006,2751,1
2751,2119,...她手指的方向是记分板。上面显示着10－7。「啊。」虽然我比到一半就完全不记得过程了但我们有分出输赢！我吓得浑身颤抖。「请、请务必！请务必让我付钱啊！」「唉──？」紫阳花同学笑得一脸愉快。「该怎么办呢～...,0.9997040629386902,2751,1
2751,2120,...阳花同学出现了！「拜、拜托你如果不这样做，我就无法抬头挺胸说紫阳花同学是我的『朋友』了」「唉～？但比赛是我赢了嘛～？」「请、请你成全如果有其他要求，我什么都会做的」我刚讲完，紫阳花同学就露出「正合我意...,0.999703586101532,2751,1
2751,2121,...」啊、啊啊啊啊啊啊啊啊紫阳花同学发出充满亢奋的声音，对我提出了一个非比寻常的不合理要求。竟然要做这么可怕的事！？「我、我不行啦」我站在更衣间，动也不动。享用了美味的晚餐后，紫阳花同学也打了通电话回家，...,0.9997029900550842,2751,1
2751,2122,...们好好聊聊──不过一切都圆满解决了。再来，我只要和紫阳花同学一起愉快地享受开心的旅行就好──应该是这样的！在我眼前的，是正在缓缓解开旅馆浴衣的紫阳花同学。她注意到我的视线，脸上微微染上红晕，以责备的眼...,0.9997026324272156,2751,1
2751,2123,...是这样讲没错啦！」「我都同意一人出一半了，这点小事应该没关系吧？还是说，小玲奈讨厌和我一起泡温泉？」「唔唔」在输赢结果与感情的双面夹击下，我的城墙顿时被摧毁了。这里只要拜托旅馆就能预约包场温泉。虽然不...,0.9997022747993469,2751,1
2751,2124,...侈的空间。这间旅馆意外不错啊不愧是受神眷顾的紫阳花同学，抽卡运好强。「我知道了请让我陪您一同入浴」「呵呵，耶～」紫阳花同学转过身子背对我，俐落地褪下浴衣，底下是上下一套的白色内衣。内衣的边缘缀有蕾丝，...,0.9997029900550842,2751,1
2751,2125,...泡温泉，我们势必得赤身裸体。紫阳花同学啪一声解开了胸罩的扣子，失去支撑的胸部柔软地晃动。好大！紫阳花同学双手抱胸，将形状姣好的臀部对着我，露出苦笑。「果、果然还是有点不好意思呢。为什么呢？是因为我们现...,0.9997043013572693,2751,1
2751,2126,...去大浴场吧！」「不行！」紫阳花同学彷佛是在赌气一般，脱下了最后一件衣物。咿。我慌忙转过身背对她。紫阳花同学用毛巾挡住胸部，眼前的她彷佛维纳斯再世，赤身裸体向前走去。我听到了通往浴池的门被打开的声音。「...,0.9997044205665588,2751,1
2751,2127,...的」我已经害羞到受不了了。我光是看到紫阳花同学的裸体就很害羞了，既然我看得到，那当然也会被看到啊！「早知道我应该在暑假期间努力减肥的！」我用堪比树懒的龟速脱下浴衣。算了！反正我也分别和真唯还有纱月同学...,0.9997044205665588,2751,1
2751,2128,...张怎么可能啊！不过，总是会有办法的！把内衣放进篮子后，我也移动到浴池。四周已经完全暗了下来。铺满瓷砖的地板中央有一个木制浴桶，差不多能容纳三名成年人把脚伸直。紫阳花同学就站在浴桶前面，仰望着夜空。「你...,0.999703586101532,2751,1
2751,2129,...紫阳花同学沐浴在星光之下。好似以一根纤细的根茎撑起花瓣的花朵那样，她那纤瘦的裸体总让人觉得有些不稳定。紫阳花同学按住被晚风吹乱的头发，露出微笑说道：「来，快过来吧，小玲奈。」紫阳花同学脱去了衣服之后，...,0.9997032284736633,2751,1
2751,2130,...样，我感觉自己好像要被拉进幻想的世界之中。与真唯或纱月同学完全不同，这怎么可能习惯嘛！高一女生一般以女性来说都是还没发育完全的瘦弱身体，但是紫阳花同学那已然成熟的肢体散发出动人的美色，让我都快无法呼吸...,0.9997027516365051,2751,1
2751,2131,...向浴池配备的小淋浴区。紫阳花同学也来到我身边坐下。「啊，也对，泡温泉之前要先洗干净呢。」「呃，嗯。」我像个可动范围很小的模型一样，以僵硬的动作转动水龙头，随后莲蓬头便喷出热水。我挤出沐浴乳，用手涂在身...,0.9997031092643738,2751,1
2751,2132,...纱月同学一起洗过澡了～」「噗！」由于庆生会那天我被彻底逼问了一番，我和纱月同学一起洗过澡这件事已经是众所周知的事实。是说，你怎么会在这时候提起这件事啊，紫阳花同学！「和、和纱月同学一起洗澡的时候，我也...,0.9997044205665588,2751,1
2751,2133,...我没有把脸转到旁边，就会看到紫阳花同学雪白的身体。有一瞬间，纱月同学的身体与眼前的画面重叠。当时映在昏暗的灯光底下的纱月同学的裸体，真的是很漂亮「嘿。」「呀！？」紫阳花同学戳了我的上臂，让我忍不住弹了...,0.999702513217926,2751,1
2751,2134,...然想这样？」她那平静的声音带着些许湿气，在露天温泉回响着。为了打散这种逐渐开始弥漫的尴尬气氛，我发出开朗的声音说道：「话说！和纱月同学一起洗澡的时候，我超丢脸的呢！当时我在浴池里摔了一跤！然后手就像这...,0.9997027516365051,2751,1
2751,2135,...的声音。──你这家伙是想说什么？我急忙坐回小椅子，背对着紫阳花同学。「话说，晚餐真的好好吃呢，里面有好多海鲜。」「抓住小纱月的什么？」「不过我只知道鱼而已。毕竟白身鱼看起来几乎都差不多呢。」「你抓住小...,0.9997029900550842,2751,1
2751,2136,...紫阳花同学不肯放过我，用手指轻轻抚着我的背。咿「我用力抓住纱月同学的胸部」「唉唉唉唉？」我为什么要自己揭穿这件事呢？这下子又更想死了。「然、然后呢，后来怎么样了？」「也没有怎么样我就跟她道歉，然后直接...,0.9997027516365051,2751,1
2751,2137,...差点被车撞到的时候一样，都是种濒死体验也因为这样，我完全不记得纱月同学胸部的触感。不对，不记得也无所谓就是。「你肯定很害羞吧感觉很对不起你，竟然让你想起这件事。」我被紫阳花同学同情了「不会，没关系啦顺...,0.999704897403717,2751,1
2751,2138,...表现出来，所以才写成『耻』。我的耳朵现在应该也整个红起来了吧哈哈哈」「那、那个」紫阳花同学难为情地说道。「小玲奈，你要不要也摸摸看我的胸部？」「为什么！？」紫阳花同学也羞得耳朵都红了。「我、我没有什么...,0.9997050166130066,2751,1
2751,2139,...我的胸部？』还有其他意思？？？「那个，就是像把回忆盖过去这样！我想说，如果这样可以把你和小纱月一起洗澡时的羞耻回忆盖掉就好了。你、你看，我的胸部还蛮大的，要不要摸摸看？就是这个意思！」「啊，啊啊，是那...,0.9997043013572693,2751,1
2751,2140,...、那我就恭敬不如从命了！」「请、请吧！」我转身面对紫阳花同学，她已经把胸部往前挺了。唉？不是真假？紫阳花同学紧闭双眼，用双臂夹着胸部，对我强调那对丰满的酥胸。她的胸部纯白柔软。看到这彷佛梦境般的景象，...,0.9997050166130066,2751,1
2751,2141,...，真的可以在她平常隐藏于制服底下的冰清玉肌上留下指纹吗？真的可以这么做吗？这种行为不就和用美工刀在大师的名画上留下刮痕没两样吗？话虽如此，如果我没有动手，而是说一句『还是不要好了！』便逃之夭夭的话，不...,0.9997043013572693,2751,1
2751,2142,...。我现在，是不是进退两难啊？好，摸吧。仔细想想，不就是胸部嘛，我也有啊。我之所以会这么提心吊胆，原因只在于这么做会碰到紫阳花同学的身体。这种行为就和捏捏脸、拍拍肩膀之类的没什么两样，没必要想得太严重。...,0.9997023940086365,2751,1
2751,2143,...自己而喊出声音，接着缓缓伸出手指。食指前端触到了紫阳花同学的胸部柔软地陷了进去。唔、唔哇这、这和摸自己的确实有着天壤之别竟然会这么柔软，简直就像棉花糖一样而且这还不是一般的胸部，而是『紫阳花同学的』胸...,0.9997014403343201,2751,1
2751,2144,...梦露的头发能卖到88万圆。这可是紫阳花同学的胸部，光凭这点就有无限的价值。紫阳花同学至今遇过的人，或者是今后会与她相遇的人无论怎么奢望都无法实现的事情，而我竟然有幸这么做一想到这里就觉得，自己正在做一...,0.999700665473938,2751,1
2751,2145,...当我回过神来，才发现自己已经忘我地揉了起来。「感、感觉有点痒我、我没有觉得讨厌，那个，完全没有这个意思。」「对、对不起！」我想着『这是最后一下！』伸出手指，但一时过于慌乱，我目测的距离出现了误差，手直...,0.9997013211250305,2751,1
2751,2146,...学捂住了嘴。我们四目相对，她已经满脸通红。「啊，啊哈哈，啊哈哈哈哈不、不小心发出了奇怪的声音」「哈、哈哈哈哈哈」我什么话都说不出口，只能像个笨蛋一样陪笑。尽管紫阳花同学因为顾虑到我而舍身做出了这个决定...,0.9997046589851379,2751,1
2751,2147,...在另一个资料夹取了新的档案名称，保存紫阳花同学胸部的触感想必我永远都不会删掉吧接着我们埋头专心地清洗头发和身体，然后并肩泡进了温泉。要是看向旁边，感觉紫阳花同学的胸部又会进入我的视野，所以我坚持让自己...,0.9997039437294006,2751,1
2751,2148,...头发的紫阳花同学叹出一股热气。一开始还因为太过尴尬，刚泡进去2秒我就想出去了。但温泉就是如此不可思议，连我的重度紧张也像肩膀酸痛那样逐渐缓解了。看来温泉也有治好社恐的疗效。现在紧张的情绪已经缓解到可以...,0.9997040629386902,2751,1
2751,2149,...的夜空。仔细想想，从早上开始就一直在走路。疲劳感逐渐从身体消退，化在温泉里面，这种感觉实在舒服。「呼」不过，今天真是充实啊一大早离开东京，来到乡下地方，找旅馆入住，和紫阳花同学一起打桌球，一起泡温泉，...,0.9997040629386902,2751,1
2751,2150,...整天待在一起，感觉我们的关系比之前还要再稍微接近了一些，不对，应该变得相当深厚了。尽管紫阳花同学说自己很任性又很狡猾什么的，但我对她的印象依然始终如一。她非常努力，既坚强又温柔，是个非常可爱的天使。不...,0.9997045397758484,2751,1
2751,2151,...不少让人很疲累的事情但是，幸好我有追着紫阳花同学过来。我现在是真心这样觉得。「嗳，小玲奈。」「嗯。」「你刚才说的关于朋友的定义，那个很有趣喔。」「这、这样啊。」「因为我也不太常和别人讲这么深刻的话题。...,0.9997050166130066,2751,1
2751,2152,...感情真的很奇怪吗？很沉重，对吧？」「我、我不觉得是这样喔。刚才我也说过了，我平常就一直受到你的帮助我很庆幸紫阳花同学是个会珍惜友情的人应该说，如果要论谁的感情比较沉重，我大概也不惶多让」「小玲奈呢，嗯...,0.9997053742408752,2751,1
2751,2153,...。「你讲的与其说是朋友更像是恋人呢。」「唔。」真唯也对我说过同样的话。她说，因为是一起分享、互相扶持的关系，这样称作恋人更为恰当。因为真唯的感性有问题，就算她这样说我也不会放在心上。但是现在连紫阳花同...,0.9997056126594543,2751,1
2751,2154,...。「那换我问一下，对小玲奈来说，恋人是什么样的人呢？」「唉？我吗？」「嗯，我想问你你觉得朋友与恋人有什么区别呢？」我掬起热水洗了脸。意思是，友情和恋情有什么区别吗？被真唯推倒后，我已经对这个问题想破了...,0.9997056126594543,2751,1
2751,2155,...都会一点一点地摸索。「我要讲的是我个人的意见。」「呵呵，我现在是在和小玲奈聊天呀。」「说、说得也是那个，最近呢，其实我开始觉得，友情和恋情并没有那么大的区别。」「没有那么大的区别？」「嗯。重要的是，自...,0.9997057318687439,2751,1
2751,2156,...自己的内心对话，将想法说出口。「我想要和朋友，建立一种无话不谈的关系。可是，就如紫阳花同学刚才所说的也有人把这种关系称为恋人，对吧？」我停顿了一下，笑了笑。「很不可思议吧？明明彼此都是在讲同一件事，却...,0.9997054934501648,2751,1
2751,2157,...说的就是，也许友情与恋情应该也有那种部分吧。就是，把两个圆叠在一起的时候，总会有一部分是重合的」我观察着紫阳花同学的反应，同时慌张地补充。「那、那个，在以前的恋爱游戏里面呢，如果要和某些角色成为恋人的...,0.9997051358222961,2751,1
2751,2158,...我非常憧憬真唯小圈子的每一个人，也想和大家变得更亲密所以，那个」用极快的语速滔滔不绝地说了一堆之后，我心虚地笑了笑。恋人只能有一个，朋友却可以有很多个。其实两者在这类细节还是有不少差别。「只要彼此认为...,0.999704897403717,2751,1
2751,2159,...情与恋情这两者其实没有那么明确的区别，应该算是模糊地带吧。」如果是分界线模糊不清的这种关系，我认为没有必要遵循常识或是别人的看法，只要决定一个双方都能接受的名字定义就好了。就像我和真唯的『玲真挚友』一...,0.999704897403717,2751,1
2751,2160,...特别的存在。浮现在脑海的真唯看到我和紫阳花同学一起泡温泉，对我露出了危险的笑容。真可怕。可恶，玲真挚友为什么会这么刺激着我的罪恶感啊我们明明是朋友，为什么这就是玲真挚友的诅咒吗！紫阳花同学缓缓将手伸过...,0.9997045397758484,2751,1
2751,2161,...「唉？」啊，啊啊，是说憧憬和亲密的那件事吧。「呃，嗯，那当然啦。紫阳花同学在我憧憬的人排行榜可是第一名喔，第一名！这点毋庸置疑呢！」「这样啊。」紫阳花同学柔软的掌心轻轻抚过我的手背。这种感觉痒痒的。而...,0.9997050166130066,2751,1
2751,2162,...紫阳花同学觉得呢？对于恋人和朋友的区别」我抛出话题之后，紫阳花同学似乎陷入了沉思。「我可能还不太清楚吧。」「这、这样啊？」「小玲奈真厉害呢，有许多事都能用自己的脑袋好好厘出头绪。我好尊敬你。」「崇、崇...,0.9997046589851379,2751,1
2751,2163,...问，紫阳花同学听了后露出柔和的微笑。「嗯。」唔感觉像是被躲避球击中了那般，一股强烈的冲击力顺着鼻子往后穿过去。果然不行啊。紫阳花同学捉弄我是可以，但我想捉弄紫阳花同学，还早了一百亿年呢！我们泡完温泉之...,0.9997045397758484,2751,1
2751,2164,...便发现房间正中央已经铺上了被褥，两套相邻。本以为已经泡完温泉就消化完基本事件了，没想到竟然还有这个虽说这种事情根本就是理所当然的，但我今晚要和紫阳花同学睡在同一个房间啊就算同样是女生，这种状况也是会紧...,0.9997045397758484,2751,1
2751,2165,...饰自己的紧张情绪也同样看着手机，浏览今天一天的话题。啊，妹妹传了讯息过来。『姊姊，你什么时候回家？』因为是家人，所以我很清楚，传这则讯息的用意绝不是在担心我。在日常生活中，妹妹基本上是不可能会来关心我...,0.9997040629386902,2751,1
2751,2166,...的时候，我有留言告诉妹妹要和紫阳花同学去旅行一趟，不用担心我。实际上，包括妹妹在内，全家人都没有因为担心而来问我怎么了。究竟是妹妹帮我巧妙地找了个借口，还是因为没有人在意我呢？就算是后者也无所谓啦！『...,0.9997041821479797,2751,1
2751,2167,...给我，肯定也是因为煮晚饭的时候少了一个人很伤脑筋，或是要我帮她买伴手礼之类的吧算了，是无所谓啦！『这里。』我把地址传给她后，就再也没传来回覆。看来妹妹已经完成任务了。「嗳。」唔哇吓我一跳。紫阳花同学的...,0.9997046589851379,2751,1
2751,2168,...学已经换好了睡衣，是类似长版连身裙的款式。而我则是t恤加上运动裤，两者连睡衣的时髦度都是截然不同。「差不多来睡觉吧？」柔和的香气弥漫在空气中。她明明跟我用同样的洗发精和护发乳，为什么会有这么香的味道呢...,0.9997043013572693,2751,1
2751,2169,...上充电器，上过厕所后，我便钻进了被窝。「我关灯啰～」「好～」紫阳花同学关上灯后，躺在我旁边的被窝。「晚安，小玲奈。」「晚、晚安。」唔我睡得着吗虽然今天起了个大早，身体应该已经累到不行了就是。仔细想想，...,0.9997043013572693,2751,1
2751,2170,...纱月同学睡过两次呢。话虽如此，不管第一次还是第二次都是情势所逼，根本没时间紧张。即使纸窗已经拉上，微弱的月光仍然从窗外透了进来，所以房间里面并非一片漆黑。隐约可以看见睡在旁边的紫阳花同学那天使般美丽的...,0.9997045397758484,2751,1
2751,2171,...惊）「那个，小玲奈。」「呃，嗯。」「你有喜欢的人吗？」「唉！？」紫阳花同学浅浅一笑。「我一直很想讲这种校外教学会聊的话题。」「喔喔，嗯，确实很像那种感觉。」「所以，是谁呢？」「唉！？」不是提问，而是追...,0.9997038245201111,2751,1
2751,2172,...」我心神不宁地动着脚，刚洗过的被单质地过于光滑，让人实在很难冷静下来。『我一定要让紫阳花同学开心，不会让她无聊的──』看来我原本的这股干劲已经先跟我道晚安了，现在只剩下最真实的我。那个只会把自己的想法...,0.9997043013572693,2751,1
2751,2173,...产生过恋爱的感情」「是吗？对谁都没有？」「应该没有吧。」像玩偶一样大的真唯『嗨』一声举起手向我打了招呼。我把缩小的真唯关进纸箱里面，再用胶带彻底封起来。我和你是朋友啦。呃，其他人国中、国小、幼稚园，我...,0.9997041821479797,2751,1
2751,2174,...和男生说过话，只有和特定的女生圈子混在一起，所以遭到朋友排挤的时候，才会一直没办法走出来，令我伤透了脑筋。「像国小的时候我们学校男生和女生好像都是各玩各的。」「那有在意的男生吗？」「嗯──应该没有吧啊...,0.9997033476829529,2751,1
2751,2175,...」「他是怎么样的人？」就算身处黑暗之中，紫阳花同学充满好奇心的双眼也好似在山洞发光的水晶那样闪闪动人。我犹豫了一会儿，还是决定老实告诉她。「平常总是在那边傻笑，讲一些轻浮的话，但到了关键时刻又很可靠，...,0.999703586101532,2751,1
2751,2176,...旦觉醒就变得乱强一把的，总是抢走别人的锋头但是，就算被强大的敌人打得遍体鳞伤，脸上也依然会挂着游刃有余的笑容。」「小玲奈。」「是。」「那是创作的角色吗？」听到紫阳花同学化身为神灯精灵阿基纳多（译注：《...,0.9997039437294006,2751,1
2751,2177,...符合条件的答案。）如此提问，我只好老实回答『是』。那是我当时疯狂迷恋的漫画角色。「这样啊，原来那就是我的初恋吗」「嗯～～」紫阳花同学发出沉吟，感觉像是想说『应该不是那样吧！』。不过，其他也没有了啊此时...,0.9997044205665588,2751,1
2751,2178,...把她从窗户扔了出去。当然了，我喜欢真唯。不过是作为朋友的那种喜欢。尽管她偶尔会让我小鹿乱撞，但纱月同学和紫阳花同学也同样会让我有这种感觉。心跳加速不代表坠入情网，毕竟我们又不会和马拉松或是鬼屋谈恋爱。...,0.9997045397758484,2751,1
2751,2179,...？」「我吗」紫阳花同学闻言，来回翻身。接着她背对着我『嗯～』地思考了一阵子后──「秘密。」「唉？真的有吗！？」「不知道。应该算是在意的人吧。」「哦──」芦谷的天使，紫阳花同学有在意的人这条独家新闻感觉...,0.9997044205665588,2751,1
2751,2180,...对方是我们学校的？」「嗯，是啊。」「唉唉──是谁？是谁啊？是谁？」我基于好奇心如此询问。会是哪个帅哥呢？我们班的男生也有很多长得帅的比如清水同学或是藤村同学，他们感觉也和紫阳花同学关系不错。「啊，之前...,0.9997039437294006,2751,1
2751,2181,...，因为是紫阳花同学说过的话，我可是记得一清二楚呢。你喜欢能让自己安心的人吧。」「呃，嗯──」或许是因为紫阳花同学听到这句话也害羞了起来，久久没有回答。月光被云层掩盖，房间里显得更加昏暗。不过，我也不想...,0.9997034668922424,2751,1
2751,2182,...机准备结束这个话题的时候──「我好像想到一个了。」紫阳花同学缓缓地说出了这句话。她的嗓音无比透彻，彷佛是紧紧抱着我的头说出来的。「想到什么？」「友情和恋情有哪里不同。」「喔喔，嗯。」是泡温泉的时候聊到...,0.9997029900550842,2751,1
2751,2183,...雪白的肌肤，隐藏在浴衣下的小蛮腰，还有胸部──用手触碰那对胸部的真实触感，这让我不由得脸颊发烫。不行不行，这样会睡不着的。然而，紫阳花同学接下来丢下的震撼发言也毫不逊色。友情和恋情的不同，就是──「是...,0.9997033476829529,2751,1
2751,2184,...观点──「──唉？唉唉！？」由于她讲话的语气和平常几乎没变，我差点就直接带过了。我从这边无从得知面向另一边的紫阳花同学脸上是什么表情。「吓、吓我一跳，原来，紫阳花同学也会说这种话啊。」「我平常也会和别...,0.9997041821479797,2751,1
2751,2185,...算讨厌吧。」「这样啊对、对不起，我好像反应太大了。」虽然真唯小圈子里不怎么会开黄腔，但班上其他同学倒是聊得很热烈。所以经常去别的圈子串门子的紫阳花同学大概也习以为常了吧「为什么小玲奈要道歉呢？」紫阳花...,0.9997047781944275,2751,1
2751,2186,...这样子，应该不是小玲奈最喜欢的天使吧？」「唉？不是，那是因为」我情急之下答不出来，讲话支支吾吾的。确实和我的印象不大一样，不过「可是呢，这就是我。我也有这样的一面。」「呃，嗯。」劲爆的话题接踵而来，我...,0.9997051358222961,2751,1
2751,2187,...喘息的机会。「小玲奈在面对朋友时，曾经有过那方面的想法吗？」呜唉！？「我、我吗！？该怎么说呢！这个问题很困难呢！」有没有过色色的想法老实说，是有过啦！明明我都还没有说出口，紫阳花同学却别具深意地笑了出...,0.9997050166130066,2751,1
2751,2188,...、不是啦！」虽然纱月同学也经常调侃我，但是这话由紫阳花同学说出口，羞耻度完全不是一个级别！我才不是下流的女人啦！呜呜，紫阳花同学背后的小恶魔翅膀都若隐若现了「如果再继续聊这么刺激的话题，小玲奈就会激动...,0.9997045397758484,2751,1
2751,2189,...眼神看朋友啦」「好～」紫阳花同学的回应彷佛余音绕梁那般，随后她慢慢翻了个身。此时我的眼中总算习惯了黑暗，明显看到她对我抛出媚眼。「即使有那样的想法，也不可以袭击我哦。」「唉！？」紫阳花同学将食指抵在唇...,0.9997044205665588,2751,1
2751,2190,...时趁虚而入的大野狼哦？」「──」在那道视线将我残存的理性彻底粉碎之前。「晚、晚安！」我盖上被子，大声喊道。我现在只希望在明天太阳升起之前，自己能设法失去意识。真受不了紫阳花同学，竟然捉弄我这个纯情的少...,0.9997040629386902,2751,1
2751,2191,...是的，都要笑出来了和玲奈子第一次交谈是在开学典礼的隔天，她把折叠伞借给了在车站避雨的我。我觉得她是个既开朗又积极的可爱女孩子。她在国中肯定也有不少朋友，因为升上了这种没有熟人的高中，想必是鼓起干劲要交...,0.9997037053108215,2751,1
2751,2192,...时也因为偶然变成了前后桌，借此和玲奈子成为了朋友。我觉得我们的感情算不错的。虽然可以聊天的对象很多，但升上高中后，玲奈子还是我第一个去朋友家里玩的对象。──她是否会觉得，我们是很特别的朋友呢？就好像国...,0.9997038245201111,2751,1
2751,2193,...对于现在还在追着周日播放的魔法少女系列的自己来说，不由得为此感到心动。然后，就是那个告白。『──因为紫阳花同学是我的天使，所以今后我也会一直最喜欢你的！』在那之后过了一段时间，现在我也完全明白了。玲奈...,0.9997033476829529,2751,1
2751,2194,...单纯地不想被误解，才倾吐出自己的一切真心而已。就算是这样，有好一阵子每当我看到玲奈子的脸，就会想起来她当时所说的话，不禁面红耳赤，心里也无法保持平静。（奇怪的孩子。）躺在被子里，紫阳花凝视着玲奈子的侧...,0.9997029900550842,2751,1
2751,2195,...有回到棉被里面，而是坐在了窗边的椅子上。（跟着我一起离家出走去旅行，不惜落泪也要坚持aa）因为我是用平常不会表现出来的强硬态度说自己要支付玲奈子的旅行费用，我本以为这样做她就会轻易让步。玲奈子很温柔，...,0.9997045397758484,2751,1
2751,2196,...来打算就算多少强硬一点也要让她接受自己的讲法。因为自己很狡猾，所以才想出了这样的计画。可是，玲奈子却轻易地超出了紫阳花的预测。难道，她不害怕用这种蛮不讲理的方式，会导致彼此关系恶化，气氛变紧张吗？即使...,0.9997045397758484,2751,1
2751,2197,...。紫阳花与各种人有着既广却浅的交流，已经看过这种状况好几次了。玲奈子的言行，从头到尾都十分危险，常常会让陪着她的我感到不安。（因为以前从来没看过这样的女生。）自己会考虑到周围关系的平衡，同时仔细观察别...,0.9997046589851379,2751,1
2751,2198,...然只有一点点，但有点羡慕她。（这次是碰巧顺利地解决了，所以算是好事碰巧）不，自己已经注意到了。玲奈子能做到这点并非偶然。想必她本人也不是确信一定能做到才去做的。尽管如此，玲奈子还是向着自己所期望的未来...,0.9997046589851379,2751,1
2751,2199,...样而已。与打从一开始就放弃，缩在盆栽里面的自己不同。完全不同。（说得，也是。所以小玲奈很厉害。愈是瞭解小玲奈，愈觉得自己敌不过她）我从睡衣上面按住了自己的胸口。被玲奈子触碰到的地方，感觉还有点麻麻的，...,0.9997037053108215,2751,1
2751,2200,...吸了口气。（为什么会涌起这样的心情呢？）紫阳花抬头仰望夜空。被云层所覆盖的朦胧月色，就好像自己现在的心一样，闪烁着模糊不清的光芒。如果你幸福的话，我也会幸福──就算我自己不会幸福也是一样。这种说法充满...,0.9997038245201111,2751,1
2751,2201,...像是在排解胸口的苦闷那般不断重复这句话，又引以为戒呢？（因为，如果那是事实的话我根本没有必要离家出走。我只要一直忍耐就好了。但是我为什么为什么）紫阳花想着很快就在自己身旁熟睡的重要朋友，同时小声地询问...,0.9997041821479797,2751,1
2751,2202,...低喃，无论是月亮，甚至是紫阳花自己，都没有答案。第三卷第三章想永远维持这样的关系，不行吗？我喜欢每一个人，如果大家幸福的话我也会幸福。如果这句话不是紫阳花同学，而是纱月同学说的，我会极其担心地说『纱月...,0.999703586101532,2751,1
2751,2203,...就待人温柔的紫阳花同学，我才会如此轻易相信。不过，那到底是什么样的心情呢？比方说，紫阳花同学捡到一块不属于任何人的宝石，如果有人想要的话，她也会一如既往地露出微笑说『请收下』，然后把宝石拱手让人吗？我...,0.9997047781944275,2751,1
2751,2204,...体我无法想像自己会为了他人而舍弃自己的幸福。这样子紫阳花同学真的会幸福吗？若是她有那么一丁点在勉强自己，我就想让紫阳花同学也能拥有属于自己的宝石。身为紫阳花同学的铁粉，如果紫阳花同学幸福的话，我也会幸...,0.999704897403717,2751,1
2751,2205,...有哪里不太一样我的想法没那么纯洁，对象也只限紫阳花同学一人基本上我的理由也只是出于私心因为只要紫阳花同学继续闪闪发亮，我的校园生活就会充满快乐，生活品质（qol）也随之爆增这一切都是为了自己甘织玲奈子...,0.9997047781944275,2751,1
2751,2206,...起床。她昨晚似乎很晚才睡着。我本来有些担心，但她对我说『不用在意～』，所以我现在是一个人厚着脸皮在餐厅吃早餐。早餐是面包、炒蛋、香肠还有一份小沙拉。旅馆的早餐给我一种特别的感觉，很美味。不过现在回想起...,0.9997045397758484,2751,1
2751,2207,...学说『我也会聊色色的话题，真的会聊喔，不如说我最喜欢聊这个了』之类的话天使乃神明的造物，是无需生殖的存在。所以那果然是梦吧是说，就算是做梦，也不该做这种有损紫阳花同学形象的梦吧？应该会被判处不敬之罪吧...,0.9997027516365051,2751,1
2751,2208,...紫阳花同学还在和被窝缠绵。为了避免吵醒她，还是去隔壁房间玩个游戏好了。我为了以防万一有偷偷把掌机带来放进背包，当我准备悄悄去拿的时候「小玲奈～」被窝里传来了含糊不清的声音。「啊，对不起，吵醒你了吗？」...,0.9997029900550842,2751,1
2751,2209,...手。那只手在空中动呀动的邀请着我过去。「？」我毫无防备地靠近后，下一瞬间──「哇、哇哇哇！？」棉被猛然像鲨鱼一样张开了大嘴，把我整个人盖了进去！视野瞬间被黑暗吞噬。唔哇，什么！？怎、怎么了？怎么了怎么...,0.9997031092643738,2751,1
2751,2210,...笑声。我被拉进被窝，发现紫阳花同学就躺在旁边注视着我。她的脸上浮现出天真无邪的微笑。「把小玲奈吃掉了。」「喔、喔呜呼。」我发出了从来没发出过的声音。就好像置身于秘密基地一样，我和紫阳花同学盖着棉被，凝...,0.9997037053108215,2751,1
2751,2211,...有她体温的毛毯之中（被紫阳花同学的体温温暖过的毛毯！？）。「什、什么？怎么了吗？」「我还想再多睡一会儿呢。」「是、是吗？咦？那我为什么会在这里？」「我想要小玲奈也一起睡嘛。」紫阳花同学眯起眼睛，像个婴...,0.9997044205665588,2751,1
2751,2212,...「嗯。」紫阳花同学露出温柔的微笑，然而那张笑脸看起来就像是无法区分善恶的幼儿。「我今天啊，总觉得好想把小玲奈耍得团团转呢。」「这是什么宣言！？」「玲奈子姊姊～～～」紫阳花同学把头不停往我的胸口蹭。「唉...,0.9997045397758484,2751,1
2751,2213,...是因为才刚睡醒，还是因为在外面旅行。再不然，就是一直被闷在家里之后的触底反弹。也或许全部都是。然而，我现在只感到困惑。怎、怎么回事？可爱是很可爱啦！这样的紫阳花同学也乱可爱一把的！我到底该怎么办才好？...,0.9997045397758484,2751,1
2751,2214,...受到那双深栗色的眼眸注视，我不由得屏住了呼吸。在那之后，她又像刚才那样抱了上来。「玲奈子姊姊～」「呃、那个紫阳花同学，好乖，好乖好乖」她不断摇着头，发丝也随着动作来回扫过我的鼻头。这种感觉怪痒的，不过...,0.9997044205665588,2751,1
2751,2215,...我呢，是玲奈子姊姊的妹妹喔。」「这样啊」那么，我家的那个妹妹就是假的了我就一直觉得很奇怪那家伙明明是我的妹妹却是个阳角，怎么想都不可能嘛。「所以呢，玲奈子姊姊会怎么叫我呢？」来了，第二届紫阳花猜谜大赛...,0.9997043013572693,2751,1
2751,2216,...紫阳花同学？」「噗噗──」紫阳花同学起嘴，露出了不满的表情。咿。的确，我也不会把妹妹称为『遥奈同学』。话虽如此，我又不可能直呼紫阳花同学的名字，这会让我魂飞魄散的。我鼓起勇气，战战兢兢地开口：「紫、紫...,0.9997038245201111,2751,1
2751,2217,...笑容。「玲奈子姊姊～～～～～」「咕呃。」她抱住我的力道比刚才更强，紧紧勒住了我的胸口。这个妹妹也太爱撒娇了！「紫、紫阳花妹妹？差不多该起床了喔～？」「唉──？我想和玲奈子姊姊在被窝里面再慵懒一会儿。」...,0.9997038245201111,2751,1
2751,2218,...！」紫阳花同学──更正，紫阳花妹妹环抱着我，表现出『我绝不会放你走』的气势。嘶──嘶──她安静的呼吸拂过我胸前的山谷，这种感觉好害羞。而且紫阳花同学的胸部本来就很丰满，刚睡醒的她又没穿胸罩，所以那个，...,0.9997033476829529,2751,1
2751,2219,...秒换算一下差不多是三年两个月喔。」「是这样啊紫阳花妹妹懂得真多呢。」「我厉害吗？厉～害～吗～？」「呃，嗯很厉害很厉害」「唉嘿～」紫阳花同学用全身抱紧我，露出了呆呆的笑容。从姊姊的职责中解放出来后，紫阳...,0.9997037053108215,2751,1
2751,2220,...配合她了为了紫阳花同学，就算留下一点丢人的回忆也无所谓。反正昨天也一起洗过澡了。「呃紫阳花妹妹，你今天要做什么？」「嗯──我想和玲奈子姊姊待在一起，放空一整天～」「不想去哪里玩吗？」「不想～今天的紫阳...,0.9997037053108215,2751,1
2751,2221,...后，彷佛退回到了幼儿时期。「懒惰啊。」「我不要一早起来就得叫小鬼头们起床，帮忙他们换衣服，还有准备早餐，也不想一大早就得花时间把散落一地的乐高积木一块一块收拾干净」「呃，嗯。」有那么一瞬间，我好像在她...,0.9997038245201111,2751,1
2751,2222,...同学还是个小女孩，不会有黑暗面的。在追着离家出走的紫阳花同学之前，我内心其实期待与担忧参半，想说这趟旅行或许能看到紫阳花同学各种不同的面貌但我做梦也没想到紫阳花同学竟然成了我的妹妹！「玲奈子姊姊～」我...,0.9997040629386902,2751,1
2751,2223,...毫无防备的声音唤着我，抱了过来。紫阳花同学的身体每个地方都很柔软，摸起来非常舒服好奇怪啊，这是什么感觉有、有一种愈来愈色情的感觉？不对不对，我不可能会对紫阳花同学有这种想法！紫阳花同学是我的朋友！是天...,0.999703586101532,2751,1
2751,2224,...那家伙揍一顿！「姊姊」紫阳花同学在我耳边发出撒娇的声音（咿！），眼眸之中晃荡着难为情的神色。「这样子果然太勉强了，对吧」紫阳花同学满脸通红。──不要突然回神啊！「啊！不、不会！没有那种事！」紫阳花同学...,0.9997039437294006,2751,1
2751,2225,...来以为可以靠着一股气势演下去的还是不行呢，我已经高一了身高有158公分再怎么说也不能像弟弟们那样撒娇吧」都怪我的态度不干不脆，让紫阳花同学蒙羞了！事到如今，我也只能硬着头皮上了！「没有那回事喔！来～好...,0.999703586101532,2751,1
2751,2226,...就这样来回抚摸着她。如果用我的羞耻能治愈紫阳花同学的话，我也死而无憾。我的母性啊，觉醒吧！「真可爱呢！紫阳花妹妹好可爱哦！今年几岁了呢！」「十五岁了」「这样啊这样啊，五岁了啊！可以自己把岁数说出来，真...,0.9997034668922424,2751,1
2751,2227,...的小孩！」我像撸猫一样疼爱她，紫阳花同学不禁羞得呜呜叫，但最后还是接受了。像这种事情呢，先恢复理智的人就输了。虽然我也不是很懂。「好了，来和姊姊一起玩吧，紫阳花妹妹。啊，要看影片吗？想看什么？要不要看...,0.9997038245201111,2751,1
2751,2228,...吗？就是一直看着柴火燃烧的影片喔。看了心情会平静下来呢。」我从被窝里伸出一只手，把手机拿给她看，紫阳花同学便歪着头看着萤幕。这样啊。原来还有人没看过每当我想放空自己的时候就经常会看耶不过，这下伤脑筋了...,0.999703586101532,2751,1
2751,2229,...！没错，朋友纱月同学交给我的话题存量还有两个之多。就算现在要把它们全部用光，我也不会有任何犹豫。因为我毫无保留地信任着纱月同学挑选话题的品味。呃，我看看喔。第三个文字档案是『第一次是什么时候？』「琴纱...,0.9997037053108215,2751,1
2751,2230,...同学吓了一跳。眼见紫阳花同学用袖口捂住嘴，我连忙挥了挥手，告诉她没事没事。「是因为纱月同学传给我奇怪的讯息而已啦。」「什么样的讯息～？」「就是，呃，那个。对五岁的紫阳花妹妹来说还太早了！」「呼喵。」切...,0.9997040629386902,2751,1
2751,2231,...样的她也是出奇地可爱。要问这样的女孩『哈、哈呵呵呵你、你的第一次是什么时候？』？我揍你喔琴纱月。真是的，就是因为会突然混进这种问题，对纱月同学真的是一点也不能掉以轻心。不过她要是以为『甘织喜欢这种话题...,0.9997037053108215,2751,1
2751,2232,...说，紫阳花同学怎么可能有这方面的经验。不可能不可能。她才五岁耶。怎么可能有呢，应该吧？唉？我开始不安起来了。「那个，紫阳花妹妹。」「什么事～？」眼见这位女孩对我投以纯真的眼神，我对她露出开朗的笑容。「...,0.9997043013572693,2751,1
2751,2233,...～！」我才不会问呢！我像是要蒙混刚才的话题那样笑了笑，将手机画面藏在紫阳花同学看不到的角度，偷偷瞄了一眼。毕竟有可能会刷到对五岁儿童太过刺激的图片。躺在我身旁的这个小女孩用手机看着猫咪的影片，笑咪咪地...,0.999703586101532,2751,1
2751,2234,...一能以10：0战胜猫咪的逸才啊。我在推特上浏览着cosplay的图片。我平常只是偶尔会看别人的转推，从来没有自己搜寻过，突然发现cosplay的服装真的很讲究。那身衣服都是自制的吧？啊，不过紫阳花同学...,0.9997032284736633,2751,1
2751,2235,...莫名可爱的女孩子映入眼帘。帐号的名称是nagipo＠jklayer，这个女孩子有张娃娃脸、圆润的大眼睛，简直就像真的从创作的世界中跑出来的一样，追踪人数也非常多。点进个人主页一看，最新的一则推文是二十...,0.9997007846832275,2751,1
2751,2236,...女，但穿着极为暴露。唔哇，这女孩也是个大美女太色了呃？我皱起眉头。这则推文中写着『和朋友小月的合照！cos的是creminage』。呃，这个。这不是纱月同学吗？等一下。也就是说，旁边的nagipo小姐...,0.9997015595436096,2751,1
2751,2237,...要被杀了！「哇！玲、玲奈子姊姊？」「抱歉吓到你了。是纱月同学打来的电话！我去接一下！」我离开被窝移动到窗边，遮起嘴角偷偷摸摸地接起了电话。「你、你好？」『──看见了？』好可怕。这家伙是妖怪吗？「不，呃...,0.9997013211250305,2751,1
2751,2238,...啊。』话说，这是怎样？纱月同学在哪里监视我吗？这已经不是用我太好懂这种理由就可以解释的境界了吧？根本是心电感应啊。『我想你应该懂吧。』「如果说出去的话？」『我会不择手段。连你的家人也不会放过的。』「这...,0.9996993541717529,2751,1
2751,2239,...。「不、不要紧啦！纱月同学穿起来非常适合！」『』「对、对不起。」这股无言的压力太强，我只能先道歉。「那个，既然你那么不情愿，为什么还要cosplay呢？」『因为就是那样的契约。』「契约？魔法少女那种？...,0.999693751335144,2751,1
2751,2240,...记得封锁nagipo＠jklayer的帐号，就这样。』嘟──嘟──只说完重点，她就立刻挂断了电话。是因为签订了契约所以才cosplay，这到底是怎么回事？完全搞不懂。她叫我封锁那个帐号，所以我没有按追...,0.9997026324272156,2751,1
2751,2241,...好了。然而，当时的我根本没料到，这竟会成为一场巨大悲剧的开端──（待续）我拿起手机，仔细端详着纱月同学的cosplay照片，就这样看了一会儿后，被我晾在一旁的五岁儿童『唉～唉～』地叫了起来。「玲奈子姊...,0.999703586101532,2751,1
2751,2242,...抱住我。也太多肌肤接触了吧会让我心跳加速啊「你和小纱月说了什么？」「啊，没有，也不是什么大事啦。」我如此回答，毕竟我也只能这样说。要是让她看到纱月同学cosplay的照片，我的家人就会惨遭毒手。「唔～...,0.9997041821479797,2751,1
2751,2243,...是、是啊？」紫阳花同学用那双倾诉的眼睛抬头注视着我。不，那个，别用那种眼神看着我！会让我很为难啊！「是吗是秘密啊和小纱月之间的，两个人的秘密」「因、因为我的家人被当成了人质！」「没关系。」紫阳花同学转...,0.9997046589851379,2751,1
2751,2244,...片。这股罪恶感超强烈的！「那个，听我说！不是这样的！我和纱月同学不是那种关系！」「小猫咪真可爱，喵～喵～」「啊，没在听，你在假装没听见吧！你这个孩子不听姊姊的话！坏孩子──！」紫阳花同学稍微转向这边，...,0.9997046589851379,2751,1
2751,2245,...类有史以来最乖的孩子！从400万年前到现在都没有存在过任何一个比你更乖的孩子！」紫阳花同学抱着膝盖，把身子缩得更小。「但是，玲奈子姊姊把小纱月看得比我重要吧。」「没有这种事！」「就连她和小真唯吵架的时...,0.9997040629386902,2751,1
2751,2246,...气氛，不负责任地大喊『紫阳花同学比纱月同学重要！』比较好吗？不过，事实上又是怎么样？纱月同学和紫阳花同学？不，两边当然都很重要啊啊！「我，那个，呃」「」和刚才不同，紫阳花同学感觉上──并不是要刻意让我...,0.9997040629386902,2751,1
2751,2247,...不愿承认的事实。紫阳花同学平常就一直在维持『濑名紫阳花』这个被人强加上去的形象，现在她垂下眼帘，嘴唇微动。「在玲奈子姊姊心里我不是第一吗？」「我、我──」第一是指什么？是什么的第一？朋友？还是说──不...,0.9997044205665588,2751,1
2751,2248,...理，而是想要自己被视为第一优先的安心感。这是一种百分百的认同渴望。紫阳花同学平常明明深受所有人喜爱，受到众人的依赖，但现在却露出这副脆弱的模样，我的心忍不住揪了起来。如果像我这种人所说的话就能让她重新...,0.9997040629386902,2751,1
2751,2249,...所谓。虽然我想这么做「玲奈子姊姊，抱我。」「呃，嗯」我将张开双手的紫阳花同学紧紧拥入怀中。她的嘴唇擦过我脸颊，让我双颊顿时发烫。可是，我不懂。怎么样才算是第一？假如纱月同学和紫阳花同学同时向我求助，我...,0.9997041821479797,2751,1
2751,2250,...，我应该──会向朋友感觉比较少的纱月同学伸出手吧。因为紫阳花同学一定还有其他朋友会来救她的。既然我会这样想，那我要是还跟她说『我当然是把紫阳花同学摆在第一！』就是骗人的了感受着紫阳花同学的体温，我渐渐...,0.9997040629386902,2751,1
2751,2251,...「紫阳花同学。」就在我们为了确认彼此的存在而呼唤对方的名字后。门外传来了咚咚、咚咚的敲门声。啊「是来叠好被子的吗？」「嗯。」「紫阳花妹妹还想再慵懒地躺一会儿对吧？我先去回绝阿姨，你等我一下哦。」随后，...,0.9997034668922424,2751,1
2751,2252,...说了些奇怪的话，对不起谢谢你对我这么温柔。」「呃，嗯。」「我会当个好孩子等你回来的。」紫阳花同学说完，绽放出可爱的微笑。那微笑实在教人爱怜，我相信不管是谁看了都会喜欢上她，无一例外可是。不知为何，我从...,0.9997032284736633,2751,1
2751,2253,...道该怎么办了我什么都做不了一股无力感不禁涌上心头。我缓缓起身，走向不断传来敲门声的门口。「来了那个，不好意思，其实房间还不需要──」我喀嚓一声将门打开。站在门口的并非旅馆的工作人员──「嗨。」我感觉好...,0.9997023940086365,2751,1
2751,2254,...。将金色的长发扎在背后，即使讲得保守一点，也只会以绝世美少女来形容。那曼妙的身材完美得让人不禁感慨『啊，原来神明是想把人类塑造成这样啊』。不管怎么样，至少这样的人是不可能在这一带的旅馆里突然巧遇的。─...,0.9997028708457947,2751,1
2751,2255,...见过！」「真的吗？不过我曾经以『世间独一无二』这个标语作为卖点呢。」「就是你啦！我见过的就是你！」我用力地指着真唯。不知道真唯是觉得哪里有趣了，哈哈哈大笑起来。「哎呀，竟然瞒着我跑出来旅行，真是无情呢...,0.9997028708457947,2751,1
2751,2256,...及阻止，王冢真唯就已经踏入了房间。糟糕，因为里面有──躺在棉被里面，睡眼惺忪的紫阳花同学啊。「玲奈子姊姊～？快点嘛，赶快回到被窝里面，再来抱抱我嘛，好嘛，抱抱我。」五岁的儿童发出过于惹人怜爱的声音。「...,0.9997032284736633,2751,1
2751,2257,...的紫阳花同学视线交错。下一刻──「哇啊啊啊啊啊啊啊啊啊啊啊啊啊啊啊啊啊啊啊啊啊啊啊啊啊啊！」紫阳花同学发出了我从未听过的尖叫。「所以。」我环起双手，目不转睛地盯着真唯。「你是来做什么的！？」「就是突然...,0.9997037053108215,2751,1
2751,2258,...就算是微服出巡，也不可能来住这种荒凉的小旅馆吧！对不起我不小心就说这里荒凉了！」真唯盘腿坐在榻榻米椅上，手里拿着一杯刚才自己泡好的茶，露出莞尔的笑容说道：「哎呀，你一点也没变，真是太好了。突然听说你和...,0.9997034668922424,2751,1
2751,2259,...了假，所以就追过来了。」「啊，啊啊啊！」谜题解开了！昨晚妹妹发的那则讯息原来是因为真唯在问吗？那个势利眼的女人！「没想到亲人当中竟然会混了一个间谍」「遥奈是一个懂礼貌又可爱的后辈。她似乎已经完全把我视...,0.9997043013572693,2751,1
2751,2260,...，就说我不会和真唯结婚了昨天晚上我和紫阳花同学一起度过了一个超级感动的夜晚，现在彷佛已经成了遥远的过去。这就是把一切都抹上自己色彩的王冢世界，所谓的王者之力。另一方面，紫阳花同学在收拾好被褥后，装作一...,0.9997038245201111,2751,1
2751,2261,...朵整个红通通的验证了『耻』字果然其来有自！「嗨，紫阳花。我们这次好像是在暑假第一次见面吧。最近过得如何？」「普、普通吧」「这样啊。话说，刚才那声『姊姊』是怎么回事呢？」「那、那个是！没、没什么特别的意...,0.9997041821479797,2751,1
2751,2262,...时候还有来这附近玩过呢！」紫阳花同学的脸蛋红得像颗熟透了的苹果一样，我只好硬是岔开话题。真唯也顺势接了我的话。「这样啊。这里的生活节奏悠闲，是个不错的小镇呢。你对这一带很熟吗？」「呃，嗯。还可以」「既...,0.9997043013572693,2751,1
2751,2263,...陌生的小镇闲逛。不过，还是要看你方不方便。」「她、她这么说！怎么样呢，紫阳花同学！」「呃，嗯，说得也是！就这么办吧！？」紫阳花同学啪一声拍了手，在流出大量汗水的同时，脸上露出了自暴自弃的笑容。呼，太好...,0.9997047781944275,2751,1
2751,2264,...同学的心灵差点要被彻底粉碎了「啊，当然了，我不会勉强你的。每个人都有自己享受假期的方式。假如你不去呢，对了，我就拉着玲奈子一起逛吧。好吗，玲奈子姊姊？」「住口！别说了！」我不假思索地大喊。随后便发现紫...,0.9997046589851379,2751,1
2751,2265,...去是想怎么样啊？怎么？是因为我和紫阳花同学两个人一起出门旅行，所以才故意对我坏心眼吗？这是在刁难我吗？坏心眼的人好讨厌。真的很坏耶。我狠狠地瞪了真唯一眼，真唯立刻露出尴尬的表情。「不，抱歉。我只是因为...,0.9997046589851379,2751,1
2751,2266,...较忙，你们很难联络我，这部分是我自己的问题」「呃，嗯，我才应该道歉，对不起哦，小真唯。」「不，紫阳花不需要道歉。这只是我的内心还不够成熟罢了。」真唯显得有些沮丧。但是这种坦率的态度正是真唯的美德。老实...,0.9997046589851379,2751,1
2751,2267,...会觉得不知所措所以她的反应也是情有可原，就原谅她吧。「是说，其实紫阳花同学本来是打算一个人出来旅行的，我只是厚着脸皮跟了过来就立场上来说，我和真唯其实是一样的」「是这样吗？既然如此，那个，我可以郑重地...,0.9997047781944275,2751,1
2751,2268,...终于露出开心的笑容，真唯的表情也变得灿烂。在紫阳花同学的面前，任谁都会是受天使救赎的人类，就算是真唯也不例外。真唯见事情已经敲定，便挺起身子。「那事不宜迟，我们快点准备一下吧。其实呢，我订了隔壁的套房...,0.9997047781944275,2751,1
2751,2269,...「在哪就是这里啊。」「嗯？」真唯露出亲切的笑容歪了歪头。「这个房间是紫阳花的吧？」「因为我们两个住在一起啊。那边不是还放着两套被褥吗？」这句话的言下之意就是『看就知道了吧』，但真唯听完却僵住了。「你和...,0.999704897403717,2751,1
2751,2270,...！？「太不检点了吧！？」「哪有！？」「你居然和同性的女孩子在同一个房间过夜！」「你在说什么啦！？」完全搞不懂她的意思！「你还真的是，受不了居然和每个人都这样！」「又不是每个人！我只有跟纱月同学和紫阳花...,0.9997045397758484,2751,1
2751,2271,...！？为什么紫阳花同学也加入了战局！？和朋友一起过夜不是很普通吗不对，确实不太普通。没错，会觉得一起过夜这种事很『普通』，代表现在的我已经成长到不同的高度了。就这层意义上来说，我的确称得上是罪孽深重呵呵...,0.9997047781944275,2751,1
2751,2272,...班长那样，把手放在胸前，毅然决然地宣布。「好吧。我今天也要在这个房间睡。」「你刚刚不是才说自己订了隔壁的房间吗！？」「为什么只排挤我！？是因为我太美了，怕闪瞎了双眼吗！？」「因为住宿条款里就是这么规定...,0.9997041821479797,2751,1
2751,2273,...你看你看，害紫阳花同学都愣在一旁了！「嗳，嗳，紫阳花同学也说说真唯嘛！」我这样说完，一直在旁边看着我们对话的紫阳花同学好像突然会意到什么。「唉？『真唯』？」「啊。」对啊，我平常应该是叫真唯『王冢同学』...,0.9997043013572693,2751,1
2751,2274,...了。「啊，这是因为，呃，那个！」我愈是着急，就愈是说不出话。「我们现在处于一种叫做玲真挚友的关系。」「玲真挚友？」「没、没错。那个，就是，发生了很多事，嗯，很多事！」我完全不晓得该用什么样的顺序公开什...,0.9997044205665588,2751,1
2751,2275,...，也不可能告诉她我和真唯有一段时间是恋人的关系。话虽如此，我也不想对紫阳花同学撒谎！走投无路了！救救我真唯a梦！「简单来说呢，我们因为发生了一些事情，关系变得更亲密了但是你也知道，玲奈子很容易害羞对吧...,0.9997050166130066,2751,1
2751,2276,...续叫我『王冢同学』。」真唯用简洁明瞭的说明解释了原因。啊，原来这样就可以了！？紫阳花同学慢慢地厘清刚才那番话的意思。「呃，原、原来是这样啊。因为小玲奈突然叫了小真唯的名字，不小心吓了我一跳。」看起来她...,0.9997050166130066,2751,1
2751,2277,...？要不要借着这个机会，以后在学校里也直接叫我真唯吧。」「不行啦！这样周围看我的视线会很可怕的！」「是吗？我倒是觉得没有人会在意啊。」「紫阳花同学觉得怎么样！？」「呃不过，也对。确实是需要一点勇气吧？」...,0.9997047781944275,2751,1
2751,2278,...花同学的手。随后，紫阳花同学有些犹豫地说道：「真、真唯。」「嗯，紫阳花。」紫阳花同学听到后，一下子就变得面红耳赤。「这、这样果然很害羞呢。而且，小真唯给我的感觉就是『小真唯』。」「是吗？」「嗯，很有女...,0.9997047781944275,2751,1
2751,2279,...「这样的话，以后我也叫你小紫阳花吧。」「这、这样也有点难为情呢。」她们两人像是一对正在确认婚礼会场的情侣，在一片融洽的气氛中相视而笑。真紫派，你们看到了吗？此时此刻，有两位美少女正在举办婚宴喔。我成为...,0.9997041821479797,2751,1
2751,2280,...。「那么，我们就一起去玩吧。」在门口看到真唯不请自来的时候，我还想说事情会变成什么样子，但转眼间这里又变回了熟悉的和睦小圈子。所以说，真唯这家伙真的很了不起呢。「嗯。」「好～」要是我整天都和紫阳花同学...,0.999703586101532,2751,1
2751,2281,...怎么说话，所以这样也好。于是，离家出走之旅的第二天，我们离开旅馆，到镇上随便逛逛。这座沿海小镇与山上的距离也非常近，镇上到处都是坡道，其中还有根本就是登山道路的陡坡，走在路上就像在进行什么体育运动。稍...,0.9997031092643738,2751,1
2751,2282,...大声高呼。也许当地居民早已习惯这样的风景，但是对我来说却是新奇又开心的体验。紫阳花同学走在前头，旁边是真唯，而我走在两人身后。我们这个小圈子一起外出的时候，我常常以并排走在一起会造成其他人的困扰为由，...,0.9997027516365051,2751,1
2751,2283,...真的是几乎什么都没有喔。」「是吗？」「嗯。我只有在寒暑假期间偶尔会来玩。因为我在这里也没有朋友，每天都无所事事，所以只好四处闲晃了～」今天的阳光没有那么强，但真唯依然撑着缀有白色蕾丝的阳伞，彷佛像是出...,0.9997041821479797,2751,1
2751,2284,...人士的美感，实在很帅气。「那时我弟弟才刚出生，爸妈每天都忙得昏天暗地，所以就把我丢到这里了。」「原来如此。那么这里就相当于你的第二故乡吧。」「呵呵，可以这么说。对不起哦，小真唯、小玲奈，还让你们陪我故...,0.999704897403717,2751,1
2751,2285,...回过头，我急忙用力摇头。真唯则是露出了从容的微笑。「别这么说。我一直想做这种事，难得可以和同学加深友谊，这种时间反而奢侈。」我用拙劣的回应附和，真唯则是自然地就说出了听着就舒服的话，缓和了现场气氛。不...,0.9997047781944275,2751,1
2751,2286,...心感便截然不同。说起来，要是只有我和紫阳花同学两个人，大概会一整天都缩在被窝里面，不会想到要出门去哪里走走吧。虽然让人非常放心但总觉得很不爽啊！？「所以，我们现在要去哪里呢？」「呵呵，这个嘛，会是哪里...,0.9997043013572693,2751,1
2751,2287,...地方。」「这个嘛，是美术馆吗？」小学生拿着为数不多的零用钱参观美术馆，根本是伟大画家的轶事中会出现的桥段吧「呵呵，小玲奈呢？」「那个──那个──是、是游乐中心吧！」因为我想认真猜中正确答案，所以选了一...,0.9997040629386902,2751,1
2751,2288,...完我们的答案，紫阳花同学腼腆地说了一句『差一点～』。啊，好可爱。「再过一会儿就到了。」「游乐中心算差一点啊。那么会是什么呢？游乐园吗？」「该不会台场购物广场当时是盖在这附近！？」「不要把等级想得太高啦...,0.9997031092643738,2751,1
2751,2289,...，转眼间就来到了目的地。「就、就是这里。」那间店位在道路的一旁。有些年代的招牌显得锈迹斑斑，其下方的店门口摆着几台扭蛋机，狭窄的店内则陈列着各式商品，这些商品的种类比便利商店还要五花八门。我惊讶地大喊...,0.9997037053108215,2751,1
2751,2290,...第一次见到实物。之前只在漫画和动画里看过。在我老家那边，小学生要买零食的话基本上都是去便利商店和大型超市。好厉害。「幸好这里还没倒闭呢。」紫阳花同学松了口气。「唔哇──好厉害，正牌的粗点心店耶～来拍个...,0.9997033476829529,2751,1
2751,2291,...身后，露出满意的微笑看向真唯。「怎么样？时髦又优雅的小真唯，应该不知道什么是粗点心店吧？」「呵。」真唯露出了自信的微笑。「很遗憾，紫阳花。我有纱月这个儿时玩伴。所有不需要花钱的娱乐，她大概都教过我一遍...,0.9997032284736633,2751,1
2751,2292,...同学瞪大了双眼。「怎么会，你给人的感觉明明就是吃汉堡的时候会讲说『这个没有刀叉，到底该怎么吃呢？』的那种人！」眼见紫阳花同学惊讶，我也顺着接话。顺带一提，我和真唯在放学后一起去过汉堡店，她知道该怎么吃...,0.9997040629386902,2751,1
2751,2293,...就是为了只用100圆高效率地享受放学后的宴会，该如何挑选粗点心的最佳方法。我当时最喜欢吃的是薯条。」「小真唯好厉害！」虽然我一个人被晾在了一旁，但真唯和紫阳花同学看起来很开心就ok了。「好吧，我知道了...,0.9997041821479797,2751,1
2751,2294,...那我们就来比一比，谁能用100圆完成最棒的套餐吧。」「哦？我接受你的挑战。输赢就由玲奈子来判定吧？」「唉唉？」「嗯。究极vs至高的粗点心之战，正式开幕！」两人之间擦出了愉快的火花。姑且不论真唯，紫阳花...,0.9997047781944275,2751,1
2751,2295,...感觉连纱月同学也会参加这种比赛，说不定阳角都是天生就很会炒热气氛的生物。那么，既然甘织玲奈子已经改头换面成为了阳角，自然也必须学习她们的态度才行。不可以说什么『哎呀，我对粗点心不是很瞭解』。很好。我假...,0.9997047781944275,2751,1
2751,2296,...头，我对零食可是很挑剔的。就算闭上眼睛，我也有八成的把握知道嘴里的洋芋片是淡盐味还是清汤口味。」「我应该也可以啊！？」我又被紫阳花同学吐槽了。全身都有种幸福的感觉接着，我也跟在她们俩后面走进了店里。店...,0.9997039437294006,2751,1
2751,2297,...爱。彷佛是小人国的零食工厂。虽说给人的感觉类似超市里的廉价零食区，但相较之下，我好像莫名有种怀念的感觉？这是种深植在dna里面的怀念吗？紫阳花同学提着一个小篮子说着「哇──我以前常吃这个呢。」开心地在...,0.9997037053108215,2751,1
2751,2298,...品的时候还是去逛杂货店的时候，表情都和现在逛粗点心店的时候一样呢。」「唉唉？这样子很奇怪吗？」紫阳花同学摸了摸自己的脸颊，我连忙摇头否定。「不是啦，呃，就是很有紫阳花同学的风格，加了不少好感度」「加分...,0.9997038245201111,2751,1
2751,2299,...势，充分表达出她内心的喜悦。这么可爱的存在来到粗点心店挑选小零食，实在是可爱到爆了。「该怎么说呢，我很喜欢从许多商品里面仔细挑选东西的感觉呢～会看得眼花撩乱，让人觉得很奢侈呢。」「哦，紫阳花同学，这个...,0.9997037053108215,2751,1
2751,2300,...买这边每颗25圆的巧克力，这样可以省下钱买其他的东西，品尝到各种口味喔～」「原来如此，不愧是紫阳花前辈！」另一边，真唯的表情就像是在做股票交易一样，仔细打量每一件商品。我本以为她在严格挑选最棒的菜单，...,0.999704897403717,2751,1
2751,2301,...子都只是在挑自己想吃的东西吗！？不过，真是不可思议。如果我一个人在粗点心店闲逛，自己大概会想『唔哇都高中生了还吃这个真难为情啊』觉得很介意。但现在和紫阳花同学与真唯在一起，我却觉得『三个高中生一起逛粗...,0.9997050166130066,2751,1
2751,2302,...这是因为她们品格高尚的关系吗毕竟只要有这两人在，无论到哪都像是连续剧的拍摄现场。我从旁边向在店里选购的真唯搭话。「真唯，你平常都吃什么样的零食？」是说，这个人在家会吃零食吗？在我的印象中真唯不怎么吃零...,0.9997047781944275,2751,1
2751,2303,...，炸猪排饼干吧。」「就是你手上现在拿的那个吧！？」如果真唯每天都在她家那个客厅吃着炸猪排饼干，我要是看到肯定会吓死的。不对，说不定还挺适合的？一只手握着弹珠汽水，另一只手拿粗点心起来吃。感觉真唯也会有...,0.9997041821479797,2751,1
2751,2304,...是送到家里的点心。」「点心还有到府宅配的！？巧克力派也会送吗！？」「里面没巧克力派喔。因为工作上的关系，有时候我会收到各大名店的热门甜点。尽管我也很想全部吃掉，但实在吃不了那么多，所以会拜托佣人把快过...,0.9997044205665588,2751,1
2751,2305,...涌起一种罪恶感，没办法毫无顾虑地购买点心。所以这个企画让我非常乐在其中，呵呵呵。」真唯眯起眼睛，开心地笑着。难道紫阳花同学就是看出了这一点，才会提出要进行粗点心对决吗？我不知道。但至少紫阳花同学不是纱...,0.9997044205665588,2751,1
2751,2306,...品尝到败北的滋味。真唯和紫阳花同学的关系真的是个谜。她们实际上是怎么看待彼此的呢？看在旁人眼里，她们就像长年生活在一起的同性伴侣，美如一幅画。就在我胡思乱想的时候，真唯和紫阳花同学已经完成了菜单。我们...,0.9997046589851379,2751,1
2751,2307,...好摆着一张合适的长椅，我们三人像晒太阳的猫一样并排坐了下来。「那么，小玲奈。这些就是我选的粗点心喔。」紫阳花同学立刻打开塑胶袋，放在里面的粗点心有三种。「这是棉花软糖、洋芋片，还有吃进嘴里就会劈里啪啦...,0.9997040629386902,2751,1
2751,2308,...学的风格。（？）「有甜的有咸的，另外再加上刺激性的甜味，我的作战计画就是把小玲奈变成粗点心的俘虏。」在我旁边的紫阳花同学自信地扬起嘴角。这是很稀有的表情。不过我很不认真，比起紫阳花同学费尽心思策划的菜...,0.9997044205665588,2751,1
2751,2309,...中走出来，甚至能露出得意的表情而感动。太好了，紫阳花同学，太好了这样我扮姊姊也有价值了。真的有吗？这时，真唯「哎呀」了一声，好像觉得很意外。「原来如此，也有这种状况啊。」「嗯？」「什么什么？」「你们看...,0.9997043013572693,2751,1
2751,2310,...水小零嘴和用竹匙吃的那种类似优格的小点心，再加上棉花软糖和薯条。真唯和紫阳花同学顿时与彼此对视。然后，她们不约而同地笑了起来。「撞到了。」「是啊。」受她们影响，我也跟着笑了。我们莫名被戳中笑穴，在粗点...,0.9997045397758484,2751,1
2751,2311,...「唉──」真唯叹了口大气。「这样也没办法了，只好以平手收场了吧。」「嗯～真可惜，我还以为这次可以赢过小真唯呢。」哎呀。「我一直以为紫阳花和这种想法无缘呢。」我也点了点头。尽管我们在温泉旅馆进行了桌球对...,0.9997047781944275,2751,1
2751,2312,...与纷争最无缘的人。「唉～？我也是会有很生气的时候喔～？」有时会突然发脾气，还曾经退化成五岁儿童的紫阳花同学说「比如说～」想举个例子，却突然僵住了。她缓缓移开了视线，双颊泛红。「比方说秘密。」「唔，真教...,0.9997041821479797,2751,1
2751,2313,...产生兴趣，这一点在面对纱月同学时表现得特别明显。她现在也打算对紫阳花同学打破沙锅问到底。然而，紫阳花同学却坚持说「不──行──」，完全不肯松口。因为紫阳花同学也相当固执，她们两人处于平行线。但是气氛却...,0.9997039437294006,2751,1
2751,2314,...闹。正因为是真唯和紫阳花同学在这样做，所以实在是幸福得不得了。我们三个人要一辈子一起生活喔。但是，正当我感到心满意足的时候从旁边传来了「哎呀哎呀。」的声音，我不禁转向那边。一个体态文雅的大叔正一脸惊讶...,0.9997040629386902,2751,1
2751,2315,...来也不像是搭讪正当我准备起身时，大叔这样询问。「你该不会是紫阳花妹妹吧？」「咦？」紫阳花同学虽然吃了一惊，但好像立刻注意到了。「啊，难道是铃木叔叔？」据说对方是紫阳花同学以前来这一带玩的时候经常会聊天...,0.9997029900550842,2751,1
2751,2316,...』『叔叔才是，好久不见了～』。由于紫阳花同学是和我不认识的人对话，所以我只是在一旁低头哈腰。他们两人开心地聊着以前的回忆。「铃木叔叔在经营一间照相馆，这附近的小孩过七五三（译注：日本特有的节日，会穿正...,0.9997039437294006,2751,1
2751,2317,...候都是请铃木叔叔帮忙拍照的。」「只要是拍过的孩子我都记得。而且紫阳花妹妹是其中最为漂亮的美女呢。这边这两位是你的朋友吗？大家都非常漂亮呢。」「嘿嘿」我刚摆出讨好别人的笑容，却突然转了个话题。我们变成要...,0.9997037053108215,2751,1
2751,2318,...照片』，而真唯也赞同地表示『是啊，感觉很有趣』的话，那也没办法「啊，不过，小玲奈没问题吗」「唉！？当然没问题了！走吧走吧！肯定要走的啦！」就算是我，也不会因为跟一个叔叔交流就昏倒的！否则我根本没办法搭...,0.9997033476829529,2751,1
2751,2319,...！？我超想看的！「唔哇好可爱」从粗点心店出发，爬上陡坡后不到五分钟，我们抵达了位于商店街的照相馆。隔壁的店贩卖学生制服，对面是美容院。这条商店街有一半的店面是拉下铁卷门的状态。走进照相馆后，发现墙上除...,0.9997039437294006,2751,1
2751,2320,...多孩子在七五三拍的照片。要从这么多照片中找出目标人物好像非常有难度但是，我一眼就认出来了。毕竟我是姊姊嘛，怎么可能把妹妹的脸认错呢。照片上是盛装打扮、戴上发饰，才七岁的萝莉紫阳花同学。她手上拿着千岁糖...,0.9997032284736633,2751,1
2751,2321,...好好好可、好可爱」「这、这样我很害羞啦，小玲奈」我死盯着照片，此时身后传来了微弱的声音。啊。实在是太可爱了，害我我差点要过度呼吸了。「不、不是啦，我不是萝莉控啊！只是幼年期的紫阳花同学太可爱了！只是这...,0.9997029900550842,2751,1
2751,2322,...同学！」「既然是七五三，应该是七岁吧。」真唯温柔地在一旁指出了我的错误。这只是种修辞啦！「啊～紫阳花同学从小就那么可爱啊」「是这样吗？我也不知道呢～呜～好害羞。」紫阳花同学不断用手帮自己风。这个不妙啊...,0.9997028708457947,2751,1
2751,2323,...姊姊』的话，我可能就会在被窝里建立起只属于我们二人的帝国了我什么都会做如果是为了紫阳花妹妹我会尽可能地实现她任何要求不过，我才不是萝莉控呢！你们想想小宝宝为了让大人保护所以才会有容易引起他们关爱的外表...,0.9997023940086365,2751,1
2751,2324,...紫阳花同学面前，任谁都会成为萝莉控的！（恼羞成怒）呼～幸好我有跟紫阳花同学一起离家出走！感谢神明！也许是看到我在照片前迟迟没有移动，大叔对我说道：「对了，不嫌弃的话，要不要再拍一张呢？」「好主意！」刚...,0.9997029900550842,2751,1
2751,2325,...因为情绪莫名高涨而表示赞同。但是这样很不错吧？照相馆里同时挂上萝莉紫阳花同学和jk紫阳花同学的照片，这不就世界和平了吗！（？）然而，站在摄影棚的大叔却看着这边──「机会难得，来，两位朋友也一起吧。」这...,0.9997027516365051,2751,1
2751,2326,...退了好几步。我如果被紫阳花同学和真唯夹在中间，这、这肯定不行吧。这张照片的平均分数会被大幅拉低的。可是紫阳花同学却拍着手说「不错耶～」，这教我该怎么办啊！救救我真唯a梦！我泪眼汪汪地看向真唯，她看到之...,0.9997039437294006,2751,1
2751,2327,...其实我也觉得我们三人合照一张是个好主意。」「拍照是没关系啦！但这张照片会一直挂在照相馆耶！？」「真拿你没办法」真唯摸了摸我的头，嘴角勾起一抹慈爱的微笑。「你也愈来愈会像这样可爱地撒娇了呢」我的脸顿时烫...,0.9997040629386902,2751,1
2751,2328,...我也有努力和紫阳花同学处得很好！才没有！完全没有那种事好吗！我可是，那个，以一个能够自立的阳角为目标──正在向着这个目标努力呢！就算不依靠真唯我也可以的！唔，可恶！你有在听吗！？虽然我也没说出来就是了...,0.9997038245201111,2751,1
2751,2329,...满满的挫败感，万分懊悔地听着她这句话。唔真唯来了以后，我就不由自主地一直在依赖她。得好好反省！话虽如此，但紫阳花同学只是说了句「嗯，好啊。」便轻易地让步了，这就是她的优点。如果她摆出一副『啥？也太不合...,0.9997040629386902,2751,1
2751,2330,...，真是温柔。呼先稍微冷静一下吧。紫阳花同学与真唯一起站在摄影棚。补光灯打在白色的背景上，大叔站在专业的相机前面，凝视着观景窗。「哎呀？难道王冢小姐已经习惯被人拍照了吗？」「是啊，略有心得。」真唯面带微...,0.9997037053108215,2751,1
2751,2331,...王冢真唯的世界转眼间在周围展开。站在镜头前的真唯实在是无比强大。站在真唯旁边，就连紫阳花同学看起来也只是个普通的女高中生。唔哇，真唯好可怕就这样拍了几张照片后，紫阳花同学和真唯回到了这边。「呼，好紧张...,0.9997045397758484,2751,1
2751,2332,...可爱喔！」我完全以路人的角度表达了自己的感想，真唯听了后笑脸迎人地说了声「谢谢」，紫阳花同学则一脸害羞地说了声「谢谢」，脸上露出浅浅的微笑。绕了一圈照相馆后，紫阳花同学怀念地说：「其实呢，我想起自己以...,0.9997033476829529,2751,1
2751,2333,...呢。对吧，叔叔？」大叔也苦笑着说「你说那个时候啊」。虽然是将近十年前的事情，但他好像依然记忆犹新。就这样──我们离开照相馆后，随意吃了点东西填饱肚子，便沿路返回旅馆。紫阳花同学边走边说：「当时不管是爸...,0.9997032284736633,2751,1
2751,2334,...民宿里。再加上弟弟刚好在七五三的时候发起了高烧，我又一个人被晾在了一旁。当时还因此发了脾气，想说『我受够了！为什么啊～～～！』。」刚才紫阳花同学想代表我们向大叔付照片的钱，但大叔婉拒了。相反地，他还向...,0.9997009038925171,2751,1
2751,2335,...的样子。而且他之后好像还会把拍的照片寄给我们。「就在这个时候，叔叔拼命安慰我，说要把紫阳花妹妹最可爱的一面给爸爸妈妈看，让他们后悔没来陪你。我当时一定是很喜欢这句话，所以才会鼓起干劲，想说一定要打扮得...,0.9997027516365051,2751,1
2751,2336,...。景色虽美却相当刺眼，我把手挡在脸前遮住这道光芒。「后来拍的就是那张。哭泣的痕迹也用化妆盖过去了。现在想想，我以前无论做什么事情，假如不是第一就不会罢休，还说了不少任性话，给大家添了许多麻烦。」紫阳花...,0.9997047781944275,2751,1
2751,2337,...到自己丢人的一面。」「是这样吗？」「是这样喔，大概。」听到我的询问，紫阳花同学露出别具深意的笑容。从昨天到今天，我或许看到了紫阳花同学许多被人看到会觉得很害羞的一面，不过与此同时也更加瞭解了紫阳花同学...,0.9997047781944275,2751,1
2751,2338,...假如被紫阳花同学看到我各种阴角的面貌，她却笑容满面地对我说『不过我也更瞭解小玲奈了，太好了』，我可能会切腹自尽。无论是谁，都无法只靠着真心话活下去。就连那个真唯也会顾虑自己在学校扮演的形象，却又无法说...,0.999704897403717,2751,1
2751,2339,...见旅馆的时候，真唯斜倾阳伞，意有所指地说道：「不过，今天还没有结束吧？」「你的意思是？」真唯没有回答。下一刻，我听到祭典乐声乘风而来。这是哪里在举办祭典的声音？啊，对了。紫阳花同学也露出恍然大悟的表情...,0.9997046589851379,2751,1
2751,2340,...点了点头。「没错，我可是非常期待呢。你们当然会去吧？」「嗯！」紫阳花同学精神充沛地点头，我也有样学样。不过，祭典啊。机会难得，真想看这两人穿浴衣呢不过这种事情实在太奢侈了。况且我们又没有准备浴衣。「啊...,0.9997043013572693,2751,1
2751,2341,...们回旅馆去问看看吧？」「说、说得也是，这样好像不错」如果是为了看到紫阳花同学穿浴衣的样子，就算是要和陌生人说话我也会鼓起勇气这次我绝对不能再依赖真唯了！「喔对，关于浴衣呢。」此时，真唯露出了熟悉的笑容...,0.9997034668922424,2751,1
2751,2342,...』，在对付纱月同学时诞生的那个带着纯粹善意的笑容。「抱歉，我已经替你们准备好了。」「唉？」「唉唉唉唉唉？」在我们房间的隔壁，也就是真唯订的房间。里面摆放着大量挂衣架。然后──上面吊着目不暇给的浴衣。简...,0.999703586101532,2751,1
2751,2343,...算是紫阳花同学也会傻眼到爆──「哇～小真唯好厉害～！」并没有。她反而哇地大叫一声，饶富兴味地看着各种衣服。她已经适应了！？「这是从我经常光顾的饭店借来的，穿过后再还回去就可以了，不用客气，你们就随便挑...,0.9997038245201111,2751,1
2751,2344,...是啊，要说的话就像是去自己经常光顾的店用餐，在餐后还免费附赠了甜点那样吧。」「好厉害竟然还有这样的世界那我就恭敬不如从命借来穿啰，小真唯！」「反正我也想和大家一起穿嘛。呵呵，不用客气。」看到她们两人的...,0.9997043013572693,2751,1
2751,2345,...了桌球比赛才让她答应要aa的可真唯从起点开始就和我完全不同虽然面对真唯还觉得心有不甘是有点太不知好歹了，但我还是不甘心啊！要是我也有五十兆圆就好了！「玲奈子也来挑一件喜欢的吧。」「我、我不会认输的，真...,0.9997046589851379,2751,1
2751,2346,...用这种方法就算赢了啊！」真唯看起来有些哀伤。「是吗我想说机会难得，原本还打算三人一起穿着浴衣去逛祭典的但你好像不是很愿意呢？」「不是，我超开心的！我很期待看到紫阳花同学和真唯穿浴衣的样子！」不行不行。...,0.9997045397758484,2751,1
2751,2347,...岂不是变成了徒有人形的渣渣吗！丑陋的心啊，快快消灭吧──！一旦丑陋的心消失，该不会我自己也会当场消失不见吧先把这件事放在一边，我将视线转向浴衣，要保持平常心！看着这些五颜六色的衣服，身为女孩子当然会激...,0.9997041821479797,2751,1
2751,2348,...」在这种情况下，我基本上不会以自己的喜好为标准，而是会选择看起来适合妹妹的衣服。因为我们姊妹长得很像，而且皮肤都是寒色系？暖色系？还是叫什么来着？反正就是那方面好像也差不多，这么选就不会选到不搭的衣服...,0.9997033476829529,2751,1
2751,2349,...种可爱风格的服装。不过，这也是没办法的吧！毕竟我理想中的女孩子就是紫阳花同学啊！对吧！这样一想好像就突然开始害羞了。还是快点选好浴衣吧不是照我的喜好，而是选择适合我的「请问你有什么喜欢的款式吗？」「喔...,0.9997027516365051,2751,1
2751,2350,...穿西装、完全感觉不到气息的女性。「花、花取小姐。」也对，这也是当然的，真唯怎么可能独自准备这么多东西。「好久不见。请你继续，不用在意我。」这位干练的佣人一脸正经，将双手交叠在身前，低头行了一礼。她依然...,0.9997040629386902,2751,1
2751,2351,...「我也会无视你的存在的。」「唉！？」她刚才是不是说了什么不得了的话？「呃，那个，刚才那句话是什么意思？」「还请不用在意，害虫。」「嗳！先等一下！？」为什么我会被真唯的佣人当成害虫啊！？我回头一看，真唯...,0.9997034668922424,2751,1
2751,2352,...！面对花取小姐这个突然露出獠牙的强敌，我不禁浑身发抖。「那个，我做了什么吗？」「不，并没有。」「那为什么叫我害虫不对，唉？难道花取小姐是那种会把所有人都叫做害虫的毒舌女佣吗？」「我不觉得那种人能在社会...,0.9997033476829529,2751,1
2751,2353,...啊！那你为什么要用这种鄙视人的称呼叫我啊！「上次和纱月同学一起见到你的时候，我还以为你是个举止端庄的大姊姊呢」一脸严肃的花取小姐突然起了反应。没想到她是个这么有攻击性的人不对，这么说来，上次她也捉弄了...,0.9997037053108215,2751,1
2751,2354,...：「毕竟琴小姐，也算是我未来的主人嘛。」从她那带有暖意的笑容来看，她这句话是发自内心的。嗯？未来的主人？「所以说呃，请问你刚才的意思是，你和纱月同学约好，等她将来变成有钱人就会去她底下工作吗？」由于差...,0.9997009038925171,2751,1
2751,2355,...手捂住嘴角，脸转眼间染上了红晕。「不，并不是你想的那样。琴小姐，可是要和大小姐成婚的喔。」「难道你是真纱激进派吗！？」难怪！所以这个人才对我这么冷淡！？因为真唯喜欢我，所以她觉得我很碍事！可是这不是我...,0.999703586101532,2751,1
2751,2356,...你要选哪件浴衣呢？这件下摆短到内裤会被完全看光的迷你浴衣，不知你意下如何呢？」「我怎么可能穿啊！不要推荐我这种摆明就是小孩尺寸的浴衣啊！」注意到我的呐喊后，真唯走了过来。「怎么了吗，玲奈子？你还没决定...,0.9997046589851379,2751,1
2751,2357,...小姐刚才做了什么，但在只差一点的千钧一发的千钧一发之际，我悔恨地打消了这个念头。「因、因为我刚才在请花取小姐帮我挑浴衣！」花取小姐想必是离纱月同学与真唯在最近的距离下守望她们成长的一人。对她来说，我确...,0.9997045397758484,2751,1
2751,2358,...有更好的称呼吧！「这样啊。我也经常会参考花取的审美观。花取，麻烦你把玲奈子打扮得漂漂亮亮的。」「遵命。」花取小姐恭敬地行了一礼。接着她走到我身边，有些意外地说：「所以你承认自己是个害虫了吗目的果然是财...,0.9997044205665588,2751,1
2751,2359,...先还是想澄清一点，不对是两点。「我和真唯根本不是什么恋人关系，我也不是盯上真唯的财产才和她在一起的！」「你的说法根本无所谓。」她完全当作马耳东风，只是以毫不亲切、冰冷的语气对我说：「大小姐每天都非常忙...,0.9997039437294006,2751,1
2751,2360,...的身上。还请你不要辜负她的深情厚意。」「什、什么辜负」如果说得难听一点，根本就是真唯自作主张吧当然我还是很开心就是我悄悄瞥了真唯的侧脸一眼。想起真唯在时装秀上光彩夺目的模样，我的心情就无法平静。就算不...,0.9997041821479797,2751,1
2751,2361,...过，我也不能因为这样就特别对待真唯，一直对她阿谀奉承吧我顶多也就是以朋友的身分，尽我最大努力陪伴真唯而已」「」唔为什么一句话也不说！？好惊人的压力我屈服于那道冰冷的视线，在地上躺平露出肚子大叫『非常抱...,0.9997027516365051,2751,1
2751,2362,...取小姐从旁边的衣架取下了一件浴衣。「那么，这件浴衣你觉得如何？」那是件惹人怜爱的淡蓝色浴衣，非常像妹妹会喜欢的花纹。看来真唯拜托的事情她还是会确实执行。而且她的眼光也没问题，我用快要被冷气声盖过的声音...,0.9997037053108215,2751,1
2751,2363,...腰带。可以的话就请用这边的──」啊啊，胃，我的胃好痛除了人生第一次挑浴衣，也体验了人生第一次穿浴衣（简直像是披着一身铠甲）后，我来到外面。咕啊，大腿张不开。脚上踩着木屐，感觉静不下来。身体的活动范围好...,0.9997023940086365,2751,1
2751,2364,...背后还必须付出这么多努力啊而且穿着这身衣服，要是想上厕所的话该怎么办？呜呜，还是别在祭典上买太多饮料好了外头的天色已经暗了下来，祭典的乐声也比刚才更为响亮。我用右手提着装有手机和钱包的束口袋，等着真唯...,0.9997034668922424,2751,1
2751,2365,...衣，我们只好按照顺序换衣服。站在旅馆前面等她们的时候，路过的柜台阿姨看到我穿浴衣后便称赞了我。「哎呀，变成一个大美女了呢。」「嘿嘿，唉嘿嘿。」发夹也不是平常戴的那个，而是借了一个短发专用的发饰，嘿嘿。...,0.9997039437294006,2751,1
2751,2366,...许是因为穿上浴衣之后充分体验到一种非日常的感觉，我和阿姨聊天也不会觉得紧张。阿姨不断地夸着我，说东京来的女孩就是不一样啊。嘿嘿嘿。这时，我听到有人在叫『小玲奈』。「啊，紫阳花同学，真唯──」我的手举到...,0.999703586101532,2751,1
2751,2367,...了点时间整理头发。」「如何，玲奈子。我们穿浴衣的样子适合吗？」这已经不是适不适合的问题了。我被她们震撼到了。紫阳花同学穿着绘有紫色绣球花的白底可爱浴衣，每走一步，从发簪垂下的吊饰都会轻轻摇摆。腰带系的...,0.9997034668922424,2751,1
2751,2368,...这件出色的浴衣将紫阳花同学这朵鲜花点缀得更加美丽。真唯则是与紫阳花同学形成鲜明对比，穿的是宛如枫叶般鲜艳的深红色浴衣。腰带的系法也与紫阳花同学不同，是紧紧地系在腰间。这套浴衣彻底表现出真唯那完美无缺的...,0.9997033476829529,2751,1
2751,2369,...以辫子头为基础加以进化，整理得相当华丽。然而她后领的位置微低，可以从头发与衣领中间窥见肌肤，散发着无与伦比的性感魅力。我和阿姨都张大了嘴，当场愣住。「好、好厉害」「这应该是米开朗基罗的艺术品吧」紫阳花...,0.9997039437294006,2751,1
2751,2370,...一看，发型精致且华丽到让人完全看不出是怎么编的。这是花取小姐帮忙弄的吗？那个人的本业该不会是美容师吧？紫阳花同学莞尔一笑。「小玲奈，你的浴衣真好看，好可爱。」「唉？谢、谢谢」（超小声）「那我呢？」「非...,0.9997033476829529,2751,1
2751,2371,...，脸上露出了端庄无比的微笑。「玲奈子，那我呢？」「您、您如花似月」（超小声）「呵呵，谢谢你。能和这么可爱的两位女孩一起逛祭典，心情真好。」「素啊」我被紫阳花同学和真唯夹在中间，就这样低头向阿姨说「我们...,0.9997038245201111,2751,1
2751,2372,...这反而让人想问，那孩子到底是什么来头？」我不过是个混在一群阳角里面活着的变色龙女孩──甘织玲奈子登上坡道，我们沿着挂满了灯笼的道路移动。真唯和紫阳花同学穿浴衣的模样带来的冲击也总算平息了下来，我可以纯...,0.9997040629386902,2751,1
2751,2373,...。」弯过转角，祭典会场便映入眼帘。左右两旁摆满了各式各样的摊贩。尽管我们根本不晓得这是在庆祝什么，但看起来非常有祭典的味道。因为是暑假期间，所以现场有许多游客。家人、情侣、朋友各种人都成群逛着祭典，其...,0.9997032284736633,2751,1
2751,2374,...起摊贩。「你们看，那个是什么啊？」「是捞彩球吧？看起来很有趣，我们去体验一下吧。」「唉？真唯以前没逛过祭典吗？」「是啊，这类祭典多半都是在暑假举办的吧？我夏天基本上都会待在国外。」「哼哼，既然这样，为...,0.9997044205665588,2751,1
2751,2375,...吧！首先是捞彩球！」不过，其实我也不怎么来参加祭典。上一次和家人一起来逛应该也是在国中的时候。不过现在这样反而感觉比较有趣，我以此为由牵起了真唯的手。紫阳花同学也开心地在后面跟着我们。当然，即使是灯笼...,0.9997047781944275,2751,1
2751,2376,...得挺身挡住周围的视线保护她们不过，就连这样的瞬间也充满了乐趣。我们三人开开心心地逛着祭典。虽然开学后我的想法可能又会改变，但是现在我打从心底如此盼望。如果这一刻能永远持续下去就好了。因为我和朋友们一起...,0.9997028708457947,2751,1
2751,2377,...慕的景象一模一样。「嗳，我们接下来去吃章鱼烧吧。」「啊，我想吃苹果糖。」「那我也去买棉花糖，待会三人再一起分享吧。」赞成！我们对彼此面露微笑，暂时分开了。我只是一味享受着当下的乐趣。所以，对于背后究竟...,0.9997043013572693,2751,1
2751,2378,...烧回来后，却寻不着两人的身影。奇怪？是要在哪里集合来着！？完蛋了！刚才开心过头，现在一点印象也没有！是这里吗！？还是那里！？到底是哪里！？不对，等等，先冷静点。我传了讯息过去。她们应该会注意到吧。应该...,0.9997043013572693,2751,1
2751,2379,...面。如果迷路的人是真唯和紫阳花同学，就算是在一百公里之远也能透过她们身上散发出的耀眼光芒找到人，但是我！啊啊，真唯和紫阳花同学还好吗？应该没有被奇怪的家伙缠上吧不对，她们两人在一起的时候，有谁敢随便上...,0.9997047781944275,2751,1
2751,2380,...两人相视而笑，就会进入只属于她们两人的真紫世界！感觉就是有那种气氛嘛。这样啊，所以我才会一个人在这里好寂寞喔而且她们也没有注意到我传的讯息不对，既然我会寂寞，就说明她们两人应该也很寂寞！我已经答应要告...,0.9997033476829529,2751,1
2751,2381,...决心后，趁着章鱼烧还未冷掉，朝着人群冲了过去。＊＊＊＊＊＊在甘织玲奈子迷失集合地点的位置时，同一时间。──紫阳花买好苹果糖回到集合地点，心想「我是不是来晚了？」。随后，她发现真唯在捞彩球的摊位前面，拿...,0.9997038245201111,2751,1
2751,2382,...真唯隐约伏着眼眸的模样不禁让紫阳花感到心动。那是让人忍不住看出神的惊世美貌。「哎呀，欢迎回来，紫阳花。」而且，当真唯嫣然一笑，就会瞬间充满亲和力，简直就像施了魔法一样。「呃，那个小玲奈还没回来吗？」「...,0.9997039437294006,2751,1
2751,2383,...等一下吧。」「说、说得也是。」紫阳花拿着苹果糖站在真唯身边。她偷偷抬眼望向真唯。「怎么了吗？」「啊，没有。只是觉得，小真唯看起来好漂亮啊，我在说什么呢。明明小真唯一直都是这么漂亮。」「或许是因为我穿了...,0.9997039437294006,2751,1
2751,2384,...楚动人。」「谢、谢谢你」现在面对真唯已经不会那么紧张，所以好久没有这样的心情了。紫阳花感觉自己在刚进入高中就读时，其实对真唯也都会察言观色。如今，她已经非常清楚真唯温柔的本性，自然不会觉得她难以亲近。...,0.9997050166130066,2751,1
2751,2385,...话。「小真唯这个暑假一直都很忙对吧。」「嗯，是啊。妈妈现在也在日本，安排了相当多的工作给我。竟然会期盼开学的时候到来，我这个心态实在不像个学生呢。」「嗯就算这样，你还是特地抽出时间来陪我们，谢谢你。」...,0.9997050166130066,2751,1
2751,2386,...。」「小、小真唯真是的。」正因为会不假思索地说出这些话，所以她才会被称为芦谷的完美恋人，让各种人产生误会。真是个罪孽深重的少女。「大家一起逛祭典，真的很开心呢。」「是啊。」「希望明年夏天，小纱月和小香...,0.9997050166130066,2751,1
2751,2387,...向车水马龙的街道，看着长相模糊的人群，内心涌起一种不可思议的感觉，彷佛身处在永不结束的魔幻时刻一样。此时，真唯询问她。「话说，你这原本是离家出走的旅行对吧？现在已经没关系了吗？」「啊，嗯。虽然发生了很...,0.9997047781944275,2751,1
2751,2388,...啊。」真唯露出温柔的表情笑了笑。「她是个不可思议的女孩，每当我难过的时候，她总是会出现在身边陪伴着我。我的心不知道已经被她拯救过多少次了。」「嗯，我也觉得小玲奈到底是为什么要为了我做这么多呢。」所以我...,0.9997050166130066,2751,1
2751,2389,...「这还用说吗？当然是因为玲奈子喜欢你呀。」「唉？不会啦，怎么可能。」紫阳花像玲奈子那样惊慌失措，捏住了浴衣的领口。「果、果然是这样吗？看起来就是这样，对吧。感觉好害羞啊」彼此都需要对方，这个关系就像魔...,0.9997046589851379,2751,1
2751,2390,...害羞，反而该自豪地说我们感情很好。所以这份心情，一定有别于紫阳花面对那些只是感情要好的朋友时所感受到的。和至今遇到的任何人都不同，是只属于玲奈子和紫阳花之间的关系。这样简直就像──「紫阳花。」就在这时...,0.9997044205665588,2751,1
2751,2391,...其实，我喜欢玲奈子。」在那个瞬间，原本嘈杂的吵闹声以及所有一切，彷佛都离紫阳花远去。「咦？」紫阳花瞪大双眼，映在眼中的真唯正对她露出微笑。「那个，意思是」紫阳花有些后悔。她觉得这个问题太低俗，简直是在...,0.9997043013572693,2751,1
2751,2392,...唯露出纯真的笑容。「是恋爱的那种喜欢，我深深爱着玲奈子。」这句话的震撼力将真唯的美貌妆点到另一个层次，让她看起来闪闪动人。紫阳花像平常一样，露出了无伤大雅的笑容。「这、这样啊。你突然说出来，吓了我一跳...,0.9997043013572693,2751,1
2751,2393,...并不是一天两天的事。她的个性向来如此直率。在这个不带有真实感的对话中，紫阳花故作平静地询问：「那个你们现在在交往吗？」「关于这点，虽然我已经告白了，但遗憾的是，她还没有给我一个明确的答覆。」紫阳花很惊...,0.9997047781944275,2751,1
2751,2394,...还没给她答覆。「这样啊小玲奈为什么还在犹豫」「她说自己暂时还不想谈恋爱。不过在我看来，那也只是时间的问题罢了。」真唯喜形于色，彷佛是一名正在享受输赢走向的赌徒。随着冲击带来的震撼逐渐平复，紫阳花感觉自...,0.9997045397758484,2751,1
2751,2395,...个真唯告白，是一件大事。想必她会烦恼自己到底配不配得上真唯，而且为了不让自己在今后被努力的真唯抛下，她必须用上一辈子的时间持续加油才行。尤其玲奈子又对双方地位平等这点抱有相当强烈的坚持，她肯定无法放宽...,0.999704897403717,2751,1
2751,2396,...个少女会让人想这么期待，比起香穗或是纱月更是如此。回想起打桌球时拼命想要自己付钱的玲奈子，紫阳花就忍不住露出微笑，然而胸口却隐隐作痛。「原来是这样小真唯喜欢小玲奈啊」自己完全没有注意到。不知为何，现在...,0.9997050166130066,2751,1
2751,2397,...己该抱着什么样的心情面对这件事。「呃可是，为什么只对我坦白这件事呢？其他人都还不知道吧。是因为小真唯认为我是个值得信任的朋友吗？」真唯吐出一口气，彷佛在缓解内心的紧张。「玲奈子很有魅力吧？」「嗯。」虽...,0.999704897403717,2751,1
2751,2398,...的魅力。「所以呢，我不禁有了个猜想。」「什么猜想？」真唯毫不掩饰，倾吐内心的想法。「会不会，你也和我有着相同的心意。」这句话强烈地浸透到紫阳花的心灵。「我、也」唉～？看起来是那样吗～？紫阳花本想像这样...,0.999704897403717,2751,1
2751,2399,...容。「我」因为她真的不晓得。不晓得自己是怎么看待玲奈子的。以前，当玲奈子对紫阳花说出近乎告白的话时，紫阳花受到了犹如火花迸裂的冲击，如今依然深深烙印在她的心底。所以，就像产生裂痕的手机萤幕再也无法恢复...,0.9997047781944275,2751,1
2751,2400,...要看到玲奈子的笑容，胸口有时会忽然像是被揪住一样隐隐作痛。不过，就算这样。「小真唯，我」在反思自己的心意之前，紫阳花想到了一个结论。现在唯有一件事是毋庸置疑的。要是现在说出自己确实喜欢玲奈子，就会与真...,0.999704897403717,2751,1
2751,2401,...座，两人会开始竞争。紫阳花不太愿意去想，若是自己和真唯开始竞争，到时包括玲奈子在内的三人将会变成什么样的关系。基于一己之私而争抢某个人，这是她最不擅长的。到时，自己八成会选择不伤害任何人的方法吧。因为...,0.9997041821479797,2751,1
2751,2402,...。「我不想破坏和大家的关系。」如果能以朋友的身分待在她身边，如果可以不让任何人悲伤的话，如果这就是属于大家的幸福──紫阳花认为，自己应该要做出这个选择。哪怕暑假结束后，站在玲奈子身边的是真唯，只要真唯...,0.9997041821479797,2751,1
2751,2403,...毕竟直到现在，自己都是这样一路走来的。事到如今，根本没办法再做出改变。真唯静静地凝视着紫阳花。「这样啊。」真唯点了头，像是在确认紫阳花最后的决定。「我明白了。」「唔。」紫阳花情不自禁地握紧了拳头。身体...,0.9997039437294006,2751,1
2751,2404,...离家出走一样愚蠢。所以，没关系的。「嗯。」要是真唯和玲奈子真的两情相悦，开始交往的话，那也是一件非常美好的事。自己就祝福她们两人的幸福吧。胸口的这种疼痛，肯定也很快就感觉不到了。紫阳花谨小慎微地哄着自...,0.9997031092643738,2751,1
2751,2405,...女孩已被封闭在相框之中，不复存在。站在这里的，是能把身边所有人的幸福摆在第一优先考量的，高中一年级的出色少女。以成为一个成熟的大姊姊为目标，既开朗又乐观。被大家称为『天使』的──好孩子。嗯。紫阳花莞尔...,0.9997028708457947,2751,1
2751,2406,...诉真唯的时候──啪的一声，周围顿时垄罩光芒。那是在夜空盛开的烟火。「啊。」劈里啪啦的声响刺痛着肌肤。真唯露出微笑说道：「真美啊。」「嗯。」烟火绽放出炽烈的光芒，随后便消失于夜空之中，没留下任何痕迹。然...,0.9997016787528992,2751,1
2751,2407,...胸口的疼痛愈来愈强烈。（为什么明明不是这样的。）紫阳花不假思索地将手伸向夜空。就像从指缝间溜走了那般，烟火消散于夜空之中。此时，传来了一道声音。「啊，找到了──！」当所有人都在抬头欣赏烟火的时候。映入...,0.9997031092643738,2751,1
2751,2408,...手。「啊。」每当烟火闪烁着光芒，便映出她的身影。那就如同一台夏日的相机，将每个瞬间定格成照片，深深烙印于心底。穿浴衣的女孩努力举高了手。紫阳花的视线不禁被那道身影所吸引──捂住了嘴。即使被真唯点出，她...,0.9997034668922424,2751,1
2751,2409,...奈──」她从未想过。原来自己早就如此地。喜欢着玲奈子了。真唯眯起眼睛注视着紫阳花，彷佛在看着某种耀眼的存在。而紫阳花眼眸之中的滤镜，映着另一位少女的身影。那个夏夜，烟火绽放，并默默消散。＊＊＊我们三人...,0.9997039437294006,2751,1
2751,2410,...外「啊啊──好开心啊──！」我张开双手伸了个懒腰。从浴衣中解放出来后，自己的身体轻得不像是自己的！这简直就像漫画中的强化石膏。要是我一整年都穿着浴衣，该不会变得超级强的吧？「我还是第一次在这么近的地方...,0.9997040629386902,2751,1
2751,2411,...许多初体验呢，玲奈子。」「呃，嗯。这是事实没错啦，但你的说法怎么听起来怪怪的？」「换句话说，今晚我夺走了玲奈子许多的初体验。」「别重新换个说法！不要一脸陶醉地把手贴在脸颊上！」真是的真唯到底有没有打算...,0.9997039437294006,2751,1
2751,2412,...但真唯却显得不以为意。「不过，没有其他人的温泉真是舒服呢。」语毕，真唯缓缓脱下了衣服。没错，今天我们来到了大浴场。因为好像没有别人住在这里，实际上我们相当于包场。这间旅馆没问题吗？竟然要一起洗澡，老实...,0.999704897403717,2751,1
2751,2413,...甘织玲奈子。一对一是很令人害羞没错，但既然是三个人，也就只是个大浴场罢了！完全没问题！其实我也完全不懂自己的情绪到底是有什么毛病。但既然觉得没问题的话，就这样吧「唉？紫阳花同学，你还不脱衣服吗？」「唉...,0.999704897403717,2751,1
2751,2414,...样盯着我，反而连我也跟着害羞了「请、请吧。」紫阳花同学感觉不太对劲。明明昨天还那么积极，现在却好像在难为情那样，迟迟不肯脱衣服。但这也没办法。同样是女性，我懂的。不对，对紫阳花同学不应该说这种话。毕竟...,0.9997047781944275,2751,1
2751,2415,...我点了点头。这是因为真唯也在吧。要在这个女人面前脱光衣服，无论是谁都会充满了抗拒。不过，就是因为将她看作都一样属于人类，所以才会紧张。只要把真唯想成是从模特儿星球来的外星人就好了。人类在见识过大猩猩的...,0.999704897403717,2751,1
2751,2416,...是这么一回事。「那我们先进去洗了。」「好、好的～」一直催她也不太好，于是我和真唯先进入了大浴场。浴室里弥漫着热气，我们首先来到淋浴区。「你今天看起来心情很不错呢，玲奈子。」「唉～？有这么明显吗？」「很...,0.999704897403717,2751,1
2751,2417,...」「不是，你也说得太过分了吧！？虽然这是事实啦！」我打开热水，开始清洗身体。「因为我一直很向往和朋友们像这样度过一天。又实现了一个梦想」「那就好。」「真的，认识真唯之后的这三个月，感觉时间真的是一转眼...,0.9997044205665588,2751,1
2751,2418,...。」「这样啊。其实，我就是为了实现玲奈子的梦想才来到你身边的。」「唉～？」就算她讲话如此油腔滑调，我都会忍不住去相信她说的可能是事实，今天的我就是有这么开心。「所以，你一直心心念念的将来的梦想『成为可...,0.9997046589851379,2751,1
2751,2419,...」为了岔开话题，我挤出洗发精，开始洗头。姗姗来迟的紫阳花同学坐在离我们有点距离的莲蓬头前面，一个劲地清洗着身体。真唯和紫阳花同学的头发都很长，想必要花不少时间吧。「我先进去泡了哦──」率先清洗完毕后，...,0.9997043013572693,2751,1
2751,2420,...道爬上爬下的，这样泡在温泉里面真的好放松啊我为了避免毛巾湿掉而放在头上，真唯见状不禁笑了出来。唔在大浴场这么做是基本礼仪嘛。接着紫阳花同学也过来了。我们在宽敞的浴池坐下。此时，不知是谁发出了「呼」一声...,0.9997037053108215,2751,1
2751,2421,...。却感觉心情逐渐地平稳舒畅。我喃喃开口说道：「今天谢谢你们两个。」「咦？」「谢什么？」「不，那个」她们作为朋友，只是很普通地陪我一起玩，为了这种事刻意再向她们道谢也许是有点奇怪可是，我还是想说。「我今...,0.9997043013572693,2751,1
2751,2422,...下沉进热水，将彷佛梦想般的话语随着泡泡一同倾吐。「我希望，我们三个人以后也能永远玩在一起。」我这样说完后，完全无法正视她们的脸。呜咕一、一股羞耻感涌上来了但是说出去的话也没办法收回了，毕竟她们都已读了...,0.9997040629386902,2751,1
2751,2423,...死后也要进同一座坟墓。」「这也太可怕了吧！」真希望她别因为我的一句话就开始想像今后到死为止的人生规划。不对，难道她平常就在这么做了？如果是的话也很可怕啊！然而，紫阳花同学却说：「那个，对不起哦。我好像...,0.9997043013572693,2751,1
2751,2424,...她干脆地离开了浴室。唉？这个难道是我刚才的发言太令人难为情了吗？总觉得她的反应跟平常不太一样，呃，该不会是对我很无言吗？为了确认我的想法是否正确，我看向真唯。真唯见状，耸了耸肩。「紫阳花也需要一些时间...,0.999704897403717,2751,1
2751,2425,...什么事吗？」「嗯，发生了一件大事。」「大事！？」「这是秘密喔。」真唯露出微笑，竖起一根手指抵在嘴唇。唔唔唔唔。虽然我很在意，但另一个知道这件事的是紫阳花同学，我也不可能勉强她告诉我！当我觉得难以释怀的...,0.9997051358222961,2751,1
2751,2426,...毛巾裹起来的，所以应该是朋友状态。「怎、怎么了？」「没什么。」「但是，手」「嗯。」不是，我是在问你这么做的理由啊「我爱你喔，玲奈子。」「嘿呀！？为、为什么突然说这个！？」真希望她不要冷不防地说这种话啊...,0.9997051358222961,2751,1
2751,2427,...」「即使如此，假如不把自己的想法反覆说出来，也无法将心意传达给对方。更何况对方是你。」「这是什么意思？」「你内心的某处应该坚信，『我这种人怎么可能会有人喜欢』对吧。」「是、是没错啦」毕竟这是事实啊？「...,0.9997053742408752,2751,1
2751,2428,...而觉得是真唯太积极了因为你每次总是往我的怀里钻，回过神来才发现被你推倒了」感觉就像被一只会狂吠的大型犬直接撞个正着。「因为，我也别无所求了。」这句话听起来很空虚，让我差点不知道是谁在说话。「唉？」我反...,0.9997047781944275,2751,1
2751,2429,...也不是随便到哪个人都能让我涌起欲望。我对真正喜欢的人可是很专情的喔。」「呃，嗯」我顿时羞得满脸通红，但幸好现在在泡澡，一定有蒙混过去吧。真唯白皙的肌肤也微微泛起红晕，比平常显得更为性感。水珠顺着她的脖...,0.9997038245201111,2751,1
2751,2430,...移开了视线。「谢谢你。」「好，我们结婚吧玲奈子。上次举办那场恋活派对的事，似乎是被我妈妈发现了，她对我施加了许多压力。只要把新的未婚妻带回家，妈妈也一定会放心的。」「我才不要咧！？而且那件事从头到尾都...,0.9997043013572693,2751,1
2751,2431,...望下次，是轮到你帮我实现梦想呢。」「这、这、这么久以后的事我根本就没办法想像啦！不行！」我大声呐喊，不过因为真唯的反应跟平常一模一样，害我又忍不住笑了出来。若是我永远不给她答覆，有没有可能一直维持着这...,0.999704897403717,2751,1
2751,2432,...虑地漂浮在水中开玩笑的，就算是我也觉得这样实在太自私了。不过只要再给我一点时间，再稍微给我一点时间就好。我想和真唯保持着既不是朋友、也不是恋人的玲真挚友，再一起度过一段时光。泡完澡后，我还是和紫阳花同...,0.9997045397758484,2751,1
2751,2433,...安啰，小玲奈。」「啊，好，晚安。」洗完澡后，这天紫阳花同学并没有像昨天那样一直找我聊天，而是很快就躺平了。想必她应该也很累了吧。于是我也闭上双眼，随后睡魔立刻就上门来玩了。啊，好舒服啊身体好像要和被窝...,0.999704897403717,2751,1
2751,2434,...紫阳花同学这小小的离家出走之旅会变得怎么样不过，嗯，真的好开心。爸爸、妈妈，我在这个暑假留下了非常美好的回忆。＊＊＊隔天一早，太阳还未升起的黎明时分。我醒来后想要去上个厕所，这时听到了隔壁房间的开门声...,0.9997045397758484,2751,1
2751,2435,...着睡衣就悄悄拉开了房门。随后，我立刻与真唯四目相接。「嗨，玲奈子，早安，你起得真早呢。」放下长发的真唯已经全副武装，拉着一个小小的手推车，看起来就是要马上出门的打扮。「早怎么了？你要去哪里？」「我想稍...,0.9997046589851379,2751,1
2751,2436,...没事的，你们就悠哉地待到退房时间吧。」这样啊，真辛苦呢。原来休息时间真的只有一天啊。尽管刚睡醒的现在大脑还转不过来，我还是点了点头。「加油哦，真唯。」「那我先走了。」「嗯。」真唯轻轻抚摸着我的头。因为...,0.999704897403717,2751,1
2751,2437,...婚了一样呢。谢谢你为我送行，达令。」「你说什」真唯不动声色地将脸凑了过来。宛如一阵微风拂过，两人的嘴唇交叠在一起。「喂、喂」我不禁把身子往后仰。因为太久没被真唯偷袭，大意了。「谢谢你送我出门的吻。这样...,0.9997046589851379,2751,1
2751,2438,...下真唯的手，立刻隔着真唯看到她身后的花取小姐。花取小姐正摆着一张臭脸。「咿！」被、被看到了！被看到了啦！「若是你也主动亲我一下，我就能打起双倍的精神了。」「你、你不要得寸进尺啊！」我用力推着真唯的肩膀...,0.9997052550315857,2751,1
2751,2439,...心，挥了挥手离去了。吁吁真是一刻都不能掉以轻心呜呜，竟然被人彻底看到自己和真唯接吻的画面，害得我体内那个名为羞耻心的岩浆就快要爆发了！咕唔唔唔。真希望她能让我解释一下，事情不是这样的，我才没有接吻不对...,0.999704897403717,2751,1
2751,2440,...唯强吻的时候，心里也只会涌起『又在我耳朵吹气』、『又用手指戳我的侧腹』这种有点受不了她的感觉我用中指滑过嘴唇。不过，这是我们久违的接吻呢感觉有种甜甜的，又有些柔软，还带有好香的味道啊啊够了，我要回房间...,0.999704897403717,2751,1
2751,2441,...了。「啊！？」内心顿时七上八下虽、虽然我想说该不会但是她应该没看到吧？紫阳花同学像人偶一样愣着一张脸，然后微微歪了歪头。「小玲奈？你刚才在和谁说话吗？」安全上垒！「啊，没有啦，那个就是真唯，真唯她说要...,0.9997047781944275,2751,1
2751,2442,...「这样啊。」「呃，嗯。我们再多睡一会吧。」「嗯～」紫阳花同学又躺下了。呼看来紫阳花同学刚睡醒时比较心不在焉，先记下来吧。不对，我记这做什么？我顿时放心了下来后，忍住嘴里的哈欠，然后也钻进了被窝。哎呀，...,0.9997045397758484,2751,1
2751,2443,...了三天两夜，我也习惯了呢什么，紫阳花同学毫无防备地睡在我身边！？开始紧张起来了！睡过回笼觉后，我们收拾行李离开了旅馆。（住宿费当然是各付一半！谢谢你紫阳花同学！）旅馆的阿姨直到最后都对我们很好，依依不...,0.9997046589851379,2751,1
2751,2444,...来旅途中真的会遇上这种邂逅啊。这一切都是因为有紫阳花同学在身边。「这样啊。」「嗯～？」我们并肩坐在车站的长椅，等着电车的时候我突然发现一件事。这三天两夜之所以会过得这么尽兴，是因为和紫阳花同学在一起。...,0.9997045397758484,2751,1
2751,2445,...用着相同的视角，透过紫阳花同学这个滤镜看到的世界真的是很温柔，我想一定是因为这样吧。如果是在这样温柔的世界，感觉我也可以乐观地努力生活下去。我一脸难为情地笑了。「没有啦，我只是突然想到，能和紫阳花同学...,0.999704897403717,2751,1
2751,2446,...在一起，我也很开心喔。当然，和小真唯在一起的时候也是。」「嘿嘿嘿。」这样一来，任务就圆满结束了。暑假结束后，紫阳花同学还是会来学校，也会愿意和我聊天，不会因为变成一个109辣妹而退学。嘿嘿嘿，我也蛮行...,0.9997046589851379,2751,1
2751,2447,...来，纱月同学给我的话题小抄还剩一个。昨天因为真唯的出现，所以也没必要打开了。好吧，机会难得。现在勉强还算是在旅行途中，就在这里把它消化掉吧。那个为了寻找话题而焦头烂额的自己彷佛是遥远的过去。呵呵，我确...,0.9997047781944275,2751,1
2751,2448,...个太过期待比较好我看看喔『向濑名表达平常对她的感谢。』原来如此我在心里默默点头。纱月同学是个平常爱装酷，装模作样的女人，但最后总是会来这招比起话题，这个内容更像是一道命令。但正因为如此，我才能向紫阳花...,0.999704897403717,2751,1
2751,2449,...那个谢谢你平常总是在学校里跟我聊天。」「怎么突然这样说啦？」紫阳花同学浅浅一笑。「不是啦，因为我这个人其实还挺怕生的，我很谢谢紫阳花同学愿意对我那么亲切。都要托你的福，我在真唯的小圈子才不会显得那么突...,0.9997052550315857,2751,1
2751,2450,...唯搭话的吧？」「那个，呃，该怎么说我当时只是鼓起了非常大的勇气而已」就像闭上眼睛坐上那仅此一次的云霄飞车一样要度过一帆风顺的学校生活，若是没有紫阳花同学的陪伴是无法成立的。也许紫阳花同学会觉得这很像是...,0.9997051358222961,2751,1
2751,2451,...我今后还会重复讲好几次。我能够克服无法拒绝别人邀请的精神创伤，都要归功于紫阳花同学。「所以，之所以能有现在的我，绝对都是多亏了紫阳花同学的力量」「呵呵，太夸张了啦。」「请让我郑重地表达谢意。真的非常谢...,0.9997040629386902,2751,1
2751,2452,...就连我如此自作主张的道谢也愿意接受，紫阳花同学果然很温柔。广播里说待会会有一班快速列车经过月台。我们等的下一班车还没有来。「那个，我也是。」「嗯？」「我也有一些话还在犹豫该不该对小玲奈说。」过了半饷，...,0.9997041821479797,2751,1
2751,2453,...──」快速列车从眼前驶过。「──────」我按着头发，等列车通过。随后如此反问。「你刚才说什么？」紫阳花同学背对着我，摇了摇头。「没什么啦。」「是、是吗？唉？怎么了？不是重要的事吗？」「嗯。」紫阳花同...,0.9997038245201111,2751,1
2751,2454,...」后来，紫阳花同学再也没有提起这个话题。我们搭上电车，前往东京。我与紫阳花同学三天两夜的离家出走之旅，就这样落幕了。第三卷濑名紫阳花的故事第一章因为还是维持朋友关系比较好紫阳花为了离家出走而从家里跑出...,0.9997039437294006,2751,1
2751,2455,...爸爸和妈妈一向体恤紫阳花的辛劳。时常会对她说自己工作很忙，得麻烦她照顾弟弟，抱歉。每当父母因为给紫阳花增加负担而过意不去、向她道歉时，紫阳花都会坚持说：『没关系啦。我是因为自己想做才会这么做的。』紫阳...,0.9997043013572693,2751,1
2751,2456,...子』。实际上，她也不讨厌照顾弟弟。当然了，因为她是个普通人，有时会感觉自己有一半是基于义务去做这件事，有时也会觉得弟弟们实在可爱到不行。而当自己做什么都不顺利的时候，紫阳花就会对实在不肯听话的弟弟们劈...,0.9997038245201111,2751,1
2751,2457,...。所以，跟弟弟们吵架也不是第一次了。因为自己是个好孩子，应该要立刻道歉，让一切回到平常那样。那才是濑名家该有的样子，濑名家就是这样让家庭顺利运转。这个想法并不是别人强加给紫阳花的，而是她自己选择当一个...,0.999703586101532,2751,1
2751,2458,...会开心。看着忙碌的父母在工作之后能度过一小段平静的时光，便会觉得自己的努力得到了回报。她始终坚信那就是自己的幸福。一直以来，她都是这样认为的。是从什么时候开始的呢，明明光是这样就已经满足了，为何还想跨...,0.9997039437294006,2751,1
2751,2459,...烈的冲动，催促紫阳花采取行动。弟弟们的这件事，说穿了也不过是个导火线。没有任何明确的目标，只是笼统地说着『想要有所改变』，她发现自己是如此缺乏计画性，不禁哑然失笑。一大早，当全家人都还睡得很熟的时候。...,0.9997037053108215,2751,1
2751,2460,...重的脚步走向车站，劝告自己的声音代替蝉鸣在内心不断回响。她很清楚自己在做蠢事。很清楚这么做是不对的。所以只要掉头回家，把放在桌上的字条处理掉，一切都会一笔勾销。今天以未遂告终的离家出走，到了明天在家的...,0.9997041821479797,2751,1
2751,2461,...正永远只是个『好孩子』的自己，根本就没有搭上电车的勇气。所以。当她抬起头，看见不应该出现在那里的人的时候，打从心底感到惊讶。在车站等着她的，是朋友。前几天紫阳花才刚给她添了麻烦，她却露出不以为意的表情...,0.9997031092643738,2751,1
2751,2462,...，怎么会有这种事？）她一定不知道，这对紫阳花来说多么开心，带给她多大的鼓励。（我现在明明不是『好孩子』，小玲奈却──）玲奈子笑着说「我们一起去吧」。应该要拒绝的。不应该把她牵扯进这种事情。但是，紫阳花...,0.9997038245201111,2751,1
2751,2463,...这种心情就像是背后长出了翅膀一样。笑容满面的玲奈子──看起来就像来引导自己的天使。紫阳花不禁热泪盈眶地抱住玲奈子，她的身体微微发烫，比一切都要惹人怜爱。「谢谢你，小玲奈。」「呃，嗯」紫阳花紧闭着自己泫...,0.9997033476829529,2751,1
2751,2464,...不定这真的有点奇怪。（啊，我对玲奈子──）紫阳花其实从一开始就注意到了，胸口这股激昂的情绪正是恋爱的感情。第三卷第四章暑假就要结束了！绝对不行！「怎么办怎么办怎么办」紫阳花同学脸色铁青地按着胸口，不断...,0.999703586101532,2751,1
2751,2465,...己的饲育箱被摇动的仓鼠一样不安，但起码表面上要故作镇定，好好鼓励紫阳花同学。「没事的！根本就不要紧啦！因为你可是紫阳花同学耶！？肯定会被原谅的啦！紫阳花同学就算被判刑要关六万年，也会无罪释放的！」基本...,0.9997038245201111,2751,1
2751,2466,...。国中时还直接变成家里蹲，给家人造成了很大的困扰不过这种话说出来也只会真的让她担心，我不会说就是了！我们肩并肩坐在电车里。马上就要到离紫阳花同学家最近的车站了。因为她事前有先联络家里，妈妈和弟弟们好像...,0.9997038245201111,2751,1
2751,2467,...和他们见面。「因为我有整整两天完全把家里的事情丢在旁边，也给大家添了很多麻烦要是他们变成不良少年怎么办！万一染了金发、戴上耳环、跑去纹身的话」「才三天而已耶！？」我紧握住紫阳花同学的手，她的指尖好冰！...,0.9997047781944275,2751,1
2751,2468,...闲自在啊，不对，我不是那个意思，紫阳花同学是家里的支柱！所以大家都望穿秋水，引颈期盼地等着你回去不是，呃，那个！」不行，我安慰人的方式真的是烂到家了！不管如何挣扎，我都拯救不了紫阳花同学的心「如果你担...,0.9997047781944275,2751,1
2751,2469,...呜，小玲奈。」紫阳花同学显得很脆弱，带着难受的笑容回握了我的手。哇、哇啊好可爱好希望紫阳花同学一直这么脆弱，然后永远只拜托我、仰赖着我我会好好守护你的，紫阳花妹妹不对，我不希望她继续脆弱下去！紫阳花同...,0.999704897403717,2751,1
2751,2470,...下去才好！我疯狂挥了挥手驱散内心的妄想。在我和自己内心的邪恶面展开圣魔战争的时候，电车到站了。虽然根本就还没做好心理准备就是了！我们移动到月台。啊啊，是东京。明明才离开短短的几天，却有睽违许久的感觉。...,0.9997046589851379,2751,1
2751,2471,...都是坡道。是说好热！「呃，不、不要紧吧？紫阳花同学，你能走吗？」「嗯，嗯我会努力的」紫阳花同学在努力她在努力地往前走能用两条腿走路，好可爱我们背着背包，爬上楼梯走向车站的剪票口。紫阳花同学的家人到底会...,0.9997047781944275,2751,1
2751,2472,...然是再好不过。但是，假如她们要在这里胡乱责备紫阳花同学，到时候我我就、就算要再把紫阳花同学带走也在所不惜！因为已经没有钱去旅行，所以这次就直接带去我家！唉？要把紫阳花同学带回家里？就像软禁一样，把紫阳...,0.9997050166130066,2751,1
2751,2473,...就会在我的房间乖巧地等着我吗？会和我一起玩游戏，从早到晚都在一起？她会对我说『那个，小玲奈。今天要玩什么呢。唉嘿嘿，我什么都可以喔。因为我，就只有小玲奈了』会说这种话吗？这是依附关系吗？这样也太色了不...,0.9997047781944275,2751,1
2751,2474,...这样是希望紫阳花同学别跟家人和好吗！？别这样！不要为了一己之私而祈祷紫阳花同学变得不幸啊！会下地狱的！午后时分，车站显得空荡荡的，我在内心百般纠结的同时往前走，这时看到了。剪票口的对面，有两个小男孩和...,0.9997041821479797,2751,1
2751,2475,...妈。好年轻是个看起来很温柔的美女妈妈！就在这时，走在我旁边的紫阳花同学直接往前移动。啊啊。紫阳花同学就这样一路小跑穿过剪票口，奔向了家人身边。她用双手抱住弟弟们。我不知道接下来他们说了些什么只是隔着剪...,0.9997037053108215,2751,1
2751,2476,...紧～紧抱着好久不见的姊姊。总觉得我与眼前的场面很格格不入，便停下了脚步。不过，嗯。看到他们一家人的反应，我觉得自己应该没什么好担心的了。这也是当然的，毕竟他们是紫阳花同学的家人嘛。肯定也都是好人。我松...,0.9997029900550842,2751,1
2751,2477,...夜的离家出走之旅，这样一来就真的彻底结束了吧。好啦我也回家吧。我才刚转过身──「小玲奈──！」从剪票口的另一边传来响亮的声音。眼见我回过头，紫阳花同学用力对我挥着手。虽然脆弱的样子能激起保护欲，让人看...,0.9997029900550842,2751,1
2751,2478,...棒的。「真的很谢谢你──！」顿时有股暖意涌上心头。我成功帮上紫阳花同学的忙了。意识到这点后，我也露出笑容，摆出胜利手势回了她。「嗯！」这下，我与紫阳花同学的旅程，终于迎来了真正的完结。happyend...,0.9997034668922424,2751,1
2751,2479,...沙发上。「呼啊」果然还是家里最让人安心出门旅行当然是非常快乐。因为是和紫阳花同学一起，我才总算撑了过去。不过也因此付出了极大的代价，精神点被消耗了三头鲸鱼那么多呢这也许不是一周两周就能痊愈的「唔哇，是...,0.9997032284736633,2751,1
2751,2480,...着制服的妹妹走进了客厅，她似乎才刚参加完社团活动回来。奇怪，已经傍晚了？我在这躺了几个小时了？算了，也是会有这种事我接受这个事实后，正打算再次将意识回归虚无，这时一只手突然伸到了我眼前。嗯？「怎样？」...,0.999703586101532,2751,1
2751,2481,...──哇──」这什么呻吟声啊为什么要用那么轻蔑的眼神看着我这家伙果然是有着血缘关系的假妹妹吗？不过，我那个没有血缘关系的真妹妹，现在肯定正和好几天没见的家人们享受着天伦之乐吧，我得先用这个假货凑合一下妹...,0.9997037053108215,2751,1
2751,2482,...伙做什么啊！「所以，开心吗？」「嗯，当然啦。因为我一直和紫阳花同学在一起嘛。而且后来真唯也有来。」「哦──」感觉她好像是故意回得这么冷淡，不禁激起了我的兴趣。哦。难不成，她和紫阳花同学的弟弟们一样，也...,0.9997038245201111,2751,1
2751,2483,...必一直被寂寞感所折磨吧。没办法，毕竟纯正的阳角根本受不了一个人独处的感觉。（偏见）这样子你就充分体会到平常一直无视的姊姊有多么重要了吧？嗯？嗯？「呵呵呵呵。」我挺起身，对着妹妹张开双手。来，让姊姊抱抱...,0.9997034668922424,2751,1
2751,2484,...不要一起玩游戏？很寂寞吧？嗯嗯？」「恶心。」那两个字是绝对不能对阴角说的，为什么你能这么轻易说出口啊？难道你出生的时候就失去了体贴他人的功能吗？因为有一段时间都陪在紫阳花同学这个堪称『仁德』化身的存在...,0.9997031092643738,2751,1
2751,2485,...怕。妹妹『哎啊──』一声，粗鲁地把修长的腿放在桌子，身体靠上了沙发。都看见内裤了啦。「可以和朋友旅行，高中生真好啊～」「唉？啊，嗯。什么啊，原来你是在意这个啊」所以她不是寂寞，只是在羡慕我吗？不对，其...,0.9997001886367798,2751,1
2751,2486,...久就是高中生了啦，很快的。不过，在那之前还需要通过考试这一关就是了。」「我知道啦。姊姊为什么要摆架子，把自己当成人生的前辈啊？」「因为我本来就是你人生的前辈啊！」这家伙真的是完全把我给看扁了。总有一天...,0.9997026324272156,2751,1
2751,2487,...」「怎样啦──」「因为姊姊突然说要旅行就出门了，妈妈现在可是火冒三丈喔。我想你还是先道个歉比较好。」「自己去太恐怖了，你在旁边帮我讲话啦小遥奈！」我发出谄媚的声音缠着妹妹。「如果你至少有帮我买个伴手礼...,0.9997000694274902,2751,1
2751,2488,...～」「求求你～～～！」看来，短时间之内是没办法逆转我们姊妹的关系了在那之后，我针对自己擅自行动让家人担心这件事，向妈妈道了歉，她也原谅了我。寿命都缩短了啦虽然我再怎么把自己关在家里或者成天玩游戏，妈妈...,0.9997040629386902,2751,1
2751,2489,...就会大发雷霆妈妈要是生气的话可是很可怕的感谢妈妈给了我机会，让我能好好说明这次并没有发生那种事情也谢谢妹妹帮了我还有一件事。紫阳花同学传来了一则讯息。她说想郑重向我道谢，希望下次能来我家拜访。其实我不...,0.9997041821479797,2751,1
2751,2490,...，让她想因此感谢我，我对这件事纯粹感到开心。毕竟我也想再见到紫阳花同学，当然是ok啦。只不过，在我mp恢复之前希望她能再等我一段时间！后来我过着像是在帮离家出走之旅收拾烂摊子一样的每一天，已经完全回归...,0.9997028708457947,2751,1
2751,2491,...过每一天。这种感觉实在太熟悉了。不过，我偶尔也会好好写作业。我果然还是喜欢游戏同学无法离开你啊哎啊～最近的fps一直无止境地在更新，只要有游戏本体就能不断更新，永远享受游戏的乐趣。存款果然是不需要的！...,0.9997031092643738,2751,1
2751,2492,...这种日子会永远持续下去。顺利完成『在高中改头换面出道』的这个大型活动之后，我的人生也完全走上了正轨。没错，要形容的话，我这个乘客正坐在一辆行驶于成功轨道上的电车上。简直就像是转生到异世界的主人公，过着...,0.9996950626373291,2751,1
2751,2493,...束，开学后也是一样。隶属于真唯小圈子的我只要注意自己的定位，想必就能和大家一直开心地过下去吧。尽管我有过沮丧以及遭遇挫败的时候，但也因此变得更加成熟，到了二年级的时候，大家搞不好都会对我刮目相看。说不...,0.9996961355209351,2751,1
2751,2494,...角──要成为从前梦想的那个的理想中的自己──并不只是得在班上找到自己的定位，还要抱着积极的态度，在今后与周围的人诚心诚意地交流。这之后我也会一次又一次、一次又一次地感受到自己的无力。每到这种时候我就会...,0.9997014403343201,2751,1
2751,2495,...，还丝毫没有理解到这些事情。时钟的指针已往前移动，再也回不到暑假之前了。＊＊＊从旅行回来之后已经过了一周。叮咚──一声，门铃响了。来了！我冲出房间，奔向玄关。今天，正是紫阳花同学来我家的大好日子。我站...,0.9997022747993469,2751,1
2751,2496,...会被视为可疑人物。不过因为紫阳花同学要来，我在前一天就打扫过房间，再用滚筒清掉每根毛发，从上午开始就反覆化妆卸妆化妆这样的动作，一直坐立难安。这样的我究竟算不算是可疑人物呢，我想这点是值得商榷。好。把...,0.9997034668922424,2751,1
2751,2497,...着灿烂笑容朝我挥手的真唯。不过站在那里的，毫无疑问是对我微笑的紫阳花同学。「你好。」自旅行回来后就没见过面的紫阳花同学手上提着点心盒。「你、你好！」嗯～～～好可爱！今天也是满分一百分的五亿分！我只见过...,0.9997038245201111,2751,1
2751,2498,...的我来说紫阳花同学实在太过耀眼。要是dlc有发布这样的角色，就算价钱比游戏本体还贵我也会买下去！「是说，要是你跟我说一声我就会去车站接你了啊。」「嗯──不过我大致上还记得怎么走，不要紧的啦。而且我也不...,0.9997041821479797,2751,1
2751,2499,...出了爱心，就在这时，今天恰好休假的妈妈从客厅走了过来。呃。「哎呀是玲奈子的朋友？」「是的，前几天不好意思。」紫阳花同学非常端正且郑重地鞠躬，彷佛可以看到她旁边出现『彬彬有礼』四个字那样标准。「因为是我...,0.9997044205665588,2751,1
2751,2500,...妈妈仔细打量了紫阳花同学之后，露出了疑惑的表情。顺带一提，感觉如果说是离家出走的话，事情可能会变得很麻烦，所以我只有告诉妈妈说是去旅行了。看来紫阳花同学也察觉了我的意图。不过，糟糕了。我被骂就算了（虽...,0.9997044205665588,2751,1
2751,2501,...担心妈妈会不会扯开嗓子说『居然擅自去旅行！』，再次看到她大发雷霆的模样时「嗯──这样啊虽然你可能也是有什么理由但下次至少要提前说一声哦，不然我们会担心的。」「好的，给你们家添麻烦了。这是一点小小心意，...,0.9997041821479797,2751,1
2751,2502,...「哎呀，还让你这么破费，谢谢你。以后玲奈子也要请你多多照顾了。」「好的，那是当然的。」对话和谐地结束了！奇、奇怪？妈妈，你对我的信赖度也和紫阳花同学差太多了吧？虽然紫阳花同学确实就像是个在背后挂着『模...,0.9997041821479797,2751,1
2751,2503,...温厚的表情说「只有女孩子去旅行，万一发生什么事情就危险了。真的很想去的话，也可以在家族旅游的时候把朋友一起叫过去喔」。呃、嗯这样也太害羞了，我才不要呢。总之，幸好紫阳花同学没有被责备。果然人还是要有优...,0.9997050166130066,2751,1
2751,2504,...了紫阳花同学。「呃，那个，站着说话也不太好先去我房间吧？」「不用了。」随后，紫阳花同学莞尔一笑，摇了摇头。「今天只是顺路过来拜访而已，我先失陪了。」「啊这样啊？」「嗯，下次在学校见吧。小玲奈，拜拜。」...,0.9997047781944275,2751,1
2751,2505,...。唉就这样？紫阳花同学的香气逐渐远去。我慌张地穿上凉鞋，追在她后面。「等、等一下紫阳花同学！至少让我送你到车站！」「呵呵，都说没关系了。」「是没错可是你难得来一趟那个，我想和你再稍微聊一下」我害羞地说...,0.9997034668922424,2751,1
2751,2506,...撒娇嘛但是，我在旅行中大量摄取了高浓度的紫阳花同学成分，已经不能满足于那种程度的接触了。我搞不好罹患了紫阳花同学依赖症。手、手在颤抖！「呵呵呵，可以啊，小玲奈。在走到车站之前我们就稍微聊一下吧。」眼见...,0.9997039437294006,2751,1
2751,2507,...啊，对了。你和弟弟他们和好了吗？」「嗯，完全和好了。应该说，他们甚至忘了自己被我凶过，完全变成之前的那副德性了。真的是一点也学不到教训呢。」「啊哈哈」然后我们又聊了暑假作业还有最近玩的游戏。紫阳花同学...,0.9997041821479797,2751,1
2751,2508,...果是平常的话我肯定会疑神疑鬼地想着「这样不是只有我在开心吗！？」。但是，经历那次两个人的旅行，我知道紫阳花同学其实也很享受和我在一起的时间，现在不需要像之前那么拼了。可是，快乐的时间总是一转眼就过了。...,0.9997044205665588,2751,1
2751,2509,...好了！「啊，到车站了」「嗯，谢谢你送我过来，小玲奈。」「嗯，那个。」我低下头，抬眼望向紫阳花同学。「下次在学校那个，也请多指教。」「嗯。」紫阳花同学向我投以微笑。她的温柔彷佛包容了一切。所以，我才会不...,0.9997047781944275,2751,1
2751,2510,...那、那个。紫阳花同学之前说过吧，你在家的时候，偶尔也会想起我。」「唉？」在正午的车站前，我低着头如此说道：「我也是哦，偶尔也会想到紫阳花同学。像是你现在在做什么？紫阳花同学也在这个问题花了很多时间吗？...,0.999704897403717,2751,1
2751,2511,...是用电话讲还好，当面讲出来比想像中还要难为情啊！事到如今再讲说刚才说的话不算什么的也太莫名其妙了，我只能凝聚勇气努力说到最后。「所以，那个如果又发生事情的话，不管是什么事都可以告诉我哦。虽然紫阳花同学...,0.9997050166130066,2751,1
2751,2512,...。应该说如果你能告诉我的话，我反而会很开心。」紫阳花同学还特地买了点心过来道歉，为了稍微减轻她的罪恶感，我试着讲出了内心的想法。啊，这、这样讲应该没问题吧？会不会让她听起来好像是『要快点遭遇不幸哦』？...,0.9997050166130066,2751,1
2751,2513,...同学，我把她视为重要的朋友我的想法有传达给她吗？我如此心想，观察紫阳花同学的表情。紫阳花同学稍微垂下眼帘，然后「嗯、谢谢你、小玲奈。」没错，她像平常一样对我微笑。与此同时，眼眶流下了泪水。「紫、紫阳花...,0.9997047781944275,2751,1
2751,2514,...讶地用手掌接住泪滴。「为什么呢？咦？好奇怪啊？」看到紫阳花同学哭了出来，我的脑中顿时一片空白。为、为什么？怎么回事？唉？什、什么？紫阳花同学哭了！我在旁不知所措，这时突然反应过来，慌张地从口袋里拿出面...,0.9997044205665588,2751,1
2751,2515,...同学用面纸擦拭眼角，但是在那之后，眼泪依然没有要停下来的迹象。为什么为什么？胸口好痛。为了不让紫阳花同学引人侧目，我将手搭在她纤瘦的肩上，带她移动到路边可是，我能做的也顶多只有这样。想必现在的表情相当...,0.9997044205665588,2751,1
2751,2516,...。对不起、对不起，小玲奈。」发生了什么事？紫阳花同学你为什么要哭呢？紫阳花同学依然泪如泉涌。「对不起。」我什么话都说不出口，只是在旁看着这样的紫阳花同学。原本温暖的二人世界简直像建立在冰面上。这样感觉...,0.9997044205665588,2751,1
2751,2517,...天猛然落入了冰冷的水中。后来，紫阳花同学停止哭泣，反覆说着「对不起」，就这样搭上电车回去了。就算问她怎么了，紫阳花同学也不愿告诉我。当然，我也没办法强行逼问出来。最后，我也只是傻笑着说自己完全不在意，...,0.9997045397758484,2751,1
2751,2518,...着急，目送紫阳花同学坐的电车穿过路口。你发生了什么事吗？紫阳花同学不可能什么事都没有就哭成那样不对，如果像我这种精神不稳定的人士或许还有可能但是，那可是无论何时都能自我管理好情绪的紫阳花同学啊。这肯定...,0.9997046589851379,2751,1
2751,2519,...还是别一头热地干涉这件事吗？因为我不想直接回家，便待在附近的公园无所事事地看着手机。唔──唔还是很在意。我不想对紫阳花同学做出类似逼问的行为，但如果是真唯呢？旅行的时候，真唯在大浴场说了些别具深意的话...,0.9997046589851379,2751,1
2751,2520,...依然没有任何答案，到时候再传一则语意委婉的讯息给紫阳花同学吧。委婉？怎么样才算委婉？该怎么做？我硬着头皮给真唯打了电话。仔细想想也不需要打电话，传讯息就好了吧！我在三秒后就后悔了。不过，马上挂断的话给...,0.9997043013572693,2751,1
2751,2521,...悔和航行搭起在一起，我真行）（译注：日文中后悔和航行发音相同。），祈祷真唯不要接电话。她接了。『喂，玲奈子吗？』「啊，对。」『你居然会打过来，真是稀奇呢。』她竟然接了虽然紧张，但既然她都接了也只能好好...,0.9997045397758484,2751,1
2751,2522,...实──」『哦，这样啊。你是因为太寂寞了，想听到我的声音是吗？』「不是！」『那么，你是因为知道寂寞的我想听你的声音，才特地打来的？真教人开心呢。』「也不是这样！」啊。如果要取悦真唯的话，是不是先肯定她这...,0.9997041821479797,2751,1
2751,2523,...方是紫阳花同学的话，我明明可以很坦率的为什么面对真唯连这点话都讲不出口啊。但是，这一切都是为了大天使紫阳花同学，没办法了。我靠着一股毅力把话挤了出来。「其、其实就是这样我想听真唯的声音！」『这样啊。所...,0.9997043013572693,2751,1
2751,2524,...你怎么反而不接话啊──！」电话那头的真唯笑得很开心。也对啦，毕竟你对我瞭若指掌是吧！？这家伙──！「其实！是关于紫阳花同学的事！我们刚才有稍微见了面，但她好像还是没什么精神！」『这样。』我叹了口气。「...,0.9997045397758484,2751,1
2751,2525,...来如此。不过，我也猜到是这样了。』「都知道我要说什么了，竟然还讲那种话来捉弄我，真是有你的风格呢」『抱歉，这是我的坏习惯谁教玲奈子明明这么容易捉弄，却又总是毫无防备地露出可爱的模样』「你这也是在假装反...,0.9997045397758484,2751,1
2751,2526,...开心地笑了，然后回到了刚才的话题。『如果是关于紫阳花的话，我是有头绪。』「不愧是真唯！真唯无所不知！是能够连接阿卡夏记录的女性！」『但是，我并不打算告诉你。』「为什么！？你好坏心眼！」我强烈抗议。『不...,0.9997045397758484,2751,1
2751,2527,...为此烦恼，我不禁得寸进尺地说：「那要怎么做你才愿意告诉我！？」『怎么做是指？你打算为我做些什么的意思吗？』「唉唉？」完蛋了，我一个不小心太深入了，被反将了一军。因为感觉到真唯是占有优势的一方，我不禁支...,0.9997044205665588,2751,1
2751,2528,...真唯是行不通的。就算说要帮她写作业还是帮忙提升游戏的等级，想必她也不感趣。既然如此，我能给出的东西当中，对真唯来说最有价值的就只有那个了我用力咽下了口水，出卖了自己的身体。「亲、亲亲你的脸颊，之类的！...,0.9997044205665588,2751,1
2751,2529,...『啊啊，嗯，原来如此。』「等一下！刚才你是不是在心里想说『她是小学生吗？』！不是啦，刚才说的只是抢先体验的体验版！正式版可是很厉害的！」『是怎么个厉害法呢？』感觉到真唯完全是在寻我开心，我在公园用微弱...,0.9997046589851379,2751,1
2751,2530,...忍着难以言喻的羞耻这么说了，真唯的反应却很平淡。『平常就在亲了吧。』「呜呜呜呜呜。」我以为自己会害羞而流出血泪。看样子，事情已经演变成我能为了紫阳花同学将自己的灵魂出卖到什么地步了「那、那好吧这可是很...,0.999704897403717,2751,1
2751,2531,...「代价竟然是要付出我的人生！？什么鬼啊！？」『不是，感觉上就是这种气氛，我不禁就说出口了。』没有被真唯的蠢话迷惑，我严肃地打出了手上的鬼牌。「之、之前我们两个有在笔记本上写了自己的各种欲望对吧」『我当...,0.9997045397758484,2751,1
2751,2532,...全部实现。』根本不记得嘛！我抑制了想如此呐喊的心。不可以被拉进真唯的步调，不可以被她牵着鼻子走我意识到自己的脸颊在逐渐发烫，依然以响亮的声音说道：「你可以实现那本笔记本上的内容随、随便一个都行」我能感...,0.999703586101532,2751,1
2751,2533,...响着蝉鸣的公园。『随便一个都行。』「对。」我老实地点了头。因为我其实很努力地忘记真唯写的东西，所以记不太清楚了，但我感觉里面包含了什么不得了的东西面对这个荒唐的请求，欲望化身的真唯给出的答覆是──『原...,0.9997022747993469,2751,1
2751,2534,...个」我刚打算问她什么时候有空，真唯便斩钉截铁地说道：『但是不行。』「为什么啊啊啊！？」我已经没办法再提出更好的条件了啊！？所谓交涉，不看清对方可以勉强妥协的底线是不行的啊！？『正确来说，那个，对不起。...,0.9997023940086365,2751,1
2751,2535,...何人。』「你说、什么」结果就是不肯告诉我嘛！「呜呜，好过分真唯玩弄了我的纯情哭哭哭」『抱、抱歉。』「你明明一开始就不打算说，还要捉弄我，偷偷嘲笑我呜──呜──太过分了」『对不起。』我本打算在接下来将近...,0.9997041821479797,2751,1
2751,2536,...适可而止了。虽说只要我用哭的或是色诱，真唯就很容易中招，但如果太滥用的话，我可能就会慢慢变成符合真唯喜好的女性了先不用管我的事情！现在最重要的是紫阳花同学！真唯整理好心情后，这样告诉我。『紫阳花现在的...,0.9997046589851379,2751,1
2751,2537,...没办法帮上忙。』「是、是吗？」『嗯，虽然很不甘心就是。』真唯好像真的是无所不知。脑海闪过紫阳花同学的泪水，我的语气顿时显得很失落。「可、可是真的、什么都做不了吗？」『没错。尤其是你。』「」我很难老实地...,0.9997044205665588,2751,1
2751,2538,...，说不定会伤害到紫阳花同学。我不希望这样。我以前曾是个家里蹲，不管父母说得再温柔我也一句话都听不进去，只是把自己关在自己的世界。我之所以能从孤单一人的房间里走出来，是因为我自己打开了那扇门。外面的世界...,0.9997050166130066,2751,1
2751,2539,...。我是真的被他们所拯救的。可是，一开始的契机还是因为我自己把门打开了。绝对是这样。所以，真唯想说的应该就是现在能做的也只有等待。「是、这样啊。」我不能粗暴地敲那扇门，吓到紫阳花同学。这样会是最严重的反...,0.9997051358222961,2751,1
2751,2540,...问真唯。「既然这样，那件事，和我有关吗？」真唯沉默了一会儿才给出回应。『对。不过，这不是你的错。』「可是」真唯以果断的语气如此说道：『不是任何人的错。关于这件事，是真的无可奈何就好像有一天突然有个女孩...,0.9997050166130066,2751,1
2751,2541,...件。』如果不是真唯这么说的话，我说不定会认为自己对紫阳花同学做了什么不好的事，然后一直责备着自己。「我知道了。」我轻轻地点了头。接着叹了口气，假装自己很有精神。「要是我一直愁眉苦脸的，反而会让紫阳花同...,0.9997047781944275,2751,1
2751,2542,...。」其实我完全无法接受，恨不得现在就去敲紫阳花同学的那扇门，但我还是勉强地让自己明理地点头。紫阳花同学居然是因为我才哭的，如果直接承受这件事的话，我的心灵很有可能会粉碎得面目全非，而且我也不能让告诉我...,0.9997051358222961,2751,1
2751,2543,...太好了。谢谢你为我着想。』呃，我费尽千辛万苦才努力咽下去的话，为什么她这么轻易地就能听出我的弦外之音呢这家伙你就是因为这样才会这么受欢迎的吧「只是，我可以问一件事吗？」『是什么呢？』我看着走过公园的行...,0.9997051358222961,2751,1
2751,2544,...嘛，很难说呢。』真唯好像也是在说给自己听的那样说道：『不过，一旦许愿想获得什么新的东西，那种感觉就已经类似一种诅咒了。为了设法完成目标，也只能自己主动踏出那一步。如果是你的话，肯定会懂的吧？』紫阳花同...,0.9997044205665588,2751,1
2751,2545,...我憧憬着过于遥远的光芒，向它伸出了手。「嗯。」我静静地点了头。假如紫阳花同学是在烦恼着什么事情，但迟迟无法鼓起勇气的话，我想要帮她加油。告诉她即使错了、失败了也没关系。虽然我这个人或许不是很可靠。但就...,0.9997040629386902,2751,1
2751,2546,...因为，紫阳花同学对我来说，是个很重要，非常重要的──朋友。第三卷濑名紫阳花的故事第四章要好好传达出去哦，我的心意高中一年级的夏季一天又一天地经过。在一成不变的每一天里，唯独时间在不断流逝。濑名紫阳花早...,0.9997037053108215,2751,1
2751,2547,...以始终没有做过的复杂料理，还独自破了放置许久的困难动作游戏。她很仔细地规划自己的时间。从那天之后，紫阳花就没有和玲奈子联络过。因为自己突然哭出来的事实在是太难为情，就算现在回想起来也会苦闷地扭动身体。...,0.9997023940086365,2751,1
2751,2548,...说。她认为不能因为这点小事就拒绝上学，生命总是会找到自己的出路，内心已经半放弃了。她认为自己的心情已经整理好了大概。时间果然是能解决一切的万灵丹。或许是因为下定了决心吧，日子过得缓慢到不可思议。每天简...,0.9997032284736633,2751,1
2751,2549,...。紫阳花呆然地望着窗外，此时有个女孩子的声音把她拉回了现实。「会长、会长～」「唉？」这里是家庭餐厅，包括自己在内的四个女高中生正围着桌子坐着。她们是紫阳花国中时代的朋友，后来各自升上了不同高中。为了照...,0.9997023940086365,2751,1
2751,2550,...邀请紫阳花。是一群很有耐心且难能可贵的朋友。「会长你过得怎么样？高中生活感觉还不错吗？」旁边的孩子像是理所当然那般点了点头。「那当然啦，我完全无法想像会长一个人孤零零的样子。」紫阳花露出为难的表情笑了...,0.9997020363807678,2751,1
2751,2551,...后，不禁面面相觑。「话是这么说啦，但会长就是会长啊。」「那这样的话应该叫什么呢？小紫阳花？」「好怪──！」其中一个人拍着手大笑。「唉～有这么奇怪吗～？」紫阳花从国中二年级开始担任学生会长，后来大家就都...,0.9997031092643738,2751,1
2751,2552,...女，都会把紫阳花称为『会长』。她们一脸感慨，兴高采烈地聊着往日的回忆。「果然还是因为会长的人气超高呢。」「她是我们这一代的偶像应该说已经是传说了？」「好像在毕业之后，学校也一直在流传着濑名会长的英勇事...,0.9997022747993469,2751,1
2751,2553,...茶。三人对『紫阳花究竟有多么优秀！』这个议题开始长篇大论，不过内容有许多加油添醋的地方，若是要一个一个吐槽的话似乎会没完没了。「会长那一届的学生会真的很厉害呢。」「大家都十分信赖会长。要是遇到什么困难...,0.9997009038925171,2751,1
2751,2554,...使用预定表发生争执的时候也是──」其他人觉得麻烦而不想做的事情，对紫阳花来说根本就不算痛苦。并非什么大不了的事情。明明每天只是像这样埋首苦干，回过神来，才发现每件大小事都要由自己负责下判断，其实这挺出...,0.9997016787528992,2751,1
2751,2555,...吗？」「唔～」芦谷高中会在暑假结束后开始举办学生会的选举，到时将会开始招募学生会的新成员目前知道的资讯只有这样。不知为何，旁边的女孩子笑着回答。「她当然会啊。濑名会长不参加学生会的话，也太浪费人才了吧...,0.9997028708457947,2751,1
2751,2556,...在还有点犹豫。」说完，其他人不禁吓了一跳。「是这样吗！？」「你开始参加社团活动了吗？」「是因为家人吗？」「不是啦～」反正有在国中时代加入学生会，充分体验过就足够了，紫阳花只是没来由地这样认为。要是再继...,0.9997040629386902,2751,1
2751,2557,...紫阳花的态度显得很暧昧，坐在她对面的少女露出了兴奋的表情。「啊，我知道了！是交了男朋友对吧！」听到她这句话之后，剩下的两个人情不自禁地笑了出来。「会长交了男朋友！？」「不管被谁告白，都绝对不会点头的会...,0.9997043013572693,2751,1
2751,2558,...」「唉？唉？」紫阳花的脸愈来愈红。「不，不是啦。我才没有男朋友。」不理会拼命挥手否认的紫阳花，三人又自顾自地兴奋了起来。「要是会长真的交到了男朋友，我得在国中的联络网大肆宣传才行呢」「看来这附近的人要...,0.9997047781944275,2751,1
2751,2559,...是啦」是她们说得太夸张而已。自己在国中被告白的次数应该只是比别人多一点吧。「不过，会长已经有意中人了吧？」「对啊，你看，脸都红了。会长好可爱～！」「唉？」紫阳花一把手贴在脸上，她们就在旁边嘻嘻窃笑。「...,0.9997045397758484,2751,1
2751,2560,...吧？」「唉？为什么！？」「不要紧的啦，只要会长用自己的美貌去展开攻势，不管是什么样的人都会轻易坠入爱河的！」不，其实也没有这回事紫阳花露出无奈的表情笑了笑。「因为我和对方的关系，其实不太能被世人接受。...,0.9997045397758484,2751,1
2751,2561,...小声地对彼此说道：「那该不会是」「学校老师」「外遇」「唉？唉？」就在紫阳花惊讶不已的时候，她们的想法达成了共识。「虽然我们都想支持会长但我觉得这种事是不行的。」「对啊，这样会长会不幸的」「最好还是别和...,0.9997041821479797,2751,1
2751,2562,...年长男性谈糜烂的恋爱了！」「就、就说不是了啦！」虽然紫阳花果断否认了这点，但是三个人对她的说词充耳不闻。反而在认真讨论着要和紫阳花的男朋友进行一场四方会谈，借此好好判断他是什么样的人。紫阳花叹了口气，...,0.9997043013572693,2751,1
2751,2563,...中了问题的核心，内心浮现出一位少女。没关系，已经想通了。我早对自己不适合谈恋爱有所自觉。因为我只会关心别人。只要自己不主动介入，就不会发生无谓的争端。可以像以前一样，和大家在一起。（那是我应该做的，我...,0.9997043013572693,2751,1
2751,2564,...在那个车站，就已经做好了决定。这次一定要当个好孩子。紫阳花在三人对话的途中，面带笑容说道：「不要紧的，谢谢你们为我担心。」听到紫阳花这么说，朋友们也总算接受，换了下一个话题。不久后时间到了，紫阳花等人...,0.9997034668922424,2751,1
2751,2565,...不会涌起悲伤与痛苦的情绪，时间一转眼就过去了。然而在踏上归途的时候，事情发生了。离开家庭餐厅后，一股闷热的暑气便垄罩全身。不过最近的不快指数已经下降到足以忍受的程度。今年也许会比较早进入秋天。紫阳花仰...,0.999703586101532,2751,1
2751,2566,...中一个人发现了什么，不禁大声说道：「那里怎么了？怎么那么多人？嗳，你们看，那边是不是在摄影？」不经意地凑过去一看，发现那里好像在进行外景的拍摄。这一带从以前开始就经常被用来街拍，所以偶尔会像这样看到艺...,0.9997032284736633,2751,1
2751,2567,...」「唉唉──！？那不是王冢真唯吗！？」紫阳花瞪大了双眼。眼前那个被众多工作人员和游客包围的，是自己的同班同学。不现在的她看起来丝毫不像是同班同学。站在那里的，是一名优秀的独立模特儿，王冢真唯。现在好像...,0.9997034668922424,2751,1
2751,2568,...接耳地说道：「哇现场看到本人，果然很厉害呢。」「应该说是气场不同吗？她果然很与众不同呢。」「我要是也有王冢真唯的长相就好了～」她们这样说着，相视而笑。紫阳花也是这样想的──啊，她真的很漂亮呢。如果是前...,0.9997026324272156,2751,1
2751,2569,...但是，紫阳花已经知晓了。自己没办法变得像她一样。自己只不过是为了真唯与玲奈子所生活的世界献上祝福的，天使（丘比特）而已。从某处传来了声音。──真的吗？那是从自己内心发出的，本应封闭起来的心意。我──紫...,0.9997029900550842,2751,1
2751,2570,...上了视线。「啊。」被那双湛蓝的眼眸注视着，紫阳花突然感觉喘不过气。她那令人印象深刻的声音，一瞬间在脑海复苏。『──其实，我喜欢玲奈子。』真唯当初说这句话的时候，那表情实在太过美丽、太过耀眼──深深夺走...,0.9997033476829529,2751,1
2751,2571,...那个夜晚，早已遗弃在祭典的心，又开始动摇了。想告诉坦承自己喜欢玲奈子的真唯，其实────其实。回过神来，紫阳花已经踏入人群之中。这次不会借助任何人的力量，要自己一个人亲口说出来。「小真唯。」周围围观的...,0.9997033476829529,2751,1
2751,2572,...？』『好可爱～』纷纷夸奖着她。朋友们则是说着『等、等一下，会长？』阻止她。然而那些话全都无法传到紫阳花的耳里。真唯看到同班同学，笑容变得更加灿烂。「嗨，紫阳花。真是巧遇啊。我很高兴你愿意跟我打招呼。」...,0.9997034668922424,2751,1
2751,2573,...样的反应，真唯微微歪了歪头，向她莞尔一笑。「说吧，紫阳花。」在周围一群人的守望之下，她们进入了只有彼此的世界。「我──」为了说出那一天没说完的话。紫阳花向等着自己说出口的真唯。真切地表白。「我也喜欢小...,0.9997040629386902,2751,1
2751,2574,...，沉默了一会儿，然后抬头仰望天空。紫阳花见状后也抬头望去，眼里映着那开始混杂着薄暮的广阔蓝天。接着，真唯这样询问。「紫阳花，待会可以借点时间吗？」「啊，嗯，今天没问题。」「是吗？」真唯嫣然一笑，邀请紫...,0.9997041821479797,2751,1
2751,2575,...一道不同的声响。在众目睽睽之下做出了大胆的行动，紫阳花对此多少感到了后悔与紧张。太阳西下后，紫阳花与真唯坐上电车，来到了东京都内的水族馆。她握着买来的票，跟在真唯的后面移动。在犹如隧道般的黑暗之中往前...,0.9997039437294006,2751,1
2751,2576,...『我要和小真唯一起去别的地方』的时候，她们不出所料地开始鼓噪起来。『原来会长认识王冢真唯吗！？』『这么说来，你们都是芦谷高中的！』『那个，我们也可以一起去吗！？』听到她们的这番话，真唯只用一个微笑就婉...,0.9997044205665588,2751,1
2751,2577,...下紫阳花。她是我重要的朋友。今后也麻烦你们照顾她。』被如此拜托之后，自然不会有人坚持跟过来。走过转角，视野一下子开阔了起来。呈现在眼前的是一片宽阔的海洋。稍微走在前面一点的真唯在水族箱前停了下来。「其...,0.9997040629386902,2751,1
2751,2578,...围一片昏暗，自然不会有人特意去观察别人的长相。总觉得这样能在真正的意义上变成独自一人，让我相当放松。」紫阳花站在真唯的旁边。「我好像有点理解。」真唯对紫阳花投以微笑。「如何，要牵个手吗？」「就好像在约...,0.9997044205665588,2751,1
2751,2579,...唯的秘密约会。恋人竟是同班的美少女！？』。」因为她的讲法很有趣，让一直紧张的紫阳花也微微露出了笑容。真唯的手伸了过来，紧紧握着，就好像要裹住紫阳花小小的手那样，让人感到很温暖。牵着手在馆内游览，紫阳花...,0.9997044205665588,2751,1
2751,2580,...。」「玲奈子也经常这么说呢。」「也许大家都是这样想的吧。」紫阳花笑了。那是让人感到已经释怀的笑容。「工作中的小真唯，真的非常漂亮，被这样的人说喜欢的话，无论是谁都会喜欢上小真唯吧。」「如果真是这样就好...,0.9997045397758484,2751,1
2751,2581,...手牵着手，身影映在压克力板上，看起来非常亲密。「小玲奈是个好孩子呢。」「是啊。」「小真唯会让小玲奈幸福吗？」一条大鱼悠然自得地从两人眼前游过去。真唯没有将紫阳花这句话照单全收。「我确实是很想这么做，但...,0.9997050166130066,2751,1
2751,2582,...」「是啊。她比我想像中还要难缠。虽然我坚持要由来我让她幸福，但战况应该依然还是五五波。」「好厉害啊，小玲奈。真强呢。」能与那个王冢真唯站在同等立场较劲的人，想必在芦谷之外的地方也没有几个吧。「紫阳花。...,0.9997051358222961,2751,1
2751,2583,...唯，唉？你应该不是那个意思吧？」「当然，是作为朋友的喜欢。」「说，说得也是。我有点慌了我还想说这次是不是要和小玲奈争夺小真唯了呢」真唯浅浅一笑。也许她是明知紫阳花会有这种反应还故意吓唬她的。「所以呢，...,0.999704897403717,2751,1
2751,2584,...。」紫阳花的眼神中满是动摇。「我也喜欢小真唯啊。」「原来如此，看来我们是两情相悦啊。」「呵呵，如果是的话就很教人开心呢。」紫阳花很感谢真唯。因为有真唯在，所以才能够将自己之前一直封闭在内心的想法坦承地...,0.9997047781944275,2751,1
2751,2585,...阳花的痛苦也有所缓和。如果只是这种程度，应该就能一直忍耐下去。这全都多亏了真唯。所以，紫阳花只是想对真唯说声谢谢，仅此而已。本来应该是这样的。真唯莞尔一笑。「不过，没关系的，紫阳花。」比海还要深邃的瞳...,0.9997044205665588,2751,1
2751,2586,...但是，你不需要这么做。你应该把自己的心意传达出去。」「但是，要是那样做的话。」「我不会困扰的。」真唯如此断言。「看着紫阳花怀抱着无法传达的思念痛苦地活着的模样，反而更令人无法忍受。玲奈子的想法肯定也和...,0.9997041821479797,2751,1
2751,2587,...，为什么？」「因为──」真唯笑着说道：「玲奈子最后选择的，一定是我。」紫阳花抬头看向真唯，顿时有种拨云见日的感觉。她甚至觉得，自己以前也许完全不瞭解真唯。好帅啊，小真唯。人心易变，谁也无法保证隔天是否...,0.9997041821479797,2751,1
2751,2588,...子与紫阳花一起出去旅行后，她就慌慌张张地追了过来。听说两个人住在同一个房间之后，也是显得那么惊慌失措。真唯和自己一样，只是一个恋爱中的小女孩。然而，她现在却抬头挺胸。为了让紫阳花安心，毫不犹豫地如此断...,0.9997043013572693,2751,1
2751,2589,...情，这样。虽然有点拐弯抹角，真唯还是采取了最有她自己风格的方式，推了紫阳花一把。将软弱和迷惘都一起咽下。所为无他，正是为了陷入烦恼的朋友。她那高洁的模样，在紫阳花看来非常美丽。「难道，我就没有胜算吗？...,0.9997050166130066,2751,1
2751,2590,...多少会有些犹豫吧。但是不要紧的。被紫阳花告白，不可能有人会不高兴。不如说，反而是我对你过意不去。」「无论我怎么豁尽全力，都无法实现这个愿望吗？」「很遗憾。就算以朋友的角度来看，紫阳花也确实很有魅力。但...,0.999704897403717,2751,1
2751,2591,...情都会变得愈来愈轻松。回想起来，说不定真唯在祭典当天，也是想表达这件事。她想告诉我『我喜欢玲奈子。所以，你就放心地把你的心意告诉她吧』。既然这样她为什么为什么当时要用那么笨拙的方式表达呢？实在不像是做...,0.999704897403717,2751,1
2751,2592,...语来面对紫阳花的证据吧。这样啊。原来自己可以把这份思念，传达给玲奈子啊。始终游移不定，被这份感情摆布，做了许多不像自己的事情，但依然努力地故作镇定，本以为终于可以放弃了，却又无法处理的这份思念。紫阳花...,0.9997047781944275,2751,1
2751,2593,...。」「嗯。」「所以我一直告诉自己，保持现状就好了。」「我懂。」「这是我所希望的，所以我一直告诉自己应该这么做，努力不让这份情感表露出来。」但是，要封闭那不断膨胀的思念是不可能的。这样，心灵的水族箱总有...,0.9997045397758484,2751,1
2751,2594,...的肩上。「所谓的活着，就是改变。根据环境的不同以及全新的邂逅，人会无限地改变下去。在海里游水的鱼经历了漫长时间之后，也能够变成在天空翱翔的鸟。一旦放弃变化，人将会一事无成。」「就算这样──」紫阳花痛苦...,0.9997045397758484,2751,1
2751,2595,...在说什么呢，紫阳花。」真唯侧着头，靠了过来。感觉得到她的体温。「onn'aqu'unevie.人生只有一次。既然是个女孩子，就该勇敢去爱。」真唯如此低语。「而且你打从一开始，就一直是个无比可爱的女孩子...,0.9997045397758484,2751,1
2751,2596,...啊，我好像比你早一步鼓起了勇气。」真唯这样说完，浅浅一笑。对于她在紧张的这个事实，紫阳花莫名感到有些奇怪。「小真唯，真的，很谢谢你。」「没关系。紫阳花才是谢谢你愿意听我说话。」两道影子在水族箱前重叠在...,0.9997047781944275,2751,1
2751,2597,...是恋人。那么不管面对什么样的困境，都坚信对方可以重新振作，陪伴在身旁一同走下去的，就是我心中的朋友。」真唯好像有点害羞。「虽然不可能会发生万一，但即使在背后推你一把会对未来的我不利，我也依然会这么做。...,0.9997050166130066,2751,1
2751,2598,...再是王冢真唯了。」紫阳花也把手绕到真唯的背后。能让真唯这么为自己着想，不禁感到有点骄傲。「小真唯，真的是个很棒的人呢。」「这样讲我会害羞的。」「真的谢谢你。」再一次紧紧抱住真唯的身体。紫阳花心想，这次...,0.9997050166130066,2751,1
2751,2599,...持续下去。因为无论彼此如何改变，喜欢上同一位少女、倾诉彼此心意的这一瞬间，是永恒的。所以，已经不要紧了。紫阳花离开了真唯。用食指拭去泪水。接着她露出微笑。「小真唯，要看着哦。」「嗯，如果你希望的话。」...,0.9997046589851379,2751,1
2751,2600,...呃，小玲奈？现在方便吗？呃嗯，那个」紫阳花决定任性一次。「待会，可以见面吗？嗯，嗯只要一下子就好了嗯，谢谢。」将地点指定在玲奈子家附近的公园，随后紫阳花便挂断了电话。眼见紫阳花快要晕倒，真唯撑住了她纤...,0.9997045397758484,2751,1
2751,2601,...「嗯好紧张啊。」宛如在水族箱里感情要好地游水的鱼，两个人相视而笑。然后，紫阳花好似摆脱了所有重力般，往前迈步。迈出了那轻盈的一步。第三卷终章我前往约好碰面的公园之后，发现在那里的不只有紫阳花同学，连真...,0.9997043013572693,2751,1
2751,2602,...方不是紫阳花同学，感觉好像会被抓起来修理一顿。我应该没有惹她生气吧？我披着外套往前走，战战兢兢地询问：「那个我们聚在这里要做什么呢？」尽管我这样问了，但她们两人只是互相望着。什么状况啊？好可怕。此时，...,0.9997044205665588,2751,1
2751,2603,...些凉爽的夏天夜晚。「那个。」「嗯。」紫阳花同学将手放在胸前，深深地吸了口气。「小玲奈，其实我」「呃，嗯。」总觉得反而是我开始紧张起来了。「我从以前开始，就很不擅长抢走别人的东西。」「这、这样啊。」「嗯...,0.9997044205665588,2751,1
2751,2604,...说『换我』。若是正在玩的人看起来很开心，我会觉得这样也没关系。我怎么样都没办法将别人推到一旁，只顾着自己享受。」我偷偷瞥向真唯一眼。紫阳花同学到底是要说什么啊？然而，真唯只是微微耸了耸肩。意思是「你就...,0.9997047781944275,2751,1
2751,2605,...说道：「自从开始照顾弟弟们之后，这样的心情就变得更加强烈。我认为看到大家过得幸福的样子，就是我的幸福。」紫阳花同学之前也说过这件事。「被班上的同学邀请的时候也一样，会来邀我的人，是想和我一起玩才这么做...,0.9997046589851379,2751,1
2751,2606,...以来，我都以为自己是一个能顾及身边的人感受的好人。」紫阳花同学浅浅一笑。「明明真正善良的人是不会觉得自己是个好人的。我真是个笨蛋。我只是不让自己讲任性的话，一直在默默忍耐而已。」紫阳花同学将视线投向我...,0.9997040629386902,2751,1
2751,2607,...完全理解蕴藏在这句话背后的想法。但是，我可以感受到她在话语里放入了非比寻常的情感。「我、我吗？」「嗯小玲奈，无论何时都很耀眼，为我照亮了前方的道路。是小玲奈，给了我往前走的坚强喔。」这时，紫阳花同学又...,0.9997038245201111,2751,1
2751,2608,...织了世界上最美丽的话语。「我喜欢小玲奈。请你和我交往吧。」我一时之间什么都说不出口，就这样过了半饷。我只是一直盯着紫阳花同学通红的那张脸。心脏一直跳得很大声。我。已经没办法正常思考。「──好、好的」就...,0.9997038245201111,2751,1
2751,2609,...音。第三卷濑名紫阳花的故事终章紫阳花坐在玄关，穿上闪闪发亮的平底鞋。久违地穿上了长袖制服，这个身为高中生的证明好像让自己稍稍蜕变为成年人一样，感觉很不错。从今天开始就是第二学期了。早起虽然很难受，但一...,0.9997031092643738,2751,1
2751,2610,...总是成双造访的。好吃的东西总有一天会吃完，有了重要的人就会害怕失去。话虽如此，要是一直封闭着自我也无法活下去。必须要打开大门，往前迈进才行。当她正要出门的时候被叫住了。妈妈说了一句「给你的信」将信封递...,0.999703586101532,2751,1
2751,2611,...人上面写着铃木照相馆。「哇。」她兴奋期待地打开了信封，放在里面的是当初和真唯一起拍的照片。自己竟然站在巨星模特儿的旁边，简直就像是与偶像一起拍的合照。「把这个带去学校，让小真唯帮我签个名好了。」紫阳花...,0.9997038245201111,2751,1
2751,2612,...个人的合照。不是在摄影棚，而是叔叔看到她们在照相馆闲逛，一时心血来潮拍下的。真唯、玲奈子与紫阳花三个人并排站在一起，站在中间的玲奈子向着镜头比了个小小的胜利手势。看到这张照片，紫阳花的笑容变得更加灿烂...,0.9997039437294006,2751,1
2751,2613,...进包包，再次从家里出发。「我出门了──」外面是晴天。紫阳花的脚步轻快。温和的风带着秋天的气息缓缓吹来。有人对着站在月台等车的紫阳花打招呼。「早安，会长。」紫阳花回过头，发现穿着校服的这位女孩是前阵子在...,0.9997040629386902,2751,1
2751,2614,...是今天开学？」「嗯。好久没起这么早了，好困喔～」「我也是。」语毕，两人相视而笑。但是，走到紫阳花旁边的她突然低下头。「那个，会长。之前很对不起。感觉一直在调侃会长。」「唉？不会啦，我完全不在意。」「哎...,0.9997037053108215,2751,1
2751,2615,...会不会不舒服。我们每个人都有在私底下反省过了。」「这样啊？让你们担心了呢。」「因为，不管我们说什么会长总是一脸笑咪咪的，所以就有点得寸进尺了。真的很对不起。对了，我把带来当午餐的便当给你吧？」「我没办...,0.9997038245201111,2751,1
2751,2616,...小友梨。」「什么什么？」就像在告诉别人上学路上开的花是什么颜色那般，紫阳花的声音里带着一丝欣喜。紫阳花告诉朋友。「其实呢，我前阵子告白了喔。」车站的月台响起了刺耳的声响。「唉唉──会长吗！？对、对方是...,0.999703586101532,2751,1
2751,2617,...呵，不是啦。」紫阳花莞尔一笑。将手指贴在唇上，像是在细细品尝甜蜜的味道那般低语。「是会拉着我的手、守护我的、非常可爱的天使喔。」你的幸福，就是我的幸福。但是──就算是我，也想要掌握属于自己的幸福。要是...,0.9997039437294006,2751,1
2751,2618,...有发现。让我明白这件事的，是玲奈子。都是多亏了这个无论何时都为了追求自己的幸福而一心一意往前迈进的女孩。暑假结束了，紫阳花的恋情将从现在开始。时钟的指针也依然在继续往前。愿这条轨道的前方──能够通往幸...,0.9997044205665588,2751,1
2751,2619,...买《我们不可能成为恋人！绝对不行。（※似乎可行？）》第三集。玲奈子在6月就到达极限的阳角生活也迎来了暑假。当玲奈子每天在家玩游戏的时候，再次有骚动降临在她身上，事情发展究竟会如何呢？就是这样的故事。而...,0.9997041821479797,2751,1
2751,2620,...我没有持续在玩健身环，不过，比起坚持玩健身环却没办法出到第三集的世界线，这样的结果应该还是比较好吧！（将错就错）这次的主角是紫阳花同学。她从第一集就被玲奈子摆布，而这次是她在夏天所发生的故事。这样写的...,0.9997044205665588,2751,1
2751,2621,...、女孩子和烟火等等都被视为感性的象征。既然如此，女孩子喜欢上女孩子的少女恋爱喜剧，也必然是双倍合拍。话说，我在写第三集本文的过程中，看到了好几次『顶着草帽、穿着白色连身裙的紫阳花同学』这样的幻觉，写完...,0.9997044205665588,2751,1
2751,2622,...毕竟夏天也是恐怖故事的季节呢第三集和以前的《我恋不行》带着稍稍有点不一样的氛围，如果第三集有让各位看得开心的话就是我的荣幸了。紫阳花迈出了新的一步，舞台将延续到第四集。各位读者，多亏你们到处帮我宣传说...,0.9997050166130066,2751,1
2751,2623,...才有能出到第四集的迹象。好开心啊，真的关于第四集，是拥有许多谜团的美少女，小柳香穗的回合。我也打算让累积至今的小香穗力一口气大爆发。会努力让看了第四集的人当中每五个就有一个觉得『我现在最喜欢的是小香穗...,0.9997051358222961,2751,1
2751,2624,...奈子那么，接着是谢辞。负责插画的竹嶋えく老师，这次也非常感谢您。我能够激起动力「想把小圈子的每个人都写得更有魅力」，这都要归功于竹嶋老师。另外，我也由衷地感谢责任编辑k原先生，以及参与本书制作的诸多相...,0.999704897403717,2751,1
2751,2625,...们一起创作更多女孩子之间的故事吧。而最重要的，我要向拿起这本书的读者，以及为这本书的销售而努力的书店店员们献上大大的感谢。能够实现在第二集的后记中提到的约定，也是多亏了现在翻开这本书的各位。在《我恋不...,0.9997038245201111,2751,1
2751,2626,...少女一样，可以稍微任性一点的话，我希望不仅仅是第四集，之后也能继续写下去。所以请各位今后务必也助我一臂之力。接下来是疯狂的两行宣传时间！むっしゅ老师作画的《我恋不行漫画版第二集》已在4月19号发售！（...,0.9996997117996216,2751,1
2751,2627,...多多指教！那么，希望我们能在下一次再会！我是みかみてれん！第三卷特典闲话妹妹想要攀上枝头变凤凰我只有在客厅的时候才看电视。通常是在吃饭前后，还有洗完澡之后。因为我的房间的电视没有连接到调谐器。因此，在...,0.9997032284736633,2751,1
2751,2628,...时，午间节目刚好播放了上次的时装秀影片。「喔──是真唯耶。」我现在也总算习惯看到真唯出现在萤幕上了。因为真唯每周竟然都有一个在傍晚的固定节目我知道她是一个炙手可热的模特儿，但没想到她还会出现在电视上，...,0.9997027516365051,2751,1
2751,2629,...目艺人所选的打扮提供建议，一下又担任模特儿。尽管出场时间很短，但她也能正常地进行谈话，原来她真的是个艺人啊我不禁受到了双重震撼妹妹每周都会把这个节目录下来，所以我也变得很熟悉。因为妹妹经常在吃饭时播放...,0.9997031092643738,2751,1
2751,2630,...发出惊叹，所以现在我们家三人也一起看着电视。「真唯前辈的年收大概有多少啊」「这个问题也太直接了吧！」「哎呀，姊姊不会好奇吗？」妹妹拿起手机开始搜寻。「网路说模特儿的平均年收是两百到三百万圆。」「不不不...,0.9997031092643738,2751,1
2751,2631,...会场。「啊，如果是专属模特儿，好像一个月只要一本杂志就有一百万圆喔。而且如果是超级顶尖的模特儿，还有人的年收甚至达到三十亿圆」「不过真唯算是模特儿吗？她这样应该算是艺人了吧？感觉她有在靠节目的通告费赚...,0.9997022747993469,2751,1
2751,2632,...董事报酬。」「经济上的三大支柱，是吗」我一边数着手指，但没办法靠这样估算出具体的金额。想必她赚了很多钱吧。此时，妹妹叹了口气。「要是我也能靠打羽毛球，每天拿到三千圆就好了。」「如果以那家伙为标准，就会...,0.9996994733810425,2751,1
2751,2633,...又听到了一声叹息，是妈妈。「如果妈妈更有先见之明，就可以让你们姊妹俩都加入艺人经纪公司的。」『不可能不可能不可能。』姊妹俩异口同声地说道。「不可能变成这样的啦，不可能。」我指着电视上的真唯，妈妈歪着头...,0.9997029900550842,2751,1
2751,2634,...是必要的呢。」「别说得好像运气好就能成功啊！」我这样大喊。节目转到下一个单元，妹妹也乐观地笑了。「不过，就算不这么做，我们家也还有机会的。对吧，姊姊。」就算拍了我的肩膀，我也只会困扰啊。我是不会和真唯...,0.9997023940086365,2751,1
2751,2635,...答。就是在有冷气的房间里整天玩游戏。（断言）哎呀，好开心，实在太开心了好想过着这样的每一天除了一天两餐、洗澡和上厕所以外，整天都窝在房间里，不禁会开始怀疑『奇怪？我真的想要成为阳角吗？』。不然我就等下...,0.9997016787528992,2751,1
2751,2636,...现在到底有多么糟糕。所以，妹妹在吃晚餐时说了。「姊姊，你最近作为一个人是不是没救了？」听她这样说的时候，我还皱着眉头，想说『这家伙在说什么啊？』。不过，她说得没错。没有打理过的头发长长后整个乱蓬蓬的，...,0.9997022747993469,2751,1
2751,2637,...人毫无疑问已经没救了──「好了，妹妹啊。随时都可以。」「唉。」我经过一周后首次梳理头发，仔细地花了淡妆，穿着运动服独自做着伸展运动。嗯～早晨的空气真是清新！早上六点。我们来到了附近一个相当大的公园。明...,0.9996907711029053,2751,1
2751,2638,...他们都在认真地过着生活内心顿时有深深的感动。「姊姊，虽然你就算没救了我也无所谓，不过你为什么突然这么有干劲？」妹妹也穿着运动服。即使是国中的运动服，穿在她的身上看起来也像是时尚运动服，真是讨厌。「呵呵...,0.9993249177932739,2751,1
2751,2639,...明知道继续投资势必会亏损，但既然已经投资了这么多，事到如今也停不下来！就是会让人有这种感觉的心理效应。」「既然知道会亏损的话停下来就好了啊。」「（没在听）就算最近总是觉得『好无聊喔』，但还是继续玩着手...,0.9996925592422485,2751,1
2751,2640,...色，一旦不玩了就会全部白费」「既然觉得无聊，别玩就好了啊。」这家伙是从只有一群大道理超人的大道理星球来的吗？我一边扭动着手臂一边说明：「换句话说，懒散地度过暑假很开心。但是，如果继续这样下去，我在第一...,0.9996906518936157,2751,1
2751,2641,...以即使在暑假期间，我应该也要在一定程度上过得像个阳角」「嗯，我是完全不明白你的逻辑就是。」为什么不明白啊？我都已经说明得这么简明扼要了妹妹用脚尖敲着地，同时说道：「不论是阴角还是阳角，我觉得只要过着像...,0.9996904134750366,2751,1
2751,2642,...到多数派的自大一面内心累积着对这种天然阳角的憎恨，我勉强挤出笑容笑了笑。「总、总之就是这样，今天也拜托你了，妹妹。」「要我陪你一起慢跑是没关系啦，但是姊姊可以用跟我一样的速度跑吗？你在高中有参加社团吗...,0.9996922016143799,2751,1
2751,2643,...去年还是网球社的。」虽然是幽灵社员就是。「轻轻松松啦。好啦不用管我，照你平常那样跑就好。」「这样啊，好吧。」妹妹站在公园的跑步路线，踏着地面开始奔跑。我在她旁边，调整呼吸开始跑步。深深吸着晨间清澈的空...,0.9996894598007202,2751,1
2751,2644,...觉很舒服。大脑逐渐清醒过来了。看，还是很轻松的嘛。现役羽毛球社的社员也不过尔尔。基本上，男女的体能高峰期似乎是在十七岁到十九岁之间。所以，与每天都在运动的妹妹相比也没有拉开那么大的差距也是合情合理。但...,0.9996978044509888,2751,1
2751,2645,...是不是太快了？此时，我脑海闪过一个想法。哈哈～看来这家伙是在逞强啊？因为她正在和姊姊一起跑步，所以自然会想要表现一下。这种心情我能理解，但这样很快就会喘不过气吧？真是的我就在后面好好看看她这样能撑多久...,0.9996870756149292,2751,1
2751,2646,...，呵呵呵呵呵我就看你到底能继续忍到什么时候！妹妹保持着这样的速度，拉开一圈的差距超过了我。差两圈，差三圈这家伙是怎么回事难道她是怪物吗？眼见妹妹像机器那样默默地摆动双脚，不断绕着跑步路线，我顿时战栗不...,0.9996978044509888,2751,1
2751,2647,...＊＊＊隔天一早。我起床上厕所的时候，妹妹刚好穿着运动服走出房间。「啊，姊姊。今天要怎么样？」「啊──嗯。」我不禁移开了视线。「该怎么说呢，其实也不是说只要慢跑就能成为阳角嘛。慢跑终究只是慢跑而已。问题...,0.9997028708457947,2751,1
2751,2648,...步的心。」我耸了耸肩。「所以，今天就算了吧。而且好久没跑了，其实还脚有点痛，我还是像以前那样，照着我自己的节奏，努力但不要努力过头。虽然这样也是很辛苦──」妹妹已经不在了。嗯，至少每天都梳一下头吧我把...,0.9997038245201111,2751,1
2751,2649,...。因为睡回笼觉，才是过暑假的最佳解答啊第三卷特典闲话玲奈子与纱月的暑假有一天暑假，我久违地做了一个关于学校的梦。不过，这不是恶梦，而是一个平静的梦。在教室里我和真唯、紫阳花同学、纱月同学，还有小香穗五...,0.9997043013572693,2751,1
2751,2650,...怕生，心灵层面也很平稳，一直都笑得非常开心。醒来后，我忽然想到了一件事。奇怪？好寂寞我原本应该是个家里蹲，没想到只是因为暑假没有和任何人说到话，就涌起了这样的心情。难道这证明了我的灵魂也逐渐染上阳角的...,0.9997046589851379,2751,1
2751,2651,...对话纪录。真唯偶尔会和我联络。暑假她忙于工作，到处奔波，所以发来的自拍照大多都是会让我想问她『唉？这在哪？』的那种很少见的外景。感觉光是她发来的照片就能出一本写真集了。不过，其他的话就只有香穗偶尔会发...,0.9997051358222961,2751,1
2751,2652,...这样也是理所当然的吧。如果，我发讯息告诉紫阳花同学『我好寂寞』，她大概就会陪我一会儿但是，我可不能因为像我这种人的任性，而占用紫阳花同学的时间于是，我想到了一个好主意。原来如此，还有这招啊！我立刻把学...,0.9997037053108215,2751,1
2751,2653,...然后走出了家门。外面热到不行，顿时让我涌起『就算寂寞又有什么关系？』的想法，但还是搭着电车前往隔壁城镇。「欢迎光临呃。」我面带微笑地在收银机前排队。「给我一杯中杯的柳橙汁！」「你去公园喝水如何？」「竟...,0.9997020363807678,2751,1
2751,2654,...美少女──纱月同学大喊。因为是暑假，来皇后甜甜圈的顾客并不多，所以她才会有空跟我瞎扯几句。「话说，你为什么特地来这里？便利商店不是也有卖甜甜圈吗？」「怎么是店员自己对甜甜圈专卖店的存在产生疑问啊」我另...,0.999698281288147,2751,1
2751,2655,...可爱制服的纱月同学一边嘟嚷着，一边把商品放在托盘上，送到我面前。「请用。」「哇～谢谢你。」我笑容满面地收下托盘，随即听到她咂嘴一声。好可怕。我坐在靠近柜台的双人座位上，打开笔记本。哎呀，我就想说来这里...,0.9996927976608276,2751,1
2751,2656,...不是因为寂寞才来见纱月同学的，只是想转换个心情，在外面写作业而已！所以这是合法的。哎呀，真是巧合呢，想不到纱月同学竟然刚好有排班～！虽然我从刚才就从感觉到纱月同学从柜台后盯着我的视线不过既然是店员，当...,0.9997007846832275,2751,1
2751,2657,...的时候，又有其他客人走到了柜台前。「欢迎光临。请问是要内用还是外带呢？」噢，纱月同学在接待客人！她有面带微笑！太厉害了！讲话方式也很得体！好可爱！古今往来不分男女老少都会深深着迷的美少女气质！赞啦，琴...,0.9996991157531738,2751,1
2751,2658,...好，我也得好好写作业才行！我鼓起干劲，开始写作业。虽然不时会有锐利的目光射向我的头顶，让我浑身颤抖就是了真有紧张感呢然而，自从我决定坐下来之后，视线就不再那么频繁地朝我这边过来了。说不定纱月同学是决定...,0.9996881484985352,2751,1
2751,2659,...会是未来的整个人生吧？对吧？我在感到不安的同时写了两个小时的作业，有了相当的进展。所以我觉得也差不多该回家了，就在我这么想的时候──有人坐在我对面的座位上。唔喔。我惊讶地抬起头，是换上了学校制服的纱月...,0.9996862411499023,2751,1
2751,2660,...么啊！？」「竟然敢出现在我的视线中。」「会因为出现在视线中就生气的顶多只有虫吧！？」我大声喊道。没错，为了以防她之后这样追问我也能找借口搪塞过去，所以我早就事先拉好了预防线。我没有做坏事，真的没有尽管...,0.9996917247772217,2751,1
2751,2661,...给我的压力。「对、对不起」「趁着我在工作动弹不得的时候，从安全区域偷偷观察我，并引以为乐，你的胆子真大呢。」「我整个暑假都一直宅在家里！突然很想见见熟人！可是又不好意思占用别人的时间，所以就不小心来到...,0.9996943473815918,2751,1
2751,2662,...学眯起那锐利的目光。「就是这种地方。」「什、什么意思」「你八成以为暴露了自己软弱的一面，对方就不会再攻击了，但我如果生气的话，连狗也照踩不误。」「咿！」要是再受到更多的敌意，我真的有可能完全屈服。但在...,0.999700665473938,2751,1
2751,2663,...对我来说也很伤脑筋。毕竟我可是把自己佯装成一位品行端正的模范生。不想在这里惹麻烦。」我想着，纱月同学是意识到了自己如果表现出真实的一面，也许就会惹上麻烦「少多管闲事。」「又读我的心！」「所以，现在到哪...,0.9997003078460693,2751,1
2751,2664,...」纱月同学拿走了我的笔记本翻了翻。她的声音变得温柔许多。「哦～想不到你写得很挺认真的嘛。」幸好我有认真写作业！我打从心底松了一口气。很棒喔，刚才的我。如果我进度废到不行的话，不知道会被纱月同学说什么。...,0.9997014403343201,2751,1
2751,2665,...何问题。这里是错的。」「唉？真的吗？」「休息时间只有半个小时。」纱月同学这样说完，把头发拨到耳朵后面，对我露出了残酷的笑容。「暑假的特别补习。今天我可不会像之前那样温柔了，你做好心理准备吧。」「咿！」...,0.9997039437294006,2751,1
2751,2666,...今天早上的梦那样一团和气，但纱月同学愿意陪我，让我原本寂寞的心情已经完全消失了。然而，三十分钟后，坐在座位上的变成了心灵被彻底摧残的甘织玲奈子。纱月同学又回到了工作岗位。我再也不会来捉弄纱月同学了我想...,0.9997040629386902,2751,1
2751,2667,...时，纱月同学从柜台后面再次狠狠地瞪着我。咿！我不敢了！第三卷插图第三卷4.2章紫阳花与濑名家的故事网译版转自轻之国度翻译：椎名童话在濑名紫阳花的面前，有许多餐具并排摆放着。这是晚餐时间。紫阳花局促不安...,0.9997045397758484,2751,1
2751,2668,...，我也来，帮忙做点什么吧」她这么一开口，小不点们就说着「不用了姐姐坐着就好」阻止了她。暑假，结束了三天两夜离家出走的紫阳花回到家后，等待着她的是简直像被当成公主一样对待的日子。在车站和玲奈子分别后，紫...,0.9997043013572693,2751,1
2751,2669,...行李。然后她回到客厅，向母亲低头道歉。『让你们担心了，对不起』母亲让紫阳花坐在餐桌前，自己则坐在了她的斜对面。一时间，沉默笼罩了现场。『总之』母亲开口说道。『你能平安回来，真是太好了』『是』对紫阳花来...,0.9997034668922424,2751,1
2751,2670,...露出破绽。作为社会人的同时，他们也保持着为人父母的姿态。虽然没感觉到什么很严厉的氛围，但对自己做了坏事有所自觉的紫阳花还是紧张了起来。（大概我──对受到责备这种事，有着别人一倍程度的回避感吧）一直以来...,0.9997028708457947,2751,1
2751,2671,...身边的人能够幸福，但反过来也意味着她无法容许周围人的不幸。其中最让她接受不了的，就是由于自己的原因而给别人添麻烦、惹别人生气。对方和自己的关系越近，她就心痛得越强烈。紫阳花一边感受着怦怦作响的心跳声，...,0.9997026324272156,2751,1
2751,2672,...父的旅馆，但没有联络到，让我吓了一跳呢』『是』『下次也得去正式拜访一下陪你一起的那位朋友的家呢』『嗯』『老实说』母亲平时，都是用『姐姐』去叫紫阳花的。『小紫阳花会离家出走什么的，完全是意料之外，所以先...,0.9997031092643738,2751,1
2751,2673,...就去接你吧不过，你平安到家就好』对这番话，紫阳花不知道该回应什么才好，只能边感受着呼吸困难边低头道歉。『让你们担心了』面对尽量在不伤害到紫阳花的情况下指责她的母亲，她刻骨铭心地感受到了自己的万分抱歉。...,0.9997026324272156,2751,1
2751,2674,...做好心理准备哦』，微微一笑。『不过，下次如果有什么要求，要记得好好说出来哦。不管是想提高零花钱的额度，还是想放宽门禁时间等等。突然爆发的话，我们也会仅仅由于措手不及而焦虑不安的』对于这些，她点头称是。...,0.9997022747993469,2751,1
2751,2675,...总之，作为这次的惩罚──其实也不算惩罚──母亲拜托她安装了定位软件。那是个365天连轴运转、能监控所在位置的软件，虽然似乎会消耗不少电量，但她还是心甘情愿地接受了。『还有两件事』『嗯』曾经从父亲那儿听...,0.9997020363807678,2751,1
2751,2676,...重视道理的人，因此就算她的话绝对不算多，紫阳花也知道她的每一句话都是经过深思熟虑的。『第一件事是，对不起呢』『咦？』『对于小紫阳花离家出走的原因，我完全不清楚，也不打算强行问出来。如果是爸爸的话应该多...,0.9997021555900574,2751,1
2751,2677,...营造让小紫阳花更容易开口的气氛了』『那种事情』『虽然你可能会说没有那回事吧。但这是我的反省点。如果你觉得过意不去，那我接下来可能会有些烦人，还请你见谅』『嗯，对不起』紫阳花又微微低头道歉。道歉并不能让...,0.9997043013572693,2751,1
2751,2678,...。这就是所谓的行动伴随着责任吧。就像蝴蝶效应一样，即便是微不足道的小事，也会产生影响。所以，接下来的这件事也一定如此。母亲露出了伤脑筋的笑容。『另一件事就是，家里还有比我更担心的孩子。两人都是呢』『嗯...,0.999703586101532,2751,1
2751,2679,...伴随的责任，马上就会应验了。再度回到晚餐时间。筷子哗啦啦地被杂乱地摆放到了餐盘前。紫阳花提心吊胆地注视着小小的手从洗碗槽里取出目标的饭碗，用危险的手上动作盛着米饭。「啊啊，小桔，让姐姐来吧──」她一站...,0.9997028708457947,2751,1
2751,2680,...门口。「姐姐不用管了，好好坐下！」「嗯，嗯」被大声斥责后，紫阳花再次坐回椅子上。姐姐离家出走三天两夜的旅行，似乎让两个弟弟受到了很大的打击。他们或许以为是由于自己总做坏事，所以被抛弃了。虽然他们应该没...,0.9997032284736633,2751,1
2751,2681,...再给姐姐添麻烦，聪明地活下去。刚才他们拿过来一份手写的日程分配表。表上写着平时由姐姐负责的家务改为三个人分担的细则。（然而单就打扫浴室这项，她也不觉得他们做得来）「啊啊啊啊，饭正在往下掉」盛好的米饭被...,0.999703586101532,2751,1
2751,2682,...当，仿佛在表达他们的心意。紫阳花绝对不算饭量很大的人。而且，从饭勺上掉出来的米粒，还在厨房里散落得到处都是。（母亲正在收拾那些米粒）更要命的是，另一位还搬了个椅子当垫脚，拼命踮起脚尖想拿高处的盘子，那...,0.9997020363807678,2751,1
2751,2683,...影对于她来说尚且还好一些。紫阳花就是那种看着小孩子或动物遭遇不幸的作品就会受到暴击的性格。「妈，妈妈」她忍不住请求救援，母亲虽然也伸手到高处帮他拿了，但露出一脸放弃了的表情。「在姐姐回来之前，我都一直...,0.9997019171714783,2751,1
2751,2684,...的谢罪──并不是说刚才和母亲的对话不是发自内心──脱口而出。紫阳花来回看着正在端着装满来回晃动的味噌汤的碗过来的小桔（当然满地板也都是味噌汤），以及双手抱着大盘子过来的小广。「那个，小广、小桔你们的心...,0.9996981620788574,2751,1
2751,2685,...好吗？姐姐不是讨厌你们了，只是稍微放了个假对了，只是休息了一下而已。你们像之前一样就好，真的，好不好？」弟弟们当然不会听从她这种软弱的抵抗。他们稚气未脱的目光中燃烧着使命感，宣誓着。「我以后会做一个好...,0.9997015595436096,2751,1
2751,2686,...他们开口说出「反而会添麻烦所以别这样了」，那她一开始就不会离家出走了。只有炽热的心情确实在打动紫阳花的心。善意几乎要让她的胃里翻江倒海。「这样啊这样啊～」摆完餐具，准备好饭菜的弟弟们，用期待的眼神看着...,0.9997032284736633,2751,1
2751,2687,...弟弟们的头。弟弟们显得有些自豪。然而他们绝对不是在炫耀自己的功劳，而是一边演出「这是理所当然的，以后可以尽管依赖我们」的平淡态度，一边放松了嘴角。虽然不知道这份热情还会持续多久。（只能坐在这里看着这些...,0.9997028708457947,2751,1
2751,2688,...囚禁的公主的心情，紫阳花苦恼地抱着头。如果这就是行动伴随的责任，以后一定要更慎重一点行动才行，她在心中这样发誓着。第三卷5.5章遥奈与紫阳花的故事网译版转自轻之国度翻译：椎名童话暑假结束。开学后不久的...,0.9997029900550842,2751,1
2751,2689,...团活动结束后，回到家吃完饭、洗了澡，终于有了一点自由时间。遥奈喜欢在这段时间和朋友在line上闲聊。在姐姐看来，遥奈的特质就是与人交流时完全不会感到障碍。不过在遥奈看来，只是和别人说话而已，为什么必须...,0.9997007846832275,2751,1
2751,2690,...，如果对方不方便的话让人家拒绝不就好了。如果那时候时机正好就开心地聊聊天。这就是遥奈的基本态度。既然长了张嘴，至少把意思直接表达出来不就好了──虽然不会做出这种不看气氛的言行，不过，她的确会冒出类似的...,0.9997019171714783,2751,1
2751,2691,...在客厅的沙发上沉吟时，刚洗完澡的姐姐路过了。正经地穿着内衣和t恤的姐姐，咔嚓一声打开冰箱，把事先准备好的麦茶倒进杯子里面喝。遥奈抬起头偷瞄了一眼，结果和她的目光重合了。「怎么了？」「不，没什么」简短的...,0.9997026324272156,2751,1
2751,2692,...啊」「诶，紫阳花同学怎么了吗？」「不是，呃──」「什么什么？紫阳花同学怎么了？出什么事了么？话说为什么遥奈会」对莫名积极地问这问那的姐姐，遥奈感到有些麻烦。「不是，是说紫阳花学姐有什么喜欢吃的东西吗？...,0.9997031092643738,2751,1
2751,2693,...，于是就直接问了。姐姐不知为何露出大受打击的表情。「我不知道」「啊，这样」正以为这个话题就到此结束了的时候。姐姐把手抵在洗碗池边，支撑着仿佛随时会倒下的身体呻吟着。「我，什么都，不知道紫阳花同学的事，...,0.9997041821479797,2751,1
2751,2694,...种的猫不知道她平时都看什么电视节目，也完全不知道她过着什么样的人生不知道」不是，就算是朋友，我觉得差不多也是这样吧。遥奈脑内思考着其他事情，同时无意识地在心中附和着。姐姐猛然抬起头。「感觉她好像一直有...,0.9997039437294006,2751,1
2751,2695,...了传说之剑似的表情宣布着的姐姐。「那不是经典款式吗？」刚一这么说完，姐姐便再次失去了所有自信，继续洗杯子。「紫阳花同学喜欢的食物，到底是什么啊」「就算你问我，我也不知道啊」因为并不打算加入闲聊，遥奈就...,0.9997031092643738,2751,1
2751,2696,...了，直接问问她不就好了。遥奈在line里打字说『学姐有什么想吃的东西吗？』。立刻就收到了回复。『机会难得，我们去这家提拉米苏松饼很有名的店吧』是紫阳花发来的line。所谓的交流就是双方去达成共识。无论...,0.9997023940086365,2751,1
2751,2697,...出结论的。表达出自己的想法，确认对方的想法，如果彼此的想法有出入，只要慢慢地向共通点前进就好。常有人说交流就是抛接球，但遥奈认为这种说法是不对的。交流就像是两人齐心协力逃离的迷宫。出口从一开始就决定好...,0.9997026324272156,2751,1
2751,2698,...一边以逃离为目标。没有必要一来一回地抛球或接球。因为是迷宫，所以其中一方一直牵着另一方的手也没关系。重要的是，愿意合作的这种态度。『好的，我很期待！谢谢你，紫阳花学姐！』输入了一些稍微加强语气的感叹号...,0.9997045397758484,2751,1
2751,2699,...心不去失礼，但也不会畏畏缩缩或热情过头。因为她知道，紫阳花不是那种会突然翻脸、把人丢在迷宫里扬长而去的人。站起身来正要回房间时，遥奈停下了脚步。「不，说起来她好像说过喜欢面食！对，她说过！她是说过的！...,0.9997043013572693,2751,1
2751,2700,...道柔和的感觉的！还有点心，我看到过她偶尔会从小香穗那里收到点心吃，所以她也会吃点心！」在那里的是，不断在自言自语中展开交流的姐姐。遥奈无视姐姐，走向了自己的房间。＊＊＊事情的开端是，暑假刚结束不久，和...,0.9997044205665588,2751,1
2751,2701,...。只是漫无目的地发发消息，收到消息，这种流程每周大概会有那么几次。当时对话的走向，记得是从遥奈「一直在忙社团活动，根本没办法出去玩啊～～」的悲鸣声开始的。于是，就变成了「要不要在偶尔没有社团活动的放学...,0.9997045397758484,2751,1
2751,2702,...如果姐姐看到了，应该会变得不安，想着『为什么会变成那种话题？应该要更慎重地确认一下，这是否是个对双方来说都有利的交涉』吧。（不过，自己也在想，除了兴致与气势以外的交流又是什么啊？）实际上，就算对遥奈来...,0.9997045397758484,2751,1
2751,2703,...下了馅饼一样。不过既然瞄准了一次机会就旗开得胜了，那当然就只能去了吧？事情就是这样。「抱歉抱歉，让你久等了吗？」「不会，没关系的！今天打扫的时间延长了一点，本来我还在想如果让紫阳花学姐等太久的话该怎么...,0.9997046589851379,2751,1
2751,2704,...呢」「是！」车站前。紫阳花和遥奈二人，在平日的放学后如约碰面。并不是什么特别的、了不得的活动。只是，不经意地邀请后得到了肯定的答复，于是两人就放松着心情一起去有甜食吃的咖啡厅。是有那种温度感的出游。为...,0.9997044205665588,2751,1
2751,2705,...穿的制服，穿法也是理所当然，但就是和姐姐完全不一样，看上去像个大人。遥奈突然对自己背着的学校指定的书包感到一阵丢脸。「怎么了？」「没事，只是觉得高中生真有大人范呢」「诶～你家不也有姐姐在吗？」「姐姐她...,0.9997044205665588,2751,1
2751,2706,...以外的措辞。「因为姐姐是家人，所以不怎么用那种眼光去看她吧」「啊哈哈，确实有可能呢」「紫阳花学姐，是有弟弟的吧」「嗯，非常小只哦。印象中大概是蜡笔小新那么大吧？不过虽然我是这么想的，但实际上身高有13...,0.9997043013572693,2751,1
2751,2707,...坐着电车前往繁华的车站，途中听紫阳花聊了聊她的家人。遥奈所在的羽毛球部，就算是学长也没有那么严格。社团同伴中也有互相之间把彼此当成朋友相处的人。不过，遥奈还是决定要老老实实地有个学妹的样子。大概是，觉...,0.9997034668922424,2751,1
2751,2708,...可能是她至今见过的全人类之中最温柔的一位，但遥奈还是决定对她好好用敬语，也时刻提醒自己不要说些无礼的话。朋友们经常揶揄她说「你这样超体育系的嘛」。体育系不也挺好嘛。简单好懂。体育系的认真学妹这种人设，...,0.9997023940086365,2751,1
2751,2709,...？」「嗯，是啊。我那时候很努力哦～」「好厉害啊～是那种学富五车系的吗？」「嗯──也不是这样吧。可能是我多管闲事的那部分性格受到了认可吧」「说起来之前有个电视节目讨论了对同样是两位政治家的印象，一位穿着...,0.9997023940086365,2751,1
2751,2710,...比较受人喜爱」「这样啊。所以说？」「因为紫阳花学姐很漂亮，所以我想支持者也聚集了很多吧？」「啊哈哈，没这回事啦」被丝毫不带讽刺地立刻否定了。遥奈也笑着「诶～」了一声。「因为如果是我的话，绝对会把票投给...,0.9997032284736633,2751,1
2751,2711,...许也是抱有那种想法的！」啊啊，真开心──她想着。和初中的朋友一起玩不同，莫名感觉走路轻飘飘的。感觉就像和亲戚家的漂亮大姐姐两人出来玩一样。虽然自己没有这样的亲戚家漂亮姐姐就是了。抵达车站后，两人随便进...,0.9997029900550842,2751,1
2751,2712,...。因为车站内的咖啡厅基本做得都很好吃吧？确实好吃。紫阳花的样子像是在说「哦呀？」，但并不是因为端上来的提拉米苏松饼比想象中苦很多，而让她惊讶地心想「是，是大人的味道！」什么的。「──说起来，紫阳花学姐...,0.9997034668922424,2751,1
2751,2713,...这句话。片刻之后，紫阳花微笑着回答说「嗯，是啊」。在对面的位置上。紫阳花拿着叉子，「嗯──」地左右摇晃着身体。「我说，小遥奈，你在家里，会和姐姐聊我的事情吗？」「关于紫阳花学姐的事啊？」遥奈眨了眨眼。...,0.9997034668922424,2751,1
2751,2714,...办。要直接说出来吗？但是她总觉得，不过脑子地凭直觉把一切都如实道来的话不太好。遥奈在交流时不怎么动脑子，但相对地，她很重视感觉。「为什么会这样问呢？」「嗯──只是不由自主地有些在意而已。抱歉呢，问了个...,0.999703586101532,2751,1
2751,2715,...好像很喜欢紫阳花学姐嘛」「是，是吗？」紫阳花学姐身体微微前倾，像是在偷偷打量着遥奈的表情。这时，遥奈的直觉感受到了。这个情况毫无疑问，是姐姐搞了些什么动作仔细想想的话，这也是理所当然的。直到初中毕业都...,0.9997039437294006,2751,1
2751,2716,...、紫阳花学姐成为了朋友，怎么可能什么都没做啊。遥奈突然感到一阵火大。今天本来是为了缓解社团活动的疲劳，才来和紫阳花学姐两人来吃甜食，享受愉快的聊天的，结果又被姐姐添了麻烦。那个屑女人。「抱歉了，紫阳花...,0.9997041821479797,2751,1
2751,2717,...添麻烦了」「诶？不是，诶诶？」还是火速道歉吧。然后，让姐姐的事情赶紧翻篇吧。这才是最快的解决方法。再这样下去，根本就分不清谁才是当姐姐的了。「不过，就算是姐姐也是有温柔的一面的哦那个，偶尔吧」「唔，嗯...,0.9997046589851379,2751,1
2751,2718,...信了。果然是那家伙！干了些什么！「我大致知道了」「是这样吗！？」紫阳花的表情迅速染上了红晕。学姐居然会露出这种表情，我家老姐到底给她添了多大麻烦啊？紫阳花低下了头。「那个，呃，我这边才是，不好意思呢」...,0.999704897403717,2751,1
2751,2719,...确的事实。要说是哪边的错的话，答案会是10：0。「可是我也和小玲奈，说了很多，蛮不讲理一样的话，所以」「如果不介意那样的姐姐的话，那怎么为难她都可以哦！反正她待在家里也只会玩游戏嘛！不如说，直接把她带...,0.9997046589851379,2751,1
2751,2720,...请尽情地（痛扁到打至跪地）做到你满意为止！」「尽，尽情地做到满意为止是等，等一下小遥奈，那是」紫阳花的脸越来越红了。对毫无疑问让紫阳花蒙羞了的姐姐，她的义愤填膺之情更加高涨了。「之前就一直想问来着」「...,0.9997037053108215,2751,1
2751,2721,...遥奈开口问道。「紫阳花学姐到底是看上老姐的哪一点了啊？」（作为朋友来说）「哪，哪一点，是」「是因为能做什么开心事而交往的吗？」（作为朋友来说）「没，没有在交往啦！还没有不，不对！那个」紫阳花的目光游移...,0.9997037053108215,2751,1
2751,2722,...如此──遥奈理解了。姐姐和紫阳花学姐同属于一个小团体，可能是处于一种不得不去和睦相处的状况。既然如此，一起去旅行这事说不定也是不懂得察言观色的老姐强行去邀请的紫阳花吧。这女人没救了。「温，温柔的地方吧...,0.9997034668922424,2751,1
2751,2723,...温柔的地方这种话，是没有其他候补词时才会说的吧！」了。「我，我说啊，小遥奈。不是的」「什么意思？」「今天我确实是，因为小遥奈的邀请而来的，但是，那个，我并不是想打听小玲奈的事情，是真的想和小遥奈一起玩...,0.9997037053108215,2751,1
2751,2724,...，我并不是想拉拢小遥奈，或者说趁现在打好关系什么的那个，虽然我不知道，你会不会相信我就是了」「这样。诶？」「诶？」遥奈反问着。于是，紫阳花也一起抬起头来。一时间，两人面面相觑。遥奈疑惑地歪着头。「拉拢...,0.9997034668922424,2751,1
2751,2725,...施加压力，想让她在家也不好过，的意思吗？」「诶！？」又经过了一段短暂的时间。因为紫阳花学姐的表情看上去实在是太意外了，所以遥奈最终还是单刀直入地开口问道。「学姐，不是在和姐姐吵架吗？」紫阳花愣了一会。...,0.999703586101532,2751,1
2751,2726,...遥奈还是没有从她那里得知发生了什么事。不过，直到两人在车站告别为止，紫阳花都一直是一副难为情的样子。那情况要么是相当程度上搞砸了之后，如果不是那样的话。（总感觉简直就像，在聊喜欢的人一样。不，虽然不可...,0.9997037053108215,2751,1
2751,2727,...了姐姐的鞋子。「我回来了～」「欢迎回来」她打开客厅的门，看到了已经换上居家服的姐姐躺在沙发上百无聊赖地在玩着掌机。一直都在玩游戏啊这姐姐。遥奈就这样背着书包，俯视着姐姐。姐姐注意到了她的视线，「嗯？」...,0.9997037053108215,2751,1
2751,2728,...了「刚刚是和紫阳花学姐去玩了来着──」这样的话，反正事情又会变得超级麻烦，所以还是不提那档子事了。遥奈犹豫了一下该怎么说，最后开口问道。「姐姐，你和紫阳花学姐之间发生了什么事吗？」咚！！！的一声闷响传...,0.9997029900550842,2751,1
2751,2729,...来的姐姐，用比刚才看到的紫阳花学姐还要红得更明显的脸大叫。「什么都没有发生就是了！？！？！？」遥奈这边听到了这样的潜台词。『虽然发生了很不得了的事，但我不会告诉你就是了！』。虽然完全不知道是怎么回事，...,0.9997033476829529,2751,1
2751,2730,...了口气，出了客厅向自己的房间走去。身后追来了更大的叫声。「真的什么都没发生啊！等一下遥奈！你有在听吗！？说了什么都没发生啊！」（算了，怎样都好了）遥奈边在心里对高中入学以来就总是引发骚动的姐姐吐了吐舌...,0.9997041821479797,2751,1
2751,2731,...卷序章台版转自轻之国度轻之国度×天使动漫录入组图源：拉菲扫图：linpop录入：kid修图：凪のあすから棒极了！好开心！每天都有够幸福的！嗨～我是甘织玲奈子！是个本来是阴角，但成功在高中改头换面的女孩...,0.9997013211250305,2751,1
2751,2732,...。而且那个只有五人的小团体大家虽然都是女孩子，但现在扣除掉我自己，已经有两个人喜欢上我了喔☆哎呀～玲奈子好困扰喔！不要争抢我啦──（つд&#8834;）哭哭www竟然会发生这种彷佛在做梦一样的事情，真...,0.999699592590332,2751,1
2751,2733,...而已啊☆──然而，如此受欢迎的我却在休息时间远离班上，把自己关在闷热的女厕隔间里面。我用双手捂着脸。「为什么啊我只是努力过好每一天而已啊难道我体内那股非比寻常的阳角天赋终于觉醒了吗」诅咒般的声音从我口...,0.9997001886367798,2751,1
2751,2734,...每秒都会濒临极限的窘境。此时响起了声音，有人进来了。既然是学校的厕所，有人进来也是理所当然，但我还是抖了一下，屏住了呼吸。「好懒得来学校喔～可以永远放暑假吗～」「就是啊就是啊。」听起来好像其他不认识的...,0.9996906518936157,2751,1
2751,2735,...过来找我。自我意识过剩也该有个限度吧。「话说，前阵子琢磨那家伙好像向王冢真唯告白了。」「唉～真假～？笑死。」听到她们突然提到熟人的名字，我顿时愣住了。接下来的对话，我只听见了断断续续的内容。「是说，新...,0.9996966123580933,2751,1
2751,2736,...。」「不过是可以理解啦。」「濑名也相当高呢。」「啊──」「你说人气啊。」「果然。」「我就知道。」「大家就是喜欢那种型呢～」门的另一侧传来了听起来很开心的笑声。芦谷那些国色天香的美少女们的名字，说不定拥...,0.9997032284736633,2751,1
2751,2737,...开了厕所。我很清楚，她们与我生活在不同的世界。没有一个人提到我的名字，八成也不会有言灵存在。这种事情我一直都很清楚。刻意等了一阵子后，我走出隔间。洗手台的镜子映着甘织玲奈子生无可恋的那张脸。我走进教室...,0.9997023940086365,2751,1
2751,2738,...变得透明，朝向自己的座位走去。这时，有人「嗨～」一声挥手对我打了声招呼。是坐在我前面座位的紫阳花同学，她的脸上浮现天真灿烂的笑容。「欢迎回来，小玲奈。」「啊，嗯」我面无表情地点头后，这时才猛然意识到。...,0.9997020363807678,2751,1
2751,2739,...──而且，还被校内屈指可数的超级美少女告白，是很厉害的家伙。我对内心的自己挥了一个重击后，摆出了灿烂的笑容。「我回来了！哎呀，吓我一跳，听我说听我说，厕所挤满了一堆人呢，排队的人潮长到就像要等45分钟...,0.9996975660324097,2751,1
2751,2740,...！」「什么啦，好好笑喔。」紫阳花同学嘻嘻笑了笑。她一定还是和以前一样可爱得出众，但我却无法直视她的笑容。「哎呀我是说真的啦！啊，不过你不觉得像这样的厕所也很不错吗？每人每天会发一张券，这样就会有一次能...,0.9997001886367798,2751,1
2751,2741,...刷一下就能用了这样！」「唉～？感觉好难用哦。」「那就直接发实体券吧！每天早上在校门口发给每个人一张券！没用过的可以在放学时换到感觉很好吃的点心啊，这样大家是不是反而都不会用掉啊！？」我面带笑容滔滔不绝...,0.9996962547302246,2751,1
2751,2742,...担心自己会不小心失言，嘴巴却停不下来。「啊哈哈。」紫阳花同学又对我笑了。看来她确实有因此开心，太好了。我只有在猜中正确答案的这段期间才会有活着的感觉。老师走进了教室。紫阳花同学面带微笑说「之后再聊」，...,0.9996991157531738,2751,1
2751,2743,...上数学课了。濑名紫阳花同学──她是我的同班同学，举例来说呢，就是像天使一样的人。外表看来给人轻飘飘的感觉，非常引人注目。声音也是甜美柔和。不只待人温柔，内心也有坚强的一面。而且她非常善于交流，和她在一...,0.9997029900550842,2751,1
2751,2744,...界所有人心中收集了『女孩子的理想形象』之后再混在一起烤出来的松饼，是个很厉害的女孩。而我──我在暑假，被她告白了。『我喜欢小玲奈。请你和我交往吧。』她的告白正统且直球，是所有人都会憧憬的那种。我们都是...,0.9997031092643738,2751,1
2751,2745,...阳花同学告白，应该是几乎所有人都会高兴得要升天吧。一定会因此感受到无比幸福，今后的未来也会绽放出玫瑰色的光辉。本该是这样的，我却视野里面的黑板轮廓变得模糊不清，我就这样忆起了那天发生的事情。＊＊＊在黄...,0.9997034668922424,2751,1
2751,2746,...「好的」就在如此回答的几秒后，我猛然回神。「不对，那个！」当我意识到自己说了什么之后，背脊顿时窜起一阵寒意。「刚才的，不是，那个！」我陷入半混乱状态的同时大声解释。「该说紫阳花同学的心意让我非常高兴吗...,0.9997045397758484,2751,1
2751,2747,...呢！呃，该怎么说才好，我觉得很荣幸！非常荣幸！这对我来说是一件很棒的事，不过！我那个，该怎么说才好呢！」我就像是里面已经空空如也的摸彩机，无论怎么转动也没办法说出比较像样的字眼。这让我变得愈来愈着急，...,0.9997047781944275,2751,1
2751,2748,...口大气。她用手按住胸口，彷佛刚才为止的时间都停止了一样。「啊啊，我好紧张。」紫阳花同学微微眯起了眼睛。「突然和你说这种事，你肯定吓了一跳吧。」「啊，没有！我非常高兴！真的真的非常高兴！」「没关系。我只...,0.9997047781944275,2751,1
2751,2749,...紫阳花同学的微笑中，同时拼命地咀嚼着刚才那个告白的含义。也就是说也就是说，到底是怎么回事啊？既然对方是紫阳花同学，这大概不会是什么整人企画。不过这样的话，她为什么会喜欢上我？还说想要和我交往呢我狼狈地...,0.999704897403717,2751,1
2751,2750,...些什么一样。由于我实在是毫无头绪，便露出求助的视线望向真唯。这、这到底是怎么回事啊？真唯一时半刻没有做出任何的反应，只是静静地看着我，随后她清了清嗓子，加入了对话。「呃，那个也就是说，你们？要开始交往...,0.9997050166130066,2751,1
2751,2751,...学的声音有点缺乏冷静，感觉就像我慌张的时候发出来的那种声音。「这个发展还真是让我大吃一惊呢。」「小真唯那件事也让我吓了一跳。」「是啊。不过紫阳花是很出色的人。一想到玲奈子也有确实地感受到你的魅力，我也...,0.9997052550315857,2751,1
2751,2752,...」我完全听不懂她们两人在说什么。为什么她们俩会变得这么要好？而且真唯为什么还能这么冷静？不是啊，因为真唯明明那么喜欢我，看到我一头雾水地点头答应的时候，她应该会第一个冲出来阻止，这种反应才自然啊该不会...,0.9997047781944275,2751,1
2751,2753,...成一团了。现在该优先处理的是紫阳花同学这边。「啊，那个你说的交往是指」即使我伸出手，但向别人说出去的话就如同覆水难收那样无法收回。所以人类自古以来才会无止境地进行着战争。我感觉到背上流下汗水，耳朵也嗡...,0.9997044205665588,2751,1
2751,2754,...会有先直接反对的习惯。而且，我明明一直以来都拒绝着真唯，当然不能只对紫阳花同学有特殊待遇。这样的话也太没原则了。我们不可能成为恋人，请让我们维持朋友的关系吧。不过，我真的能对紫阳花同学说出同样的话吗？...,0.9997040629386902,2751,1
2751,2755,...同学凑过来盯着我的脸。我好希望就这样消失啊。我用快死掉的声音如此告诉她。「可以给我一点时间吗？」「时间？」「对那个，因为我需要时间才能给你答覆」紫阳花同学以严肃的表情注视着我，然后嗯一声点了头。「我知...,0.9997046589851379,2751,1
2751,2756,...只是很自然地询问，我却感觉自己彷佛是被拖到神明面前的罪人。「三、三三年」「唉？」我不禁直接把上限拉到最大，紫阳花同学听了后顿时睁大双眼。不，不行不行！「一、一个月！你觉得怎么样！」要花一个月才回覆别人...,0.9997044205665588,2751,1
2751,2757,...是紫阳花同学还是顾虑到我的感受。「呃，嗯。我知道了，小玲奈。」我遇到问题总是能拖就拖，不过讲得直截了当一点就是──我真的完全无法理解紫阳花同学为何会向我告白，甚至还感觉自己没办法再继续呼吸。要是再继续...,0.9997043013572693,2751,1
2751,2758,...窒息而死。这时，紫阳花同学向我伸出了手。「啊。」紫阳花同学就这样，抓住了我食指的指尖。紫阳花同学的手，充满了热度。「小玲奈，我是认真的喔我的心意，全都是真的。」紫阳花的心意确实地传达给我了。我明白。紫...,0.9997040629386902,2751,1
2751,2759,...只是我没办法完全接受她的这份感情而已。紫阳花同学莞尔一笑。「你可以不用勉强自己哦。不过，我会等你回覆的。」「啊，唔」我顿时无言以对。紫阳花同学离开了，看起来欲言又止的真唯也跟着离开之后，只剩下我一个人...,0.9997038245201111,2751,1
2751,2760,...为什么」对紫阳花同学重要的告白选择保留，这样的我真应该遭天谴。于是，在光芒的照耀下，我开始了面对自身黑暗的每一天。后来过了一周，学校开学了──距离给出回覆的倒数时间，只剩下不到四周。──然而，我面对紫...,0.999703586101532,2751,1
2751,2761,...一人的顶楼护栏，同时化成了一团棉被。感觉现在只要风一吹，彷佛连自己都会与地球融为一体。在这里，人的性命根本不值一提。哪怕是烦恼还是什么，都会随风而逝不，这样不行啊。就算再怎么不情愿，午休时间的喧闹声依...,0.9997028708457947,2751,1
2751,2762,...是人，并不是棉被这时，铁门响起了刺耳的开门声。「嗨，原来你在这里啊。」我甚至不需要回头，光听声音就知道对方是谁。来的人是王冢真唯。站在我身旁的她，拥有出类拔萃的身材与一头美丽的金色长发，是一名现役模特...,0.9997014403343201,2751,1
2751,2763,...红的模特儿，可以说被上天赋予了所有才能，是个在芦谷高中获得众人莫大支持的女孩子。这样的她被取了一个「完美恋人」的绰号。尽管她有时会表现得较为强势，但毋庸置疑的是，和真唯交往的人肯定能过得很幸福。所以，...,0.9997021555900574,2751,1
2751,2764,...个人口味独特，再不然就是个性扭曲到不如去死还比较好。比如说──像我这种人。「这情境就彷佛当初刚认识你的时候呢。」真唯的声音不论什么时候都犹如电子琴那般悦耳。「是啊。」真唯面带微笑，将手肘撑在护栏上托着...,0.9997027516365051,2751,1
2751,2765,...已。我明明没有那种资格。我低下了头。「真唯，对不起。」「嗯。」我视线的前方是水泥地板。从嘴巴溢出的话语好似泪水般落在地面。「该怎么说因为事情变成那样。」这句话里面包含了各种含意，是指被紫阳花同学告白的...,0.9997038245201111,2751,1
2751,2766,...真唯在场我的态度却表现得很轻浮这件事。不过每件事实在都太过愚蠢，导致我不敢说得很明白，只能用这种模糊不清的方式表达。「那样那样，是吗？」就像打开碳酸饮料时漏出了气体那样，真唯突然笑了。「没能预测到这个...,0.9997051358222961,2751,1
2751,2767,...！」我猛然抬头。突然大喊一声，害真唯吓了一跳。我顿时尴尬地移开了视线。「啊，不是因为，到头来都怪我自己优柔寡断」我甚至连与真唯对上视线都会过意不去，慢慢地蹲了下来。「明明真唯说过好几次喜欢我了，我却因...,0.9997050166130066,2751,1
2751,2768,...了」「虽然就我的立场来说，支持你们也有点奇怪。」真唯眺望着灰暗的天空。我对她现在抱着什么样的心情不得而知。「如果你接受了我的求爱却还转而投奔紫阳花的怀抱，这样确实是很过分没错。不过，你和我现在并非恋人...,0.9997047781944275,2751,1
2751,2769,...这」真唯总是在这种时候显得通情达理，让我很伤脑筋。我们之间的关系，只不过是玲真挚友。重视彼此，透过高中三年的时间决定好前进的方向，时而接吻的一种特殊关系，不过正如直唯所说的，我们并不是恋人。不过「不行...,0.9997046589851379,2751,1
2751,2770,...为，我明明说过会好好考虑真唯的事」顿了一会儿，真唯这样说道：「如果这就是你好好考虑之后的结果的话」「这样子，根本就不算好好考虑啊」我摇着头，突然觉得很难受，彷佛要把异物从体内吐出那样开口说道：「在给真...,0.9997041821479797,2751,1
2751,2771,...起来甚至有些刺耳。不应该对担心着我的真唯用这种语气说话。真唯叹了口气。「这件事，不就是我和紫阳花两个，你更喜欢谁而已吗？」我不禁抱住头。「我不懂啊喜欢上一个人是什么感觉我完全不懂啊」为什么真唯会喜欢我...,0.999704897403717,2751,1
2751,2772,...搞不懂。「因为，明明连我都不喜欢自己啊」这种话，我绝不会对紫阳花同学说出口。因为假如我否定了自身的价值，也等于直接否定了认同我的紫阳花同学。『你想要交往的那个女孩子是个很糟糕的家伙。我很讨厌那个人』像...,0.999704897403717,2751,1
2751,2773,...真唯倾吐了心声。明明真唯也是一样的。不对，不仅如此，真唯还最先发现了我这个人的价值。「啊」我抬头望去，真唯不发一语，只是静静露出微笑。随后，她将手轻轻放在我的肩上。「我，喜欢你喔。」「」真唯，你为什么...,0.9997044205665588,2751,1
2751,2774,...对，受真唯的光芒照耀，我的阴暗面逐渐显现出来。因为说起来就很奇怪，如果被紫阳花同学告白了，第一时间肯定会觉得『好开心！』才对的。应该要这样才是正常的。即使是在事后才慢慢觉得说『啊，我怎么会这么幸福呢』...,0.9997038245201111,2751,1
2751,2775,...样啊。我总算明白了。──我并不是希望受到别人喜欢。不管是想受到某人的特别重视也好，或是想要一个挚友也好，想当第一也好。这些不切实际的愿望全都是谎言。被邀请的时候希望能加入她们，希望她们能允许我也在场参...,0.9997040629386902,2751,1
2751,2776,...候给出反应。把这些全部总结起来，就是────我只是不想被人讨厌而已。之所以会对恋人关系感到抵触，只是因为一旦被人触碰自己的内在、被人看到真实的一面，也许就会被对方讨厌。不对，不是什么也许，肯定会被讨厌...,0.9996975660324097,2751,1
2751,2777,...了。所以我才会逼自己远离他人。一次又一次地拒绝真唯。只要保持距离的话，就算是这样的我也能让人觉得『她其实是个好人嘛』。我只能在表面上尽力扮演一个阳角，借由欺瞒他人来掩饰真正的自己，这样就能永远与朋友们...,0.9997001886367798,2751,1
2751,2778,...算疏远我的时候，我又会死缠烂打抓着不放，希望对方待在自己身边。把周围的人折腾得晕头转向。想要『真正的朋友』根本是谎言。之所以认为能够看到彼此脆弱一面的关系会比较好，其实也只是想要得到自己不会被对方讨厌...,0.9997022747993469,2751,1
2751,2779,...我自己──就在这时。真唯的手心轻轻地抚摸着我的脸颊。「啊」我抬起头，眼前是真唯那美丽的脸庞。我们就这样对视了几秒。唯独这个瞬间，一片混乱的头脑停止了思考。我心想，她会吻过来吗？若是能被她霸王硬上弓地索...,0.9997019171714783,2751,1
2751,2780,...见的那种『拜托，让我全都忘了吧』依偎着对方这样说的情境！如果不是这种时候，我想必会很感动吧。然而，真唯并没有继续将脸凑近，反而收回了放在我脸颊的手。「今天，还是算了吧。」「真唯」我并没有想吻她，也没有...,0.9997039437294006,2751,1
2751,2781,...被她嫌弃到无可挽救的地步了。我实在是很可悲。真唯露出很难过的眼神，从我身旁慢慢离开。明明曾经和真唯感情那么要好，现在却甚至想不起她的笑容是什么模样。屋顶的门应声关上。我抱着膝盖坐了下来。因为自我厌恶，...,0.9997052550315857,2751,1
2751,2782,...露出轻蔑的视线俯视着我，说『看吧，我早就提醒你了』。还在我耳边低语『你也该放弃撒娇了，打从一开始你就绝对不可能成为阳角』。一切都如她所说。既没有被责骂，也没有被殴打，更没有遭到排挤，不仅如此，大家甚至...,0.9997051358222961,2751,1
2751,2783,...然而内心被击溃的我，完全就是一个需要讨拍的废物。真唯、紫阳花同学。真的很对不起。如果我像你们所想的那样，是个耀眼、坚强、一直往前迈进的女孩就好了。就算不是，好歹也应该要有把大家骗到最后的觉悟和勇气。而...,0.9997043013572693,2751,1
2751,2784,...讨厌而察言观色的可悲女人。对不起，真的。让你们产生误会，真的很对不起。「好想死」这时，午休结束的钟声响起。我并没有回教室，第一次在高中翘课。下午的课我全都翘了，直到学校几乎没什么人的时候，我才总算回到...,0.9997043013572693,2751,1
2751,2785,...人很尴尬了，竟然还因为跷课让我更害怕别人的目光。像我这种胆小鬼实在不应该跷课我抱着做贼心虚的感觉回到了教室班上没有任何人。这样的景象让我发自内心地松了口气。要是遇到紫阳花同学的话，我又必须谎称自己身体...,0.9997043013572693,2751,1
2751,2786,...回家的准备后，我望着紫阳花同学的座位。「为什么会对我这种人」我认为再怎么思考也无济于事，因为我曾三番两次问过真唯『为什么』，虽然她确实有给出回答，但没有一个答案是我可以接受的。但就算如此也不能说句「好...,0.9997045397758484,2751,1
2751,2787,...人类难搞的地方。真希望人类的系统快点升级啊。我叹了口气，背起书包。「回家吧」带着跷课的罪恶感，我像是逃之夭夭那般离开了教室。尽管怕得不行，但所幸学校似乎没有打电话联络家里。我在晚饭时也没说几句话，快速...,0.9997029900550842,2751,1
2751,2788,...，但我并没有听进去。澡也没洗，就这样直接钻进被窝。明明精神早已疲惫不堪，却一直想着些讨厌的事情，度过了一个难以成眠的夜晚。我相信只要睡个一觉就会好转，强迫自己闭上眼睛。到了第二天──我的心别说治愈了，...,0.9997004270553589,2751,1
2751,2789,...太舒服。」「哎呀是吗？那可以去上学吗？」我穿着睡衣来到客厅，支支吾吾地讲着理由。「我是想请假啦」我移开视线喃喃说道，偷偷观察妈妈的反应。妈妈虽然以有点担心的视线看着我，但还是若无其事地露出微笑。「也好...,0.9996911287307739,2751,1
2751,2790,...就顾着玩游戏喔。要乖乖躺在床上休息才行。」「嗯」我微微点了点头，有气无力地走回房间。擦肩而过的妹妹看到我后歪着头说「咦？姊姊今天要请假？」。我没有回答她，自往房间走去。身后传来妹妹和妈妈的对话。「姊姊...,0.9996511936187744,2751,1
2751,2791,...惊。「唔！」不是啦，我是真的不舒服啊！我没办法像这样怒吼，直接回了房间。钻进还带有体温的被窝，就这样躺了下来。我刚打算伸手去拿手机，立刻缩了回来。尽管可能会有人联络我，但昨天翘了课后我就觉得很尴尬，所...,0.9996139407157898,2751,1
2751,2792,...来了妹妹说「我出门了～」的声音，还听得到爸爸出门上班、妈妈开始做家事的声响。我躺在被窝里，把这些全都充耳不闻。「啊」卷着细线向前摸索的同时，提心吊胆地在迷宫里面徘徊，走到一半时那条线突然断掉，顿时陷入...,0.9995823502540588,2751,1
2751,2793,...对怎么可能，内心有一个声音逞强地这样说道。现在只是刚好累了而已，只要休息一天就能恢复状态。所以，明天又可以摆出充满精神的样子去上学。想得太夸张了，竟然会觉得大家可能会对我讲什么而瑟瑟发抖，其实根本就不...,0.999677300453186,2751,1
2751,2794,...了啊，这只是因为我一直以来都很努力，所以才会感到疲劳而已。到了明天，一切又会一如往常。会恢复原状的。「嗯。」房间的窗帘遮蔽了阳光，我用棉被盖着头。但是，我心里很清楚。拒绝上学的国中时期，翘课的第一天，...,0.9996374845504761,2751,1
2751,2795,...日子变得愈来愈多。我不知不觉间睡着了，醒来时外面已是一片晚霞。我揉了揉眼睛，走下床。「好懒」我没有做梦。在学校的一天明明会发生各种事情，时间安排得密密麻麻。为什么偏偏在家休息的时候时间会一眨眼就过去呢...,0.9996962547302246,2751,1
2751,2796,...茫然地坐在餐桌前等待晚餐。一旦没有手机就会突然闲得发慌。没办法，只好先看个傍晚的教育节目。前途无量的少年少女们看起来乐不可支。他们之中有几个人在明年、后年还能继续出现在电视上呢我自然而然地思考起这种负...,0.9997005462646484,2751,1
2751,2797,...有办法去学校吗？」「应该要去医院看看才对呢」之类的话，而我只是随便敷衍了过去。妹妹回来了。「我回来了～呜哇，你怎么看起来一副要死不活的样子。」「」见我没有回答，妹妹哼了一声，便回自己房间了。早知道吃晚...,0.9996366500854492,2751,1
2751,2798,...不由自主地想起芦谷的大家。换上居家服的妹妹来到客厅，一边玩着手机一边坐了下来。「我说姊姊。」「怎么了？」「嗯不，算了，没什么事啦。我只是觉得看你像那样板着一张脸，哇，真的好丑这样。」「啥？」我好歹也是...,0.9997010827064514,2751,1
2751,2799,...？我皱着眉头，反问回去。妹妹换了个话题，但态度依然很惹人厌。「啊，话说回来，暑假不是有几个女孩子来家里玩吗？她们几个说想看看姊姊的相簿啦。你的照片都放在哪里来着？爸爸的房间吗？」「咦？什么啦？当然不行...,0.9997014403343201,2751,1
2751,2800,...吧。就算是以前的那个姊姊，也会有幼稚园或婴儿时期的照片啦。」「所以我就说不要了啊！」我用手重重地拍在桌上。响起了超乎想像的声响。客厅顿时陷入了沉默，只有电视发出活泼的声音。妹妹用冰冷的眼神看着我。沐浴...,0.9996963739395142,2751,1
2751,2801,...却。「这样很吵耶。不要的话直接讲就好了，别随便乱拍桌子啦。」「啊」我把手缩了回来，连抱歉都说不出口。我只能与前来查看情况的妈妈擦肩而过，就这样离开了客厅。──不过，假如这天妹妹没有提到相簿，我就不会注...,0.9996994733810425,2751,1
2751,2802,...我一点也不想承认这是妹妹的功劳就是了！我抢先一步绕去爸爸的房间翻出相簿，带回自己房间并扔到桌上。然后，坐在椅子上抱着腿缩了起来。「我不是平常就一直说不想那样的吗只是遥奈神经太大条而已吧」我在脑海中一遍...,0.9997026324272156,2751,1
2751,2803,...什么大家都这么轻易地闯进我的私人空间啊真希望她们别这样不要再管我了，我这种人根本就一点也不重要啊」不断叹气。我从桌子抽屉拿出一张相片。那是我们三人一起拍的合照。是紫阳花同学给我的，在夏天于照相馆拍摄的...,0.9997034668922424,2751,1
2751,2804,...旁分别是真唯与紫阳花同学。我们就像结识已久的挚友那样靠在彼此身边。我好希望这天的光景能永远不变，三个人能永远在一起。不过，真唯和紫阳花同学都很坚强，无论关系如何改变，她们都能肯定自己这样的变化。只有胆...,0.999704897403717,2751,1
2751,2805,...然被困在那个夏天。我用手指轻轻摩擦着照片，指尖顿时涌起一股热气。这时，响起了敲门的声音。「姊姊，我要进去啰。」「唉！？」我惊慌失措地把照片藏在相簿底下。妹妹如同侵略者那般大摇大摆地闯进了我的房间。我顿...,0.9997047781944275,2751,1
2751,2806,...种事情而已你也真敢来呢！？难道你的记忆只能维持五分钟吗！？」「呃，我不懂你在说什么。我在爸爸的房间没看到相簿，想说肯定是姊姊偷走藏起来了吧。」我像抱着自己的孩子一样紧紧抱住相簿。「我有说不要了吧！？而...,0.9997047781944275,2751,1
2751,2807,...吧？姊姊只是不想被别人发现自己其实是个阴角对吧。那我们就先找找看嘛。」「一张也没有啦！因为我从出生到现在一直都是垃圾！」「啥？」妹妹以低沉的嗓音这样说道，流露出一股厌恶之情。咿。「只有国中时代的姊姊才...,0.9997032284736633,2751,1
2751,2808,...遥奈抢走了我的相簿。「好啦，快给我。」「啊啊！」我知道如果认真去抢，我一定会因为体力差距而敌不过她，所以只好弱弱地捏住了她的衣摆。「如、如果不是我认同的照片，就不准拿出去哦要是连一张都找不到，你也要乖...,0.9997027516365051,2751,1
2751,2809,...烧掉」「有必要这么拼吗？呃，我也不是不懂啦」遥奈坐到床边，翻起了相簿。甘织家的照片几乎都是曾有一阵子沉迷于相机的爸爸拍的。除此之外，也有在家里还没帮我们买手机之前，我或遥奈借用数位相机跟朋友一起拍的照...,0.9997009038925171,2751,1
2751,2810,...这张呢？」「发型不会很奇怪吗！？」「你很麻烦耶」「只是因为你选的照片都有恶意而已！」我眼睛充血地翻着相簿。没有吗？连一张都没有？难道真的没有把我拍得像是阳角老大的照片吗？连一张奇迹都没有吗！？「我说姊...,0.9997010827064514,2751,1
2751,2811,...！？」我像海盗桶玩具那样抬起头。「没、没有啦～？是、是因为肚子很痛，为、为了以防万一才请假的喔～？」妹妹翻着白眼看着我。唔怎么，难道我就那么好懂吗？「我不知道发生了什么事。不管姊姊想翘多久的课，对我的...,0.9997019171714783,2751,1
2751,2812,...谓的。」也说得太过分了吧！？「但反过来说呢，当姊姊和阳角们混在一起的时候，对我也会有不错的影响，老实说这点很让我惊讶。」「什么啦。」我偷偷观察遥奈的神情。我不晓得一脸平静的妹妹是以什么样的心情说出刚才...,0.9997021555900574,2751,1
2751,2813,...能更丰富地表达感情。「我又不是为了遥奈才在高中改头换面的。」「我知道啊，但我都陪你特训了那么久，要求一点相符的报酬应该不为过吧？类似出人头地费之类的。」「这个嘛，是这样没错？」实际上，她确实在各方面提...,0.9997029900550842,2751,1
2751,2814,...让妈妈带你去，所以我就陪你去了。像是衣服还有化妆品也是我帮你挑的。现在想想，我反而觉得你怎么会问一个前一年还背着小学生书包的妹妹。」「这个嘛，也是这样没错」真要细数的话，还有许多类似的事情。遥奈之所以...,0.9997004270553589,2751,1
2751,2815,...果我的言行有不恰当的地方就告诉我！』。拜此所赐让我改掉了讲话太快的坏毛病，一直会聊对方不感兴趣的话题的这个坏习惯也变得像样了一些。虽然说出来会有点不好意思，但她愿意不厌其烦地陪我改变，就这点来说其实我...,0.9997032284736633,2751,1
2751,2816,...要是姊姊现在又变回家里蹲，实质上我不就吃亏了吗？包含投资在姊姊身上的时间也会化为乌有。所以你明天记得要去上学哦。」「我、我又没有翘课！等身体状况好一点我就会去啦！而且我本来就打算明天会去上学的」这时，...,0.9997029900550842,2751,1
2751,2817,...啊，喂！」「呜哇，积了一堆讯息嘛。你看，真唯前辈和紫阳花前辈都很担心你喔。我先帮你传个『不用担心，我明天会去上学的』回覆她们吧。」「喂！你干嘛自作主张！笨蛋，住手！」妹妹把手机扔了回来。我看向萤幕画面...,0.9997041821479797,2751,1
2751,2818,...是该说越line」「我反而希望你感谢我呢。因为姊姊做不到的事，我轻松就帮你完成了。」「甚至还在那边卖弄恩情，好可怕真想看看你爸妈长什么样」真唯、紫阳花同学就连小香穗都传了讯息给我。我看着同学们的名字，...,0.999704897403717,2751,1
2751,2819,...，我实在是很想好好报答她们。虽然我在这部分完全做不好但是，想要报答她们的心意并不是骗人的「这样一来，你明天也只能去学校了吧。」遥奈双手腰，一脸得意。这家伙把我逼到必须背水一战的窘境，竟然还摆出那副表情...,0.9997044205665588,2751,1
2751,2820,...这样已经算很宠姊姊了。话说这点小事，姊姊应该能轻松办到吧，毕竟你和我可是拥有相同的遗传基因呢。」这家伙对我一向毫不留情。先是封住我的退路，让我无处可逃，再把我逼到只能前进的窘境。所以我也只好破釜沉舟，...,0.9997044205665588,2751,1
2751,2821,...感谢她的地方。如果可以再稍微温柔一点就好了！「啊，这张还不错啊！」遥奈这个旁若无人的态度与其说是侵略者，不如说是掠夺者。她的眼神落在桌上，发现了我刚才匆忙藏在相簿底下的那张照片，并拿在手上。那张是真唯...,0.9997031092643738,2751,1
2751,2822,...其实不算是以前的照片，不过我原本伸到一半的手又缩了回来。「嗯，好吧。是可以啦，你要好好珍惜哦。」我想，妹妹要带走的话其实也好。那张照片实在拍得太美，留在手边反而会让我觉得惶恐。「谢啦，姊姊！」妹妹用体...,0.9997046589851379,2751,1
2751,2823,...匆匆离去。这人生之精实，与翘课在家的我简直截然不同。真是受不了那家伙我重新坐回床上，不经意地将手伸向相簿。因为与遥奈临时的一场闹剧，导致我翻到一半就放在一旁，现在又翻回第一页从头看起。真令人怀念。原来...,0.9997039437294006,2751,1
2751,2824,...拍到了好几个曾经是我朋友的小孩。里面有让我下定决心成为阳角的小孩，还有几个连名字都不太记得的小孩，五花八门。她们是不是也像现在的我一样遇到了什么烦恼，遭遇了什么困难，每天都在努力克服呢？好想聊聊回忆啊...,0.9997028708457947,2751,1
2751,2825,...在』吧。可是，正是因为有着过去才会形成现在的我。偶尔回顾一下自己的人生应该也没什么关系吧这些人里面有没有谁是我知道怎么联络的呢？有没有上了高中之后才联络也不会觉得不自然的人呢或者，是会疯狂吹捧我，能满...,0.9997022747993469,2751,1
2751,2826,...女孩。」这时，我的目光突然停下。那是个对着镜头害羞地比出v字的国小女生。是我带着数位相机去当时上的补习班的时候拍的。她是个戴着眼镜、有些驼背的女孩子，既乖巧且温柔，我们总是会热烈地讨论自己喜欢的漫画还...,0.9996650218963623,2751,1
2751,2827,...黏在一起。当时根本不觉得被人讨厌还是喜欢有什么大不了的，只觉得每天一转眼就过去了，过得非常充实。「如果今天一觉醒来，能再回到国小时代的早上就好了」这样就可以在学校玩个痛快，到了补习班后再和那个女孩尽情...,0.9996895790100098,2751,1
2751,2828,...师凶一顿说『你们给我认真上课』，两个人表面上假装反省，却偷偷吐舌头。我放空思绪看着照片，缅怀着那无法再次回到的过去，这时，忽然涌起了一股奇妙的既视感。奇怪，总觉得，我好像对这个人有印象？不对，这都是我...,0.9997028708457947,2751,1
2751,2829,...觉是怎么回事。有一种似曾相识的感觉。「嗯嗯？」就在我盯着相簿的时候，手机突然收到了一条讯息。出现在萤幕上的名字是──『玲奈亲，我们会等你的──！』──唉？不对，怎么可能。「唉？」从前在补习班一起念书的...,0.9997037053108215,2751,1
2751,2830,...子的一员──小柳香穗是同一个名字。第四卷第一章和小香穗打好关系？不行的！？要说我喜欢玩游戏的原因，毋庸置疑是受到书的影响。国小时代的我喜欢读书，是个会经常泡在图书馆的孩子。我尤其喜欢里面有插画的书。当...,0.9997034668922424,2751,1
2751,2831,...奇幻故事最多吧。后来我就迷上了奇幻世界的游戏。沉浸在奇幻世界观里头的我，会开始看各种影片，在得知fps这个类别之后就老是玩着战争类型的游戏总之不说废话了。当时和我最要好的孩子是皆口同学。我可以尽情和皆...,0.9997033476829529,2751,1
2751,2832,...欢哪个角色，或是那个场景超帅的之类，再不然就是两个人轮流看着漫画杂志，一起猜想故事接下来的发展。现在回想起来，她好像是我这十六年的人生当中唯一一个可以交流兴趣的朋友有一部分可能是因为我们同样是阴角，讲...,0.9996967315673828,2751,1
2751,2833,...假期间要去上，我之所以会坚持去了半年也都是因为想见到她。当时我们两个感情非常要好。然而没想到皆口同学竟然就是小香穗？会有这样的偶然吗！？「早、早安」我蹑手蹑脚地走进教室，尽量不要引人注目。由于班上现在...,0.9996998310089111,2751,1
2751,2834,...过，这时有两位女孩走了过来，挡住了这些视线。是总是成对出现的长谷川同学与平野同学。「早安，甘织同学──！」「你昨天请假害我们很担心你呢，现在身体还好吗？」「啊，嗯。」有人和我搭话顿时让我感到开心，一个...,0.9996954202651978,2751,1
2751,2835,...地扬起了嘴角。「谢谢你们两个。我现在好多了。」「这样啊～毕竟最近季节转换，身体很容易出状况呢。」「不过，甘织同学不在的话班上的华丽度就直接减半了，幸好你能恢复精神！」「减半什么的太夸张了啦，顶多也就三...,0.999698281288147,2751,1
2751,2836,...开心。很好很好，我成功地扮演了一个楚楚动人又美丽的顶尖集团女孩喔。归功于长谷川同学和平野同学的夸奖，我也逐渐不会害怕人们的视线了谢谢你们「早啊──！玲奈亲！」这时，身后有股重量猛然压到我身上。咕呃。险...,0.9996954202651978,2751,1
2751,2837,...到我眼前，紧紧地抱住我！「小、小香穗，早安。」「嗯！」彷佛会为看到的人注入活力一样，那纯白的笑容实在耀眼。相隔一天没见的小香穗的笑容散发出货真价实的美少女光芒。我努力克制差点做出奇怪举动的自己。要是每...,0.9996997117996216,2751,1
2751,2838,...川同学用手捂住嘴巴，「哈哇哇哇」地叫着。「quintet里面的两人像这样交流就在我眼前！」「咦？」「我无法忍受美少女浓度如此高的空间里面有我的存在！那么甘织同学小柳同学，你们保重！请一定要让自己健康幸...,0.9997009038925171,2751,1
2751,2839,...「再见啰！」休息时间，结束！我对着像背包那样趴在我背上的小香穗喃喃说道：「quintet是什么意思啊？」「我们几个最近好像一直被这样叫喔～」我用手机搜寻。quintet好像是二重奏（duo）、三重奏（...,0.9997032284736633,2751,1
2751,2840,...是五重奏（quintet）的意思。「我第一次听说。因为我们是五人组？」「还有喔，像真唯的公司是叫女王玫瑰（queenrose）吧。」「嗯。啊，啊──？原来是这样？」本来的拼写是quintet，她们改成...,0.9997039437294006,2751,1
2751,2841,...的背上下来，在眼角比了个v字手势。「今后你打招呼时必须说『我是五重奏（quintet）的甘织玲奈子&#9825;闪亮☆』才行哦！」「原来我也被算进去里面了啊」这种超过自身价值的待遇让我感到有些惶恐。小...,0.9997044205665588,2751,1
2751,2842,...就会空出来搞不好也有些人会这样想哦？」「满脑子权谋算计耶」我不禁抱住自己的身体。当我在教室后面与小香穗聊天的期间，教室里的人也慢慢多了起来。「啊，是小玲奈。早安～」「早安，甘织。」「哇，紫阳花同学、纱...,0.9997046589851379,2751,1
2751,2843,...t）转眼间齐聚一堂。不知道从哪里传来了『喔喔～』的喊声。或许是我们的名声在暑假结束后又进一步传开了，连其他年级也有学生来一睹这群成员的风采，我对她们这样的实力感到畏惧，不禁往后退了一步。紫阳花同学面带...,0.999704897403717,2751,1
2751,2844,...好令人开心呢，对吧？」那个『对吧』是对着我说的。是因为我在暑假结束后有点难融入大家，那声『对吧』是为了欢迎我回来，同时也是紫阳花同学的体贴。「呃，嗯。」我连连点头。刚才那只是我偶然发现，其实紫阳花同学...,0.9997046589851379,2751,1
2751,2845,...吧。「甘织，待会再找濑名或谁给你看看笔记吧。」「说得也是。啊，可是因为今天没课，我没带古文的笔记。」「那就把我的给你看吧！因为我一直放在学校！」「这种事情没什么好骄傲的喔，香穗。」「啊哈哈紫阳花同学、...,0.9997045397758484,2751,1
2751,2846,...道谢。大家都对我很好。没人因为我请了假就把我视为麻烦人物看待。我的不安明显就只是自我意识过剩。「」不过，在这群人当中好像只有真唯和平常的气氛有点不一样这大概也是没办法的事。毕竟我是与真唯在屋顶上谈话之...,0.9997046589851379,2751,1
2751,2847,...事实，所以我也没办法主动安慰她，说什么『没什么事啦！我不要紧的！』，所以内心还是留有一点疙瘩。「那上课前我再给你看吧。」「啊，好，谢谢你。」以紫阳花同学这句话做了总结，大家接连回到了座位上。没错。尽管...,0.9997045397758484,2751,1
2751,2848,...头来还是没有解决根本性的问题。尽管我知道必须趁早处理但烦恼得过于深入也同样会消耗我的mp。说实话，我现在的烦恼若是只靠我本身的人格特质根本无法应付。如果即使这样也想设法解决的话，我要嘛是先恢复好自身的...,0.9997045397758484,2751,1
2751,2849,...积人生经验提升等级了。时间上我似乎没有余裕选择后者，所以我起码得先把心态稳定下来。否则又要像昨天那样过着浑浑噩噩的生活了托妹妹的福我只翘了一天的课，但下次哪天突然拒绝上学也不奇怪。我相信自己就是这么一...,0.9997038245201111,2751,1
2751,2850,...「啊喵？」我对着把古文笔记本拿过来的小香穗吞吞吐吐地如此说道：「呃」「？」小香穗歪着头。如果小香穗就是我所知道的皆口同学比如说，她愿意听我商量，愿意成为我的伙伴这样我也许就能面对一个人的话无法克服的困...,0.9997045397758484,2751,1
2751,2851,...会有这么好的事啦！不，也不是非得要找她倾诉烦恼什么的。只要能聊聊回忆我就很满足了，最重要的是如果能和小香穗变得更亲密的话我会很开心的毕竟小香穗不瞭解我国中时代发生了什么事嘛！这样对我来说当然是求之不得...,0.9997050166130066,2751,1
2751,2852,...一些从前的面容可是，国小时代的那孩子感觉更加内向。至少没办法以认为自己很可爱的角度歪着头说着『喵？』。和眼前这个比任何人都还像个阳角又是派对咖的小香穗完全不一样。怎么办？要赌一把吗？如果是别人的话其实...,0.9997054934501648,2751,1
2751,2853,...多是半夜闷在床上打滚而已。）「就是啊，呃在这里说不太方便，那个，等到午休时间怎么样？」「好啊？」我强人所难地拜托了一脸疑惑的小香穗。「怎么了怎么了～？该不会是告白吧？」小香穗露出不怀好意的笑容。紫阳花...,0.9997052550315857,2751,1
2751,2854,...真唯和紫阳花同学告白过了，要是我还跟小香穗告白，这样的女人也太糟糕了吧！才不是啊！！午休时间。我把小香穗叫到了校舍后面。「唉？怎么了？把我叫到这种地方，难道真的要告白？」「就说不是啦！」眼见小香穗把手...,0.9997054934501648,2751,1
2751,2855,...啊啊真是的，这样让我连开口都很害羞了！小香穗是成员当中唯一一个让我交流时不会那么紧张的女孩。因为她总是会先用很愚蠢的反应引人发笑，或是自愿当一个被吐嘈的角色，我认为她很擅长把别人带进自己的节奏。也就是...,0.9997052550315857,2751,1
2751,2856,...』。就像喜剧与相声都有固定的剧本那样，和小香穗对话时应该也有一个固定模式。可能有人会觉得那又怎么样了但其实要讲出那些不算常套句子，没有固定模式的话是非常令人紧张的，现在我实际体会到了这点。唔唔。可是我...,0.9997050166130066,2751,1
2751,2857,...了！「那、那个，小香穗，这个。」我从口袋里取出照片给小香穗看。「这个人，是小香穗吧？」「」小香穗露出笑容。然而，那个笑容和平常不同是犹如能面一样的笑容唉？唉唉？当我还在不知所措时，小香穗从我眼前捡起掉...,0.9997045397758484,2751,1
2751,2858,...？」怎么了怎么了！？「那就是掉在地上的石头喔。人类透过丢出大量的石头来，打倒远比自己大上许多的凶猛动物。」「小、小香穗？」小香穗一步一步缓缓地靠近。或许是因为那娇小的身躯背负着人类的历史，她看起来比平...,0.9997032284736633,2751,1
2751,2859,...，玲奈亲那么我也会利用人类的睿智，在此全力反抗的我不会让玲奈亲活着回去的」「不、不是啦！」「多说无益！在此绝灭吧！」说完，小香穗二话不说地冲了过来！虽然我刚才说过想要为了头目而升级，但不是这个意思啊！...,0.9997041821479797,2751,1
2751,2860,...直接把我推倒在地，趁着我躺在地上的时候跨在我身上。咿──────！要被狩猎了！「我就说不是啦！」我拼死命地呐喊。人类最古老的智慧！没错，我要用语言！「我只是！单纯地！想再和那女孩说话而已！」小香穗的动...,0.9997046589851379,2751,1
2751,2861,...好烦！然后，我偶然在相簿里面发现了这张照片所以，那个，我只是觉得如果能跟她聊聊的话会很开心真的、真的就只是这样」小香穗目不转睛地俯视着我。「真的？」「真、真的！」虽然不晓得她会相信到什么程度，总之我拼...,0.9997039437294006,2751,1
2751,2862,...情，应该会觉得不太舒服吧可是我却擅自踏进你的私人空间，真的，很对不起」就算是我，假如突然被人揭穿我是个阴角，想必也会制定一套完美的犯罪计画吧。明明不晓得对别人来说什么算是地雷，我做事真的是不经大脑。「...,0.9997053742408752,2751,1
2751,2863,...所以，也请小香穗忘了吧」小香穗轻轻地叹了口气。她把石头随手扔了出去，从我的身上移开。得、得救了？小香穗拍掉掌上的土。随后，对着仰躺在地上的我伸出了手。「你应该有很多话想说吧。」「小、小香穗？」小香穗扬...,0.9997038245201111,2751,1
2751,2864,...小香穗！」我紧紧地抓住了她的手。「嗯、嗯！」人类最古老的智慧成功制服了人类最古老的兵器。我又再次体验到了人类曾经走过的战争与和平的历史。这是一个历史性的事件虽然不是很懂，不过大概就是这么回事吧于是──...,0.9997037053108215,2751,1
2751,2865,...附近的家庭餐厅。我们在放学后来到了家庭餐厅的桌位。我茫然地望着坐在对面的小香穗的脸。仔细想想，我从以前就是个没办法看着别人的脸说话的孩子。所以肯定对小香穗的长相也只留下模糊的记忆吧。突然感觉有点对不起...,0.9997041821479797,2751,1
2751,2866,...，这实在是让我大受打击呢。」「对、对不起。」我低头道歉。由于错完全在我，也只能一个劲地道歉。「因为小香穗和那个时候的氛围完全不一样嘛而且你看，你以前还戴眼镜现在改戴隐形眼镜我当然会认不出来啊」「怎么会...,0.9997040629386902,2751,1
2751,2867,...辟地吐嘈。「我记忆中的皆口同学，该怎么说呢，是更加」「不起眼的阴角眼镜女孩？」「呃！是个很乖巧的孩子！很文静的那种！」小香穗听到，快活地笑了。每当说到皆口同学喜欢的话题时，她在眼镜底下的眼睛总会闪闪发...,0.9997046589851379,2751,1
2751,2868,...样了嘛。」「啊，对，嗯，就是啊。」我连连点头，小香穗把手甩了甩，告诉我『其实也没什么大不了的』。只是父母离婚，父亲和另一个人再婚而已。我笨拙地应了一声『这样啊』，小香穗便嘻嘻笑了。「是说，我可是一眼就...,0.9997047781944275,2751,1
2751,2869,...唔对、对不起。可、可是，既然你注意到了应该要早点告诉我嘛！」「哎呀，完全被人遗忘了还要主动提出来，不觉得这样很难受吗？」确实是这样。「不过，我想说你没注意到的话其实也没关系。反正我们在同一个小圈子，又...,0.999704897403717,2751,1
2751,2870,...我讲这件事，我反而有种『事到如今！』的感觉。」「好丢脸」因为、因为我低着头，像是挤出内心话那般回答。「因为我觉得，小香穗比那个时候更加呃，变得非常可爱」「嗯嗯是、是没错啦？既然这样，就没办法了喵。」小...,0.9997046589851379,2751,1
2751,2871,...觉有点不安。要是她认为我夸奖她只是为了敷衍过去，感觉反而会给她留下不好的印象，于是我决定好好说明一番。「小香穗不但长相很可爱，五官也很端正，整个人感觉都很灿烂，就好像偶像一样皮肤还有头发也保养得闪闪发...,0.9997052550315857,2751,1
2751,2872,...很可爱」「等、等等先停一下！」小香穗猛然打断我的发言。她的脸颊染上了些许红晕。「啊对不起，都是我自顾自地在说话！」「呃，是没关系啦」小香穗又咳了两声。她转过身去，简直就像是在掩饰害羞那样喃喃自语。「其...,0.9997050166130066,2751,1
2751,2873,...！」小香穗立刻换了个话题。「是说，玲奈亲你完全没变呢。」「唉！？是、是吗？」我不禁按住胸口。明明小香穗都成为了犹如蝴蝶般华丽的阳角，但只有我还是和当时一样？这有点不对，是相当受打击小香穗露出笑容告诉我...,0.999704897403717,2751,1
2751,2874,...都处在班级的中心嘛。」我还以为自己会当场爆死。「啊，啊哈哈哈哈！我有说过那种话吗！？」「嗯。玲奈亲每天都会把班上的男女同学都卷进来，教他们玩很多新游戏对吧。又热闹又开心，我当时很羡慕玲奈亲的学校呢。」...,0.9997050166130066,2751,1
2751,2875,...的吗！？不对，她肯定是信以为真！她是真心觉得我是一个阳角！开心与难受的感觉交互向我袭来。「哎呀，也曾经有过那样的事情呢！」虽然应该不用解释了，和小香穗说的内容全部是我捏造的。过去的我正手握死神之镰朝我...,0.9997047781944275,2751,1
2751,2876,...来小香穗一直都以为我是个阳角啊听到了吗，纱月同学。只是因为你太敏锐而已，我可是有好好扮演一个外向的人喔应该不是因为小香穗有眼无珠！就这样，我在内心发誓，这辈子至少不会把真相告诉小香穗。所求无他，正是为...,0.9997051358222961,2751,1
2751,2877,...亲现在已经不看漫画还是动画了吗？」「才没有呢！」我举出了好几个现在也在追的漫画的名字。我的零用钱基本上都会花在游戏上，漫画多半都是用app看的。不过，并不是完全就不看动画了。「是说，小香穗才是对这些完...,0.9997044205665588,2751,1
2751,2878,...和大家处得那么好的阳角话说到一半，我立刻闭上嘴巴。再怎么说这可能也算是偏见了。因为就连紫阳花同学也在追魔法少女的动画。小香穗笑了。「我喜欢喔，超喜欢！应该说比那个时候还更加更加喜欢！」说着这番话的小香...,0.9997046589851379,2751,1
2751,2879,...迷哪部动画吗？」「呃，这季呢──」接下来有一段时间我们抛下了回忆，聊著作品展开了一波热烈讨论。这是平常绝对不会出现的对话。喜欢作品的这个部分。喜欢这个角色。这句台词好热血。我们轮流畅谈着这些事情，不时...,0.9997047781944275,2751,1
2751,2880,...神也逐渐充实了起来。自暑假以来，这段时间是我第一次打从心底纯粹地感到快乐讨厌，我快喜极而泣了「谢谢你，小香穗」「唉！？谢什么！？」我吸了一下鼻子。「其实，我最近发生了很多难受的事，搞得我现在有种无力感...,0.9997044205665588,2751,1
2751,2881,...什么事吗？」「呃」小香穗轻轻拍了拍自己的胸口。「你就说说看嘛。我和玲奈亲可是好朋友！」她像个名侦探一样竖起食指。「虽然这种讲法很老套，不过讲给别人听的话说不定心情就会比较轻松喔？我虽然不是能认真听别人...,0.9997057318687439,2751,1
2751,2882,...朋友，来，让我听听看吧。就当作是庆祝我们重逢嘛。」「小香穗可是」我不愿开口的理由，当然是因为小香穗喜欢真唯。这样如果还告诉她我被真唯告白，小香穗一定会留下难受的回忆，所以我实在无法开口。这时，小香穗没...,0.9997056126594543,2751,1
2751,2883,...法啦。现在我们都是高中生了，和那个时候已经完全不一样了是吗？唉。虽然有点寂寞，但这就是人生啊喵。」「我、我不是那个意思！」我使劲挥着双手否认，但小香穗只是将手肘靠在桌上托住脸颊，表情很明显在闹别扭。伤...,0.9997053742408752,2751,1
2751,2884,...定会不会后悔的人是我。」确实！一回神，我已经全盘托出了。「那个其实我，那个，暑假的时候被紫阳花同学告白了！」「咦？」「不只这样，其实，我在那之前也被真唯告白了」「啥？」我用双手捂着脸。「必须要从她们两...,0.999704897403717,2751,1
2751,2885,...对我来说都是高攀不起呀像我这种既平凡又不起眼不会给人留下什么深刻印象的女人，配不上她们两个啊」小香穗颤抖了一会儿，不发一语。或许她是对我这么优柔寡断感到傻眼吧。「什什」小香穗发出了沉吟。她那个样子让我...,0.999704897403717,2751,1
2751,2886,...─「什么鬼啊！」我被用力地摔到地上。「小、小香穗！？你突然怎么了！？你疯了吗！？」我被拖出了家庭餐厅，直接被带到附近的河堤边。有人会在一天内被摔到地上两次吗！？在夕阳余晖的照耀下，小香穗捡起拳头大的石...,0.9997046589851379,2751,1
2751,2887,...不用再解释一次了！」旁边有人在遛狗，四周不断有人经过，他们看到女高中生的奇怪行为后顿时停下了脚步。我慌忙站了起来，面对小香穗。因为背光，看不清小香穗的表情。「刚才说的，如果你现在告诉我『全部是骗你的！...,0.9997044205665588,2751,1
2751,2888,...太可怕了吧！「重点不是在你原不原谅！因为这全都是真的！而且是因为小香穗说什么要我讲出来我才全部讲出来的」「那又怎么样！」小香穗踏着沉重的脚步走了过来，狠狠抓住了我的胸口。咿！「才想说你总算想起我了！原...,0.9997041821479797,2751,1
2751,2889,...～』是吗！？你这个现充！」「才、才不是！」「你的意思是我这种人终究和你不是同一个世界的吗！？上流社会的女人就是这样！我这辈子从来没被人这么瞧不起过耶！」眼见朋友大发雷霆，我顿时吓坏了。以前从没有人对我...,0.9997040629386902,2751,1
2751,2890,...使如此──我也不能就这样默不吭声。「我我怎么可能会炫耀自己很受欢迎啊！」我用力推开了小香穗。「因为我最讨厌做这种事的人了啊！我是认真在烦恼耶！」「是啊，是啊，肯定是非常烦恼吧！有人帮忙准备了奶油蛋糕和...,0.9997045397758484,2751,1
2751,2891,...？是要叫我去舔糖水吗！？啊！？」「我也没办法啊！毕竟我就是被喜欢上了嘛！」在夏日的余香中响起了巨大的蝉鸣。我抱着输人不输阵的气势大喊。「真唯也好紫阳花同学也好，她们都说喜欢我啊！根本就莫名其妙啊！我完...,0.9997038245201111,2751,1
2751,2892,...！」我倾吐还没向任何人说过的真心话，也是最糟糕的话。「明明、明明就连我都不想和我这种人交往了！可是那两个家伙就是这样说的啊！所以我才会烦恼啊！因为我不想伤害她们两个」我低下头，握紧拳头。咬紧颤抖的嘴唇...,0.9997037053108215,2751,1
2751,2893,...穗的声音感觉好温柔。我泪眼汪汪地回望着小香穗。「小香──」突然眼冒金星。「好痛～～～～～！？」小香穗赏了我一记头槌。我按住额头蹲了下来。在不同的意义上喷泪！眼前是和我一样蹲着的小香穗，她说：「谁管你啊...,0.9997045397758484,2751,1
2751,2894,...。「谁、谁管你？可是，我就真的这样烦恼啊」「我听到了！全部！全──都听到了！不仅全都听到了，我还羡慕你的一切！什么鬼啦！随便选一个不就好了吗！就选你喜欢的那个啊！」「因、因为我要是做出选择，另一个人就...,0.9997046589851379,2751,1
2751,2895,...安慰受伤的真唯！看，这不就解决了！」「呃！可是，我觉得应该不能这样解决！」「也对啦！说穿了，你只是想炫耀自己很受欢迎吧！你这家伙、你这家伙、你这家伙！」「哇、等等、别这样。」在一阵推挤之后我被推倒在地...,0.9997038245201111,2751,1
2751,2896,...前开始就老是摆出只有自己很特别的嘴脸！而且还真的被大家疼爱！很了不起嘛，不管做什么都很顺利过着简单模式的人生！真教人羡慕呢！」「才──才没有！」这次换成我把小香穗推倒，立于上方。这样简直就是打架。这还...,0.9997045397758484,2751,1
2751,2897,...得一点也不顺利啊！就算这样，我还是以自己的方式努力过来了！所以、所以才有了现在的我！你明明什么都不知道！」「我怎么可能知道啊！你总是在旁边傻笑！然后还对所有人摆好脸色，只是不想被任何人讨厌而已吧！逊毙...,0.9997043013572693,2751,1
2751,2898,...讨厌有什么不对！？因为我从来都没说过自己想要一个恋人啊！是对方主动来跟我告白的嘛！我希望一直都保持现在这样！大家一起过得开开心心的就好了啊！」小香穗紧闭双眼。但是，我没办法把手挥下来。小香穗露出凶狠的...,0.9997047781944275,2751,1
2751,2899,...穗像拍掉破布那样把我甩开，起身之后哼了一声。「我回去了。」说完，小香穗就拿起书包离开了。我在原地蹲了一会儿。晚风吹拂着火烫的身体，十分凉爽，有种夏日已经结束的感觉。回到家，妈妈看到我浑身都是泥巴，顿时...,0.9997046589851379,2751,1
2751,2900,...倒了。」＊＊＊隔天，我实在是死都不想去学校因为现在已经不是尴尬这种等级的问题了这种状况岂止越线，根本是在线上跳来跳去可是现在请假的话，就结果来说等于我主动认输，也就是屈服于小香穗所说的话，这样实在会让...,0.9997045397758484,2751,1
2751,2901,...以匍匐前进的方式爬着上学当我抱着沉重的心情准备好要上课时，小香穗比我晚一步来到教室了。「早安──！」她活力充沛地在班上打着招呼。眼见她额头上贴着一大片ok绷，大家纷纷询问她发生了什么事。不过一切的担忧...,0.9997039437294006,2751,1
2751,2902,...朋友皆口同学。我想，小香穗大概也以自己的方式付出了很大的努力。改变了外表，改变了说话方式，连交流技巧之类的也比我远远强上许多。明明像那样脚踏实地努力了，我却突然冒出来对她说了那种话，所以才会一个按捺不...,0.9997044205665588,2751,1
2751,2903,...无话不谈的朋友啊不，可是！只有这次，我绝不会主动道歉！因为不对的人是她！她明明根本就不瞭解我，却那样单方面地指责我！当然，如果我讲话时能再谨慎一点的话就好了唔唔唔我带着这样的疙瘩度过了一天。到了午休时...,0.9997045397758484,2751,1
2751,2904,...点同时说话的时候──「哼。」「哼。」也会像这样把头转向一边。没错，我抱着钢铁般的意志，绝不会主动和小香穗和好的直到她跟我道歉之前，绝不！比方说，吃完饭后。「嗳，小玲奈你和小香穗出了什么事吗？」就算紫阳...,0.9997045397758484,2751,1
2751,2905,...很坚定！才不管那家伙呢！不过我心里是这样想，说出口的话却只是「呃，嗯，那个，发生了很多事情啦──！哈哈哈！！」这样罢了！这次我是真的生气了，小香穗！＊＊＊这样的日子持续了好几天，放学后。我原本是为了恢...,0.999704897403717,2751,1
2751,2906,...气氛削减了我的精神值，这种感觉就像是为了偿还利息又跟人家借钱一样。我的数值现在不管在什么样的旅社过夜都没办法痊愈我有气无力地走向鞋柜。在那里，遭遇了不得了的场面。那就是──「──算了！小纱你这个笨蛋！...,0.9997040629386902,2751,1
2751,2907,...感情表现得很浮夸，但生气的时候也只是在玩梗，鲜少像现在这样真正把情绪宣泄出来。除了和我的那场战斗。而且对方还是纱月同学。我感觉自己彷佛目击了丑闻现场，不假思索地躲在走廊的角落。「你同意的话我就回去了。...,0.999703586101532,2751,1
2751,2908,...穗和纱月同学正在鞋柜那边对峙。鼓起脸颊的小香穗，还有彷佛在想着『今天风真大呢』的那个一如既往的纱月同学──呃，糟糕，我和纱月同学对上眼了。「甘织。」「啊，呃，嘿嘿嘿两位好。」撞见朋友根本不知道为了什么...,0.9997023940086365,2751,1
2751,2909,...。我移动到她们眼前，可以的话真想立刻变成隐形人。纱月同学以冷淡的语气说道：「对了，你问问甘织如何？」「什么────！？」小香穗发出悲鸣。我也很想惨叫。而且，纱月同学也肯定发现我们正处于冷战状态，居然讲...,0.9997014403343201,2751,1
2751,2910,...不太清楚状况，但我绝对不可能代替纱月同学吧！？」「嗯，说得也是。」「你是明知故问吗！？」琴纱月是可以与王冢真唯分庭抗礼的美女，日以继夜地散发着非凡魅力的才女，但可惜的是她与真唯不同，不打算在人际关系上...,0.9997037053108215,2751,1
2751,2911,...。她是那种会将超乎寻常的规格全都用在自己身上的人。像她这样如此贯彻自我原则，也只能称为帅气了。「那之后就拜托你了，甘织。」「不是，请等一下啦！别让我们两个单独在一起！」当我慌张地准备换鞋的时候，小香穗...,0.9997034668922424,2751,1
2751,2912,...望你先让开」我完全不习惯与朋友吵架，所以根本不知道应该摆出什么样的态度才好，只能小声地沉吟。这种时候也没办法叫她『走开』或是『滚开』之类的毕竟这样感觉很没礼貌不对，既然正在气头上，根本不用顾虑到粗鲁还...,0.9997043013572693,2751,1
2751,2913,...是，不或许也只能这样了现在开始的话不过如果是玲奈亲可以，或许可以嗯，相当可以」「那个」然后──小香穗当场跪下了。「对不起──！」「唉唉──！？」「这一切都是我不好！对不起请你原谅我我再也不会说出失礼的...,0.9997043013572693,2751,1
2751,2914,...──！」她像机关枪一样滔滔不绝地说个不停，我的情绪完全跟不上。「呃」「──对不起！」「那个」「──请原谅我！」每当我想要开口说些什么，跪在地上的小香穗就会像是要用火力压制那般疯狂道歉。这应该算是名为道...,0.9997041821479797,2751,1
2751,2915,...下跪的样子要是被其他学生看见，绝对会被传得很糟糕吧！喂喂！「小香穗，好了，抬起头，好吗！」「你肯原谅我了吗？我瞄。」「这个」「我瞄我瞄。」「啊啊好啦！我原谅你，先暂时原谅你！总之你先站起来，站起来！」...,0.9997040629386902,2751,1
2751,2916,...的手。她满脸的笑容近在眼前。嗯，长相真的很可爱！「谢谢你，玲奈亲！我们要像以前那样要好哦！过去的事就既往不咎吧，好吗！」「这家伙」当我为此咬牙切齿时，一双硕大的眼眸盯着我的脸。这是泪眼汪汪的美少女使出...,0.9997044205665588,2751,1
2751,2917,...「这个嘛，嗯」小香穗摆出像武士般的表情打算再次下跪，我情急之下拉住她的手阻止了她。「等等，住手住手！我没生气了啦！完全没有！」「玲奈亲真温柔喵。我蹭我蹭喵。」「这只母猫」我对着在我身上磨蹭的小香穗喃喃...,0.9997050166130066,2751,1
2751,2918,...小香穗这个受到众人疼爱的芦谷公认妹妹说出这种话。我们竟然会以这种方式和好不对，反而种下了满满的祸根吧？我转眼间精疲力尽。该不会，我对美少女很没辙吧？「我说，玲奈亲。」「什么事」小香穗抱着我的手，像是在...,0.9997044205665588,2751,1
2751,2919,...了证明我们和好，有件事希望你能帮我喵。」「咦？」紫阳花同学的事，真唯的事，还有我自己的事。我现在因为许多事情烦恼到脑袋快要爆炸，整个人都快被压垮，她这时对我说出的这句话就好比蜘蛛丝一样──那究竟是让我...,0.9997038245201111,2751,1
2751,2920,...我根本无从得知。就这样，我和小香穗两个人走在回家的路上，这实在是我完全没料到的「哎呀，所以说呢，在古希腊男孩子和男孩子谈恋爱是理所当然的事情哦！随着时代的变化，生活在不同时间的人类也会有着截然不同的社...,0.9997040629386902,2751,1
2751,2921,...就一直精神饱满地滔滔说着我听不太懂的冷知识。我能感受到她在表达出一种「绝对不可以提及上次吵架的事情，绝对不行喔」的强烈意志。感到尴尬的似乎就只有我。我怎么会知道才刚像那样大吵完一架之后，该用什么样的态...,0.9997032284736633,2751,1
2751,2922,...被她带到暗处，又听她讲说什么人类最古老的武器的渊博知识什么的，于是我开口问她：「那个，小香穗，你想让我做什么呢」「唉～你要问了？要问了吗？」小香穗露出装可爱的表情，从下往上看着我。不对，她的动作和脸确...,0.9997039437294006,2751,1
2751,2923,...里的车站之类的，我也会很困扰的」小香穗在下巴底下比了个v字手势，又露出了一个灿烂可爱的笑容。这孩子的笑容库存里面到底有多少类型啊！「没问题啦！一点都不可疑喔！你到时会觉得『唉？这么不可疑啊？哇，吓死我...,0.9997044205665588,2751,1
2751,2924,...果是不可疑的请求，你先打包票说不可疑反而是一种反效果耶」「只是要稍～微露出点肌肤就行了。一咪咪就可以了。稍～微露一下就好。」「我突然想到还有事，先回去了哦！」「唉──！？」小香穗抓住我的手。「好嘛～拜...,0.9997044205665588,2751,1
2751,2925,...顿时停下了脚步。「被小纱拒绝之后，我能依靠的人就只有玲奈亲了──！」小香穗凝视着我，那眼神彷佛是遭到遗弃的小狗。唔这就是芦谷妹妹的撒娇光线！？和用恐惧支配他人的纱月同学不同。那感觉就像是写着罪恶感的靶...,0.9997039437294006,2751,1
2751,2926,...小香穗，已经是撒娇技巧的高手了！「好不容易才和玲奈亲在高中重逢，我很高兴啊」「唔咕」像是无法对喜欢的人说出喜欢两个字的国小女生一样，小香穗地交缠手指，凝视着我。「你继续再闹别扭，我会很难过的啦」「在闹...,0.9997045397758484,2751,1
2751,2927,...她并不是发自内心道歉！）要是还不原谅她的话，就只能让她剃光头了。如果小香穗在某天顶着一颗光头来学校，我应该会内疚到从三楼的窗户跳下去。我不习惯吵架，所以也不太懂跟人和好要经过什么样的程序，想要继续固执...,0.9997051358222961,2751,1
2751,2928,...不定做这件事也必须要拿出勇气吧我和小香穗是不同的个体，不会所有的意见都能一致。所以，可以认同到什么程度，可以原谅到什么程度，想必都是与人来往的一部分吧。小香穗生气了，我也生气了，但小香穗道歉了。所以这...,0.9997045397758484,2751,1
2751,2929,...夫，但人际关系就像是借由彼此的同意与契约来运作的。吵架与和好意外地深奥啊我深深地叹了口气。「好吧，小香穗之前的事就让它付诸流水吧」「太好了──！谢谢你，玲奈亲！要是你甩了真唯记得告诉我哦！」「这还不知...,0.9997045397758484,2751,1
2751,2930,...还不能让我掉以轻心！「是说我才想问你那个，你已经不生我的气了吗？」「嗯──多少是还有点生气，不过既然全都讲开了，感觉这样也蛮痛快的。这是实话。现在这边的事远远重要多了！所以我最喜欢玲奈亲了，最喜欢你了...,0.9997046589851379,2751,1
2751,2931,...感情的声音示爱干脆现在赏你一记当时没打下去的耳光好了？我心里虽然这样想，但实际上根本做不到。我有气无力地问道：「所以，我要做什么才好？」「如果你答应要做我就告诉你喵！」「不，可是」「好嘛，好嘛，求求你...,0.9997044205665588,2751,1
2751,2932,...对我见死不救嘛，玲奈亲！拜托拜托拜托拜托。」「唔唔唔可、可是我实在没办法露」在我眼神飘移拿不定主意的时候，小香穗使出了最后的撒手锏。「好吧！钱！我会付你钱的！你要是肯帮我到最后的话，我就付你钱！你知道...,0.9997044205665588,2751,1
2751,2933,...定还能买到国家！」「钱！」「而且，如果你肯帮我到最后的话」她竖起了三根手指。不，可是「三千圆，是吗？」对于因为暑假出门旅行而几乎花光了所有存款的我来说，有钱自然是再好不过虽然会被我拿去当作购买新游戏的...,0.9997044205665588,2751,1
2751,2934,...的狐狸。「三万。」「三万圆！？」我瞪大了双眼。怎么回事！？小香穗突然用谈公事的口吻如此低语。「当天会准时付款。可以在当天带走这样的金额。」绝对是危险的工作嘛！「我回去了！」「唉！？等一下！」很可惜，我...,0.9997038245201111,2751,1
2751,2935,...香穗的制止，奋力往前跑。「钱很重要喔──！？」我知道！但是我更加重视自己的精神状态！请不要再增加我的烦恼了！和小香穗分开之后，我不知为何就这样直接冲回家。进入玄关，一鼓作气回到自己的房间。我把包包扔出...,0.9997029900550842,2751,1
2751,2936,...。可以让我不顾一切地扯高嗓子大喊「喜欢！」的唯一存在。ps4。「啊啊，小四，我回来了！」我紧紧抱着它，无机物的塑胶外壳迎接着我。人类很可怕。因为我不知道她们会做什么，也不晓得何谓人心。「不过，只有小四...,0.9997023940086365,2751,1
2751,2937,...。框体零件的触感很硬，小心翼翼地保护着里面精密的主机板与驱动器。真是可靠的家伙。如果我也是游戏机，现在就不会烦恼于自己的存在价值，而是让更多更多的人享受乐趣了说。我维持了这个状态好一会儿之后──「姊姊...,0.9997014403343201,2751,1
2751,2938,...猛然停下了脚步。「」就这样，她当作什么都没看见。她可能是不愿意承认自己和一个泪眼朦胧地抱着游戏机的女人有血缘关系。唯一能理解我心情的，就只有无论是生病的时候还是健康的时候，都愿意永远陪伴我的小四了。「...,0.9966061115264893,2751,1
2751,2939,...像小女孩会和娃娃一起睡觉一样。虽说它粗糙且凹凸有致的身体颇有异物感，讲白一点就是很碍事──不对，是会占掉床上很大的面积尽管有这样的坏处，但它势必会坚定地守护着我的心。但愿睡醒后我能成为游戏世界的居民在...,0.9785863757133484,2751,1
2751,2940,...一无二的传说之剑，拥有绝对无敌的独特技能，即使受到众多伙伴仰赖也绝不与人结伙，仅凭一己之力就能斩杀所有头目，一个活生生的传说，livinglegend我做着这样小小的美梦，睡着了。隔天早上醒来后，发现...,0.9997013211250305,2751,1
2751,2941,...去，它直接倒在地上。「小四！？！？！？」没办法开机。完全坏了「为什么？」我顿时泪流不止，紧紧抱着它的遗体。「为什么会变成这样啊！？有人吗？有人可以帮忙吗！快来救救它啊──！」要去晨练的妹妹微微将门打开...,0.9997021555900574,2751,1
2751,2942,...的声音喃喃说道：「你是怎么弄成这样的啊，姊姊」＊＊＊「小玲奈早安～你今天来得很早呢～」我来到了教室，刚来的紫阳花同学露出莞尔的笑容向我打招呼。其实我只是脑袋空空就来上学，到校后才发现比平常还早而已我已...,0.9997032284736633,2751,1
2751,2943,...以和她一样笑容满面地挥手。「早早、早安」「小玲奈！？咦？你的眼睛好肿喔，怎么了吗！？」计画完全不顺利，彻底失败。「那个，嗯没、没事啦，我、我很好没事、的呜。」我说着说着，又哭了起来。我就这样背着包包，...,0.9997041821479797,2751,1
2751,2944,...出了担忧的神色「小玲奈感觉你最近好像遇到了许多问题呢」她注意到了吗？确实，前几天我就因为跷课而情绪低落，后来又和小香穗吵了一架，扭打成一团然后，给我致命一击的就是这次的事。本来是打算让mp恢复的，却每...,0.9997047781944275,2751,1
2751,2945,...听你说的喔？」「没有啦，其实也不是什么大事，真的只是因为我的游戏机坏了，没办法启动」我说出口后，发现这真的没什么大不了的。因为游戏机坏了就哭了？你是国小男生吗？而且这件事还最受打击？这是什么惊险悬疑故...,0.9997047781944275,2751,1
2751,2946,...同学一定会露出轻蔑的眼神说『唉？什么啦w也太蠢了吧？www』，然后疯狂爆笑吧，可是「这样啊好糟糕哦」她愿意感同身受，和我一起沮丧呜呜，对不起，让你也难过了我缩起肩膀试着让自己变小。这时，紫阳花同学的手...,0.999704897403717,2751,1
2751,2947,...？」「啊、啊、那个。」也许是因为我的反应很大，紫阳花同学一下子就把手缩了回去，把脸别到旁边。她的耳朵整个变红了。「对、对不起，我不自觉就」「呃，嗯」竟然会在教室里被人摸头，吓了我一跳不过，为了安慰失落...,0.9997047781944275,2751,1
2751,2948,...同学喜欢我呀！那么她也是基于这种心情才这么做喜、喜欢？紫阳花同学喜欢我？糟糕，怎么办？脑袋当机了。我只是低着头，什么话都说不出口。「如果可以的话下次要再来我家玩吗？」「唉？那、那个」紫阳花同学的脸颊染...,0.9997047781944275,2751,1
2751,2949,...，我没有奇怪的意思就是那个，只要把光碟带来，就能在我家玩了对吧？所以」「啊，是这个意思不过，要破关得花几十个小时，一直在紫阳花同学家叨扰我会过意不去的」「啊，这样啊。说得也是。要每次都过来也很麻烦呢。...,0.9997050166130066,2751,1
2751,2950,...。」不如说，如果可以获得去紫阳花同学家玩的合法名目，事情肯定会很不妙。我会经常泡在她家，这样的话根本就像是在交往一样嘛！「谢谢你的提议其实我也想再去紫阳花同学家」我这句话一片真心，没有半点虚假。紫阳花...,0.999704897403717,2751,1
2751,2951,...说了句「嗯」。这、这个质感是怎么回事？从嘴里分泌出来的唾液有种莫名酸甜的味道！紫阳花同学茫然地望向正面，开口说道：「不过总觉得太好了。」「太好了？」「啊，不是，小玲奈的游戏机坏了，我也觉得非常可惜但我...,0.9997046589851379,2751,1
2751,2952,...然后将手紧紧地放在胸前。「因为，小玲奈在我的面前一直都勉强让自己开朗可以像今天这样，自然地聊天，我觉得真是太好了。」「呃」我顿时语塞。原来紫阳花同学已经看穿了一切。因为害怕紫阳花同学对我幻灭，我确实一...,0.9997046589851379,2751,1
2751,2953,...得很好，看来并不是这样？这样的话，在她眼中的我不是就像一个可怜到极点的家伙吗？「只好去死了」「唉！？」紫阳花同学顿时大惊失色。啊？我刚才说漏了什么？不、不是啦，我会活下去的！「那个，呃！我的样子，看、...,0.9997034668922424,2751,1
2751,2954,...在想小玲奈好像在努力这样，完全不觉得你奇怪喔！」紫阳花同学连忙摇头。我这个女人明明丝毫无法理解别人的心情，就只会（擅自）想像这番话背后所隐藏的含意。努力＝努力做些不符合自己身分的事情。我只是在想＝周围...,0.999703586101532,2751,1
2751,2955,...好难受我按着不断刺痛的胃，同时观察着紫阳花同学的脸色。「那个紫阳花同学觉得，前阵子的我和现在的我，哪一个比较好？」「咦？这个嘛，呃，应该是两个都很好吧。因为我觉得小玲奈去做自己想做的事情才是最好的。而...,0.9997038245201111,2751,1
2751,2956,...着，紫阳花同学的脸上浮现了自虐般的笑容。这确实是没有辩解的余地，我不禁陷入了沉默。「对不起哦。之前突然说那些话，肯定吓到你了吧。」一大早的教室人依然很少，紫阳花同学脸颊染上了可爱的红晕。那些话指的是什...,0.9997038245201111,2751,1
2751,2957,...，紫阳花同学对我告白的那件事。我轻轻摇头。「没、没有我很开心喔？」「呵呵，谢谢你。我当时鼓起了很大的勇气，所以听到小玲奈这样说我就放心了。」「那个。」我侧目看着紫阳花同学，这样询问。「为什么是我？」「...,0.9997045397758484,2751,1
2751,2958,...眸。会这么想要知道对方喜欢的理由，是因为我对自己太没自信。反正听了之后我明明也没办法接受，我尤其讨厌自己的这种地方。可是紫阳花同学很认真地思考了起来。「人的个性，很像乐高积木吧。」「嗯，嗯嗯？」紫阳花...,0.9997044205665588,2751,1
2751,2959,...的形状对吧？有能刚好合在一起的，也有完全合不起来的。或许我的形状可以和各种人顺利结合在一起，但这样也代表我的形状肯定是非常平凡。」我默默听着紫阳花同学支支吾吾说出的这番话。「小玲奈的乐高形状有一些扭曲...,0.9997047781944275,2751,1
2751,2960,...就是小玲奈结合在一起的那个形状。」「意思就是我们很合得来吗？」「嗯。所以呢，我们没有分什么上下喔。我就是喜欢小玲奈的形状。」我顿时说不出话。虽然紫阳花同学一定是这么相信的，但我觉得肯定还是会有上下之分...,0.9997046589851379,2751,1
2751,2961,...学的。紫阳花同学是高高在上，而我是压倒性地居于下方。不管谁来看，这种事情都是一目瞭然。所以，当然也必须由我来配合她不行，脑袋又开始变得乱七八糟的。「那个，紫阳花同学。」「嗯？」我不想让紫阳花同学失望，...,0.9997046589851379,2751,1
2751,2962,...还是没有说出口。或许这样也好。因为这样不会否定她的话，不会伤害到紫阳花同学。「谢谢你。」「嗯，不客气。」听到我不够真诚的感谢，惹人怜爱的紫阳花同学就像在上学路上绽放的花那般露出微笑。我果然喜欢紫阳花同...,0.9997043013572693,2751,1
2751,2963,...责任地说什么『耶～喜欢～！』『我的推～！』但紫阳花同学温柔又体贴，会喜欢她也是理所当然的。可是。我也喜欢真唯，也喜欢纱月同学。当然，也喜欢小香穗。也喜欢小香穗？呃，嗯，也喜欢小香穗。但我不明白其中究竟...,0.9997046589851379,2751,1
2751,2964,...与紫阳花同学之间做出选择，然后──伤害另一个人。明明谁都没有错，为什么事情会变成这样呢？「小玲奈」要是我不发一语地低着头，又会让紫阳花同学担心了。所以也只能勉强表现得很开朗。啊，怎么会这样，恶性循环啊...,0.9997043013572693,2751,1
2751,2965,...没察觉到的样子应对着我。竟然给紫阳花同学增加了额外的负担，真的是太惭愧了放学后，我们正在整理东西准备回家，这时竟然有男同学走了过来！是、是男生！不，我们是男女同校，其实这也很正常「哈啰！濑名、甘织。」...,0.9997041821479797,2751,1
2751,2966,...性语！「嗯，怎么了吗～？」紫阳花同学像是个口译外语的人一样给出回应。她大概是不动声色地在保护我吧。实在是太感激了「哎呀，其实呢该怎么说，有点难开口啊。」「是啊」「怎么了怎么了？」两个男生面面相觑。「该...,0.9997020363807678,2751,1
2751,2967,...里有个叫海堂的男生。他是体能非常惊人的后卫。我和那家伙原本是劲敌，但在某次滑雪集训中遇难，一同在生死线上挣扎徘徊」「别校的男生说要我们把濑名介绍给他啦。」「唉～这样啊？」紫阳花同学用手捂着嘴巴。我倒是...,0.9997026324272156,2751,1
2751,2968,...照上传了ig吗？他就是因为那张照片才开始注意你。所以想问你下次要不要一起出去玩？」「唔──」假如家里没什么要事，基本上紫阳花同学在这种时候是不会拒绝的。不过我把自己有可能也会被一起邀请的想法排除脑海。...,0.9997028708457947,2751,1
2751,2969,...让我嫉妒什么的，答案是完全不会。这是当然的。因为我觉得紫阳花同学是在地球的奇迹之下诞生的宝物，待在我身边反而才是紫阳花同学的损失。然而用手指抵着下巴的紫阳花同学，突然用双手摆出了抱歉的手势。「现在我好...,0.9997040629386902,2751,1
2751,2970,...得特别遗憾，只是点了点头说「嗯，这样啊」。「好吧，那我找个理由拒绝他。抱歉啦，突然跟你说这些。」「没有啦，我才要说抱歉呢。」「别在意，海堂那家伙不仅强壮，心理层面也是一把罩的。」他们两人说完就离去了。...,0.9997043013572693,2751,1
2751,2971,...后，「呼」地吐了口气。「拒绝掉了呢。」「是、是啊。」想到紫阳花同学可能是因为我才拒绝的，就不禁提心吊胆。而她看到我这样的反应后，不禁笑了起来。「啊，这么做不是因为小玲奈喔，是因为我现在有许多事情想要做...,0.9997046589851379,2751,1
2751,2972,...，最近会想着要一点一点地去完成喔。」「这、这样啊。」「嗯，就是这样。」笑咪咪地这样说着的紫阳花同学虽然很可爱，但对我来说实在过于耀眼。感觉就好像亲眼目睹到自己和她完全不在同一个层次。所以我实在是，那个...,0.9997044205665588,2751,1
2751,2973,...教室走出去的背影。我立刻背上背包并站了起来。「抱歉，紫阳花同学，我先走啰，明天见。」「啊，嗯。小玲奈，明天见。」我匆匆与紫阳花同学道别之后就离开了教室。在走廊上小跑步，追上先走出来的女孩子。她是我现在...,0.9997044205665588,2751,1
2751,2974,...美少女，当我匆忙跑到旁边时，她冷冷地瞥了我一眼，随后歪了歪头。「有什么事吗，甘织？」「啊，没什么就想说要不要一起回家这样。」「是可以。」纱月同学这样说完，用一副百无聊赖的表情转回正前方。『反正打从一开...,0.9997041821479797,2751,1
2751,2975,...在回想起来，对于不想被人讨厌的我来说，会让我觉得待在一起时最舒服的可能是纱月同学。纱月同学对所有人都是一视同仁地冷淡，某种意义上来说，应该和对所有人都温柔的紫阳花同学是正反两面吧。正因为知道会被冷淡对...,0.9997037053108215,2751,1
2751,2976,...友的关系。虽然纱月同学的表情感觉就是把我当作微不足道的杂草，我却莫名地冷静了下来「不用陪濑名吗？」「唔呃。」完全冷静不下来。我顿时受到了一个当头棒喝的伤害。「你、你知道多少了，纱月同学」「我没知道多少...,0.9997031092643738,2751,1
2751,2977,...不讲情义的无可救药之徒。」「我只是每天努力活着而已啊？」「那也没办法。毕竟不管什么地方都有那种只是存在就会给周围带来困扰的垃圾。」「有这种人吗！？真是不可原谅呢！」眼见我突然愤慨起来，纱月同学以冰冷的...,0.9997029900550842,2751,1
2751,2978,...车站。这时我突然一阵失落。「那个实际上，你觉得我该怎么办才好呢？」「我是不知道啦不过，也对。」她摆出一脸打从心底觉得无所谓的表情。但是，纱月同学并不会只说到这样就结束话题。不愧是我的朋友「就照你想做的...,0.9997019171714783,2751,1
2751,2979,...任何人，都会导致没有被选择的人留下悲伤的回忆。」「咕唔。」纱月同学说的其实我也有想过但是，从纱月同学嘴里这样斩钉截铁地说出来，让我感觉到这就是这世界真实的一面「但我是不晓得。毕竟我不知道你和濑名之间到...,0.999702513217926,2751,1
2751,2980,...成天帮你们服务。」纱月同学的目光沉了下来。好可怕。「不过，说得也是全都是因为我太半吊子了」「是啊。不过，如果你打从一开始就选择了真唯，濑名就不会说出自己的心意了吧。对某人来说的正确答案，会造成某个人的...,0.9997028708457947,2751,1
2751,2981,...和真唯是输家一样。」「那、那是因为没赢的话，我现在的处境会变得非常糟糕啊！？」「当时若是我赢了，你现在也不会这么苦恼了吧。」「唉！？」听到她轻描淡写说出的台词，我吓了一跳。若是纱月同学赢的话，我会和纱...,0.9997034668922424,2751,1
2751,2982,...的morningcall叫醒，考试前她会认真地教我念书，晚上一起泡澡，想必她会用色色的感觉帮我洗身体吧事情很不得了啊确实，这样的话我就不会为了选择真唯还是紫阳花同学而苦恼了吧，不过「我想就算这样，到时...,0.9997040629386902,2751,1
2751,2983,...纱月同学优雅地拨了头发。「人生就是要做出决断。因为我们不是神，不晓得未来会如何发展。所以我们只能在自己选择的道路上想尽办法走下去。即使知道会后悔也一样。」听到纱月同学带有言外之意的这番话，我感觉背着的...,0.9997040629386902,2751,1
2751,2984,...一样，是在后悔中活着的生物。就像我明知要是和真唯上同一所学校一定会后悔，最后还是选择来这里」由于纱月同学的眼神中含着怨念，我决定不要继续追究这个话题。首先要踏出第一步。「人际关系真是复杂呢」这时，纱月...,0.9997038245201111,2751,1
2751,2985,...前的处境好了。」「画图！？」纱月同学边走边灵巧地写着笔记，这时疑惑地皱起了眉头。「这个『小四』是什么？」「是我的精神支柱，虽然它现在坏了就是」「这样啊」纱月同学没有深究，也许这就是她表达温柔的方式。「...,0.9997028708457947,2751,1
2751,2986,...是『非常重视彼此的超级挚友』才对。」「为什么你这种厚颜无耻的样子就不能在别人面前发挥呢，我实在很难理解。」纱月同学合上了笔记本。「我不会要你现在立刻给出答案，基本上你给不给我答案都无所谓不过，若是你暂...,0.9997009038925171,2751,1
2751,2987,...？」「为了在生存模式中活到最后，必须先凑到武器对吧？就算觉得自己是在绕远路，但也有可能是最短的路线。」「纱月同学为了让我听懂竟然用游戏来比喻！太厉害了，我现在感觉到深厚的友情！好开心！确实是这样呢！我...,0.9997010827064514,2751,1
2751,2988,...为了保护纱月同学！」「有比我更应该保护的东西吧，像是社会规范或道德什么的。」受到纱月同学的鼓励，我感觉稍微提起一点精神了。但是绕路啊我该做什么才好？也不能去山上冲瀑布修行。为了提高女子力，我要挑战新的...,0.999702513217926,2751,1
2751,2989,...「唉？」纱月同学指着在车站前等着的女孩子。「喂──！」是小香穗。等等，唉！？「那接下来就拜托你了，香穗。」「交给我吧！好，我们走吧玲奈亲！」「怎么回事！？纱月同学你把我卖了吗！？我们不是发誓将来也要在...,0.9997032284736633,2751,1
2751,2990,...月同学──！？」纱月同学头也不回就这么走了。小香穗抓住我的手，硬是把我拖进了车站。纱月同学这个笨蛋──！小香穗笑咪咪地走在我旁边。「竟然用这种强硬的手段」「谢谢你愿意答应我的请求，玲奈亲！」「没有啦因...,0.9997038245201111,2751,1
2751,2991,...的小四看起来只能拿去送修。我在午休时间查了一下，要嘛是更换零件就好，不然就是必须把基板整个换掉，这两种状况的金额好像会有很大的差异。至少以我的零用钱看来是不够的所以我想要钱，我想要钱啊呜呜虽然觉得是我...,0.9997040629386902,2751,1
2751,2992,...念力之类的！「是说，小香穗和纱月同学是怎样啦？为什么要搞得像美人计一样你们两个是什么关系？」「唉～你很在意吗？不过我和小纱的关系就是这么好嘛～」小香穗将手遮在嘴边，露出嘲讽的眼神望着我笑。她那个看起来...,0.9997038245201111,2751,1
2751,2993,...很在意呢」因为纱月同学是我重要的朋友嘛！当然，香穗和纱月同学可能也多少还算感情不错啦！「真拿你没办法喵～那人家就特别告诉你吧喵？」小香穗娓娓道来。「其实小纱有帮忙我打工啦。一开始我只是死马当活马医问了...,0.9997040629386902,2751,1
2751,2994,...的关系。」原来如此，她们两人说穿了只是生意上的关系，没什么好担心的。我和纱月同学可是感情好到一起洗过澡还接过吻呢。不对，那是不可抗力！不过，她刚才说的打工，就是之后要换我去帮忙的那个吗？「我本来还以为...,0.9997038245201111,2751,1
2751,2995,...能放心吧」「别看小纱那样，她其实很难拒绝别人的请求哦。」「好像真有那么一回事？」不管怎么说，纱月同学很会照顾人。她让我有种有求必应的信赖感。「小香穗就是抓准了纱月同学这个弱点吗」「你的讲法也太过分了吧...,0.9997041821479797,2751,1
2751,2996,...一百次就是。」「你的心灵是金刚石打造的吗？」总觉得面对小香穗的时候我讲话就会变得很粗鲁呢也许是因为吵过一次架后就放开了吧。是说，代表这是让纱月同学拒绝一百次的工作耶为什么我一次就答应了啊。「因为小纱是...,0.9997047781944275,2751,1
2751,2997,...长相又漂亮。简直就是神。小纱是我的推！」「这、这点我倒是完全同意不过小香穗的推不是真唯吗？」「哼哼～不是因为快被玲奈亲抢走了才换了个推喔。我从以前就是推小纱了。」不经意地聊到前阵子造成我们吵架原因的话...,0.9997051358222961,2751,1
2751,2998,...了前几天的事情，用手指拉着高领的黑色衬衫。「我不是穿的好好的吗？小纱的应援色。」「所以才是黑色的！？唉？这是在鬼扯吧！？」「人家最喜欢那样正气凛然的美女了。是说全人类应该都喜欢吧。」我不禁对着双手合十...,0.9997050166130066,2751,1
2751,2999,...吐出一口气。我们简直就像内行人那样互相点头。总觉得这好像是班上的长谷川同学和平野同学会进行的对话。像这样说着说着，好像回到了以前，在补习班里讨论自己推的角色一样。当我这样想着的时候，小香穗突然咧嘴一笑...,0.9997051358222961,2751,1
2751,3000,...吧。」「唉？啊，呃，嗯」怀念的回忆突然涌上心头，导致我莫名地害羞。在我看来，小香穗变成了一个耀眼又可爱的女孩子，也有与她并排会感到紧张的瞬间但是现在比起之前来得更加放松，笑得也很自然。两个人倾吐内心话...,0.9997052550315857,2751,1
2751,3001,...就没什么好隐瞒的了。人生无论什么事都有其意义我也愈来愈擅长苦中作乐了呢这就是我在这个充满负面的人生之中所贯彻的处事之道这样一想，精神就平静下来了应该吧。总之我向小香穗这样询问：「所以那个，我们现在要去...,0.9997052550315857,2751,1
2751,3002,...唯小圈子所有人的家呢。一开始是真唯，然后去拜访了纱月同学和紫阳花同学，最后是小香穗。「嗯，我知道去拜访女孩子家里让你很紧张，放心放心，不用那么僵硬啦。」「不，我反而不会紧张」「为什么啊！你应该要紧张啊...,0.9997052550315857,2751,1
2751,3003,...和令尊令堂见面得救了」「我放养了一百只老虎！」「这样不算是紧张吧！？根本是去送死的啊！」就在我们你一言我一句的时候，已经到了小香穗的家。小香穗家是和我家差不多的独门独户。庭院宽广，最先映入眼帘的是一个...,0.9997050166130066,2751,1
2751,3004,...，所以它待在屋子里面喔。因为冬天很冷，看起来很可怜，所以也是养在屋子里。爸爸再婚后就成天黏着新的妈妈，所以摩科可是唯一会关心我的家人。」「好沉重」我家没有养过猫狗，所以对别人家养宠物的情况一无所知。如...,0.999703586101532,2751,1
2751,3005,...那不算宠物。「那个，呃，打扰了。」「请进请进～」玄关有一堆鞋子摆得杂乱无章。虽然没听小香穗提过她的兄弟姊妹，但看样子她似乎不是独生女。是小香穗爸爸再婚对象的家人吗？「这边这边。」小香穗向我招手，我穿着...,0.9997033476829529,2751,1
2751,3006,...小香穗的房间。房间角落摆着缝纫机这点让我印象深刻，原来小香穗会用啊。仔细一看，房间里到处都是彩色箱子，里面则是放着布，柜子上面还塞着缝纫工具。这种风格看起来也是相当少女呢。小香穗默默地走到我旁边，随后...,0.9997041821479797,2751,1
2751,3007,...我们现在是两人独处喔，有没有心跳加速？」呃，老实说你这个动作真的有让人心跳加速，很可爱耶！「为什么你就那么坚持要让我心跳加速啊！？」「因为这样感觉我会在精神方面占有优势嘛～」「这理由竟然比想像中还合理...,0.9997047781944275,2751,1
2751,3008,...好可爱，真令人火大。话说这些举动都很像一回事，她到底是在哪里掌握了这样的技术啊？难道是在精神时光屋磨练可爱度吗？不过这时，小香穗突然拿出了手机。「啊，对不起。我可以先回一下已读讯息吗？要是累积太多的话...,0.9997050166130066,2751,1
2751,3009,...之内！？这不会太多了吗！？」这样对她来说还不算累积太多吗？我只要积了10封讯息就会觉得要确认也很麻烦，很懒得回覆耶「嘿咻嘿咻嘿咻，我快速解决哦。」小香穗双手手指以彷佛格斗游戏玩家那样的速度滑动。我没有...,0.9997045397758484,2751,1
2751,3010,...盘打字还要快上许多。「好了结束。」「也太快了吧！？」小香穗把手机扔在床上。她人生的速度和我天差地远。一定是身上装的引擎不同小香穗是跑车，而我是绍罗q（译注：绍罗q又称q版赛车，是日本一系列的玩具车。）...,0.9997050166130066,2751,1
2751,3011,...手指。「就算回得稍～微随便一点也是不得已的！毕竟现在的我是只属于玲奈亲一个人的小香穗～」也太刻意了吧「你、你如果以为像这样没来由地一直装可爱就能在精神上占有优势的话，可是大错特错了！」「嗯哼～？」我这...,0.9997043013572693,2751,1
2751,3012,...下！而且，小香穗就这样把耳朵贴在我的胸口。好近！还能闻到头发的味道！好香！「怎、怎么了！？突然这样！？」「玲奈亲看来」小香穗露出不怀好意的笑脸，观察着我的表情。「你心跳加速了，对吧喵？」「没有！我从来...,0.9997043013572693,2751,1
2751,3013,...的心脏都会跳的好吗──！？」但小香穗依然在那窃笑，从正面凝视着我。我不自觉地移开了目光。不是，这并不是真的感到心跳加速，只是因为我是个没办法和人四目相接的社恐而已这借口也太可悲了吧！「我记得，玲奈亲现...,0.9997051358222961,2751,1
2751,3014,...说，玲奈亲应该是喜欢女孩子的对吧～？」「──才不是！」我一直以来已经否定了好几次好几次好几次好几次！「我才没有喜欢女孩子啦！为什么谁都不肯相信我啦！」「但你现在就是小鹿乱撞嘛。」「小香穗如果被真唯这样...,0.9997044205665588,2751,1
2751,3015,...因为我喜欢可爱的女孩子，所以」小香穗戳了我的脸。「我也很喜欢玲奈亲喵&#9825;」「咿！」眼见那可以窥见虎牙的小恶魔微笑，我不由自主地往后退。小香穗看起来是愈来愈开心了。「原来如此喵对付玲奈亲不能用...,0.9997040629386902,2751,1
2751,3016,...」「我对我自己感到可耻啊！」为什么我会变成这样的人啊这一切的元凶都是真唯。可是，接二连三地发生了这种事，也只能认为我从一开始就有这种底子了吧。我看到长相漂亮的女生就会心跳加速，归根究柢的话是出于对阳角...,0.9997045397758484,2751,1
2751,3017,...这样，若是我也能成为大家公认的阳角，这种体质想必也会得到改善吧。不然我可是会很伤脑筋的！「姑且不论真唯、纱月同学和紫阳花同学我竟然会对以前就认识的小香穗心动好不甘心，好不甘心啊！」说不定吵架的那个时候...,0.9997038245201111,2751,1
2751,3018,...0比0，我彻底完败啊小香穗咯咯笑着。这个玩弄人心的恶魔「等着吧我有一天绝对会报仇的」「但我和玲奈亲不同，是不会花心的，也不会只要对方长得可爱就随便发情。」「你这家伙──！刚刚明明还说最喜欢我的──！你...,0.9997033476829529,2751,1
2751,3019,...露出陶醉的微笑。等着瞧吧，等着瞧吧「好啦，继续在这里打情骂俏也是无所谓啦，不过」「没事的话我就回去了哦！」「感觉玲奈亲差不多要说这种话了，我们就来聊聊工作的事吧。」我们离开小香穗的房间。她招着手，带我...,0.9997044205665588,2751,1
2751,3020,...房间应该比较省事吧～」门上挂着几块板子，上面是这样写的──『禁忌之间』『&#9760;』『死亡＆地狱』『绝不可进入』我大声叫了出来。「也太夸张了吧！」让我看到这种玩意儿，是有哪里比较省事啊！「现在，封...,0.9997041821479797,2751,1
2751,3021,...该解放封印了五亿年的恶魔呐」「是在寒武纪把什么封印进来了吗是古生物界的顶点奇虾吗？」因为小香穗一直耍笨，所以我也会无时无刻对她吐槽。可恶，这也在你的计算之中吗！？我就那么好懂吗！？把我玩弄于股掌之间有...,0.9997034668922424,2751,1
2751,3022,...嘴一笑。唔！虽然与纱月同学的状况不太一样，但我感觉自己一辈子都赢不了这个人。别放弃啊玲奈子！在国小的时候我们应该是站在同一条起跑线的啊！「那么，openthedoor！」小香穗以夸张的动作打开门，那里...,0.9997033476829529,2751,1
2751,3023,...，房间里面挂着许多衣架以及满满的衣服。是服装间。虽说并非全都是小香穗的东西，但还是很惊人。竟然会有这么多套衣服，简直和模特儿还是偶像没两样。「这就是我亲爱的小衣服们！」「呃，这是」不、不对。这不是普通...,0.9997028708457947,2751,1
2751,3024,...下一套式哥德萝莉塔。其他还有不是芦谷高中的整套学校制服，设计有点奇怪的女仆装配上猫耳外套，五颜六色的假发也摆放得琳琅满目。这是cos服！「哼哼哼，怎么样？厉害吧？」「好、好厉害咦？这是手工制的吗！？也...,0.9997020363807678,2751,1
2751,3025,...服专卖店。「啊！」就在我观察着眼前这些物品的时候，打开了虽然未满五亿年但是也确实尘封已久的记忆之门。轰轰轰轰轰轰「啊喵？」我一边颤抖一边指着小香穗。「nagipo＠jklayer！」「哎呀。」小香穗把...,0.9997028708457947,2751,1
2751,3026,...喵。在我们学校有注意到这件事的，玲奈亲是第、一、个、喔。」她用食指在我锁骨那带转来转去。这会让我不禁尖叫的不要这样。暑假旅行的时候，我偶然发现了纱月同学的cosplay合照。当时上传那张照片的帐号就是...,0.9997021555900574,2751,1
2751,3027,...的印象有相当大的差异，但依旧能看出原本熟悉的容貌。最重要的是只要把『小柳香穗』稍微改一下就是『nagipo』（译注：小柳香穗的日文是『koyanagikaho』，把拼音稍微编排过就是『nagipo』了...,0.9997027516365051,2751,1
2751,3028,...得非常震撼才对可是我为什么会直到刚才都忘得一干二净？因为我的脑容量只剩下0kb啊！服装间里面还有书柜，上面摆着动漫的蓝光光碟以及漫画书之类。小香穗拿起其中一本抱在胸前。「这是既不会画画，也不会写文章的...,0.9997040629386902,2751,1
2751,3029,...迷于cosplay了。」「哦──」「现在呢，我当然是因为喜欢才这么做的，但不只是这样，我现在也会觉得哪怕只是一点点，如果能通过cos帮作品布教就好了。由于种种因素，我已经是欲罢不能了。你看，现在就像这...,0.9997045397758484,2751,1
2751,3030,...，仔细想想，我也已经走这么远了啊。」「小香穗，你感觉好厉害啊。」我虽然喜欢玩游戏，但从来没有想过要参加比赛，也完全没有打算要让大家都可以明白这个游戏的有趣之处。不过，如果游戏卖得好自然也容易出续作，玩...,0.9997051358222961,2751,1
2751,3031,...法做到。所以，靠着自己的想法并付诸行动的小香穗实在很厉害。「别这样啦，这样好害羞喔。」「我还是第一次尊敬小香穗呢。」「喂，以前还有其他的感情吗？」我被她轻轻敲了一下。不过话说回来，要坦白自己在玩cos...,0.9997051358222961,2751,1
2751,3032,...玩游戏』就会吓得皮皮挫了。不过，或许是因为我向她坦承了真唯与紫阳花同学的事情，小香穗才会主动说出这个秘密吧当我思考这件事时，小香穗开始翻找着衣架。「嗯～嗯～选哪一个好呢～哎呀，绝对是这件吧。嗯，嗯」她...,0.9997037053108215,2751,1
2751,3033,...这是之前流行了一阵子，现在依然有死忠支持者的人气动漫的衣服。因为经常在推特上看到，我马上就看出来了。这件是她自己做的吗？好厉害。「唉？你该不会要给我看你的cos？」这样实在让人很期待。长相可爱的小香穗...,0.9997040629386902,2751,1
2751,3034,...来了。然而，小香穗摇了摇头。「不──对。」然后她露出不怀好意的笑容。「这件呢──是玲奈亲的衣服喔。」「唉？」「什么！？」我被脱到只剩内衣。「不，那个，这个」这里是小香穗的房间。我现在身上只穿着胸罩和内...,0.9997040629386902,2751,1
2751,3035,...体的曲线。小香穗在我身边转来转去，用眼神把我全身打量过了一遍。「唉──胸部好大。」听到她夹杂着叹息说出毫不客气的感想，我的脸一下子发烫。「什么！？现在是怎样！？」「嗯哼哼哼」小香穗拿着一条类似绳子的东...,0.9997044205665588,2751,1
2751,3036,...怎么样！」「这个嘛～玲奈亲想要我对你怎么样喵？」我往后退，小香穗毫不留情地步步进逼。「住、住手求求你绝对不可以那样，饶了我吧，不要过来」「有什么关系，有什么关系呢唔呵呵呵～」「不要啊啊啊啊！」小香穗的...,0.9997041821479797,2751,1
2751,3037,...。「呜呜呜呜呜呜我都拜托你绝对不要这么做了」「哦哦，原来如此，这可真是」「呜呜呜呜呜呜呜呜呜呜」听到拿着卷尺的小香穗发出的感想，我濡湿了眼眸。被比自己更加纤细可爱的同学测量身体，这惩罚也太难受了吧！在...,0.9997045397758484,2751,1
2751,3038,...光了。「为什么要这样对待我」「那还用说吗？要量一下尺寸，重新修改服装。看你那个胸部，肯定会撑破人家的衣服的，就是那个胸部。」「可以不要一直强调胸部胸部什么的吗！」我用双手遮住胸罩。平常我的反应应该是『...,0.9997020363807678,2751,1
2751,3039,...会让我觉得羞耻。我可是个思春期的少女耶。「话说修改衣服，该不会」「嗯，是玲奈亲要穿的喔。你要穿上这件口爱的衣服。」「我想也是」不，其实自从（删除线）纱月（删除线）moon小姐上传了与nagipo的合照...,0.9997031092643738,2751,1
2751,3040,...自己兴致勃勃地cosplay。明明应该是完全不认识的人，但不知为何我就是如此确信。如果问moon小姐对cosplay有多感兴趣的话，她感觉会回答『这个嘛，大概是对透明胶带那样吧』。所以，moon月小姐...,0.9997043013572693,2751,1
2751,3041,...才改由我接手这个位置。毕竟要轻松赚上三万圆是不可能的，我对这点还是有做好心理准备没关系，比起站在收银台被迫与陌生人对话要好上一亿倍。「是说，我被选上的理由难道是因为胸部？」这样的话，紫阳花同学应该也可...,0.9997040629386902,2751,1
2751,3042,...微认真地摇了摇头。「不是不是。是因为玲奈亲的气质很符合我预想的角色喔。」「角色？」「嗯。你想想嘛，比方说呢，留着黑长发的冷酷型高个女生，与很像小恶魔的那种刻意装可爱的女生不搭吧？」她这个假设莫名地具体...,0.9997044205665588,2751,1
2751,3043,...不过，如果胸部也有份量的话当然是再好不过啦。二次元角色基本上胸都都很大，有胸的话扮起来更好看。」我自然而然地望向小香穗的胸前。是洗衣板。小香穗立刻露出鄙视的眼神。「玲奈亲这个大色胚。」「明明是我先被说...,0.9997043013572693,2751,1
2751,3044,...会放过有办法攻击我的时机！「不过，胸部什么的只要做出来就可以了。像是戴上隐形胸罩、缠上布条或是用矽胶之类的，可大可小、变化自如。胸部这种东西，在cos界是最无足轻重的东西喔。」「原来是这样啊」「私底下...,0.9997045397758484,2751,1
2751,3045,...被小香穗冷不防揉了胸部，因为一时发痒害我不由得发出了女孩子的叫声。虽然我本来就是女孩子！但这样很难为情耶！「这家伙，你够了喔！」我为了报复，把手伸向小香穗的「呀～玲奈亲好可怕～」眼见小香穗抱着胸部，用...,0.9997043013572693,2751,1
2751,3046,...」缩了回来这也没办法啊我是与女孩子间的身体接触无缘的女人连被紫阳花同学拍了肩膀都会脸红，当然不可能因为开玩笑而揉别人的胸部小香穗把手放在嘴边，如此低语。「唉～？你什么都不做喵～？」「因、因为今天日子不...,0.999703586101532,2751,1
2751,3047,...#9825;杂～鱼&#9825;」这、这家伙总有一天我一定要好好教训你！调侃了我一番之后，小香穗似乎舒坦了许多，说了一声「嘿咻」后挺起身子。「好，那我们重新开始吧麻烦你做个万岁的姿势～」这次小香穗更仔...,0.9997041821479797,2751,1
2751,3048,...臂啦还有大腿之类身材纤瘦的小香穗钜细靡遗地帮我测量唔。过了一会儿，我重新穿好制服，默默地坐在小香穗的房间。哎呀，这段时间真是痛苦小香穗以单手拿着写有我个人隐私的纸条，若有所思地点头。「果然有很多地方要...,0.9997037053108215,2751,1
2751,3049,...夏装厚度教人安心。衣服真是好东西啊是保护自身的铠甲。「那么，一周后再穿那套衣服就行了吧」「嗯，是啊。一周后，还有两周后，总共两次。这就是赋予你的使命呐。」我稍微沉思了一下。「这样就三万圆？」「没错唷～...,0.9997034668922424,2751,1
2751,3050,...骗我的吧！？你这个反应根本就是在承认自己撒谎了嘛！」小香穗静静地摇头。以像是告诫小女孩的语气对我说道：「那个，玲奈亲，你仔细听我说。这不是谎话，我只是刻意不把重要的事告诉你而已。」「那你就说啊！」像是...,0.9997027516365051,2751,1
2751,3051,...要玲奈亲做的事情非常简单。就只是把妆化好，穿上衣服而已喔。我也会一起的。」「和小香穗一起？」娇小纤瘦的美少女闻言，莞尔一笑。「没错，这是与人搭档cos的拍摄！」过了一周后，我被带到了东京都郊区的工作室...,0.9997028708457947,2751,1
2751,3052,...。接下来会开始两次摄影会──没想到，我会在众人面前穿上那种衣服。第四卷第二章第一次的cosplay太糟糕了，不行！『在芦谷用手机基本上都不会被抓，真是太幸运了。』『咦？』在洗手台洗手的时候，站在我旁边...,0.9997015595436096,2751,1
2751,3053,...周围没有什么人，女厕所是个完全的密室。她──小柳香穗照着镜子，重新涂上唇膏。那个女孩将明亮的头发扎在单边，个头娇小。或许是因为她的头看起来小小的身材也很好，使得她给人的感觉比外表更娇小。她那直挺挺的背...,0.9996906518936157,2751,1
2751,3054,...我朋友的高中好像要带手机去学校还得先申请，而且除了班导外还需要经过校长的许可！都这么麻烦了，到学校后却要把手机放在专用的置物柜里面，放学后才能拿出来。这根本莫名其妙吧？』这时，那个女孩望向了我这边。她...,0.9996979236602783,2751,1
2751,3055,...看到惹人怜爱的虎牙。第一次近距离看到她的印象，就是──这个女孩就像是为了受人疼爱而进化的家猫。『呃，那个。』我平常在教室会拼命假装自己是个阳角，但突然被人搭话自然不可能做好准备，完全暴露了自己有交流障...,0.9996371269226074,2751,1
2751,3056,...用手机吧。』『不是那个意思啦。』女孩摇了摇手指，啧了三声。对我来说，意见遭到否定是最受打击的瞬间，所以每当发生这种状况，我都会下定决心永远不再开口说话（当时是这样！现在好一点了！）但不知道为什么，我对...,0.9996711015701294,2751,1
2751,3057,...脑筋了！」对吧？像是在登录群组的时候什么的。举例来说的话就是那个啦。我们虽然不是一整天都要喝水，但要是被人禁止喝水的话肯定会受不了的吧？』那个女孩子发出爽朗的声音，以长篇大论回了我的轻描淡写。『嗯，确...,0.9997019171714783,2751,1
2751,3058,...的。根本是完──全不同了。所以啦，我打从心底觉得幸好是来芦谷。虽然这样对那些被收容在讯号监狱的朋友不好意思啦！』『讯号监狱』从厕所出来后，她依然跟着我，然后边走边回到了a班。为什么跟着我走！？虽然闪过...,0.9997040629386902,2751,1
2751,3059,...来没和我说过话，却能像这样聊了这么久，这股能力实在是让我招架不住。回到班上后，我与真唯、紫阳花同学所在的小圈子会合，她也理所当然地坐在那里，而且还让我们这个小圈子聊天的氛围变得比平常更加轻松愉快。现在...,0.9997043013572693,2751,1
2751,3060,...反应，所以她才会试探我吧。没有立刻想起来，对不起。不过，这代表小香穗变成了一个可爱的女孩子，彷佛判若两人。然后呢，还有另一个回忆。『嗳，甘织同学，你看过这周的了吗？』那是暑假时期的补习班。我想起了我们...,0.9997051358222961,2751,1
2751,3061,...真无邪的时光。『嗯！我想说一定要好好和皆口同学聊这件事！』『那个，那个，其实呢嗯，我也是这么想的，呵呵呵。』她比我稍微高一点，戴着眼镜，眼睛深处闪闪发光，看起来十分耀眼。『我，很喜欢这个孩子喔不觉得这...,0.9997051358222961,2751,1
2751,3062,...喜欢这样的女孩子啊。原来如此～』『唉唉？很奇怪吗？』『啊，不会，我觉得一点也不奇怪！我也懂你的想法也会想成为像这样的女主角』现在与过去。这两段回忆交织在一起，让我心烦意乱。这简直就像不知道该对外表现出...,0.9997034668922424,2751,1
2751,3063,...，小香穗。我明明知道小香穗喜欢着真唯，我却因为自己被真唯告白的这件事感到很过意不去，完全没办法坦率。虽然会跟小香穗斗嘴，讲得好像很讨厌那份打工一样，可是，其实又能和小香穗像那时候一样，一起组织新的回忆...,0.9997040629386902,2751,1
2751,3064,...大意，我知道她不会让我讲这种漂亮话就让事情结束＊＊＊那里是离都心有点距离的工作室。看来这里原本是一个小规模的婚礼会场，但现在被拿来当作一个适合拍照的景点，最近似乎也会租给个人用来拍摄。周六，小香穗把我...,0.9997045397758484,2751,1
2751,3065,...要在这种地方拍照。」「有时候我们会在清晨的街道突击拍摄，但不管怎么说，工作室才是最令人安心的地方喵～」「哦～哦～」我抬头望向比想像中来得更加气派且漂亮的外观，内心始终赞叹不已。「很厉害嘛，小香穗！不愧...,0.9997041821479797,2751,1
2751,3066,...以再多夸一点喔！」「你是全世界最强的coser！电子妖精！加工技术一流！爱装可爱！脾气暴躁！动不动就聊到石头！瞬间沸腾的热水器！」「既然要夸的话就好好夸到最后啦！真是的不管怎么样，今天就拜托你啦。」「...,0.9997039437294006,2751,1
2751,3067,...小香穗拖着我学的。首先我花了两天平日看完了两季动画。明明基本上是那种很暖心的日常类动画，但是也有让我深受感动的地方，是部非常棒的作品。再来，我把预定要cos的那个女孩出场的部分看了一遍又一遍。嘴里不断...,0.9997040629386902,2751,1
2751,3068,...色之中。也有在穿衣镜前面好好地确认过表情以及姿势。这些和之前为了变成阳角而展开的特训有共通之处，所以练习起来意外地顺利。但我似乎有点努力过头，所以每天都会烦恼肌肉酸痛的问题。摆姿势其实相当累人啊在上学...,0.9997050166130066,2751,1
2751,3069,...一遍。主要是看pixiv的小说，以及许多人所进行的考察，反覆努力地将角色内心的想法也完整地重现出来。然而小香穗却对此有点傻眼，一脸嫌弃地问『为什么要这么拼啊？』。我不能说『因为我想让小香穗对我刮目相看...,0.9997053742408752,2751,1
2751,3070,...己为什么这么努力。我只是觉得，如果小香穗到时说『玲奈亲很厉害嘛！』真心认同我的话，那么好像就会有什么东西改变。我把真唯和紫阳花同学的事抛在脑后，到底在做什么啊有时候面对现实也会像这样感到郁闷。不过，离...,0.9997050166130066,2751,1
2751,3071,...绕远路反而是正确答案。所以我想要先竭尽全力，把交代给我的事情做好。啊！难不成纱月同学的话就是神的启示！？如此这般，一周的时间转眼就过去了，来到今天这个日子。「coser明明都很瘦，却都很有力气呢。」顺...,0.9997039437294006,2751,1
2751,3072,...装、化妆工具和一些小道具，重量相当可观。「因为我们很注重体型，其实有很多人肌肉发达喔──」「小香穗也是？」「哼哼哼，下次要不要跟我比腕力试试啊？」「感觉我会输」小香穗双手腰，表情颇有自信。她向柜台问候...,0.9997039437294006,2751,1
2751,3073,...类似休息室的地方，这个干净的小房间里有一个比较大的穿衣镜。好像是要在这里换衣服跟化妆。顺带一提，cosplay除了一个人单独出角之外，好像还有搭配角色一起出角的这种文化。举个例子来说呢，有部作品a，如...,0.9997003078460693,2751,1
2751,3074,...观。我也明白这个道理。克劳德一个人也可以很上相，但要是赛菲罗斯站在旁边，就能组合各式各样的不同构图。所以，小香穗会cos她想扮演的角色，而我则是扮演站在她旁边的角色。只是有件事让我很在意。「话说，今天...,0.9997014403343201,2751,1
2751,3075,...「嗯，嗯嗯？是啊，怎么了？」「是谁要来拍照？难道要用倒数计时功能吗？」「啊──这个嘛──嗯──会有妖精来拍喵。」小香穗的眼睛像鱼一样游来游去摇摆不定。那个我露出狰狞的表情抓住她纤瘦的肩膀。「等等！会有...,0.9997023940086365,2751,1
2751,3076,...轻轻敲了下☆自己的头，露出淘气的笑容。「毕竟今天是摄影会嘛。」「摄、影、会？」我一个字一个字地仔细思考。「也就是说『会』这种东西，人数通常都是比两个人还要多的。」「不过如果只有两个人，那样也可以叫座谈...,0.9997022747993469,2751,1
2751,3077,...点了点头，死命抓住她的肩膀，目不转睛地盯着她的脸。「所以，实际上是」「今天和下周，算起来一共有两次，会来很多各路人士喔☆」「我突然想起有点急事！」我正要逃跑时，腰被小香穗一个擒抱。「唔呃啊！」「都到这...,0.9997010231018066,2751,1
2751,3078,...错特错了！」「可是我根本就没听你说过啊！这都要怪小香穗没有先讲清楚！」「玲奈亲只要站在那随便笑一下就好了啦！其他的都由我来处理！好啦，快点换衣服！」「办──不──到──！要在众人面前被拍，绝对不行──...,0.999702513217926,2751,1
2751,3079,...习了吧！？」听到这句话，我突然停下了。呜呜是啊，我这一周都在努力，不断努力。我顿时想起这段苦恼的日子。我很不擅长拍照，但我一直拼命地思考从什么角度拍会更好看，每天疯狂自拍心想『喔，这个角度还蛮可爱的吧...,0.9997043013572693,2751,1
2751,3080,...人看到又太难为情，结果就不断地累积了一堆照片在半夜拍照变得莫名开心，还会因为拍得太入迷而不小心通宵。然后隔天早上看到那些照片后害羞得想死这所有的回忆都宛如重担压在我的手脚上。「我只想要和小香穗两个人就...,0.9997044205665588,2751,1
2751,3081,...惊讶表情。「我都不知道喵，原来玲奈亲那么喜欢喜欢最喜欢我啊。既然这样就当作是为了我☆加油吧☆」「什么为了你啊！」不过，我知道假如一走了之，一辈子都会被小香穗看不起。这样就太让人不甘心了到头来就是这样啊...,0.9997052550315857,2751,1
2751,3082,...拍进照片，也对照相机太失礼了甚至该说放肆要是这么昂贵的镜头因此有了裂痕该怎么办啊」「唔～自虐得太过头，也算是一种犯罪了喵」小香穗环起双臂，讲了些我听不太懂的话。「没办法，现在只好采取夸奖战术让她得意忘...,0.9997052550315857,2751,1
2751,3083,...你，从大众的角度来看你已经够可爱的了。你是个超口爱的女高中生。」「唉唉？」「你那张真心觉得我在撒谎的脸也很令人火大喵。」但我的目标只是极为一般的那种量产型女孩。可是她却说我很可爱，这样别说是得意忘形，...,0.9997050166130066,2751,1
2751,3084,...实很可爱。就理论上来说，和她有着相同遗传基因的我应该也算蛮可爱的吗？可是可是！要评论一个女孩子有多可爱，发型、表情、举止、整个人的氛围以及妆容就占了8成左右！我身上不仅散发着阴角的气场，骨子里也不可爱...,0.9997045397758484,2751,1
2751,3085,...在的我一直在努力让自己摆脱阴角的身分真唯和紫阳花同学也都说过我很可爱不，她们说的那种意思可能和对可爱的吉祥物说的『可爱～』是归类在同一种吧。「啊──真是的！」我不禁陷入了思考的流沙之中，小香穗这时将我...,0.9997041821479797,2751,1
2751,3086,...面。「玲奈亲，看这边。」「呃，好？」小香穗深吸了口气，然后露出认真的眼神晃着五圆硬币。「你会慢慢觉得自己很可爱你会慢慢觉得自己敲──可爱」「这种招数也太老套了吧！」这种依样画葫芦的催眠术对我没有任何作...,0.9997031092643738,2751,1
2751,3087,...到了工作室。在柜台那边有人影，那是今天的摄影师。三个人。都是女性。这让我稍微松了一口气。不，才怪，我紧张得要死啊。「哇～感谢大家愿意到场喵！米海尔小姐、艾玛小姐、帕曼小姐！」换上cosplay服装的小...,0.9997021555900574,2751,1
2751,3088,...位女性看到她这副模样后，顿时心花怒放地大叫。「呀！nagipo，好可爱！太可爱了，太可爱了！」「我们非常期待你的新衣服首秀！哇，给你打一百亿分！」「啊啊啊啊太可爱了谢谢你，谢谢你出生在这个世上啊啊啊啊...,0.9996902942657471,2751,1
2751,3089,...上，现在的nagipo真的很惹人怜爱，彷佛是从动画里走出来的小妖精。平常的小香穗当然也很可爱，但现在表现出来的质感截然不同。这次我们要扮演的是热门动画《动物女仆！》里的女仆小姐。这是一部在温柔的世界观...,0.999688982963562,2751,1
2751,3090,...头的服装可爱无比，在男女群体里都很有人气。意外地热血又赚人热泪的故事也掀起了一波话题。小香穗出的是在《动物女仆！》中登场的四个主角当中擅长撒娇、让别人付出的猫耳女仆角色。而我出的，是一个相信自己是最可...,0.9997028708457947,2751,1
2751,3091,...角色吧？虽然我也这么想过，但从视觉上来看，在五重奏当中确实是我比较适合不过，这样真的没问题吗我穿上这个衣服会不会亵渎了这个角色啊会不会让这几位大姊姊生气啊？当我胆颤心惊的时候，nagipo向大姊姊们介...,0.9996964931488037,2751,1
2751,3092,...玲玲奈无尾熊（编注：日文中「玲奈无尾熊」前三个字发音就是「玲奈子」。），请多指教！」我告诉她们刚才随便想的网路昵称，然后很有气势地低头致意。说完，大姊姊们与刚才的雀跃情绪判若两人，纷纷说着「请多指教」...,0.9996992349624634,2751,1
2751,3093,...顿时被她们的气势压倒。「好～那么我们就别浪费租工作室的钱了，快开始吧──！」nagipo充满活力地高举拳头，女性们有点克制地喊了声「喔～」举起拳头回应。照小香穗事前的说明，今天来的似乎是一直支持她的大...,0.9996964931488037,2751,1
2751,3094,...首秀的对象。不，也正因为如此，我绝不能失礼吧？我紧张得全身僵硬，像一个可动范围很小的模型那样愣在原地。两位扛着大镜头照相机的女性把nagipo夹在中间，一边雀跃地说出感想一边开心地进行拍摄。另外一位大...,0.9996991157531738,2751,1
2751,3095,...之前听说莉娜兔会来，我就想说这次务必得参加才行！」莉娜兔就是我出的兔耳女仆的角色名字。「啊，不，那个」「玲奈无尾熊小姐，你很适合穿那件莉娜兔的服装，和我想像中的一模一样。那套服装是你自己做的吗？」正当...,0.9997010827064514,2751,1
2751,3096,...处的nagipo伸出了援手。「她的衣服也是我做的喔──！对吧，玲奈子！」「是、是的。」「哇～是这样啊。nagipo在每次活动现场都会带来新的服装，活力真的很惊人呢，所以我追她也追得非常非常地开心。」大...,0.9996763467788696,2751,1
2751,3097,...子上却挂着一个像是巴祖卡火箭筒一样的照相机，充满着一种刚从战场回来的氛围，不禁让我有点害怕。「玲奈无尾熊小姐，你已经有帐号了吗？」「不，那个，我还没有」「那么你真的是个新手中的新手呢～真令人感激！让我...,0.9996920824050903,2751,1
2751,3098,...机。而我露出了一个像是被美杜莎盯着的笑容。「请、请您手下留情，拜托了」没事的没事的没事的没事的。毕竟我在家里练了那么久。我自己都不知道拍了几百张照片。而且不论是自拍还是被人拍都没什么太大的区别。别怕，...,0.9996992349624634,2751,1
2751,3099,...er，所以我要入戏，彻底切换成角色。在这种时候，莉娜兔会露出甜美的微笑。『请把可爱的我好～好地收进胶卷里面，当作宝物珍藏哦&#9834;』我这么说完，摆出一个风靡万千男女的姿势。因为现在的我是莉娜兔！...,0.9996998310089111,2751,1
2751,3100,...有自信，整个让人觉得很尴尬。虽然大姊姊很温柔地说「不错哦～那我要拍啰～」然后帮我拍照但自己表现得有多糟，我自己最清楚。不管别人再怎么温柔地对我说「啊哈哈，你看起来很紧张呢～可以再放松一点喔～」也都无济...,0.9996992349624634,2751,1
2751,3101,...换了人，就算到了第二个、第三个，甚至是最后与nagipo的合照，全部，一切，从头到尾都糟透了。nagipo要我暂时先休息一下，我坐在工作室角落的椅子上，内心无限沮丧。「第一次拍摄果然还是会紧张呢。」「...,0.9989190101623535,2751,1
2751,3102,...是夏天，但因为穿的衣服布料面积少，身体有点凉意。表现得如此贴心，不愧是个社会人士。「谢、谢谢。那个，你不继续拍吗？」我露出亲切的笑容，想说起码别让气氛变得更僵。现在nagipo一个人在继续开摄影会。围...,0.9996737241744995,2751,1
2751,3103,...，可以在你旁边休息一下吗？」「那、那当然，请坐请坐」在这种情况下，莉娜兔一定会露出可爱的笑容说着『能够独占这么可爱的我，你真是幸福呢』吧。但是现在，光是让她陪伴我就感到无比愧疚了。「最近nagipo小...,0.9996789693832397,2751,1
2751,3104,...适合『动物女仆！』里面的角色。」「漂亮的女孩子你说的，该不会是moon小姐？」「啊，你们果然认识啊。没错没错，moon小姐。那女孩好像也不太习惯出角，不过该怎么说呢，是一种存在感吗？她正式开始后就会立...,0.9996981620788574,2751,1
2751,3105,...很厉害」如果是纱月同学的话，就算像我这样突然闯入cos业界，肯定也能在转眼间吸引大家的目光吧。是说，她说不定也有陪真唯一起从事模特儿的工作。毕竟她那么漂亮，肯定有市场的。「对不起，今天是都是因为我才」...,0.9996998310089111,2751,1
2751,3106,...？我很感谢能看到你那样的cos。」真的有那样的东西吗那样根本就是所有人类的低配版吧不对，不行不行！这样又会让气氛僵掉的！我必须要说些什么！「请、请问，姊姊你从以前就是nagipo小姐的粉丝吗？」「喔！...,0.9996902942657471,2751,1
2751,3107,...agipo小姐身上发现了属于她的亮点，从那以后我就一直在追她喔～」「nagipo小姐该怎么说，她果然很厉害吗？」大姊姊似乎对我这个问题的意图有点摸不着头绪。「嗯──是啊。我觉得她非常厉害。我知道她总是...,0.9997027516365051,2751,1
2751,3108,...貌，也很擅长和粉丝互动。最重要的是，可以感受得到她是真正喜欢自己cos的作品。」「是吗原来是这样啊。」站在工作室的nagipo看起来就像偶像一样引人注目。因为她曾经就在我的身旁我反而更能体会到我们之间...,0.9997017979621887,2751,1
2751,3109,...没做。「只是」姊姊同样看着nagipo，同时小声说道：「最近，我感觉她好像在纠结着什么事情。这次摄影会也是，她似乎直到最后一刻都还在找搭档其实像以前那样继续开nagipo小姐的个人摄影会，我们也没关系...,0.9997038245201111,2751,1
2751,3110,...想法啦！啊哈，啊哈哈！我只是觉得透过观景窗盯着她，就彷佛连她内心深处的想法都能看得一清二楚！这样很恶对吧！啊哈哈哈」「」如果那是真的。就算我问小香穗在烦恼什么，她也不会告诉我的吧。毕竟我连在别人面前被...,0.9997052550315857,2751,1
2751,3111,...，努力地过着每一天，根本没有任何烦恼。但我错了。无论是紫阳花同学还是纱月同学，当然，就连小香穗也都有自己的烦恼，大家都是抱着苦涩的想法并继续前进。说不定，真唯也是这样吧。「那个，姊姊这次真的很抱歉，我...,0.9997046589851379,2751,1
2751,3112,...姊。「下次我会好好的，那个，虽然不晓得会不会有下次那个，我会努力加油，让你愿意拍我的我会努力的！」大姊姊有点诧异地看着我。然后对我露出微笑。「就是现在的表情！这个表情太棒了，要是有拍下来就好了。」就这...,0.9997043013572693,2751,1
2751,3113,...自始至终都闪闪发光，一直都很可爱。＊＊＊「真的很抱歉」「嗯──」拍摄结束后，我们离开了工作室，搭上电车回到小香穗的房间，然后────我跪在地上向小香穗道歉。「大家看到玲奈无尾熊那么青涩的模样，反而都很...,0.9997017979621887,2751,1
2751,3114,...巧都很和蔼可亲，你本来交代给我的这份工作，我完全没有做好」「唔──你在奇怪的地方倒是很一板一眼。」小香穗盘腿坐在椅子上，用手撑着脸颊。「我也没想到你会这么惊慌失措，所以我也有责任看来这件事必须在下周之...,0.9997020363807678,2751,1
2751,3115,...行啊！）像这样哭诉确实很容易，但是我已经向姊姊夸下海口了因为气氛使然，就说自己会好好努力。「不过要在下周之前我人生中的这16年来，一直都很怕生耶」这样根本不可能在七天内有所改善吧除非丧失记忆我在地毯上...,0.9997017979621887,2751,1
2751,3116,...？」「我的话」她苦笑了一下。「我一开始可能还是很僵硬整个人一头雾水地就在会场换了衣服，心惊胆跳地站在那里然后让对方帮我拍了几张照片，就是那种感觉喵。」「是这样啊。」「当时我不认识任何人，心里很不安不过...,0.9997033476829529,2751,1
2751,3117,...外面cos耶──！』用这种情绪撑了过去。玲奈亲是把这件事当作工作在做，所以这个经验应该没办法套用在你身上。」「唔」我其实在cos之后情绪也会很亢奋但现在更严重的问题在于我自己本身吧「不过，我大概知道玲...,0.9997033476829529,2751,1
2751,3118,...虽然不知道有没有用就是。但总之就试试看吧。」我不断点头。我不想再被人看到像这次这么狼狈的一面了。被小香穗同情让我很不甘心，最重要的是，这样下去我好像会愈来愈讨厌自己！所以，就算是误会也好，我也想要让自...,0.9997021555900574,2751,1
2751,3119,...，我什么都愿意做！」「哦，你竟然说什么都愿意做既然这样，我也要全力帮玲奈亲施魔法！」「魔、魔法！？」原来小香穗是个可爱到不行的魔法师吗？「我可是个不择手段的女人喔。」「好可怕。」「放心放心。」她如此说...,0.9997037053108215,2751,1
2751,3120,...─微破坏一下玲奈亲的大脑而已。」「很可怕耶！？」我虽然说过什么都愿意做，但也不是任何事情都可以啊！像这种会留下后遗症的事是绝对不行的吧！？小香穗露出不怀好意的眼神，咧嘴一笑。「就取名叫玲奈亲&#822...,0.9997017979621887,2751,1
2751,3121,...的档案有另外贴上了几个注意事项。『一定要戴上耳机听。记得要睡前听。最好是先静下心来，把房间弄暗点，然后就这样直接睡觉！』这个说明是怎么回事，感觉有股危险的气息但是，没关系。自就读高中之后，我现在对自己...,0.9997021555900574,2751,1
2751,3122,...的。我吃过饭洗完澡，也准备好睡觉之后便躺在床上，同时把耳机戴好。音档大概二十分钟左右。内容到底是什么呢我抱着忐忑不安的心情，按下了播放键。突然──我听到一阵甜蜜的低语。『玲～奈亲&#9825;』我不假...,0.9997029900550842,2751,1
2751,3123,...停。听到女孩子发出足以教人融化的可爱声音，这种感觉实在很震撼。明明只是被叫了名字，人是会如此动摇的吗？呃感觉好像是小香穗的声音？我咽下口水，做好觉悟后，慢慢地再次按下播放键。『没关系的，玲奈亲&#98...,0.9997028708457947,2751,1
2751,3124,...#9825;是世界上最可爱的女孩子&#9825;大家只要看到玲奈亲，就会心跳加速唷&#9825;』『我也最～喜欢玲奈亲了&#9825;不对，不只是我而已喔！无论是男孩子还是女孩子，大家都会成为玲奈亲的...,0.999703586101532,2751,1
2751,3125,...玲奈子&#9825;来，让身体放松&#9825;大家都最喜欢玲奈子了&#9825;超喜欢&#9825;爱死你了&#9825;玲奈子就是大家最喜欢的人气王喔&#9825;来，吸气，吐气，吸气，吐气把深呼...,0.9997054934501648,2751,1
2751,3126,...9825;好孩子好孩子&#9825;我也最～喜欢玲奈子了&#9825;』这类声音就这样不断地播放下去。我在一片黑暗的房间仰躺在床上，戴着耳机，心跳加速，同时流着奇怪的汗水。这是！催眠声音啊！两天后的周...,0.9997052550315857,2751,1
2751,3127,...？」「嗯？是音档啊，你有认真听吗？」「我听了照你说的在睡觉前听。」「这样啊，玲奈亲真了不起&#9825;」「唔！」我捂着耳朵向后退了一步。刚才那是什么我感觉从耳朵到大脑好像窜过一股电流小香穗一脸窃笑，...,0.9997054934501648,2751,1
2751,3128,...。「到、到底是怎样啊是说，你是怎么做那个东西的？」「我只是一口气录了下来，再稍微把声音做了一点加工啦。因为我之前有一阵子在想要不要做影片直播，有凑到一部分的器材。」「小香穗真的是什么都会呢」小香穗轻轻...,0.9997052550315857,2751,1
2751,3129,...得听哦。」「配额增加了！」「我想到的话，再传新的档案过去哦。」我不晓得小香穗到底在想什么，不过，我想就算每天听了那种声音也不会有什么改变。再说了，只是被音档夸奖，哪有可能提高自我肯定感啊。如果真有这种...,0.9997051358222961,2751,1
2751,3130,...香穗的主意，我就奉陪到底吧反正也只是把平常听的音乐改成小香穗的耳语而已。或许是因为我的表情有点难以言喻，小香穗竖起大拇指笑了。「好啦好啦。相信我嘛！否则可是会没有效果喔？来，跟我复诵一遍。我说的都是真...,0.9997053742408752,2751,1
2751,3131,...样，我的日常生活一眨眼就被小香穗侵蚀了。＊＊＊然后，度过了周二、周三、周四「档案也变多了啊」半夜。我一如往常地躺在床上，把连接到手机上的蓝芽无线耳机塞到耳朵里，看着音档列表。《玲奈亲超级偶像篇》，讲述...,0.9997054934501648,2751,1
2751,3132,...是提高自我肯定感。《coser玲奈亲篇》，讲述的是刚开始玩cosplay一个月的小香穗对我这个传说级的coser赞不绝口的故事。效果是提高自我肯定感。小香穗是不是也很有创作的天赋啊？《疼爱宠物玲奈亲篇...,0.9997052550315857,2751,1
2751,3133,...逗去。只是活着就会一直受到称赞以及疼爱，自我肯定感会不断提高。从这篇可以窥见小香穗慢慢失控的征兆。最糟糕的是《精神病态的家暴男朋友玲奈亲与一个不管被伤害多少次也依然爱她爱到不行所以拜托你别走而紧紧抱住...,0.9997046589851379,2751,1
2751,3134,...感。也许是因为有一个不论自己多渣也不会抛弃自己的对象吧。这些再加上普通版的《我最喜欢玲奈亲篇》在一周内轮着听，一有空就听，结果──竟然？我一点变化也没有。「晚安～」我在没有其他人的房间一个人喃喃自语。...,0.9997043013572693,2751,1
2751,3135,...大脑的这个蜜汁也一如往常，没什么特别之处。不，因为这也是正常的吧我可是根深蒂固的自卑人种。如果是普通的女孩子，说不定早已被小香穗的作战给轻易骗到但小香穗有点低估了我这个阴角的等级呢。哎呀，这也没办法。...,0.9997043013572693,2751,1
2751,3136,...过意不去，对不起啊，小香穗。既然这样，至少就奉陪小香穗到最后吧唉要是只听这样的声音，就能摇身一变，成为自信心爆棚的超级玲奈子就好了＊＊＊隔天早上周五。我起床后忍住哈欠，向盥洗室走去。当我慢条斯理地梳理...,0.9997046589851379,2751,1
2751,3137,...我先做好准备去上学，真的是个聪明能干的妹妹。「姊姊，你还要很久吗～？」「唔──再一下就好了。因为这边翘起来很麻烦嘛。」早上的洗脸台总是挤得水泄不通。遥奈以伤脑筋的动作叹了口气，拿起了牙刷。「每天早上你...,0.999704897403717,2751,1
2751,3138,...是啊～反正我不管怎么样都很可爱嘛。」「对对唉！？」早上睡醒后头发总是会翘得很严重，所以我直接用发夹别住浏海。算了，就这样吧。我妹妹嘴里叼着牙刷，摆出了像是看到死人复活的表情盯着我。「唉？怎么了？」「不...,0.9997031092643738,2751,1
2751,3139,...了～」就离开了家里。晚夏也是一个逐渐把颜色转换到秋天的季节。今天明明天气很好，却依然凉爽，感觉会是个舒服的一天。在校门口，我偶然遇到了纱月同学。美女不管在哪都很醒目，一眼就能找到真是太好了。我举起单手...,0.9997022747993469,2751,1
2751,3140,...感冒了吗？」我小跑步赶到她旁边后，她不急不徐地这样吐嘈。我完全不懂她的意思，不禁睁大眼睛反问。「唉？为什么？」「不，没什么。我只是觉得你的动作比平常轻快，想说你可能是发烧了吧。」「纱月同学好奇怪喔。不...,0.9996985197067261,2751,1
2751,3141,...我捂着嘴笑了，没想到纱月同学一脸不悦地皱起眉头。为什么？「这是怎样？你怎么了，甘织？你是请人驱邪了吗？平常总是飘在你周围那道阴沉的乌云到哪去了？」这番话不得要领，完全不像纱月同学会讲的话，我听了后不禁...,0.999701201915741,2751,1
2751,3142,...。感觉好像会发生什么特别的好事。毕竟我一大早就遇见了我重要的朋友纱月同学嘛。」「好恶」「哪里恶了！？」我对着脸上写满厌恶感的纱月同学大喊。在鞋柜处换上了室内鞋后，我向教室走去。纱月同学像是被头痛折磨似...,0.9997010827064514,2751,1
2751,3143,...吗？」「这个嘛，不，并不是这样，但是不，还是算了。反正我并不是很想知道你身上发生了什么事。我只要能继续过上平静的生活就心满意足了。」「呃，嗯，平静的生活是最棒的。听说累积太多压力的话，皮肤就会变得粗糙...,0.9997017979621887,2751,1
2751,3144,...。」我的额头被她用手刀敲了一下。「你干什么啊！？」「不小心就反射动作」那个纱月同学看着自己的手，露出了惊讶的表情。我说了什么很过分的话吗？我觉得刚才讲的话很普通啊。「嗳，你是要从今天开始卖这个人设吗？...,0.9997033476829529,2751,1
2751,3145,...人添麻烦。这就彷佛清醒后还做了恶梦一样，还是饶了我吧。」「我明明和平常一样啊！？」我鼓起脸颊，就这样顺势搂住了纱月同学的手。「太过分了吧！？我明明这么喜欢纱月同学～！」「啊，喂，我说你──」正当我们亲...,0.9997038245201111,2751,1
2751,3146,...是紫阳花同学。紫阳花同学背的背包滑了下来，用颤抖的手指着我们。「为、为什么你们挽着手？」「早安，紫阳花同学！」「唉？呀！」我把手从纱月同学身上移开，这次握住了紫阳花同学的手。「你今天也是一大早就这么漂...,0.9997043013572693,2751,1
2751,3147,...的脸转眼间就红了起来，真是太可爱了。「怎么了，小玲奈？你一大早就这样」「唉？可是紫阳花同学平常也都会很自然地就和我有肢体接触吧？」「这也许是这样没错～？」紫阳花同学重新把背包背好，像是在求救似地看着纱...,0.9997044205665588,2751,1
2751,3148,...大早就疯狂喝酒吧。」「不、不行啦小玲奈！要等成年以后才能喝酒的喔！？」我当然没喝酒啊。我顿时感到不解，随后浅浅一笑。「你们俩真奇怪。」「奇怪的是你啊。」「是小玲奈吧～！」「没想到会这么顺利真是畏惧自己...,0.9997050166130066,2751,1
2751,3149,...在中庭的长椅上并肩而坐。小香穗像是错手杀人的改造人一样，低头看着自己的手心。「呃什么意思？」「当然是指提高玲奈亲自我肯定感的作战啊。」「可是我和平常没什么两样啊。」「没关系的，玲奈亲。脑子被破坏的孩子...,0.9997045397758484,2751,1
2751,3150,...听起来很恐怖耶」看吧，听到奇怪的事情我还是会吐嘈，日常对话也能完美应对。我的脑子绝对没有坏掉。「顺便问一下，玲奈亲你觉得自己有多可爱？」「唉──？」要从自己的嘴巴讲出这种事情，实在是太羞耻了是说，老实...,0.9997040629386902,2751,1
2751,3151,...」「普通啊，普通。这个说法很保守呢。好，那我们换个角度来问吧。你觉得自己在班上第几可爱？」「这样问也太不含蓄了吧！」小香穗嗯嗯地点头。「原来如此，还没完全失去理智是吗？不过，这样反而比较容易处理。毕竟...,0.9997046589851379,2751,1
2751,3152,...啊？」「不，是我自言自语。还有啊，关于明天的安排。」来了。第二次摄影会上次的失败经验在脑海苏醒。我一脸没自信地低着头。「这次要是能帮到小香穗就好了但是我这周也没做什么特别的事虽然是有每天听小香穗的音档...,0.9997043013572693,2751,1
2751,3153,...，小香穗紧紧地握住了拳头。「因为玲奈亲是这么可爱嘛！」可爱嘛！可爱嘛，可爱嘛我的耳朵深处回响着这些话。不知为何有种脑袋被狠狠重打的冲击。呜，我的头的确，我的确很可爱？除了眼前的小香穗之外，还有个一脸下...,0.9997051358222961,2751,1
2751,3154,...超──级可爱的喔&#9825;』。小香穗的虎牙尖尖的，简直就像是个性感萝莉塔吸血鬼，可以将吸过血的对象化为自身的俘虏。「大家肯定是最幸福的喔。因为她们能拍到这么可爱的女孩出cos的照片。好啦，冷静下来...,0.9997050166130066,2751,1
2751,3155,...可爱？」我稍微开始变得有点积极了。如果能和可爱的我互动，一定会很幸福的。而且本来就很可爱的我还会cos成可爱的角色，这样简直可爱得要命。「咦？可是，这样上次为什么会失败呢？我的可爱应该是永恒不灭的？」...,0.9997045397758484,2751,1
2751,3156,...。」「我很可爱？不，可是，我是目标成为那种随处可见的量产系女孩咦？其实，我不可爱吗？」眼前的世界开始不断打转。小香穗将手掌放在嘴角，向我如此低语。「你根本就不需要想这么多喔，你很可爱喔玲奈亲。哎呀哎呀...,0.9997051358222961,2751,1
2751,3157,...的头和下巴。「汪，汪！」「嗯～好可爱，好可爱喔，玲奈亲是世界上最可爱的～」「哼啊！」正当我要用头磨蹭小香穗的胸口时，顿时清醒过来。我感觉自己差一点就舍弃了身为人类的尊严。不过，说得也是。我在烦恼什么呢...,0.999704897403717,2751,1
2751,3158,...定都会高兴的。这是慈善事业。小香穗见状「唔～当场用的话效果当然也很薄弱喵。不，倒不如说有效就是奇迹了。算了，只要撑过明天就行了」嘀咕着这些神秘的话语。然后她莞尔一笑。「我邀请玲奈亲是因为你的颜值和身材...,0.9997047781944275,2751,1
2751,3159,...的矜持，姿势的完成度和表情的魅力，这些完全不重要啦！」「原来如此如果是颜值和身材，这样我应该就有自信！」「对吧对吧！」感觉小香穗讲了很过分的话，但不是这样的。因为小香穗是我温柔的主人，怎么可能会做那种...,0.9997037053108215,2751,1
2751,3160,...那么，明天就加油吧！要让全世界都知道玲奈亲有多么可爱！」「好～！」我用力举起拳头。尽管我感觉有一层雾罩在脑海，但既然幸福的话怎样都好！就这样，甘织玲奈子完全被小柳香穗诱导，陷入了催眠状态──或者说是一...,0.9997034668922424,2751,1
2751,3161,...织玲奈子露出了莫名老实的表情来到休息室。她从厕所回来之后，直接筋疲力尽地趴在桌上。她耳朵里塞好了耳机。想必是一边听着小香穗传的催眠音档一边来到这里。正在镜子前化妆的小柳香穗回过头，低声喃喃自语道：「玲...,0.9997039437294006,2751,1
2751,3162,...那样。」这句话没有传到玲奈耳里。不过，小香穗想起了上周的事。当时，就连小香穗也没料到玲奈子竟会这么怕生。但小香穗对以前的事情记忆犹新，玲奈子是那种和任何人都能聊天的类型，补习班的老师也对她疼爱有加。如...,0.9997033476829529,2751,1
2751,3163,...玲奈子一个人。不过她本来就不想和其他人交朋友。（不过，我直到现在也没有交到阿宅朋友。）因为她害怕暴露自己的兴趣。自己在高中与周遭的人还算处得不错，所以更是如此。对纱月坦白的时候也相当紧张。（就算是像小...,0.9997037053108215,2751,1
2751,3164,...出口了。）现在回想起来，纱月这种人很罕见。虽然抱怨连连，可是一旦开始拍摄就会把工作彻底完成。那才称得上专业人士。（不过，我每次都没学到教训，想让她穿上很暴露的衣服，经常被她用文库本狠狠敲我的头就是。）...,0.9997040629386902,2751,1
2751,3165,...种香穗即使想出也出不了的角色，所以香穗才很羡慕她，就只是这样。不只是纱月。若是真的要cos的话，不管是紫阳花还是真唯，甚至是玲奈子都会做得很好。五重奏的大家就是有这种实力（我本来是这样想的喵。）眼见玲...,0.9997046589851379,2751,1
2751,3166,...奈子。她给人的印象依然和当时一样是个可爱的女孩，而且还变成了美女。（甘织、同学。）一想到她在这里。香穗差点就陷入了淡淡的感伤之中。（不行现在是正式摄影前的重要时刻。必须要想着怎么让摄影会圆满完成！）小...,0.9997047781944275,2751,1
2751,3167,...状况怎么样喵～？」摇了摇她的肩膀后，玲奈子像是个生锈的铁门一样慢吞吞地起身。「小香穗，对不起」「嗯嗯？」看来没救了。催眠音档这种东西再怎么样还是太勉强了。毕竟到了后半她就只是因为录起来很开心才传过去的...,0.999704897403717,2751,1
2751,3168,...举办的摄影会但也许会因为我太可爱，而独占所有摄影师的目光」「啊，是这个意思！？」彻底被催眠了。「我实在觉得很抱歉很抱歉那个，小香穗，太可爱，也是一种罪呢。既然这样，我还是别参加比较好吧。我不想因为这种...,0.9997052550315857,2751,1
2751,3169,...可爱，然后用双手捂住了脸。「早知道会有这种想法，我还不如生为花花草草为什么我会这么可爱，一枝独秀呢？这样全世界的人都会喜欢上我啊小香穗也肯定想让更多人爱着自己吧！」「因为自我肯定感过高而自卑这也太莫名...,0.9997051358222961,2751,1
2751,3170,...自己乱可爱一把』这项情报后，导致她的内心看起来发生了非常重大的矛盾。这让香穗不禁觉得要是继续拖下去的话，大脑真的会坏掉吧？「那么玲奈亲，差不多该换衣服化妆了喔。」「要让原本就这么可爱的我变得更可爱！？...,0.9997047781944275,2751,1
2751,3171,...ccs服。由于玲奈子是cosplay新手，很难自己穿出正确的线条感，香穗便帮了她一把。穿完之后，接下来就是修整轮廓。香穗从包包拿出脸部拉提胶带。这是coser们都爱用的胶带，只要贴在脸上就能以人为的方...,0.9997045397758484,2751,1
2751,3172,...巧。用发网罩住玲奈子的头后，再用胶带扯住脸上的肉，慢慢形成一张不逊于动漫美少女角色的小脸蛋。「好痛，好痛好痛，小香穗，这个会不会拉得太紧了！？」「因为我选了黏度最好的嘛～好啦玲奈子，忍一忍忍一忍，大家...,0.9997040629386902,2751,1
2751,3173,...紧嘴唇，进入了超级忍耐模式。好厉害。只要夸可爱，搞不好她什么都愿意做。早知道应该要选更曝露的衣服吗？借由肌肤用的胶水把浏海贴在额头，再整理一下发型。这下子玲奈子的脸就完工了，剩下的化妆小细节就让她自己...,0.999704897403717,2751,1
2751,3174,...一下，就完成了。于是，两名楚楚动人的女仆在此诞生。「哈哇啊啊啊」玲奈子看了下镜子，按住胸口当场瘫坐在地。「玲奈亲，你怎么了！？」「对不起，小香穗因为镜子里的我实在太可爱了，害我很难保持冷静啊？难道这就...,0.9997039437294006,2751,1
2751,3175,...小香穗虽然不知情，但玲奈子一直以来都死不承认自己对真唯还有紫阳花的感情，没想到让她第一次体会到恋爱感觉的竟然是她自己这真是莫大的悲剧。不过先把这件事放到一边──玲奈子左右摇着头，晃着戴在头上的兔耳朵。...,0.9997040629386902,2751,1
2751,3176,...吧」「我想不会的唷。」小香穗随口回话，玲奈子的脸立刻通红起来，喘起粗气。「可是，可是可是」「你想想，真唯和小紫她们那么可爱，不也无罪释放了吗～」「是没错，嗯可是」玲奈子盯着镜子，顿时语塞。「虽然这样说...,0.9997044205665588,2751,1
2751,3177,...不对，是以总和来说，从整体来看是这样的！当然有些地方是输给她们没错，但就整体上来说还是我更胜一筹！这也没办法啊，谁教我生来就这么可爱呢！」「啊，嗯。」眼见玲奈子像是在掩饰害羞那样盯着自己，小香穗无言以...,0.9997044205665588,2751,1
2751,3178,...不禁对自己的才能感到害怕。「这样大家都会爱上我的今天来的摄影师当中也有人与经纪公司有交情，我会顺势被他们挖角，当上超级偶像，交了一个十分可爱的恋人后，化身成一个病态的家暴男友。」香穗传的催眠音档里面的...,0.9997051358222961,2751,1
2751,3179,...再继续让别人对我抱有好感，却又非得拒绝不可，这样很痛苦啊神啊，祢为什么把我塑造得这么可爱呢！？我上辈子究竟做了什么！」听到这里，就连香穗都想狠狠给她的脸一拳，让她变成自己想要的脸。不管怎么想这个催眠也...,0.9997050166130066,2751,1
2751,3180,...就行了！好啦，我们走吧玲奈亲！要让全世界知道你有多美！」小香穗拉住玲奈子的手，但她喊了一声「不行！」后甩开了。还要继续发牢骚吗？小香穗这样以为，但玲奈子的样子不太对劲。「不是，那个，所以」她一脸难为情...,0.999704897403717,2751,1
2751,3181,...要是握住我的手，小香穗就会喜欢上我的这种事情，必须要注意一下才行喔？小香穗真是的」「哦──」小香穗傻眼地喃喃说道。「不赖嘛，这样很可爱呢，玲奈亲。」玲奈子闻言，满脸通红地大喊。「所以就说不行啦！」这天...,0.999704897403717,2751,1
2751,3182,...于也有许多男性到场，这样会导致甘织玲奈子究竟有多么紧张香穗也无法判断然而玲奈子因为不停被摄影师夸奖说「真可爱」「好可爱！」，像是立刻体会到了这种快感般，很起劲地摆着姿势。「哎呀，玲奈无尾熊小姐真可爱呢...,0.9997040629386902,2751,1
2751,3183,...是吗？嗯，是有你说的那么厉害啦。」「喔喔，那个姿势也好可爱！请把视线朝向这边！」「好～是可爱的我露出的笑容喔～！」「好可爱──！那台词也很像真正的莉娜兔──！」感觉她好像挺享受的，算了，这样也好。摄影...,0.9997014403343201,2751,1
2751,3184,...的还是自信啊。但她现在的状况也很危险，要是被说『那就脱一件怎么样啊，这样会更可爱喔』，可能真的会脱到一丝不挂。虽说她应该不会在结束后被邀请单独碰面，不过香穗心想着「真拿她没办法喵」，跑到玲奈子身边。毕...,0.9997023940086365,2751,1
2751,3185,...，无尾熊亲！接着来拍对手戏的照片吧！」「那是什么？」「就是这种的喔～」香穗顺势搂住了玲奈子的手，玲奈子「咿！？」一声，瞬间满脸通红。众人见状纷纷发出欢呼，同时闪光灯不断闪烁。「这、这样不会太大胆了吗！...,0.9997031092643738,2751,1
2751,3186,...呜呜不行啦，小香穗我刚才不是也说过了吗」玲奈子发出只有香穗听得到的细语。发现玲奈子的反应渐渐变得有趣后，香穗干脆把胸部压上玲奈子的手。「贴这么近的话」「很为难～？」「小香穗会喜欢上我的」「」「唉！？贴...,0.9997031092643738,2751,1
2751,3187,...你喜欢我吗！？不行啦！啊──客人你这样我很为难的──！」尽管这种蠢到家的反应也让周围的大家反应十分热烈，但香穗倒是有点莫名地生气。在那之后，就是一些脸贴脸的姿势，还有两人面对面握住彼此双手的姿势。一会...,0.9997038245201111,2751,1
2751,3188,...说是女孩子间身体接触比较多的动漫，但在现实中重现的话就显得相当亲密（还会亲脸颊），所以玲奈子始终红着一张脸。而且每当这时，总能从旁边听到玲奈子说的妄言。「会喜欢，会喜欢上我啦小香穗，会喜欢上我啦啊啊，...,0.9997043013572693,2751,1
2751,3189,...，喜欢上我啊啊，喜欢，现在小香穗确实喜欢上我了」就这样一直在耳边反覆地低喃。该怎么说呢，就算不是玲奈子，要是一天到晚都听到这种声音，脑袋确实有可能会出问题。香穗彻底入戏摆好姿势，同时这样想着。＊＊＊＊...,0.999704897403717,2751,1
2751,3190,...子上。分成第一部分和第二部分的摄影会结束的时候，已经过了傍晚。而我们这才回到了工作室的休息室。和上周相比，今天是截然不同的困难模式，之所以能撑过去嗯？我到底为什么能撑过这一天？完全搞不懂。「现在想想，...,0.9997050166130066,2751,1
2751,3191,...低喃。「自己竟然像是非常可爱的角色那样笑脸迎人，摆着各式各样的姿势」不敢相信。难道我被安装了其他人格？同样待在休息室的小香穗一边撕下用来化妆的胶带，一边对我说：「这就是cosplay的奥妙之处呀。可以...,0.9997043013572693,2751,1
2751,3192,...」记忆的抽屉应声打开了。塞满里面的是令人不忍直视，充满邪恶色彩的记忆。「那样！？」我不由自主地跳起来大喊。「唉？等一下小香穗，我刚才都说了什么！？我是不是讲了一堆很不得了的话！？我竟然说了那种话！？就...,0.999703586101532,2751,1
2751,3193,...还有小紫还要可爱呢&#9825;」「啊啊啊啊啊啊啊啊啊啊啊啊啊啊啊啊啊啊啊啊啊啊啊啊啊啊啊啊啊啊啊啊啊啊啊啊啊啊啊啊啊啊啊啊啊啊啊啊啊啊啊啊啊啊啊啊啊啊啊啊啊啊啊啊啊啊啊啊啊啊啊啊啊啊啊啊啊啊啊啊啊啊...,0.9997045397758484,2751,1
2751,3194,...啊啊啊啊啊！」我按着头发出惨叫。指甲都陷进脸里，好痛。「杀了我！小香穗，求求你，杀了我吧！就在这里了结我人生的命脉！」「只要活着就会有好事发生唷。」「以后我还有什么脸面对她们啊啊啊啊啊啊啊啊啊！」我没...,0.9997050166130066,2751,1
2751,3195,...我发脾气说「先把衣服脱了！」。咿呜脱下衣服，只穿着内衣的我，双手抱膝坐在椅子上。接着，我取下了假发与发网，乱翘的头发也无精打采地落在我的肩上。呜呜「这就是cosplay的解放感cosplay具有能使自...,0.9997046589851379,2751,1
2751,3196,...，好可怕」小香穗迅速地把衣服收进手提包，同时这样询问。「就只是可怕？」我微微抬头，起嘴说道：「这个，嗯其实是挺痛快的」「嗯」小香穗把贴在我脸上的胶带撕掉。会像这样改变眼睛的形状，甚至能改变体型的cos...,0.9997041821479797,2751,1
2751,3197,...姑娘送进舞会的那个魔法师。「呃，嗯，能听到你这么说怎么讲，呃。」说到这，就看不见小香穗的脸了。「我好像也有点开心喵」小香穗以开玩笑的口吻说道。哎呀，也对。我如果是自己一个人在这，肯定不会觉得开心。因为...,0.999703586101532,2751,1
2751,3198,...的，所以我是不会说就是「啊──那个，玲奈亲，不介意的话」「嗯？」「下次再和我一起没，唔没事，没什么啦。幸好你很享受cosplay喵！」眼见小香穗说起话来欲言又止，我无力地呻吟。「不过啊小香穗小姐这世上...,0.9997033476829529,2751,1
2751,3199,...苦涩以及麻烦喔所以就算我说很快乐，这句话里面到底有多少部分是快乐的呢？这又另当别论了──啊好痛！」由于胶带被用力撕下，我带着怨气抬头看向小香穗。小香穗笑着耸了耸肩。「真是受不了玲奈亲，你的想法总是这么...,0.9997039437294006,2751,1
2751,3200,...样活着就好了。啊，干脆一直cosplay怎么样？像是『唉嘿嘿，今天的我也很可爱吧&#9825;』这样。」「别──这──样──！」我摇着头。「我也希望平常就能给自己更多肯定感啊！不过真的要说的话不是指外...,0.9997038245201111,2751,1
2751,3201,...的自信之类！」我抱着膝盖，喃喃说道。「而且我也没有那么可爱」小香穗突然停下动作，看着我。然后重重地叹了口气。「怎么了吗！？」「没事唷。我只是重新想了一下，刚才的玲奈亲和现在的玲奈亲，到底哪边比较像样而...,0.9997037053108215,2751,1
2751,3202,...──！你每次都乱摸！」「喂喂，快看快看，玲奈亲。」小香穗对护着胸部的我炫耀着手中大量的千圆钞票。我看着像扇子那样摊开的纸钞，眼睛都变成钱钱的形状了。「哇，是钱！」「这是今天的参加费～！而且还有人是用汇...,0.999703586101532,2751,1
2751,3203,...样是三万圆。」这不是彩色影印，递给我的是真钞。哎呀，我原本就觉得这份打工很划算，不过当真钞摆到眼前，就更是这么觉得了。啊啊，好棒，是钱是钱啊！「只是稍微劳动了一下，就拿这么多钱真的好吗，nagipo小...,0.9997023940086365,2751,1
2751,3204,...马难追！毕竟这次有这么多人预约，我想也是多亏了玲奈亲嘛。」「真、真的吗？」「嗯～之前和小纱一起办完摄影会之后，人一下子就变多了呢。所以与其一个人出角还不如两个人一起更好喵。」「也是，如果是纱月同学的话...,0.9997033476829529,2751,1
2751,3205,...的可爱与纱月同学的魅力吧。「嗳，嗳，你要看一下小纱的cosplay照片吗？」「唉！我想看！想看那些看了之后不会被她揍的照片！」「你不说我不说，她不会知道的啦～！」我们两个人跟坏小鬼一样，把脸凑在一起盯...,0.9997034668922424,2751,1
2751,3206,...过的魔法少女的cosplay。感觉这才称得上是真正的美。「要是现场看到，感觉心脏会直接爆掉」「我呢，其实想让这身打扮的小纱站在傍晚的公园拍照。可是她说在工作室外面会很害羞，一脸嫌弃地拒绝了」「唔哇啊，...,0.9997027516365051,2751,1
2751,3207,...。这时刚好有个踏上归途的小女孩经过，看到了moon小姐，以为她是真正的魔法少女。这时，moon小姐露出梦幻般的微笑把手指放到嘴唇上，说了句『要保密喔』。有过这样体验的这位女孩，今后一辈子恐怕都会被囚禁...,0.999699592590332,2751,1
2751,3208,...就是那种感觉。老实说，我并不是想赚很多钱，只是想把工作室、衣服以及小道具之类的费用赚回来就足够了。所以啰，拿去吧小偷！」「唔咻！」三万圆到手啦──！「哎呀～不过幸好没赔，好佳在好佳在」虽说对单纯享受着...,0.9997001886367798,2751,1
2751,3209,...而参加的，所以情绪非常激动。我急忙把千圆钞票塞进钱包。这样子，小四就能回到我身边了总感觉，虽然过程中非常紧张不过结束了之后一看，真的很开心。「搞不好我有办法去打工？」「喔，这么快就提高自我肯定感啦。」...,0.9997015595436096,2751,1
2751,3210,...？难道不是单纯脑袋坏掉了而已？不不不，我确实克服了！因为小香穗都把钱交给我了嘛！突然感觉就算像我这种人也是挺能干的。就算是错觉或误会也好。我能这样想才是最重要的。因为这种心境会给人迈出第一步的勇气。「...,0.9997028708457947,2751,1
2751,3211,...本在收拾的小香穗停下动作，默默地看着我，两人四目相对。「小香穗？」「唉？啊嗯。说得也是，这次玲奈亲很努力嘛！辛苦你惹！」「嗯。」总之，现在我的心里充满了克服困难的满足感。然后我也一起帮忙收拾好东西。把...,0.9997039437294006,2751,1
2751,3212,...ipo小姐已经完全变回原本的美少女小香穗。那位美少女朝着天空举起了拳头。「好耶──！」「唉？什么情况！？」「刚才的大喊是『今天也好开心──！我果然最喜欢cosplay了──！』的意思。」她笑咪咪地回过...,0.9997028708457947,2751,1
2751,3213,...分，顿时也有点小开心。「嗳，玲奈亲，我们去庆祝一下吧？要吗？我请客！」「唉唉？这样好吗！？」听到雇主意想不到的邀约，我不禁开始摇着尾巴讨好她。与同学一起办庆功宴啊。没错，上一次是国中时代的文化祭。我当...,0.9997021555900574,2751,1
2751,3214,...一个人回了家。反正我不可能被邀请，也不想被邀。是说，明明只是吃个饭，根本不需要跟朋友一起吧，这样不会很碍事吗？明明安静吃饭就好了啊。真是莫名其妙。我当时在内心里这样发着牢骚。结果，那天我和家人一起出去...,0.9997022747993469,2751,1
2751,3215,...不，我完全没有羡慕喔！毕竟我要一个人过一辈子！国中时代的玲奈子喊了句「没错」，加入了对话。『庆祝也没什么意思啦。那种活动到头来也不过就是为了让大家觉得自己很努力了这样。明明也没完成什么丰功伟业却互相夸...,0.9997026324272156,2751,1
2751,3216,...扁。别再出来了！给我成佛吧！我赶跑怨灵后，双手搓来搓去，露出了卑躬屈膝的笑容，贴到了美少女coser的身边。「无论去哪，都请让我与您同行！」小香穗发出「嘿嘿嘿」的声音冷笑。愿意帮我实现梦想的女孩子用捆...,0.9997032284736633,2751,1
2751,3217,...我就带你见识一下灿烂的世界吧！」＊＊＊在我眼前的正是灿烂的世界──闪闪发亮的空间。宽敞的空间，豪华的沙发，超大的电视，随处可见的间接照明满溢着高雅的气氛，附有天蓬的床铺表现出奢华精致的存在感。我一只手...,0.9997032284736633,2751,1
2751,3218,...次来这种地方吧。」小香穗一脸得意，哼了两声竖起食指。那种笑容就像是在介绍一家珍藏的好吃拉面店一样。「那个，这里是爱情旅馆吧？」因为浴室都是透明玻璃，充满了粉红色气息，怎么看都不像是普通的旅馆。入口也是...,0.9997031092643738,2751,1
2751,3219,...，完全就是那么一回事「不是喔。因为未成年是不能进去爱情旅馆的。所以这里只是没有申请为爱情旅馆的普通旅馆喔。是说玲奈亲，难道你去过吗？」「才没有！大家不是都会看漫画还有小说之类的，里面都会有爱情旅馆吧！...,0.9997047781944275,2751,1
2751,3220,...般程度稍微过激了点的少女漫画！小香穗决定不继续追究，脱下鞋子换上拖鞋，走进了房间。她把装着从便利商店买回来的零食与饮料什么的塑胶袋放到玻璃桌，随后「呀吼～」一声扑到床上。「我其实早就想在爱情旅馆办一次...,0.9997034668922424,2751,1
2751,3221,...」小香穗躺在床上托着腮帮子，用调侃对方的吊眼望着我。「哎呀，如果你真的不喜欢的话也可以回去啦，玲奈亲。我会在这里一个人热闹地庆祝一番喵。」「唔」假如一起进来的是真唯，我也许就说绝对不行了。不过，对方是...,0.9997046589851379,2751,1
2751,3222,...有点成熟的爱情旅馆女子会，这种事情肯定会很开心啊！「我和小香穗在爱情旅馆开女子会这件事要和大家保密哦！？」「毕竟只有我们在这里享受，肯定会让她们羡慕的嘛～不对等等，要是告诉她们，玲奈亲不就会被真唯和小...,0.9997038245201111,2751,1
2751,3223,...！」我们瞪着彼此。说实话，这场牵制战毫无意义。这时，小香穗呼一声移开了视线。「你现在变得挺有一手的嘛，玲奈亲是我输了。所以我们今天晚上就痛快地享受派对之夜吧！」「呃，嗯嗯？嗯。」怎么觉得刚才的状况不管...,0.9997051358222961,2751,1
2751,3224,...旅馆办女子会？不，其实也无所谓反正依然会很快乐嘛「好了好了，来这边来这边。」看到小香穗向我招手，我也把鞋一脱，躺到了大床上。哇～好软喔～我还是第一次躺这么豪华的大床呢不对，不是第一次了。真唯的床比这更...,0.9997050166130066,2751,1
2751,3225,...种想法赶出脑海。「好，我们来好好庆祝吧，小香穗！」「你讲的好像还没开始，不过我们现在不就是在庆祝吗？」「不对啦！这样随便开场怎么行，我们必须要郑重地宣告『来，我们从现在这个瞬间开始要庆祝一番！』，必须...,0.9997052550315857,2751,1
2751,3226,...那种莫名其妙的坚持呢」我完全没有意识到这点，按住胸口说道：「唉？我、我觉得应该没有吧因为我就只是个极为平凡，是个处于平均值又中位数的量产系女孩」「笑死。」她觉得很有趣！？我明明很认真的说小香穗下了床，...,0.9997041821479797,2751,1
2751,3227,...和小香穗的杯子都冒出了泡沫。「总之，既然提到庆祝的仪式感，果然是这个吧。」「！嗯！」看到小香穗向我招手，我就像忠狗一样滑到她前面，接过杯子举了起来。『干杯──！』糟糕。已经感觉超开心了。「庆功宴这就是...,0.9997038245201111,2751,1
2751,3228,...的深山老宅长大的？」我打开了零食的袋子。眼见我打开了洋芋片袋子的单边开口，小香穗不发一语地沿着袋子里面的连接处整个撕开，将袋子摊平。这就是派对开法，实在让我震惊不已。难道我不太习惯参加女子会的事情被发...,0.9997040629386902,2751,1
2751,3229,...要被取笑了！不过接下来该怎么办？我不晓得该以什么样的速度吃才好。等吃到一定程度后，也必须给小香穗留一点？不对，只要小香穗吃一片我就吃一片，这样就行了。就像是在捣年糕那样。好，一片，一片，再一片这也太需...,0.9997043013572693,2751,1
2751,3230,...亲。」「唉！？我、我在！」要是她说什么「一直看着别人吃东西，这样很恶心呢」，我接下来可能就只能变成抱着零食狂吃的嘴馋玲奈子了小香穗以若无其事的语气询问。「你不会说别人的坏话呢。」「唉是、是吗？」「像这...,0.9997051358222961,2751,1
2751,3231,...气氛吗？不过，我好像从没听玲奈亲说过这种话呢～」「啊，那个，是因为」我身体一颤。仔细想想，我曾经听说过。当人们面对共同的敌人，正是最团结的时候。也就是说，为了弥补我和小香穗再会前的这段漫长岁月，并进一...,0.9997051358222961,2751,1
2751,3232,...突如其来的高难度任务，我不禁咽下口水。「这、这个嘛呃，可是，就是那个吧！隔壁班不是有一个个子很高的女生吗？每次和她在走廊擦肩而过，她总是会瞪着我，就觉得好可怕这样」这算坏话吗？感觉单纯就只是我比较害怕...,0.9997050166130066,2751,1
2751,3233,...着五重奏喵。」好厉害的绰号。呃，不是耍笨的时候了。接着我得开始猛讲坏话才行「呃，不对不对。我不是要让你说坏话啦。」「唉？」小香穗边吃着洋芋片边笑着说道：「我只是觉得这种人挺少见的。你想想，我现在游走在...,0.9997045397758484,2751,1
2751,3234,...内容喔。」「喔」是这样吗？不过我也不觉得自己有什么特别的。「我们这个小圈子的女生都不会讲那种话吧？」「小纱就会讲啊。」「那个算坏话吗？」纱月同学讲的事情都很有道理，所以反而是被纱月同学批评的人有问题吧...,0.999704897403717,2751,1
2751,3235,...」小香穗笑得合不拢嘴，气氛顿时好了起来。「真唯可能会觉得说那种话是在浪费时间。我也想像不到紫阳花同学会说那种话。」「要是小紫说什么『那家伙最近很嚣张嘛～嗳，干脆我们去教育一下？』感觉就超可怕的。」「！...,0.9997051358222961,2751,1
2751,3236,...「就、就是啊！偶尔会擅自认为紫阳花同学会有那种黑暗的一面对吧！？」「没错没错。毕竟那么好的女孩怎么可能存在于现实世界。就算有99个男朋友也不奇怪。」「就是啊～～！我懂你～～！」我还是头一次和别人分享我...,0.9997052550315857,2751,1
2751,3237,...紫阴花同学的人不只有我呢！「是说，我也会讲啦。」是指坏话吧。小香穗轻轻吐了吐舌头。「所以说，我才觉得玲奈亲是很少见的类型喵。」唔我之所以不说别人坏话，主要是因为不管对谁说了什么，最后都会像回力标那样打...,0.9997053742408752,2751,1
2751,3238,...己国中的时候也很独善其身，让更多人留下了讨厌的回忆就算对方用很令人不舒服的方式欺负我，我也会觉得毕竟我只是区区甘织玲奈子，自然会受到这样的对待「不，也不是因为温柔什么的真要说的话，是因为我对自己充满自...,0.9997053742408752,2751,1
2751,3239,...见她露出『你会自卑？』的表情，让我顿时愣住。「我反而想问，难道我看起来没有吗？」「嗯一半一半吧？」「我是自卑的化身耶！」也许是因为在爱情旅馆这种非日常的空间里头，我甚至还喊出了这么羞耻的话。「我也想像...,0.9997054934501648,2751,1
2751,3240,...我坚强地活下去，也想像小香穗一样开朗又充满朝气，像真唯不，真唯就算了总之我日以继夜都在想着这样的事啊！」「哦」小香穗痛快地喝下了可乐。「嗯，我也很懂那种心情。」「小香穗也是！？」「有那么让人惊讶吗？我...,0.9997056126594543,2751,1
2751,3241,...觉得好羡慕喔～好嫉妒喔～这样。」姑且不论羡慕，嫉妒倒是我不太常有过的情感。要是我这种人去嫉妒别人，国中时代的我就会一下子蹦出来，狠狠地叮嘱我『不要得意忘形啊』。小香穗哼笑一声，以冰冷的眼神望向桌边。我...,0.9997053742408752,2751,1
2751,3242,...常那么任性且像个小女孩一样的小香穗竟然也会自卑人心真是难懂啊不对，难道小香穗也是这样看我的？不可能不可能。大受欢迎的coser小香穗怎么可能会羡慕我呢。小香穗像是要打破这种尴尬的气氛似的，开口说道：「...,0.9997050166130066,2751,1
2751,3243,...高鞋也有极限，如果我要女扮男装的话，就非得穿上增高15公分的鞋子！要是有玲奈亲这样的身高就好了～！」「听、听起来很不好意思！但我没办法分给你」「生气气──」小香穗朝我撞了过来。我「哇！」一声吓了一跳，...,0.999704897403717,2751,1
2751,3244,...我俩纠缠在一起倒在地上。小香穗的脸贴得非常近。她那充满活力的笑脸与我认识的其他人不同，有着任何人都无法比拟的魅力。「那、那个」「嗯？」「我其实很羡慕小香穗，就算稍微聊到了严肃的话题，你也有办法靠自己的...,0.9997043013572693,2751,1
2751,3245,...我应该不会感到嫉妒。因为小香穗就是发展出不错的人际关系，才会有现在的你。作为一名coser，你甚至还开办一个以成年人为参加对象的摄影会。这真的很厉害，我根本做不到。所以，那个──」──我觉得小香穗非常...,0.9997046589851379,2751,1
2751,3246,...。「嗯唔──！？」「怎么？玲奈亲，你是因为来到爱情旅馆，想用花言巧语哄骗我吗？」我连忙使劲地摇头。不是的！「你害我都有点心动了呢好不甘心，不过是个玲奈亲，竟然让我心动！好不甘心啊！」「『不过是个』是什...,0.9997044205665588,2751,1
2751,3247,...一件好玩的事，我可以稍微逗一下玲奈亲吗？」「你觉得我会同意吗！？」我重新坐回沙发上，小香穗绕到我背后，然后像是要抱住我那样将体重往我背后靠。或许是因为体型娇小，感觉小香穗的体温偏高。虽然感受得到小香穗...,0.9997043013572693,2751,1
2751,3248,...啦？我、我觉得这样根本没什么啊。」毕竟这家伙觉得我非常好女色嘛真是的。「我蹭，我戳。」「我完全不觉得怎样～是说有点痒耶。」我可不会一直被小香穗耍得团团转。就算她在爱情旅馆从后面抱住我又能怎么样，啊──...,0.9997039437294006,2751,1
2751,3249,...玲奈亲心动了吗？好失望算啦，那就来看电视吧」「哼哼。」我陶醉在大获全胜的滋味之中，这时小香穗在我的脸旁边操作着电视遥控器。电视啪一声打开了，紧接着传来一声娇喘。『────────』啥！？我顿了一拍，猛...,0.9997037053108215,2751,1
2751,3250,...哈哈哈哈哈哈哈哈。」小香穗大爆笑。电视上面，那个，毫不掩饰地，光明正大播着男女享受鱼水之欢的镜头！为什么！？「小、小香穗，这是！」「哎呀～马赛克打得好大喔～」「我是不知道啦！」我猛然把脸转过去。房间里...,0.9997041821479797,2751,1
2751,3251,...吧！「哎呀，毕竟难得来一次爱情旅馆嘛，而且免费就能看，不看可惜啊。」「你刚刚是为了逗我才那样说的吧！？」「啊，你看玲奈亲，那个女优的脸，长得是不是很像五重奏里面的那个女生？」「唉！？！？」我不由得目不...,0.9997039437294006,2751,1
2751,3252,...不。「完全不像任何一个人好吗！」「啊哈哈哈哈哈！所以，你刚才是期待女优像谁呢喵～？」「真是的，快关掉啦！」小香穗笑着操控着遥控器，换了个频道。「喔，这一台也在播av呢。好像是搭讪系列哦，玲奈亲。」「我...,0.9997045397758484,2751,1
2751,3253,...败我吗明明刚才气氛还那么好，让我感觉到两人之间的友情的说！不甘心。我也好想对小香穗摆架子。「话说，关于期末考的成绩啊～！」「啊，嗯。我听小纱说玲奈亲很努力呢。你很棒哦，好棒棒呢～顺带一提我是年级第九。...,0.999704897403717,2751,1
2751,3254,...习班不都是b班的吗！？」「女高中生的兴趣是cosplay，为了让家长接受可是费了我一番工夫呢。」「完全搞不懂为什么只有我？」我用手捂住脸。不管是真唯、纱月同学、紫阳花同学还是小香穗，大家成绩都好好。每...,0.9997045397758484,2751,1
2751,3255,...没有吗，就没有什么吗？小香穗的弱点在哪儿，是什么当我正陷入苦恼时，小香穗一句「我先去准备一下热水澡哦」便走向浴室。接着她从浴室里探出头，一脸窃笑地说：「所以，要一起泡吗，玲奈亲？」「不要！」「唉？为什...,0.9997046589851379,2751,1
2751,3256,...得我太可爱而想歪了吗？唉唉～？」「咕唔唔唔唔唔」硬是要跟我唱反调！真是伶牙俐齿！「好啦！一起泡，一起泡总行了吧！反正我快速洗一下就会出来了！根本没什么！」「我来帮你刷背吧，玲奈亲☆」「请便啊！？」仔细...,0.9997050166130066,2751,1
2751,3257,...子的裸体，我就会脸红心跳（※是指紧张），这就好像还没开打之前就已经败下阵来了。算了在人生当中，有时就是明知会输也必须勇敢挑战虽然我不清楚那是不是现在这种情况如此这般，我迅速脱得只剩内衣，抱着浴巾对小香...,0.9997039437294006,2751,1
2751,3258,...ok～我现在过去～」小香穗从包包拿出眼镜盒，放到洗手间。仔细想想，皆口同学是戴眼镜来着？虽说现在的小香穗身上完全看不到当时那个内向的皆口同学就是「小香穗，你是从什么时候开始戴隐形眼镜的？」「应该是上国...,0.9997046589851379,2751,1
2751,3259,...泡澡，小香穗把日抛的隐形眼镜取了下来。接着，她整个人僵住了。「嗯？小香穗？」我想说是肚子还是哪里痛之类的这样询问，发现小香穗一脸铁青。「糟糕」「唉？怎么了！？」小香穗以沉重的语气喃喃说道。「我把维持阳...,0.9997044205665588,2751,1
2751,3260,...什么？怎么回事？下一刻，小香穗的声音突然高了八度。「o、ok，甘织同学不对，那个，和玲奈亲一起泡澡，一起泡澡泡澡！？呃是没关系啦！这种事根本轻而易举嘛～！」「呃，嗯。」我不晓得她是怎么了，情不自禁地盯...,0.9997039437294006,2751,1
2751,3261,...全身僵硬得不得了。「那个我要脱衣服了，麻烦你把头转过去喵，呃因为我有点紧张。」「唉？嗯，好，我知道了。」本以为小香穗会毫不害羞地迅速把衣服脱下，这个反应实在是始料未及。啊！难不成是用来调侃我的新招？「...,0.9997044205665588,2751,1
2751,3262,...偷偷瞥向小香穗，发现她的侧脸满是紧张的神色，丝毫没有任何从容。这到底是怎么回事？我先淋浴冲洗了身体，然后泡到热水里头。爱情旅馆的浴缸呈现特殊的形状，是圆形。整体宽敞，足够把腿伸直。「好舒服～」温度适中...,0.9997043013572693,2751,1
2751,3263,...迟没有出现。正当我想说是怎么了，小香穗在这时进来了。她用浴巾将自己的身体遮起来，肌肤显得些许红润，彷佛羞耻感遍布她的全身。「那、那个啊，玲奈亲其实我没怎么出汗，想说稍微冲一下就好了，这样。」「啊，这样...,0.9997046589851379,2751,1
2751,3264,...老实。我听到后差点点头，但此时脑海突然闪过一个声音「慢着先等一下」。名侦探甘织玲奈子（谁）突然对我低语。不过那是有一半算是开玩笑的推理就是。「那个，小香穗刚才说了什么『阳角的cosplay』对吧。那个...,0.9997041821479797,2751,1
2751,3265,...小香穗猛然颤抖了一下，身体又缩了起来。「也就是说，华生，你对戴着隐形眼睛的自己下了暗示，借此提高自己的社交能力是吗？」「呃，嗯唉？华生？」小香穗那战战兢兢的眼神，和我记忆中的皆口同学完全一致。「唉？真...,0.999704897403717,2751,1
2751,3266,...在这个小香穗才是真正的小香穗？」「呃，嗯应该，是可以这么说喵不、不过，我其实也没有隐瞒，只是因为，没必要说而已那个」小香穗小声地嘀咕着。怪不得她会立刻尝试对我进行暗示。毕竟自己用过之后是成功的嘛。个性...,0.9997046589851379,2751,1
2751,3267,...的皆口香穗同学呢。原来如此，我总算明白了。能看到好久没见的这个乖巧老实的朋友，我很开心喔。也就是说，我的机会来了？我两眼闪着光芒。我是不是应该报复一下一直以来被她调侃的仇？就趁现在。现在应该是甘织玲奈...,0.9997051358222961,2751,1
2751,3268,...捂着嘴偷笑。就像小香穗平常对我那样。「哎呀哎呀？小香穗该不会是因为要跟我一起泡澡才害羞吧～？」小香穗彷佛之前的我一样，眼神明显四处飘移，满脸通红地看向我。「唉！？没、没有，才没有那种事呢！？」「那我们...,0.999704897403717,2751,1
2751,3269,...，如果？玲奈亲无论如何都要和我泡澡的话？也不是不可以啦啊，不过在那之前，我先洗一下身体」小香穗这样说完，走路内八地慢慢走到莲蓬头前。「小香穗。」「怎、怎么了！？」小香穗再次惊讶地回头看向我。她竟然会起...,0.999704897403717,2751,1
2751,3270,...心情了。「没什么啦，你还裹着浴巾喔。要是弄湿了，待会可就没办法擦干身体了喔。」「也、也对嗯，我也这样觉得，应该要脱掉呢」小香穗战战兢兢地把裹在身上的浴巾给脱了下来，简直就像迎接新婚初夜的大小姐。总觉得...,0.999704897403717,2751,1
2751,3271,...毛巾时，我从浴缸里站起身子。「哎呀，对了。小香穗，刚才你有说要帮我擦背对吧～！」「有、有吗！？」看到我光着身子，小香穗「喵」一声把脸转了过去。明明被看光的是我，却一点也不羞耻，真是不可思议。这就是进攻...,0.9997043013572693,2751,1
2751,3272,...形啊我明明知道，一进浴室肯定要把隐形眼镜拔下来的～」「嘿嘿嘿，乖，快来坐快来坐～！」我让小香穗坐到椅子上，接着绕到她身后。接过毛巾，伸展一下手指。好，复仇的时间到啦！「这位客人，您看起来很难为情呢。」...,0.9997046589851379,2751,1
2751,3273,...定会害羞的啊」「没有啦，我也只是胸部发育得还不错而已」正前方有面大型的全身镜，上面清楚地映着小香穗那通红的脸庞。解开头发后将头低下的小香穗是个名副其实的美少女，害我不由得心动了一下。「而且，我觉得小香...,0.9997047781944275,2751,1
2751,3274,...但是，可以不用那么夸我啦」小香穗缩得更小一只。这种与平常不同的反差让我难以招架。因为这样，小香穗现在看起来显得可爱了好几倍。这种心情该怎么形容才好我该说是想继续调侃小香穗，引出她更多可爱的表情，还是想...,0.9997047781944275,2751,1
2751,3275,...跟看到不亲人的猫就会想要狂摸很类似。「我其实不是想变可爱，而是想变成美女喵」「是吗？」「咿！？」我把毛巾轻轻贴到小香穗光滑的背上，她顿时吓得背脊抖了一下。我也不由得脸红了。「小香穗，你是不是有点太夸张...,0.9997050166130066,2751,1
2751,3276,...没做错什么，小香穗却向我道歉。我开始觉得自己在做一件不该做的事情呢呵呵呵呵，我要趁现在让你好好明白，我可不是什么弱鸡不只是从背部到屁股，我还清洗了肩膀与上臂的部分。为了不伤到楚楚动人美少女的柔嫩肌肤，...,0.9997051358222961,2751,1
2751,3277,...，呼」小香穗偶尔会发出喘息，让我想起刚才电视上的娇喘，在两者作用之下，逐渐唤起我内心的下流想法。「玲奈亲好痒喔喵、啊」唔，小香穗可爱的声音近在耳边不妙，这个要是时间拖得太长，我好像也会涌起奇怪的感觉啊...,0.9997052550315857,2751,1
2751,3278,...下去可能就有点不行了！就到这里吧！我决定在暴露自己没用的一面之前赶紧撤退。反正也已经充分把她平常欠我的讨回来了。呼真刺激呀「好、好啦好啦，后面搞定了喔。」我这样就满足了，正想着要帮她冲洗身体时。「唔好...,0.9997046589851379,2751,1
2751,3279,...边。啥！？一瞬间，我大脑整个当机。紧闭着双眼的小香穗正颤抖着身体，我知道她此刻正忍受着莫大的耻辱，她那双小手手握得有够紧。唉？什么？这是要我把前面也洗一洗？现在小香穗全身都是破绽。不管是娇小的胸部，纤...,0.9997039437294006,2751,1
2751,3280,...一切都像是端到盘子上请人享用的佳肴。没有人要你摆出这么毫无防备的模样啊。这样是不是做得太过火了！？也太夸张了！我知道这是一个千载难逢的机会！只要能在这里搞定小香穗，也许就有办法将今后一辈子的上下关系灌...,0.9997044205665588,2751,1
2751,3281,...会！只要能在这里搞定小香穗，也许就有办法将今后一辈子的上下关系灌输在她的脑海也就是我在上，小香穗在下的关系！要动手吗我提心吊胆地伸出手。然后轻轻地把毛巾放在她那紧闭的雪白大腿上。「唔喵」「」听到她嘴里...,0.9997044205665588,2751,1
2751,3282,...胆地伸出手。然后轻轻地把毛巾放在她那紧闭的雪白大腿上。「唔喵」「」听到她嘴里不小心发出苦闷的喘息，让我的脑袋顿时变得火烫。在校内的人气王&#8226;cosernagipo不为人知的一面小香穗皱着眉头...,0.9997041821479797,2751,1
2751,3283,...火烫。在校内的人气王&#8226;cosernagipo不为人知的一面小香穗皱着眉头，感觉害羞得不得了。她的身体随着我的一举一动微微颤抖。这种状况该怎么说总之就是很危险！不行了。我的胆量就到这了。要是...,0.9997028708457947,2751,1
